id;BSSID;SSID;AvgRSSI;LocationID
272;a4:6c:2a:d4:bf:1d;eduroam;-47;7
273;a4:6c:2a:d4:bf:14;Free Tbaytel WiFi;-51;7
274;a4:6c:2a:d4:bf:10;LU-Guest;-52;7
275;a4:6c:2a:d4:bf:12;eduroam;-52;7
276;a4:6c:2a:d4:bf:1f;LU-Guest;-52;7
277;a4:6c:2a:d4:bf:1b;Free Tbaytel WiFi;-52;7
278;a4:6c:2a:d4:bf:11;LakeheadU;-53;7
279;a4:6c:2a:d4:bf:13;LU-Events;-53;7
280;a4:6c:2a:d4:bf:1e;LakeheadU;-53;7
281;00:42:68:59:8b:f0;LU-Guest;-64;7
282;00:42:68:59:8b:f2;eduroam;-64;7
283;00:42:68:59:8b:f1;LakeheadU;-65;7
284;00:42:68:59:8b:f4;Free Tbaytel WiFi;-65;7
285;00:42:68:59:8b:f3;LU-Events;-66;7
286;a4:6c:2a:d4:ba:50;LU-Guest;-68;7
287;a4:6c:2a:d4:ba:53;LU-Events;-68;7
288;a4:6c:2a:d4:ba:54;Free Tbaytel WiFi;-68;7
289;a4:6c:2a:d4:ba:52;eduroam;-69;7
290;a4:6c:2a:d4:ba:51;LakeheadU;-69;7
291;80:e0:1d:ee:3f:63;Free Tbaytel WiFi;-70;7
292;80:e0:1d:ee:3f:64;eduroam;-70;7
293;80:e0:1d:ee:3f:62;LU-Events;-70;7
294;80:e0:1d:ee:3f:61;LU-Guest;-70;7
295;80:e0:1d:ee:3f:60;LakeheadU;-71;7
296;80:e0:1d:e6:79:d4;Free Tbaytel WiFi;-72;7
297;80:e0:1d:e6:79:d2;eduroam;-72;7
298;ac:7a:56:c8:62:05;;-73;7
299;80:e0:1d:e6:79:d1;LakeheadU;-73;7
300;ac:7a:56:c8:62:03;LU-Guest;-75;7
301;9c:53:22:40:4e:04;TBAYTech;-75;7
302;ac:7a:56:c8:62:00;LakeheadU;-75;7
303;ac:7a:56:c8:62:07;Free Tbaytel WiFi;-76;7
304;ac:7a:56:c8:62:08;eduroam;-76;7
305;ae:53:22:40:4e:04;NOSMConnect24;-77;7
306;a2:53:22:40:4e:04;NOSMSecure;-77;7
307;a6:53:22:40:4e:04;eduroam;-77;7
308;aa:53:22:40:4e:04;NOSMConnect;-77;7
309;a4:6c:2a:d4:be:32;eduroam;-82;7
310;a4:6c:2a:d4:be:31;LakeheadU;-82;7
311;a4:6c:2a:d4:be:33;LU-Events;-82;7
312;80:e0:1d:f6:a4:d2;eduroam;-83;7
313;80:e0:1d:f6:a4:d3;LU-Events;-83;7
314;80:e0:1d:ee:40:50;LU-Guest;-83;7
315;80:e0:1d:f6:a4:d4;Free Tbaytel WiFi;-84;7
316;80:e0:1d:e6:79:d0;LU-Guest;-84;7
317;80:e0:1d:f6:a4:d0;LU-Guest;-84;7
318;80:e0:1d:f6:a4:d1;LakeheadU;-84;7
319;80:e0:1d:ee:40:54;Free Tbaytel WiFi;-84;7
320;a4:6c:2a:e0:20:00;LU-Guest;-86;7
321;82:f2:e0:d1:f9:74;portthru;-87;7
322;e8:de:27:f8:06:78;TP-LINK_F80678_Xiaoping;-88;7
323;80:e0:1d:e6:7b:31;LakeheadU;-89;7
324;9c:53:22:40:4e:05;TBAYTech;-90;7
325;aa:53:22:40:4e:05;NOSMConnect;-91;7
326;a4:6c:2a:d4:ba:5b;Free Tbaytel WiFi;-92;7
327;a4:6c:2a:d4:ba:5f;LU-Guest;-93;7
328;a4:6c:2a:d4:ba:5c;LU-Events;-93;7
329;ba:a3:32:e1:97:09;Xerox;-93;7
330;ac:7a:56:c8:62:00;LakeheadU;-79;8
331;ac:7a:56:c8:62:01;LU-Events;-79;8
332;ac:7a:56:c8:62:04;;-79;8
333;ac:7a:56:c8:62:05;;-79;8
334;ac:7a:56:c8:62:08;eduroam;-79;8
335;a4:6c:2a:d4:ba:53;LU-Events;-84;8
336;a4:6c:2a:d4:ba:54;Free Tbaytel WiFi;-86;8
337;a4:6c:2a:d4:ba:50;LU-Guest;-84;8
338;a4:6c:2a:d4:ba:52;eduroam;-87;8
339;ae:53:22:40:4f:7a;NOSMConnect24;-82;8
340;80:e0:1d:ee:3f:63;Free Tbaytel WiFi;-78;8
341;80:e0:1d:ee:3f:64;eduroam;-78;8
342;80:e0:1d:ee:3f:60;LakeheadU;-76;8
343;80:e0:1d:ee:3f:61;LU-Guest;-78;8
344;80:e0:1d:ee:3f:62;LU-Events;-78;8
345;a4:6c:2a:d4:bf:1f;LU-Guest;-41;8
346;a4:6c:2a:d4:bf:1d;eduroam;-43;8
347;a4:6c:2a:d4:bf:1e;LakeheadU;-41;8
348;a4:6c:2a:d4:bf:1b;Free Tbaytel WiFi;-41;8
349;a4:6c:2a:d4:bf:1c;LU-Events;-41;8
350;80:e0:1d:e6:79:d2;eduroam;-76;8
351;80:e0:1d:e6:79:d1;LakeheadU;-75;8
352;80:e0:1d:e6:79:d0;LU-Guest;-77;8
353;80:e0:1d:e6:79:d4;Free Tbaytel WiFi;-76;8
354;80:e0:1d:e6:79:d3;LU-Events;-76;8
355;00:42:68:59:8b:f1;LakeheadU;-85;8
356;00:42:68:59:8b:f0;LU-Guest;-86;8
357;00:42:68:59:8b:f3;LU-Events;-86;8
358;00:42:68:59:8b:f2;eduroam;-86;8
359;00:42:68:59:8b:f4;Free Tbaytel WiFi;-86;8
360;80:e0:1d:ac:8b:04;Free Tbaytel WiFi;-85;8
361;80:e0:1d:ac:8b:03;LU-Events;-89;8
362;80:e0:1d:ac:8b:01;LakeheadU;-86;8
363;80:e0:1d:ac:8b:00;LU-Guest;-87;8
364;9c:53:22:40:4e:04;TBAYTech;-82;8
365;82:f2:e0:d1:f9:74;portthru;-87;8
366;6c:5a:b0:3d:73:c1;Quanser_UVS;-88;8
367;a6:53:22:40:4e:05;eduroam;-92;8
368;a6:53:22:40:4e:04;eduroam;-82;8
369;a4:6c:2a:d4:bf:14;Free Tbaytel WiFi;-51;8
370;a4:6c:2a:d4:bf:12;eduroam;-50;8
371;a4:6c:2a:d4:bf:13;LU-Events;-50;8
372;a4:6c:2a:d4:bf:10;LU-Guest;-51;8
373;a4:6c:2a:d4:bf:11;LakeheadU;-50;8
374;ac:7a:56:c8:62:00;LakeheadU;-80;9
375;ac:7a:56:c8:62:04;;-80;9
376;ac:7a:56:c8:62:05;;-80;9
377;80:e0:1d:ee:40:50;LU-Guest;-80;9
378;80:e0:1d:ee:40:53;LU-Events;-79;9
379;ac:7a:56:c8:62:07;Free Tbaytel WiFi;-79;9
380;00:42:68:59:8b:ff;LU-Guest;-87;9
381;00:42:68:59:8b:fc;LU-Events;-88;9
382;00:42:68:59:8b:fb;Free Tbaytel WiFi;-86;9
383;00:42:68:59:8b:fe;LakeheadU;-86;9
384;a4:6c:2a:d4:ba:50;LU-Guest;-84;9
385;80:e0:1d:ee:3f:63;Free Tbaytel WiFi;-80;9
386;80:e0:1d:ee:3f:64;eduroam;-79;9
387;80:e0:1d:ee:3f:60;LakeheadU;-79;9
388;80:e0:1d:ee:3f:61;LU-Guest;-79;9
389;80:e0:1d:ee:3f:62;LU-Events;-81;9
390;a4:6c:2a:d4:bf:1f;LU-Guest;-47;9
391;a4:6c:2a:d4:bf:1d;eduroam;-47;9
392;a4:6c:2a:d4:bf:1e;LakeheadU;-46;9
393;a4:6c:2a:d4:bf:1b;Free Tbaytel WiFi;-47;9
394;a4:6c:2a:d4:bf:1c;LU-Events;-46;9
395;80:e0:1d:e6:79:d2;eduroam;-78;9
396;80:e0:1d:e6:79:d1;LakeheadU;-76;9
397;80:e0:1d:e6:79:d4;Free Tbaytel WiFi;-78;9
398;80:e0:1d:e6:79:d3;LU-Events;-78;9
399;00:42:68:59:8b:f1;LakeheadU;-87;9
400;00:42:68:59:8b:f0;LU-Guest;-85;9
401;80:e0:1d:e6:79:db;Free Tbaytel WiFi;-80;9
402;00:42:68:59:8b:f3;LU-Events;-86;9
403;00:42:68:59:8b:f4;Free Tbaytel WiFi;-86;9
404;80:e0:1d:e6:79:df;LU-Guest;-79;9
405;80:e0:1d:e6:79:de;LakeheadU;-80;9
406;80:e0:1d:e6:79:dd;eduroam;-80;9
407;80:e0:1d:e6:79:dc;LU-Events;-80;9
408;80:e0:1d:ac:8b:02;eduroam;-89;9
409;80:e0:1d:ee:3f:6c;Free Tbaytel WiFi;-83;9
410;80:e0:1d:ee:3f:6d;LU-Events;-83;9
411;80:e0:1d:ee:3f:6e;LU-Guest;-82;9
412;80:e0:1d:ee:3f:6f;LakeheadU;-82;9
413;ae:53:22:40:4e:04;NOSMConnect24;-80;9
414;80:e0:1d:ee:3f:6b;eduroam;-84;9
415;9c:53:22:40:4e:04;TBAYTech;-80;9
416;a4:6c:2a:d4:bf:14;Free Tbaytel WiFi;-46;9
417;a4:6c:2a:d4:bf:12;eduroam;-44;9
418;a4:6c:2a:d4:bf:13;LU-Events;-43;9
419;a4:6c:2a:d4:bf:10;LU-Guest;-43;9
420;a4:6c:2a:d4:bf:11;LakeheadU;-44;9
421;a4:6c:2a:d4:bf:14;Free Tbaytel WiFi;-46;10
422;ac:7a:56:c8:62:0f;LakeheadU;-73;11
423;ac:7a:56:c8:62:0e;LU-Events;-72;11
424;ac:7a:56:c8:62:0c;LU-Guest;-71;11
425;ac:7a:56:c8:62:01;LU-Events;-78;11
426;ac:7a:56:c8:62:03;LU-Guest;-79;11
427;80:e0:1d:ee:40:50;LU-Guest;-79;11
428;80:e0:1d:ee:40:52;eduroam;-79;11
429;80:e0:1d:ee:40:51;LakeheadU;-79;11
430;80:e0:1d:ee:40:54;Free Tbaytel WiFi;-80;11
431;80:e0:1d:ee:40:53;LU-Events;-78;11
432;ac:7a:56:c8:62:08;Free Tbaytel WiFi;-71;11
433;ac:7a:56:c8:62:07;eduroam;-71;11
434;00:42:68:59:8b:ff;LU-Guest;-80;11
435;00:42:68:59:8b:fd;eduroam;-80;11
436;a4:6c:2a:d4:ba:53;LU-Events;-79;11
437;a4:6c:2a:d4:ba:54;Free Tbaytel WiFi;-79;11
438;a4:6c:2a:d4:ba:50;LU-Guest;-79;11
439;a4:6c:2a:d4:ba:51;LakeheadU;-78;11
440;a4:6c:2a:d4:ba:52;eduroam;-78;11
441;ba:a3:32:e1:97:09;Xerox;-92;11
442;a4:6c:2a:d4:ba:5d;eduroam;-92;11
443;a4:6c:2a:d4:ba:5f;LU-Guest;-92;11
444;80:e0:1d:ee:3f:63;Free Tbaytel WiFi;-78;11
445;80:e0:1d:ee:3f:64;eduroam;-78;11
446;80:e0:1d:ee:3f:60;LakeheadU;-77;11
447;80:e0:1d:ee:3f:61;LU-Guest;-78;11
448;80:e0:1d:ee:3f:62;LU-Events;-78;11
449;a4:6c:2a:d4:bf:1f;LU-Guest;-50;11
450;a4:6c:2a:d4:bf:1d;eduroam;-50;11
451;a4:6c:2a:d4:bf:1e;LakeheadU;-50;11
452;a4:6c:2a:d4:bf:1b;Free Tbaytel WiFi;-50;11
453;a4:6c:2a:d4:bf:1c;LU-Events;-50;11
454;00:42:68:59:8b:f1;LakeheadU;-74;11
455;00:42:68:59:8b:f0;LU-Guest;-75;11
456;80:e0:1d:e6:79:db;Free Tbaytel WiFi;-73;11
457;00:42:68:59:8b:f3;LU-Events;-74;11
458;00:42:68:59:8b:f2;eduroam;-73;11
459;00:42:68:59:8b:f4;Free Tbaytel WiFi;-74;11
460;80:e0:1d:e6:79:df;LU-Guest;-80;11
461;80:e0:1d:e6:79:de;LakeheadU;-73;11
462;80:e0:1d:e6:79:dd;eduroam;-74;11
463;80:e0:1d:e6:79:dc;LU-Events;-74;11
464;80:e0:1d:ee:3f:6c;Free Tbaytel WiFi;-81;11
465;80:e0:1d:ee:3f:6d;LU-Events;-80;11
466;80:e0:1d:ee:3f:6e;LU-Guest;-80;11
467;80:e0:1d:ee:3f:6f;LakeheadU;-81;11
468;ae:53:22:40:4e:04;NOSMConnect24;-82;11
469;80:e0:1d:ee:3f:6b;eduroam;-80;11
470;9c:53:22:40:4e:05;TBAYTech;-88;11
471;9c:53:22:40:4e:04;TBAYTech;-81;11
472;aa:53:22:40:4e:05;NOSMConnect;-88;11
473;aa:53:22:40:4e:04;NOSMConnect;-82;11
474;82:f2:e0:d1:f9:74;portthru;-87;11
475;a6:53:22:40:4e:05;eduroam;-88;11
476;a4:6c:2a:d4:bf:14;Free Tbaytel WiFi;-44;11
477;a4:6c:2a:d4:bf:12;eduroam;-45;11
478;a4:6c:2a:d4:bf:13;LU-Events;-45;11
479;a4:6c:2a:d4:bf:10;LU-Guest;-45;11
480;a4:6c:2a:d4:bf:11;LakeheadU;-45;11
481;a4:6c:2a:d4:be:30;LU-Guest;-85;11
482;a2:53:22:40:4e:05;NOSMSecure;-88;11
483;a4:6c:2a:d4:be:33;LU-Events;-83;11
484;a4:6c:2a:d4:be:34;Free Tbaytel WiFi;-85;11
485;9c:53:22:40:4f:7a;TBAYTech;-82;12
486;a6:53:22:40:4f:80;eduroam;-85;12
487;ac:7a:56:c8:62:0f;LakeheadU;-80;12
488;ac:7a:56:c8:62:0a;;-81;12
489;ac:7a:56:c8:62:0d;;-80;12
490;ac:7a:56:c8:62:0e;LU-Events;-78;12
491;ac:7a:56:c8:62:0b;;-80;12
492;ac:7a:56:c8:62:0c;LU-Guest;-77;12
493;ac:7a:56:c8:62:00;LakeheadU;-76;12
494;ac:7a:56:c8:62:08;Free Tbaytel WiFi;-81;12
495;ac:7a:56:c8:62:07;eduroam;-80;12
496;00:42:68:59:8b:ff;LU-Guest;-69;12
497;00:42:68:59:8b:fc;LU-Events;-68;12
498;00:42:68:59:8b:fb;Free Tbaytel WiFi;-67;12
499;00:42:68:59:8b:fe;LakeheadU;-68;12
500;00:42:68:59:8b:fd;eduroam;-69;12
501;a4:6c:2a:d4:ba:53;LU-Events;-68;12
502;a4:6c:2a:d4:ba:54;Free Tbaytel WiFi;-68;12
503;a4:6c:2a:d4:ba:50;LU-Guest;-68;12
504;a4:6c:2a:d4:ba:51;LakeheadU;-68;12
505;a4:6c:2a:d4:ba:52;eduroam;-68;12
506;a4:6c:2a:e0:20:03;LU-Events;-88;12
507;a4:6c:2a:d4:ba:5c;LU-Events;-86;12
508;a4:6c:2a:d4:ba:5d;eduroam;-86;12
509;a4:6c:2a:d4:ba:5f;LU-Guest;-86;12
510;a4:6c:2a:d4:ba:5b;Free Tbaytel WiFi;-85;12
511;aa:53:22:40:4f:80;NOSMConnect;-89;12
512;a4:6c:2a:d4:bf:1f;LU-Guest;-55;12
513;a4:6c:2a:d4:bf:1d;eduroam;-56;12
514;a4:6c:2a:d4:bf:1e;LakeheadU;-56;12
515;a4:6c:2a:d4:bf:1b;Free Tbaytel WiFi;-56;12
516;a4:6c:2a:d4:bf:1c;LU-Events;-56;12
517;80:e0:1d:e6:79:d2;eduroam;-71;12
518;80:e0:1d:e6:79:d1;LakeheadU;-72;12
519;80:e0:1d:e6:79:d0;LU-Guest;-71;12
520;80:e0:1d:e6:79:d4;Free Tbaytel WiFi;-71;12
521;80:e0:1d:e6:79:d3;LU-Events;-71;12
522;a4:6c:2a:d4:be:3f;LU-Guest;-92;12
523;a4:6c:2a:d4:be:3c;LU-Events;-91;12
524;a4:6c:2a:d4:be:3b;Free Tbaytel WiFi;-91;12
525;00:42:68:59:8b:f1;LakeheadU;-66;12
526;00:42:68:59:8b:f0;LU-Guest;-66;12
527;80:e0:1d:e6:79:db;Free Tbaytel WiFi;-81;12
528;00:42:68:59:8b:f2;eduroam;-66;12
529;00:42:68:59:8b:f4;Free Tbaytel WiFi;-67;12
530;80:e0:1d:e6:79:df;LU-Guest;-82;12
531;80:e0:1d:e6:79:de;LakeheadU;-82;12
532;80:e0:1d:e6:79:dd;eduroam;-82;12
533;80:e0:1d:e6:79:dc;LU-Events;-82;12
534;a2:53:22:40:4f:80;NOSMSecure;-87;12
535;80:e0:1d:ee:3f:6c;Free Tbaytel WiFi;-79;12
536;80:e0:1d:ee:3f:6d;LU-Events;-79;12
537;80:e0:1d:ee:3f:6e;LU-Guest;-78;12
538;80:e0:1d:ee:3f:6f;LakeheadU;-78;12
539;80:e0:1d:ee:3f:6b;eduroam;-79;12
540;9c:53:22:40:4e:05;TBAYTech;-90;12
541;aa:53:22:40:4e:05;NOSMConnect;-91;12
542;82:f2:e0:d1:f9:74;portthru;-80;12
543;a6:53:22:40:4e:05;eduroam;-90;12
544;a4:6c:2a:d4:bf:14;Free Tbaytel WiFi;-50;12
545;a4:6c:2a:d4:bf:12;eduroam;-67;12
546;a4:6c:2a:d4:bf:13;LU-Events;-53;12
547;a4:6c:2a:d4:bf:10;LU-Guest;-51;12
548;a4:6c:2a:d4:bf:11;LakeheadU;-51;12
549;a2:53:22:40:4e:05;NOSMSecure;-90;12
550;ac:7a:56:c8:62:0e;LU-Events;-75;13
551;ac:7a:56:c8:62:0c;LU-Guest;-76;13
552;ac:7a:56:c8:62:01;LU-Events;-80;13
553;ac:7a:56:c8:62:08;Free Tbaytel WiFi;-75;13
554;ac:7a:56:c8:62:07;eduroam;-75;13
555;00:42:68:59:8b:ff;LU-Guest;-69;13
556;00:42:68:59:8b:fc;LU-Events;-67;13
557;00:42:68:59:8b:fb;Free Tbaytel WiFi;-68;13
558;00:42:68:59:8b:fe;LakeheadU;-68;13
559;00:42:68:59:8b:fd;eduroam;-68;13
560;a4:6c:2a:d4:ba:53;LU-Events;-70;13
561;a4:6c:2a:d4:ba:54;Free Tbaytel WiFi;-70;13
562;a4:6c:2a:d4:ba:50;LU-Guest;-70;13
563;a4:6c:2a:d4:ba:51;LakeheadU;-70;13
564;a4:6c:2a:d4:ba:52;eduroam;-69;13
565;ba:a3:32:e1:97:09;Xerox;-90;13
566;a4:6c:2a:e0:20:03;LU-Events;-84;13
567;a4:6c:2a:d4:ba:5c;LU-Events;-92;13
568;a4:6c:2a:d4:ba:5f;LU-Guest;-93;13
569;a4:6c:2a:d4:ba:5b;Free Tbaytel WiFi;-91;13
570;80:e0:1d:ee:3f:60;LakeheadU;-71;13
571;a4:6c:2a:d4:bf:1f;LU-Guest;-64;13
572;a4:6c:2a:d4:bf:1d;eduroam;-64;13
573;a4:6c:2a:d4:bf:1e;LakeheadU;-64;13
574;a4:6c:2a:d4:bf:1b;Free Tbaytel WiFi;-64;13
575;a4:6c:2a:d4:bf:1c;LU-Events;-63;13
576;80:e0:1d:e6:79:d2;eduroam;-78;13
577;a4:6c:2a:d4:be:3e;LakeheadU;-90;13
578;a4:6c:2a:d4:be:3f;LU-Guest;-90;13
579;a4:6c:2a:d4:be:3c;LU-Events;-90;13
580;a4:6c:2a:d4:be:3d;eduroam;-89;13
581;a4:6c:2a:d4:be:3b;Free Tbaytel WiFi;-90;13
582;00:42:68:59:8b:f1;LakeheadU;-70;13
583;00:42:68:59:8b:f0;LU-Guest;-70;13
584;80:e0:1d:e6:79:db;Free Tbaytel WiFi;-75;13
585;00:42:68:59:8b:f3;LU-Events;-69;13
586;00:42:68:59:8b:f4;Free Tbaytel WiFi;-70;13
587;80:e0:1d:e6:79:df;LU-Guest;-77;13
588;80:e0:1d:e6:79:de;LakeheadU;-76;13
589;80:e0:1d:e6:79:dd;eduroam;-76;13
590;80:e0:1d:e6:79:dc;LU-Events;-75;13
591;80:e0:1d:ee:3f:6c;Free Tbaytel WiFi;-76;13
592;80:e0:1d:ee:3f:6d;LU-Events;-75;13
593;80:e0:1d:ee:3f:6e;LU-Guest;-75;13
594;80:e0:1d:ee:3f:6f;LakeheadU;-75;13
595;ae:53:22:40:4e:04;NOSMConnect24;-77;13
596;80:e0:1d:ee:3f:6b;eduroam;-76;13
597;9c:53:22:40:4e:05;TBAYTech;-91;13
598;9c:53:22:40:4e:04;TBAYTech;-78;13
599;aa:53:22:40:4e:05;NOSMConnect;-91;13
600;82:f2:e0:d1:f9:74;portthru;-81;13
601;a6:53:22:40:4e:05;eduroam;-92;13
602;a6:53:22:40:4e:04;eduroam;-78;13
603;a4:6c:2a:d4:bf:14;Free Tbaytel WiFi;-60;13
604;a4:6c:2a:d4:bf:12;eduroam;-61;13
605;a4:6c:2a:d4:bf:13;LU-Events;-61;13
606;a4:6c:2a:d4:bf:10;LU-Guest;-61;13
607;a4:6c:2a:d4:bf:11;LakeheadU;-61;13
608;a4:6c:2a:d4:be:30;LU-Guest;-79;13
609;a2:53:22:40:4e:05;NOSMSecure;-92;13
610;a4:6c:2a:d4:bf:14;Free Tbaytel WiFi;-60;14
611;a4:6c:2a:d4:bf:10;LU-Guest;-61;14
612;a4:6c:2a:d4:bf:12;eduroam;-61;14
613;a4:6c:2a:d4:bf:11;LakeheadU;-61;14
614;a4:6c:2a:d4:bf:13;LU-Events;-61;14
615;a4:6c:2a:d4:bf:1c;LU-Events;-63;14
616;a4:6c:2a:d4:bf:1f;LU-Guest;-64;14
617;a4:6c:2a:d4:bf:1b;Free Tbaytel WiFi;-64;14
618;a4:6c:2a:d4:bf:1d;eduroam;-64;14
619;a4:6c:2a:d4:bf:1e;LakeheadU;-64;14
620;00:42:68:59:8b:fc;LU-Events;-67;14
621;00:42:68:59:8b:fd;eduroam;-68;14
622;00:42:68:59:8b:fb;Free Tbaytel WiFi;-68;14
623;00:42:68:59:8b:fe;LakeheadU;-68;14
624;00:42:68:59:8b:ff;LU-Guest;-69;14
625;a4:6c:2a:d4:ba:52;eduroam;-69;14
626;00:42:68:59:8b:f3;LU-Events;-69;14
627;a4:6c:2a:d4:ba:50;LU-Guest;-70;14
628;00:42:68:59:8b:f1;LakeheadU;-70;14
629;00:42:68:59:8b:f0;LU-Guest;-70;14
630;00:42:68:59:8b:f4;Free Tbaytel WiFi;-70;14
631;a4:6c:2a:d4:ba:54;Free Tbaytel WiFi;-70;14
632;a4:6c:2a:d4:ba:53;LU-Events;-70;14
633;a4:6c:2a:d4:ba:51;LakeheadU;-70;14
634;80:e0:1d:ee:3f:60;LakeheadU;-71;14
635;80:e0:1d:e6:79:dc;LU-Events;-75;14
636;80:e0:1d:ee:3f:6f;LakeheadU;-75;14
637;80:e0:1d:ee:3f:6d;LU-Events;-75;14
638;80:e0:1d:e6:79:db;Free Tbaytel WiFi;-75;14
639;80:e0:1d:ee:3f:6e;LU-Guest;-75;14
640;ac:7a:56:c8:62:0e;LU-Events;-75;14
641;ac:7a:56:c8:62:08;Free Tbaytel WiFi;-75;14
642;ac:7a:56:c8:62:07;eduroam;-75;14
643;80:e0:1d:e6:79:dd;eduroam;-76;14
644;80:e0:1d:e6:79:de;LakeheadU;-76;14
645;80:e0:1d:ee:3f:6c;Free Tbaytel WiFi;-76;14
646;80:e0:1d:ee:3f:6b;eduroam;-76;14
647;ac:7a:56:c8:62:0c;LU-Guest;-76;14
648;80:e0:1d:e6:79:df;LU-Guest;-77;14
649;ae:53:22:40:4e:04;NOSMConnect24;-77;14
650;80:e0:1d:e6:79:d2;eduroam;-78;14
651;9c:53:22:40:4e:04;TBAYTech;-78;14
652;a6:53:22:40:4e:04;eduroam;-78;14
653;a4:6c:2a:d4:be:30;LU-Guest;-79;14
654;ac:7a:56:c8:62:01;LU-Events;-80;14
655;ac:7a:56:c8:62:08;eduroam;-80;14
656;82:f2:e0:d1:f9:74;portthru;-81;14
657;a4:6c:2a:e0:20:03;LU-Events;-84;14
658;a4:6c:2a:d4:be:3d;eduroam;-89;14
659;a4:6c:2a:d4:be:3f;LU-Guest;-90;14
660;a4:6c:2a:d4:be:3b;Free Tbaytel WiFi;-90;14
661;a4:6c:2a:d4:be:3c;LU-Events;-90;14
662;ba:a3:32:e1:97:09;Xerox;-90;14
663;a4:6c:2a:d4:be:3e;LakeheadU;-90;14
664;9c:53:22:40:4e:05;TBAYTech;-91;14
665;aa:53:22:40:4e:05;NOSMConnect;-91;14
666;a4:6c:2a:d4:ba:5b;Free Tbaytel WiFi;-91;14
667;a6:53:22:40:4e:05;eduroam;-92;14
668;a2:53:22:40:4e:05;NOSMSecure;-92;14
669;a4:6c:2a:d4:ba:5c;LU-Events;-92;14
670;a4:6c:2a:d4:ba:5f;LU-Guest;-93;14
671;a4:6c:2a:d4:bf:10;LU-Guest;-65;15
672;a4:6c:2a:d4:bf:12;eduroam;-65;15
673;a4:6c:2a:d4:bf:13;LU-Events;-65;15
674;a4:6c:2a:d4:bf:11;LakeheadU;-66;15
675;80:e0:1d:e6:79:d0;LU-Guest;-66;15
676;80:e0:1d:ee:3f:60;LakeheadU;-67;15
677;a4:6c:2a:d4:bf:14;Free Tbaytel WiFi;-68;15
678;9c:53:22:40:4e:04;TBAYTech;-68;15
679;ae:53:22:40:4e:04;NOSMConnect24;-68;15
680;a6:53:22:40:4e:04;eduroam;-68;15
681;aa:53:22:40:4e:04;NOSMConnect;-68;15
682;a2:53:22:40:4e:04;NOSMSecure;-68;15
683;80:e0:1d:e6:79:d2;eduroam;-69;15
684;80:e0:1d:e6:79:d3;LU-Events;-69;15
685;a4:6c:2a:d4:bf:1c;LU-Events;-71;15
686;a4:6c:2a:d4:bf:1f;LU-Guest;-72;15
687;a4:6c:2a:d4:bf:1b;Free Tbaytel WiFi;-72;15
688;a4:6c:2a:d4:bf:1d;eduroam;-72;15
689;a4:6c:2a:d4:bf:1e;LakeheadU;-72;15
690;00:42:68:59:8b:f1;LakeheadU;-73;15
691;00:42:68:59:8b:f0;LU-Guest;-73;15
692;00:42:68:59:8b:f4;Free Tbaytel WiFi;-73;15
693;00:42:68:59:8b:f3;LU-Events;-73;15
694;00:42:68:59:8b:f2;eduroam;-73;15
695;80:e0:1d:e6:79:dc;LU-Events;-74;15
696;80:e0:1d:e6:79:db;Free Tbaytel WiFi;-74;15
697;80:e0:1d:e6:79:dd;eduroam;-74;15
698;80:e0:1d:e6:79:de;LakeheadU;-75;15
699;80:e0:1d:ee:3f:6b;eduroam;-75;15
700;80:e0:1d:ee:3f:6e;LU-Guest;-76;15
701;ac:7a:56:c8:62:0c;LU-Guest;-76;15
702;ac:7a:56:c8:62:08;Free Tbaytel WiFi;-76;15
703;ac:7a:56:c8:62:07;eduroam;-76;15
704;ac:7a:56:c8:62:01;LU-Events;-76;15
705;ac:7a:56:c8:62:04;;-76;15
706;ac:7a:56:c8:62:07;Free Tbaytel WiFi;-76;15
707;00:42:68:59:8b:ff;LU-Guest;-77;15
708;80:e0:1d:ee:3f:6d;LU-Events;-77;15
709;00:42:68:59:8b:fb;Free Tbaytel WiFi;-77;15
710;80:e0:1d:ee:3f:6c;Free Tbaytel WiFi;-78;15
711;a4:6c:2a:d4:ba:53;LU-Events;-78;15
712;82:f2:e0:d1:f9:74;portthru;-78;15
713;a4:6c:2a:d4:be:30;LU-Guest;-78;15
714;ac:7a:56:c8:62:00;LakeheadU;-78;15
715;ac:7a:56:c8:62:0f;LakeheadU;-78;15
716;a4:6c:2a:d4:ba:50;LU-Guest;-79;15
717;a4:6c:2a:d4:ba:54;Free Tbaytel WiFi;-79;15
718;ac:7a:56:c8:62:0e;LU-Events;-79;15
719;ac:7a:56:c8:62:0d;;-79;15
720;a4:6c:2a:e0:20:00;LU-Guest;-80;15
721;a4:6c:2a:e0:20:02;eduroam;-80;15
722;a4:6c:2a:e0:20:01;LakeheadU;-80;15
723;a4:6c:2a:e0:20:03;LU-Events;-81;15
724;a4:6c:2a:e0:20:04;Free Tbaytel WiFi;-81;15
725;a6:53:22:40:4e:05;eduroam;-85;15
726;9c:53:22:40:4e:05;TBAYTech;-86;15
727;aa:53:22:40:4e:05;NOSMConnect;-86;15
728;a2:53:22:40:4e:05;NOSMSecure;-86;15
729;ba:a3:32:e1:97:09;Xerox;-86;15
730;a4:6c:2a:d4:be:3f;LU-Guest;-87;15
731;a4:6c:2a:d4:be:3b;Free Tbaytel WiFi;-87;15
732;a4:6c:2a:d4:be:3e;LakeheadU;-87;15
733;a4:6c:2a:d4:be:3d;eduroam;-87;15
734;ce:d7:19:24:c6:d5;LINKSYS-750-guest;-87;15
735;a4:6c:2a:d4:be:3c;LU-Events;-88;15
736;9c:53:22:40:4f:7a;TBAYTech;-76;16
737;ac:7a:56:c8:62:0f;LakeheadU;-76;16
738;ac:7a:56:c8:62:0a;;-79;16
739;ac:7a:56:c8:62:0e;LU-Events;-77;16
740;ac:7a:56:c8:62:0c;LU-Guest;-76;16
741;a6:53:22:40:4f:7a;eduroam;-76;16
742;ac:7a:56:c8:62:01;LU-Events;-71;16
743;ac:7a:56:c8:62:03;LU-Guest;-70;16
744;ac:7a:56:c8:62:08;Free Tbaytel WiFi;-77;16
745;ac:7a:56:c8:62:07;eduroam;-76;16
746;00:42:68:59:8b:ff;LU-Guest;-78;16
747;a4:6c:2a:d4:ba:53;LU-Events;-87;16
748;a4:6c:2a:d4:ba:54;Free Tbaytel WiFi;-85;16
749;a4:6c:2a:e0:20:00;LU-Guest;-83;16
750;a4:6c:2a:e0:20:03;LU-Events;-84;16
751;a4:6c:2a:e0:20:04;Free Tbaytel WiFi;-84;16
752;ae:53:22:40:4f:7a;NOSMConnect24;-77;16
753;80:e0:1d:ee:3f:63;Free Tbaytel WiFi;-69;16
754;80:e0:1d:ee:3f:64;eduroam;-69;16
755;80:e0:1d:ee:3f:60;LakeheadU;-69;16
756;80:e0:1d:ee:3f:61;LU-Guest;-69;16
757;e8:de:27:f8:06:78;TP-LINK_F80678_Xiaoping;-83;16
758;80:e0:1d:ee:3f:62;LU-Events;-67;16
759;a4:6c:2a:d4:bf:1f;LU-Guest;-74;16
760;a4:6c:2a:d4:bf:1d;eduroam;-75;16
761;a4:6c:2a:d4:bf:1e;LakeheadU;-74;16
762;a4:6c:2a:d4:bf:1b;Free Tbaytel WiFi;-74;16
763;a4:6c:2a:d4:bf:1c;LU-Events;-73;16
764;80:e0:1d:e6:79:d2;eduroam;-63;16
765;80:e0:1d:e6:79:d1;LakeheadU;-64;16
766;80:e0:1d:e6:79:d0;LU-Guest;-63;16
767;80:e0:1d:e6:79:d4;Free Tbaytel WiFi;-64;16
768;80:e0:1d:e6:79:d3;LU-Events;-64;16
769;a4:6c:2a:d4:be:3e;LakeheadU;-84;16
770;a4:6c:2a:d4:be:3f;LU-Guest;-84;16
771;a4:6c:2a:d4:be:3c;LU-Events;-84;16
772;a4:6c:2a:d4:be:3d;eduroam;-84;16
773;a4:6c:2a:d4:be:3b;Free Tbaytel WiFi;-84;16
774;00:42:68:59:8b:f1;LakeheadU;-75;16
775;00:42:68:59:8b:f0;LU-Guest;-74;16
776;80:e0:1d:e6:79:db;Free Tbaytel WiFi;-74;16
777;00:42:68:59:8b:f3;LU-Events;-76;16
778;00:42:68:59:8b:f2;eduroam;-75;16
779;00:42:68:59:8b:f4;Free Tbaytel WiFi;-74;16
780;80:e0:1d:e6:79:df;LU-Guest;-75;16
781;80:e0:1d:e6:79:de;LakeheadU;-74;16
782;80:e0:1d:e6:79:dd;eduroam;-75;16
783;80:e0:1d:e6:79:dc;LU-Events;-74;16
784;a2:53:22:40:4f:7a;NOSMSecure;-76;16
785;80:e0:1d:ac:8b:03;LU-Events;-82;16
786;80:e0:1d:ee:3f:6c;Free Tbaytel WiFi;-70;16
787;80:e0:1d:ee:3f:6d;LU-Events;-70;16
788;80:e0:1d:ee:3f:6e;LU-Guest;-70;16
789;ae:53:22:40:4e:04;NOSMConnect24;-71;16
790;80:e0:1d:ee:3f:6b;eduroam;-69;16
791;9c:53:22:40:4e:05;TBAYTech;-78;16
792;9c:53:22:40:4e:04;TBAYTech;-71;16
793;aa:53:22:40:4e:05;NOSMConnect;-79;16
794;aa:53:22:40:4e:04;NOSMConnect;-72;16
795;6c:5a:b0:3d:73:c1;Quanser_UVS;-83;16
796;a6:53:22:40:4e:05;eduroam;-78;16
797;a6:53:22:40:4e:04;eduroam;-71;16
798;a4:6c:2a:d4:bf:14;Free Tbaytel WiFi;-70;16
799;a4:6c:2a:d4:bf:12;eduroam;-69;16
800;a4:6c:2a:d4:bf:13;LU-Events;-70;16
801;a4:6c:2a:d4:bf:10;LU-Guest;-71;16
802;a4:6c:2a:d4:bf:11;LakeheadU;-69;16
803;a4:6c:2a:d4:be:30;LU-Guest;-75;16
804;a2:53:22:40:4e:04;NOSMSecure;-72;16
805;a2:53:22:40:4e:05;NOSMSecure;-78;16
806;a4:6c:2a:d4:be:34;Free Tbaytel WiFi;-74;16
807;a4:6c:2a:d4:be:32;eduroam;-75;16
808;80:e0:1d:e6:79:d2;eduroam;-63;17
809;80:e0:1d:e6:79:d0;LU-Guest;-63;17
810;80:e0:1d:e6:79:d3;LU-Events;-64;17
811;80:e0:1d:e6:79:d4;Free Tbaytel WiFi;-64;17
812;80:e0:1d:e6:79:d1;LakeheadU;-64;17
813;80:e0:1d:ee:3f:62;LU-Events;-67;17
814;a4:6c:2a:d4:bf:12;eduroam;-69;17
815;a4:6c:2a:d4:bf:11;LakeheadU;-69;17
816;80:e0:1d:ee:3f:6b;eduroam;-69;17
817;80:e0:1d:ee:3f:60;LakeheadU;-69;17
818;80:e0:1d:ee:3f:64;eduroam;-69;17
819;80:e0:1d:ee:3f:61;LU-Guest;-69;17
820;80:e0:1d:ee:3f:63;Free Tbaytel WiFi;-69;17
821;a4:6c:2a:d4:bf:14;Free Tbaytel WiFi;-70;17
822;a4:6c:2a:d4:bf:13;LU-Events;-70;17
823;80:e0:1d:ee:3f:6d;LU-Events;-70;17
824;80:e0:1d:ee:3f:6e;LU-Guest;-70;17
825;80:e0:1d:ee:3f:6c;Free Tbaytel WiFi;-70;17
826;ac:7a:56:c8:62:07;Free Tbaytel WiFi;-70;17
827;ac:7a:56:c8:62:03;LU-Guest;-70;17
828;ac:7a:56:c8:62:08;eduroam;-70;17
829;a4:6c:2a:d4:bf:10;LU-Guest;-71;17
830;ac:7a:56:c8:62:01;LU-Events;-71;17
831;9c:53:22:40:4e:04;TBAYTech;-71;17
832;ae:53:22:40:4e:04;NOSMConnect24;-71;17
833;a6:53:22:40:4e:04;eduroam;-71;17
834;aa:53:22:40:4e:04;NOSMConnect;-72;17
835;a2:53:22:40:4e:04;NOSMSecure;-72;17
836;a4:6c:2a:d4:bf:1c;LU-Events;-73;17
837;00:42:68:59:8b:f0;LU-Guest;-74;17
838;00:42:68:59:8b:f4;Free Tbaytel WiFi;-74;17
839;a4:6c:2a:d4:bf:1f;LU-Guest;-74;17
840;a4:6c:2a:d4:bf:1b;Free Tbaytel WiFi;-74;17
841;a4:6c:2a:d4:bf:1e;LakeheadU;-74;17
842;80:e0:1d:e6:79:dc;LU-Events;-74;17
843;80:e0:1d:e6:79:db;Free Tbaytel WiFi;-74;17
844;80:e0:1d:e6:79:de;LakeheadU;-74;17
845;a4:6c:2a:d4:be:34;Free Tbaytel WiFi;-74;17
846;00:42:68:59:8b:f1;LakeheadU;-75;17
847;a4:6c:2a:d4:bf:1d;eduroam;-75;17
848;80:e0:1d:e6:79:dd;eduroam;-75;17
849;a4:6c:2a:d4:be:30;LU-Guest;-75;17
850;00:42:68:59:8b:f2;eduroam;-75;17
851;a4:6c:2a:d4:be:32;eduroam;-75;17
852;80:e0:1d:e6:79:df;LU-Guest;-75;17
853;ac:7a:56:c8:62:0c;LU-Guest;-76;17
854;ac:7a:56:c8:62:07;eduroam;-76;17
855;00:42:68:59:8b:f3;LU-Events;-76;17
856;ac:7a:56:c8:62:0f;LakeheadU;-76;17
857;9c:53:22:40:4f:7a;TBAYTech;-76;17
858;a2:53:22:40:4f:7a;NOSMSecure;-76;17
859;a6:53:22:40:4f:7a;eduroam;-76;17
860;ac:7a:56:c8:62:0e;LU-Events;-77;17
861;ac:7a:56:c8:62:08;Free Tbaytel WiFi;-77;17
862;ae:53:22:40:4f:7a;NOSMConnect24;-77;17
863;00:42:68:59:8b:ff;LU-Guest;-78;17
864;9c:53:22:40:4e:05;TBAYTech;-78;17
865;a6:53:22:40:4e:05;eduroam;-78;17
866;a2:53:22:40:4e:05;NOSMSecure;-78;17
867;aa:53:22:40:4e:05;NOSMConnect;-79;17
868;ac:7a:56:c8:62:0a;;-79;17
869;80:e0:1d:ac:8b:03;LU-Events;-82;17
870;a4:6c:2a:e0:20:00;LU-Guest;-83;17
871;e8:de:27:f8:06:78;TP-LINK_F80678_Xiaoping;-83;17
872;6c:5a:b0:3d:73:c1;Quanser_UVS;-83;17
873;a4:6c:2a:e0:20:03;LU-Events;-84;17
874;a4:6c:2a:d4:be:3f;LU-Guest;-84;17
875;a4:6c:2a:d4:be:3b;Free Tbaytel WiFi;-84;17
876;a4:6c:2a:d4:be:3c;LU-Events;-84;17
877;a4:6c:2a:d4:be:3e;LakeheadU;-84;17
878;a4:6c:2a:d4:be:3d;eduroam;-84;17
879;a4:6c:2a:e0:20:04;Free Tbaytel WiFi;-84;17
880;a4:6c:2a:d4:ba:54;Free Tbaytel WiFi;-85;17
881;a4:6c:2a:d4:ba:53;LU-Events;-87;17
882;ac:7a:56:c8:62:0f;LakeheadU;-73;18
883;ac:7a:56:c8:62:0a;;-74;18
884;ac:7a:56:c8:62:0d;;-74;18
885;ac:7a:56:c8:62:0e;LU-Events;-73;18
886;ac:7a:56:c8:62:0b;;-74;18
887;ac:7a:56:c8:62:0c;LU-Guest;-72;18
888;ac:7a:56:c8:62:01;LU-Events;-71;18
889;ac:7a:56:c8:62:04;;-71;18
890;ac:7a:56:c8:62:05;;-70;18
891;ac:7a:56:c8:62:02;;-70;18
892;ac:7a:56:c8:62:03;LU-Guest;-70;18
893;ac:7a:56:c8:62:08;Free Tbaytel WiFi;-75;18
894;ac:7a:56:c8:62:07;eduroam;-74;18
895;00:42:68:59:8b:ff;LU-Guest;-84;18
896;00:42:68:59:8b:fe;LakeheadU;-84;18
897;80:e0:1d:ee:3f:63;Free Tbaytel WiFi;-65;18
898;80:e0:1d:ee:3f:64;eduroam;-64;18
899;80:e0:1d:ee:3f:60;LakeheadU;-64;18
900;80:e0:1d:ee:3f:61;LU-Guest;-65;18
901;e8:de:27:f8:06:78;TP-LINK_F80678_Xiaoping;-75;18
902;80:e0:1d:ee:3f:62;LU-Events;-64;18
903;a4:6c:2a:d4:bf:1f;LU-Guest;-74;18
904;a4:6c:2a:d4:bf:1d;eduroam;-73;18
905;a4:6c:2a:d4:bf:1e;LakeheadU;-73;18
906;a4:6c:2a:d4:bf:1b;Free Tbaytel WiFi;-73;18
907;a4:6c:2a:d4:bf:1c;LU-Events;-72;18
908;80:e0:1d:e6:79:d2;eduroam;-74;18
909;80:e0:1d:e6:79:d1;LakeheadU;-75;18
910;80:e0:1d:e6:79:d0;LU-Guest;-74;18
911;80:e0:1d:e6:79:d4;Free Tbaytel WiFi;-75;18
912;80:e0:1d:e6:79:d3;LU-Events;-75;18
913;80:e0:1d:e6:79:db;Free Tbaytel WiFi;-67;18
914;00:42:68:59:8b:f2;eduroam;-80;18
915;00:42:68:59:8b:f4;Free Tbaytel WiFi;-80;18
916;80:e0:1d:e6:79:df;LU-Guest;-66;18
917;80:e0:1d:e6:79:de;LakeheadU;-66;18
918;80:e0:1d:e6:79:dd;eduroam;-66;18
919;80:e0:1d:e6:79:dc;LU-Events;-66;18
920;80:e0:1d:ac:8b:04;Free Tbaytel WiFi;-82;18
921;80:e0:1d:ac:8b:02;eduroam;-82;18
922;80:e0:1d:ac:8b:00;LU-Guest;-84;18
923;80:e0:1d:ee:3f:6c;Free Tbaytel WiFi;-69;18
924;80:e0:1d:ee:3f:6d;LU-Events;-69;18
925;80:e0:1d:ee:3f:6e;LU-Guest;-68;18
926;80:e0:1d:ee:3f:6f;LakeheadU;-68;18
927;ae:53:22:40:4e:04;NOSMConnect24;-61;18
928;80:e0:1d:ee:3f:6b;eduroam;-69;18
929;9c:53:22:40:4e:05;TBAYTech;-72;18
930;9c:53:22:40:4e:04;TBAYTech;-61;18
931;aa:53:22:40:4e:05;NOSMConnect;-72;18
932;aa:53:22:40:4e:04;NOSMConnect;-61;18
933;82:f2:e0:d1:f9:74;portthru;-83;18
934;a6:53:22:40:4e:05;eduroam;-72;18
935;a6:53:22:40:4e:04;eduroam;-61;18
936;a4:6c:2a:d4:bf:14;Free Tbaytel WiFi;-71;18
937;a4:6c:2a:d4:bf:13;LU-Events;-73;18
938;a4:6c:2a:d4:bf:10;LU-Guest;-74;18
939;a2:53:22:40:4e:04;NOSMSecure;-60;18
940;a2:53:22:40:4e:05;NOSMSecure;-72;18
941;a4:6c:2a:d4:be:33;LU-Events;-82;18
942;a4:6c:2a:d4:be:34;Free Tbaytel WiFi;-82;18
943;a4:6c:2a:d4:be:31;LakeheadU;-82;18
944;a4:6c:2a:d4:be:32;eduroam;-82;18
945;ac:7a:56:c8:62:0f;LakeheadU;-73;19
946;ac:7a:56:c8:62:0a;;-74;19
947;ac:7a:56:c8:62:0d;;-74;19
948;ac:7a:56:c8:62:0e;LU-Events;-73;19
949;ac:7a:56:c8:62:0b;;-74;19
950;ac:7a:56:c8:62:0c;LU-Guest;-72;19
951;ac:7a:56:c8:62:01;LU-Events;-71;19
952;ac:7a:56:c8:62:04;;-71;19
953;ac:7a:56:c8:62:05;;-70;19
954;ac:7a:56:c8:62:02;;-70;19
955;ac:7a:56:c8:62:03;LU-Guest;-70;19
956;ac:7a:56:c8:62:08;Free Tbaytel WiFi;-75;19
957;ac:7a:56:c8:62:07;eduroam;-74;19
958;00:42:68:59:8b:ff;LU-Guest;-84;19
959;00:42:68:59:8b:fe;LakeheadU;-84;19
960;80:e0:1d:ee:3f:63;Free Tbaytel WiFi;-65;19
961;80:e0:1d:ee:3f:64;eduroam;-64;19
962;80:e0:1d:ee:3f:60;LakeheadU;-64;19
963;80:e0:1d:ee:3f:61;LU-Guest;-65;19
964;e8:de:27:f8:06:78;TP-LINK_F80678_Xiaoping;-75;19
965;80:e0:1d:ee:3f:62;LU-Events;-64;19
966;a4:6c:2a:d4:bf:1f;LU-Guest;-74;19
967;a4:6c:2a:d4:bf:1d;eduroam;-73;19
968;a4:6c:2a:d4:bf:1e;LakeheadU;-73;19
969;a4:6c:2a:d4:bf:1b;Free Tbaytel WiFi;-73;19
970;a4:6c:2a:d4:bf:1c;LU-Events;-72;19
971;80:e0:1d:e6:79:d2;eduroam;-74;19
972;80:e0:1d:e6:79:d1;LakeheadU;-75;19
973;80:e0:1d:e6:79:d0;LU-Guest;-74;19
974;80:e0:1d:e6:79:d4;Free Tbaytel WiFi;-75;19
975;80:e0:1d:e6:79:d3;LU-Events;-75;19
976;80:e0:1d:e6:79:db;Free Tbaytel WiFi;-67;19
977;00:42:68:59:8b:f2;eduroam;-80;19
978;00:42:68:59:8b:f4;Free Tbaytel WiFi;-80;19
979;80:e0:1d:e6:79:df;LU-Guest;-66;19
980;80:e0:1d:e6:79:de;LakeheadU;-66;19
981;80:e0:1d:e6:79:dd;eduroam;-66;19
982;80:e0:1d:e6:79:dc;LU-Events;-66;19
983;80:e0:1d:ac:8b:04;Free Tbaytel WiFi;-82;19
984;80:e0:1d:ac:8b:02;eduroam;-82;19
985;80:e0:1d:ac:8b:00;LU-Guest;-84;19
986;80:e0:1d:ee:3f:6c;Free Tbaytel WiFi;-69;19
987;80:e0:1d:ee:3f:6d;LU-Events;-69;19
988;80:e0:1d:ee:3f:6e;LU-Guest;-68;19
989;80:e0:1d:ee:3f:6f;LakeheadU;-68;19
990;ae:53:22:40:4e:04;NOSMConnect24;-61;19
991;80:e0:1d:ee:3f:6b;eduroam;-69;19
992;9c:53:22:40:4e:05;TBAYTech;-72;19
993;9c:53:22:40:4e:04;TBAYTech;-61;19
994;aa:53:22:40:4e:05;NOSMConnect;-72;19
995;aa:53:22:40:4e:04;NOSMConnect;-61;19
996;82:f2:e0:d1:f9:74;portthru;-83;19
997;a6:53:22:40:4e:05;eduroam;-72;19
998;a6:53:22:40:4e:04;eduroam;-61;19
999;a4:6c:2a:d4:bf:14;Free Tbaytel WiFi;-71;19
1000;a4:6c:2a:d4:bf:13;LU-Events;-73;19
1001;a4:6c:2a:d4:bf:10;LU-Guest;-74;19
1002;a2:53:22:40:4e:04;NOSMSecure;-60;19
1003;a2:53:22:40:4e:05;NOSMSecure;-72;19
1004;a4:6c:2a:d4:be:33;LU-Events;-82;19
1005;a4:6c:2a:d4:be:34;Free Tbaytel WiFi;-82;19
1006;a4:6c:2a:d4:be:31;LakeheadU;-82;19
1007;a4:6c:2a:d4:be:32;eduroam;-82;19
1008;ac:7a:56:c8:62:0f;LakeheadU;-70;20
1009;ac:7a:56:c8:62:0d;;-71;20
1010;ac:7a:56:c8:62:0e;LU-Events;-70;20
1011;ac:7a:56:c8:62:0c;LU-Guest;-68;20
1012;ac:7a:56:c8:62:05;;-69;20
1013;80:e0:1d:e6:7b:34;Free Tbaytel WiFi;-84;20
1014;ac:7a:56:c8:62:08;Free Tbaytel WiFi;-68;20
1015;ac:7a:56:c8:62:07;eduroam;-68;20
1016;00:42:68:59:8b:ff;LU-Guest;-90;20
1017;00:42:68:59:8b:fb;Free Tbaytel WiFi;-88;20
1018;00:42:68:59:8b:fd;eduroam;-89;20
1019;ba:a3:32:e1:97:09;Xerox;-86;20
1020;a4:6c:2a:e0:20:01;LakeheadU;-77;20
1021;a4:6c:2a:e0:20:00;LU-Guest;-81;20
1022;a4:6c:2a:e0:20:03;LU-Events;-76;20
1023;a4:6c:2a:e0:20:04;Free Tbaytel WiFi;-82;20
1024;80:e0:1d:ee:3f:63;Free Tbaytel WiFi;-54;20
1025;80:e0:1d:ee:3f:64;eduroam;-63;20
1026;aa:53:22:40:4f:7a;NOSMConnect;-83;20
1027;80:e0:1d:ee:3f:60;LakeheadU;-63;20
1028;e8:de:27:f8:06:78;TP-LINK_F80678_Xiaoping;-79;20
1029;80:e0:1d:ee:3f:62;LU-Events;-63;20
1030;a4:6c:2a:d4:bf:1f;LU-Guest;-79;20
1031;a4:6c:2a:d4:bf:1d;eduroam;-80;20
1032;a4:6c:2a:d4:bf:1e;LakeheadU;-79;20
1033;a4:6c:2a:d4:bf:1b;Free Tbaytel WiFi;-79;20
1034;a4:6c:2a:d4:bf:1c;LU-Events;-79;20
1035;80:e0:1d:e6:79:d2;eduroam;-60;20
1036;80:e0:1d:e6:79:d1;LakeheadU;-60;20
1037;80:e0:1d:e6:79:d0;LU-Guest;-60;20
1038;80:e0:1d:e6:79:d4;Free Tbaytel WiFi;-60;20
1039;80:e0:1d:e6:79:d3;LU-Events;-60;20
1040;00:42:68:59:8b:f0;LU-Guest;-86;20
1041;80:e0:1d:e6:79:db;Free Tbaytel WiFi;-77;20
1042;00:42:68:59:8b:f4;Free Tbaytel WiFi;-77;20
1043;80:e0:1d:e6:79:de;LakeheadU;-76;20
1044;80:e0:1d:e6:79:dd;eduroam;-92;20
1045;80:e0:1d:e6:79:dc;LU-Events;-75;20
1046;a2:53:22:40:4f:7a;NOSMSecure;-82;20
1047;80:e0:1d:ee:3f:6c;Free Tbaytel WiFi;-69;20
1048;80:e0:1d:ee:3f:6d;LU-Events;-68;20
1049;80:e0:1d:ee:3f:6e;LU-Guest;-67;20
1050;80:e0:1d:ee:3f:6f;LakeheadU;-67;20
1051;80:e0:1d:f6:a4:d2;eduroam;-82;20
1052;ae:53:22:40:4e:04;NOSMConnect24;-63;20
1053;80:e0:1d:f6:a4:d4;Free Tbaytel WiFi;-85;20
1054;80:e0:1d:ee:3f:6b;eduroam;-66;20
1055;80:e0:1d:c2:b7:f3;LU-Events;-86;20
1056;9c:53:22:40:4e:05;TBAYTech;-79;20
1057;9c:53:22:40:4e:04;TBAYTech;-63;20
1058;aa:53:22:40:4e:05;NOSMConnect;-80;20
1059;aa:53:22:40:4e:04;NOSMConnect;-63;20
1060;82:f2:e0:d1:f9:74;portthru;-75;20
1061;a6:53:22:40:4e:05;eduroam;-79;20
1062;a6:53:22:40:4e:04;eduroam;-63;20
1063;a4:6c:2a:d4:bf:14;Free Tbaytel WiFi;-77;20
1064;a4:6c:2a:d4:bf:12;eduroam;-76;20
1065;a4:6c:2a:d4:bf:11;LakeheadU;-78;20
1066;a2:53:22:40:4e:04;NOSMSecure;-63;20
1067;a2:53:22:40:4e:05;NOSMSecure;-79;20
1068;80:e0:1d:ee:3f:6c;Free Tbaytel WiFi;-69;21
1069;a6:53:22:40:4f:80;eduroam;-80;22
1070;ac:7a:56:c8:62:0f;LakeheadU;-69;22
1071;ac:7a:56:c8:62:0a;;-71;22
1072;ac:7a:56:c8:62:0d;;-71;22
1073;ac:7a:56:c8:62:0e;LU-Events;-69;22
1074;ac:7a:56:c8:62:0b;;-72;22
1075;ac:7a:56:c8:62:0c;LU-Guest;-69;22
1076;9c:53:22:40:4f:80;TBAYTech;-79;22
1077;ac:7a:56:c8:62:00;LakeheadU;-68;22
1078;ac:7a:56:c8:62:01;LU-Events;-66;22
1079;ac:7a:56:c8:62:03;LU-Guest;-66;22
1080;ac:7a:56:c8:62:08;Free Tbaytel WiFi;-71;22
1081;ac:7a:56:c8:62:07;eduroam;-72;22
1082;ba:a3:32:e1:97:09;Xerox;-88;22
1083;a4:6c:2a:e0:20:01;LakeheadU;-75;22
1084;a4:6c:2a:e0:20:00;LU-Guest;-75;22
1085;a4:6c:2a:e0:20:03;LU-Events;-75;22
1086;a4:6c:2a:e0:20:04;Free Tbaytel WiFi;-76;22
1087;80:e0:1d:ee:3f:63;Free Tbaytel WiFi;-65;22
1088;80:e0:1d:ee:3f:64;eduroam;-64;22
1089;80:e0:1d:ee:3f:60;LakeheadU;-64;22
1090;80:e0:1d:ee:3f:61;LU-Guest;-66;22
1091;80:e0:1d:ee:3f:62;LU-Events;-64;22
1092;a4:6c:2a:d4:bf:1f;LU-Guest;-82;22
1093;a4:6c:2a:d4:bf:1d;eduroam;-84;22
1094;a4:6c:2a:d4:bf:1e;LakeheadU;-82;22
1095;a4:6c:2a:d4:bf:1b;Free Tbaytel WiFi;-83;22
1096;a4:6c:2a:d4:bf:1c;LU-Events;-83;22
1097;80:e0:1d:e6:79:d2;eduroam;-66;22
1098;80:e0:1d:e6:79:d1;LakeheadU;-65;22
1099;80:e0:1d:e6:79:d0;LU-Guest;-65;22
1100;80:e0:1d:e6:79:d4;Free Tbaytel WiFi;-64;22
1101;a4:6c:2a:e0:20:0c;LU-Events;-91;22
1102;a4:6c:2a:e0:20:0b;Free Tbaytel WiFi;-91;22
1103;a4:6c:2a:e0:20:0d;eduroam;-91;22
1104;80:e0:1d:e6:79:db;Free Tbaytel WiFi;-63;22
1105;80:e0:1d:e6:79:df;LU-Guest;-63;22
1106;80:e0:1d:e6:79:de;LakeheadU;-63;22
1107;80:e0:1d:e6:79:dd;eduroam;-64;22
1108;80:e0:1d:f6:a5:13;LU-Events;-86;22
1109;80:e0:1d:e6:79:dc;LU-Events;-63;22
1110;80:e0:1d:ee:3f:6c;Free Tbaytel WiFi;-73;22
1111;80:e0:1d:ee:3f:6d;LU-Events;-78;22
1112;80:e0:1d:ee:3f:6e;LU-Guest;-77;22
1113;80:e0:1d:f6:a4:d0;LU-Guest;-78;22
1114;80:e0:1d:ee:3f:6f;LakeheadU;-78;22
1115;ae:53:22:40:4e:04;NOSMConnect24;-63;22
1116;9c:53:22:40:4e:05;TBAYTech;-78;22
1117;9c:53:22:40:4e:04;TBAYTech;-64;22
1118;ce:d7:19:24:c6:d5;LINKSYS-750-guest;-78;22
1119;aa:53:22:40:4e:05;NOSMConnect;-78;22
1120;aa:53:22:40:4e:04;NOSMConnect;-64;22
1121;82:f2:e0:d1:f9:74;portthru;-77;22
1122;a6:53:22:40:4e:05;eduroam;-78;22
1123;a6:53:22:40:4e:04;eduroam;-75;22
1124;a4:6c:2a:d4:bf:14;Free Tbaytel WiFi;-74;22
1125;a4:6c:2a:d4:bf:12;eduroam;-74;22
1126;a4:6c:2a:d4:bf:13;LU-Events;-74;22
1127;a4:6c:2a:d4:bf:10;LU-Guest;-74;22
1128;a4:6c:2a:d4:bf:11;LakeheadU;-75;22
1129;a2:53:22:40:4e:04;NOSMSecure;-64;22
1130;a2:53:22:40:4e:05;NOSMSecure;-78;22
1131;a6:53:22:40:4f:80;eduroam;-80;23
1132;ac:7a:56:c8:62:0f;LakeheadU;-69;23
1133;ac:7a:56:c8:62:0a;;-71;23
1134;ac:7a:56:c8:62:0d;;-71;23
1135;ac:7a:56:c8:62:0e;LU-Events;-69;23
1136;ac:7a:56:c8:62:0b;;-72;23
1137;ac:7a:56:c8:62:0c;LU-Guest;-69;23
1138;9c:53:22:40:4f:80;TBAYTech;-79;23
1139;ac:7a:56:c8:62:00;LakeheadU;-68;23
1140;ac:7a:56:c8:62:01;LU-Events;-66;23
1141;ac:7a:56:c8:62:03;LU-Guest;-66;23
1142;ac:7a:56:c8:62:08;Free Tbaytel WiFi;-71;23
1143;ac:7a:56:c8:62:07;eduroam;-72;23
1144;ba:a3:32:e1:97:09;Xerox;-88;23
1145;a4:6c:2a:e0:20:01;LakeheadU;-75;23
1146;a4:6c:2a:e0:20:00;LU-Guest;-75;23
1147;a4:6c:2a:e0:20:03;LU-Events;-75;23
1148;a4:6c:2a:e0:20:04;Free Tbaytel WiFi;-76;23
1149;80:e0:1d:ee:3f:63;Free Tbaytel WiFi;-65;23
1150;80:e0:1d:ee:3f:64;eduroam;-64;23
1151;80:e0:1d:ee:3f:60;LakeheadU;-64;23
1152;80:e0:1d:ee:3f:61;LU-Guest;-66;23
1153;80:e0:1d:ee:3f:62;LU-Events;-64;23
1154;a4:6c:2a:d4:bf:1f;LU-Guest;-82;23
1155;a4:6c:2a:d4:bf:1d;eduroam;-84;23
1156;a4:6c:2a:d4:bf:1e;LakeheadU;-82;23
1157;a4:6c:2a:d4:bf:1b;Free Tbaytel WiFi;-83;23
1158;a4:6c:2a:d4:bf:1c;LU-Events;-83;23
1159;80:e0:1d:e6:79:d2;eduroam;-66;23
1160;80:e0:1d:e6:79:d1;LakeheadU;-65;23
1161;80:e0:1d:e6:79:d0;LU-Guest;-65;23
1162;80:e0:1d:e6:79:d4;Free Tbaytel WiFi;-64;23
1163;a4:6c:2a:e0:20:0c;LU-Events;-91;23
1164;a4:6c:2a:e0:20:0b;Free Tbaytel WiFi;-91;23
1165;a4:6c:2a:e0:20:0d;eduroam;-91;23
1166;80:e0:1d:e6:79:db;Free Tbaytel WiFi;-63;23
1167;80:e0:1d:e6:79:df;LU-Guest;-63;23
1168;80:e0:1d:e6:79:de;LakeheadU;-63;23
1169;80:e0:1d:e6:79:dd;eduroam;-64;23
1170;80:e0:1d:f6:a5:13;LU-Events;-86;23
1171;80:e0:1d:e6:79:dc;LU-Events;-63;23
1172;80:e0:1d:ee:3f:6c;Free Tbaytel WiFi;-73;23
1173;80:e0:1d:ee:3f:6d;LU-Events;-78;23
1174;80:e0:1d:ee:3f:6e;LU-Guest;-77;23
1175;80:e0:1d:f6:a4:d0;LU-Guest;-78;23
1176;80:e0:1d:ee:3f:6f;LakeheadU;-78;23
1177;ae:53:22:40:4e:04;NOSMConnect24;-63;23
1178;9c:53:22:40:4e:05;TBAYTech;-78;23
1179;9c:53:22:40:4e:04;TBAYTech;-64;23
1180;ce:d7:19:24:c6:d5;LINKSYS-750-guest;-78;23
1181;aa:53:22:40:4e:05;NOSMConnect;-78;23
1182;aa:53:22:40:4e:04;NOSMConnect;-64;23
1183;82:f2:e0:d1:f9:74;portthru;-77;23
1184;a6:53:22:40:4e:05;eduroam;-78;23
1185;a6:53:22:40:4e:04;eduroam;-75;23
1186;a4:6c:2a:d4:bf:14;Free Tbaytel WiFi;-74;23
1187;a4:6c:2a:d4:bf:12;eduroam;-74;23
1188;a4:6c:2a:d4:bf:13;LU-Events;-74;23
1189;a4:6c:2a:d4:bf:10;LU-Guest;-74;23
1190;a4:6c:2a:d4:bf:11;LakeheadU;-75;23
1191;a2:53:22:40:4e:04;NOSMSecure;-64;23
1192;a2:53:22:40:4e:05;NOSMSecure;-78;23
1193;9c:53:22:40:4f:7a;TBAYTech;-75;24
1194;ac:7a:56:c8:62:0f;LakeheadU;-60;24
1195;ac:7a:56:c8:62:0a;;-62;24
1196;ac:7a:56:c8:62:0d;;-62;24
1197;ac:7a:56:c8:62:0e;LU-Events;-61;24
1198;ac:7a:56:c8:62:0b;;-62;24
1199;ac:7a:56:c8:62:0c;LU-Guest;-62;24
1200;a6:53:22:40:4f:7a;eduroam;-76;24
1201;9c:53:22:40:4f:80;TBAYTech;-79;24
1202;ac:7a:56:c8:62:00;LakeheadU;-62;24
1203;ac:7a:56:c8:62:01;LU-Events;-63;24
1204;ac:7a:56:c8:62:03;LU-Guest;-62;24
1205;ac:7a:56:c8:62:08;Free Tbaytel WiFi;-61;24
1206;ac:7a:56:c8:62:07;eduroam;-61;24
1207;ba:a3:32:e1:97:09;Xerox;-84;24
1208;a4:6c:2a:e0:20:01;LakeheadU;-67;24
1209;a4:6c:2a:e0:20:02;eduroam;-67;24
1210;a4:6c:2a:e0:20:04;Free Tbaytel WiFi;-67;24
1211;ae:53:22:40:4f:7a;NOSMConnect24;-75;24
1212;aa:53:22:40:4f:80;NOSMConnect;-85;24
1213;80:e0:1d:ee:3f:63;Free Tbaytel WiFi;-74;24
1214;80:e0:1d:ee:3f:64;eduroam;-72;24
1215;aa:53:22:40:4f:7a;NOSMConnect;-73;24
1216;aa:53:22:40:4f:7b;NOSMConnect;-92;24
1217;80:e0:1d:ee:3f:60;LakeheadU;-74;24
1218;80:e0:1d:ee:3f:61;LU-Guest;-73;24
1219;80:e0:1d:ee:3f:62;LU-Events;-73;24
1220;a4:6c:2a:d4:bf:1f;LU-Guest;-83;24
1221;a4:6c:2a:d4:bf:1b;Free Tbaytel WiFi;-84;24
1222;a4:6c:2a:d4:bf:1c;LU-Events;-83;24
1223;c0:c1:c0:8e:e8:c5;unavailable;-87;24
1224;a4:6c:2a:e0:20:0f;LU-Guest;-81;24
1225;80:e0:1d:e6:79:d2;eduroam;-59;24
1226;80:e0:1d:e6:79:d1;LakeheadU;-57;24
1227;80:e0:1d:e6:79:d0;LU-Guest;-58;24
1228;80:e0:1d:e6:79:d4;Free Tbaytel WiFi;-59;24
1229;80:e0:1d:e6:79:d3;LU-Events;-59;24
1230;a4:6c:2a:e0:20:0c;LU-Events;-82;24
1231;a4:6c:2a:e0:20:0b;Free Tbaytel WiFi;-81;24
1232;c8:d7:19:24:c6:d5;LINKSYS-750;-81;24
1233;80:e0:1d:e6:79:db;Free Tbaytel WiFi;-66;24
1234;80:e0:1d:f6:a5:10;LU-Guest;-84;24
1235;80:e0:1d:e6:79:df;LU-Guest;-65;24
1236;80:e0:1d:e6:79:de;LakeheadU;-66;24
1237;80:e0:1d:e6:79:dd;eduroam;-66;24
1238;80:e0:1d:e6:79:dc;LU-Events;-82;24
1239;80:e0:1d:f6:a5:14;Free Tbaytel WiFi;-86;24
1240;a2:53:22:40:4f:80;NOSMSecure;-87;24
1241;a2:53:22:40:4f:7a;NOSMSecure;-75;24
1242;80:e0:1d:ac:8b:04;Free Tbaytel WiFi;-87;24
1243;80:e0:1d:ac:8b:02;eduroam;-83;24
1244;80:e0:1d:ac:8b:00;LU-Guest;-85;24
1245;80:e0:1d:ee:3f:6c;Free Tbaytel WiFi;-79;24
1246;80:e0:1d:ee:3f:6d;LU-Events;-77;24
1247;80:e0:1d:ee:3f:6e;LU-Guest;-77;24
1248;80:e0:1d:f6:a4:d2;eduroam;-82;24
1249;80:e0:1d:f6:a4:d1;LakeheadU;-80;24
1250;ae:53:22:40:4e:04;NOSMConnect24;-69;24
1251;80:e0:1d:f6:a4:d4;Free Tbaytel WiFi;-81;24
1252;80:e0:1d:f6:a4:d3;LU-Events;-81;24
1253;80:e0:1d:c2:b7:f2;eduroam;-88;24
1254;9c:53:22:40:4e:05;TBAYTech;-83;24
1255;ce:d7:19:24:c6:d5;LINKSYS-750-guest;-80;24
1256;aa:53:22:40:4e:05;NOSMConnect;-84;24
1257;80:e0:1d:ac:8b:0e;LakeheadU;-93;24
1258;82:f2:e0:d1:f9:74;portthru;-74;24
1259;80:e0:1d:ac:8b:0b;Free Tbaytel WiFi;-93;24
1260;a6:53:22:40:4e:05;eduroam;-84;24
1261;a4:6c:2a:d4:bf:10;LU-Guest;-78;24
1262;a2:53:22:40:4e:05;NOSMSecure;-84;24
1263;9c:53:22:40:4f:7a;TBAYTech;-75;25
1264;ac:7a:56:c8:62:0f;LakeheadU;-60;25
1265;ac:7a:56:c8:62:0a;;-62;25
1266;ac:7a:56:c8:62:0d;;-62;25
1267;ac:7a:56:c8:62:0e;LU-Events;-61;25
1268;ac:7a:56:c8:62:0b;;-62;25
1269;ac:7a:56:c8:62:0c;LU-Guest;-62;25
1270;a6:53:22:40:4f:7a;eduroam;-76;25
1271;9c:53:22:40:4f:80;TBAYTech;-79;25
1272;ac:7a:56:c8:62:00;LakeheadU;-62;25
1273;ac:7a:56:c8:62:01;LU-Events;-63;25
1274;ac:7a:56:c8:62:03;LU-Guest;-62;25
1275;ac:7a:56:c8:62:08;Free Tbaytel WiFi;-61;25
1276;ac:7a:56:c8:62:07;eduroam;-61;25
1277;ba:a3:32:e1:97:09;Xerox;-84;25
1278;a4:6c:2a:e0:20:01;LakeheadU;-67;25
1279;a4:6c:2a:e0:20:02;eduroam;-67;25
1280;a4:6c:2a:e0:20:04;Free Tbaytel WiFi;-67;25
1281;ae:53:22:40:4f:7a;NOSMConnect24;-75;25
1282;aa:53:22:40:4f:80;NOSMConnect;-85;25
1283;80:e0:1d:ee:3f:63;Free Tbaytel WiFi;-74;25
1284;80:e0:1d:ee:3f:64;eduroam;-72;25
1285;aa:53:22:40:4f:7a;NOSMConnect;-73;25
1286;aa:53:22:40:4f:7b;NOSMConnect;-92;25
1287;80:e0:1d:ee:3f:60;LakeheadU;-74;25
1288;80:e0:1d:ee:3f:61;LU-Guest;-73;25
1289;80:e0:1d:ee:3f:62;LU-Events;-73;25
1290;a4:6c:2a:d4:bf:1f;LU-Guest;-83;25
1291;a4:6c:2a:d4:bf:1b;Free Tbaytel WiFi;-84;25
1292;a4:6c:2a:d4:bf:1c;LU-Events;-83;25
1293;c0:c1:c0:8e:e8:c5;unavailable;-87;25
1294;a4:6c:2a:e0:20:0f;LU-Guest;-81;25
1295;80:e0:1d:e6:79:d2;eduroam;-59;25
1296;80:e0:1d:e6:79:d1;LakeheadU;-57;25
1297;80:e0:1d:e6:79:d0;LU-Guest;-58;25
1298;80:e0:1d:e6:79:d4;Free Tbaytel WiFi;-59;25
1299;80:e0:1d:e6:79:d3;LU-Events;-59;25
1300;a4:6c:2a:e0:20:0c;LU-Events;-82;25
1301;a4:6c:2a:e0:20:0b;Free Tbaytel WiFi;-81;25
1302;c8:d7:19:24:c6:d5;LINKSYS-750;-81;25
1303;80:e0:1d:e6:79:db;Free Tbaytel WiFi;-66;25
1304;80:e0:1d:f6:a5:10;LU-Guest;-84;25
1305;80:e0:1d:e6:79:df;LU-Guest;-65;25
1306;80:e0:1d:e6:79:de;LakeheadU;-66;25
1307;80:e0:1d:e6:79:dd;eduroam;-66;25
1308;80:e0:1d:e6:79:dc;LU-Events;-82;25
1309;80:e0:1d:f6:a5:14;Free Tbaytel WiFi;-86;25
1310;a2:53:22:40:4f:80;NOSMSecure;-87;25
1311;a2:53:22:40:4f:7a;NOSMSecure;-75;25
1312;80:e0:1d:ac:8b:04;Free Tbaytel WiFi;-87;25
1313;80:e0:1d:ac:8b:02;eduroam;-83;25
1314;80:e0:1d:ac:8b:00;LU-Guest;-85;25
1315;80:e0:1d:ee:3f:6c;Free Tbaytel WiFi;-79;25
1316;80:e0:1d:ee:3f:6d;LU-Events;-77;25
1317;80:e0:1d:ee:3f:6e;LU-Guest;-77;25
1318;80:e0:1d:f6:a4:d2;eduroam;-82;25
1319;80:e0:1d:f6:a4:d1;LakeheadU;-80;25
1320;ae:53:22:40:4e:04;NOSMConnect24;-69;25
1321;80:e0:1d:f6:a4:d4;Free Tbaytel WiFi;-81;25
1322;80:e0:1d:f6:a4:d3;LU-Events;-81;25
1323;80:e0:1d:c2:b7:f2;eduroam;-88;25
1324;9c:53:22:40:4e:05;TBAYTech;-83;25
1325;ce:d7:19:24:c6:d5;LINKSYS-750-guest;-80;25
1326;aa:53:22:40:4e:05;NOSMConnect;-84;25
1327;80:e0:1d:ac:8b:0e;LakeheadU;-93;25
1328;82:f2:e0:d1:f9:74;portthru;-74;25
1329;80:e0:1d:ac:8b:0b;Free Tbaytel WiFi;-93;25
1330;a6:53:22:40:4e:05;eduroam;-84;25
1331;a4:6c:2a:d4:bf:10;LU-Guest;-78;25
1332;a2:53:22:40:4e:05;NOSMSecure;-84;25
1333;9c:53:22:40:4f:7a;TBAYTech;-71;26
1334;ac:7a:56:c8:62:0f;LakeheadU;-60;26
1335;ac:7a:56:c8:62:0e;LU-Events;-60;26
1336;ac:7a:56:c8:62:0c;LU-Guest;-60;26
1337;a6:53:22:40:4f:7a;eduroam;-72;26
1338;ac:7a:56:c8:62:00;LakeheadU;-54;26
1339;ac:7a:56:c8:62:01;LU-Events;-53;26
1340;ac:7a:56:c8:62:03;LU-Guest;-53;26
1341;ac:7a:56:c8:62:08;Free Tbaytel WiFi;-63;26
1342;ac:7a:56:c8:62:07;eduroam;-61;26
1343;d8:b1:90:df:9f:e4;Free Tbaytel WiFi;-81;26
1344;a4:6c:2a:e0:20:01;LakeheadU;-61;26
1345;a4:6c:2a:e0:20:00;LU-Guest;-62;26
1346;a4:6c:2a:e0:20:03;LU-Events;-61;26
1347;a4:6c:2a:e0:20:02;eduroam;-61;26
1348;a4:6c:2a:e0:20:04;Free Tbaytel WiFi;-62;26
1349;d8:b1:90:df:9f:e0;LU-Guest;-80;26
1350;ae:53:22:40:4f:7a;NOSMConnect24;-71;26
1351;80:e0:1d:ee:3f:64;eduroam;-79;26
1352;aa:53:22:40:4f:7a;NOSMConnect;-70;26
1353;80:e0:1d:ee:3f:60;LakeheadU;-78;26
1354;80:e0:1d:ee:3f:61;LU-Guest;-78;26
1355;80:e0:1d:ee:3f:62;LU-Events;-81;26
1356;a4:6c:2a:d4:bf:1f;LU-Guest;-84;26
1357;a4:6c:2a:d4:bf:1b;Free Tbaytel WiFi;-84;26
1358;a4:6c:2a:d4:bf:1c;LU-Events;-84;26
1359;80:e0:1d:e6:79:d2;eduroam;-60;26
1360;80:e0:1d:e6:79:d1;LakeheadU;-60;26
1361;80:e0:1d:e6:79:d0;LU-Guest;-61;26
1362;80:e0:1d:e6:79:d4;Free Tbaytel WiFi;-61;26
1363;80:e0:1d:e6:79:d3;LU-Events;-62;26
1364;a4:6c:2a:e0:20:0c;LU-Events;-80;26
1365;a4:6c:2a:e0:20:0b;Free Tbaytel WiFi;-81;26
1366;a4:6c:2a:e0:20:0d;eduroam;-82;26
1367;c8:d7:19:24:c6:d5;LINKSYS-750;-81;26
1368;80:e0:1d:e6:79:db;Free Tbaytel WiFi;-62;26
1369;80:e0:1d:f6:a5:12;eduroam;-79;26
1370;80:e0:1d:f6:a5:10;LU-Guest;-80;26
1371;80:e0:1d:e6:79:df;LU-Guest;-63;26
1372;80:e0:1d:e6:79:de;LakeheadU;-63;26
1373;80:e0:1d:e6:79:dd;eduroam;-63;26
1374;80:e0:1d:e6:79:dc;LU-Events;-63;26
1375;a2:53:22:40:4f:7a;NOSMSecure;-76;26
1376;80:e0:1d:ee:3f:6c;Free Tbaytel WiFi;-84;26
1377;80:e0:1d:f6:a4:d0;LU-Guest;-75;26
1378;80:e0:1d:ee:3f:6f;LakeheadU;-85;26
1379;80:e0:1d:f6:a4:d2;eduroam;-74;26
1380;80:e0:1d:f6:a4:d1;LakeheadU;-76;26
1381;ae:53:22:40:4e:04;NOSMConnect24;-76;26
1382;80:e0:1d:f6:a4:d4;Free Tbaytel WiFi;-73;26
1383;80:e0:1d:f6:a5:1b;Free Tbaytel WiFi;-90;26
1384;9c:53:22:40:4e:05;TBAYTech;-84;26
1385;80:e0:1d:f6:a5:1e;LakeheadU;-91;26
1386;80:e0:1d:f6:a5:1f;LU-Guest;-90;26
1387;80:e0:1d:f6:a5:1c;LU-Events;-91;26
1388;9c:53:22:40:4e:04;TBAYTech;-75;26
1389;ce:d7:19:24:c6:d5;LINKSYS-750-guest;-79;26
1390;aa:53:22:40:4e:05;NOSMConnect;-85;26
1391;aa:53:22:40:4e:04;NOSMConnect;-76;26
1392;82:f2:e0:d1:f9:74;portthru;-84;26
1393;6c:5a:b0:3d:73:c0;Quanser_UVS-5G;-92;26
1394;6c:5a:b0:3d:73:c1;Quanser_UVS;-78;26
1395;a6:53:22:40:4e:05;eduroam;-84;26
1396;a6:53:22:40:4e:04;eduroam;-77;26
1397;a4:6c:2a:d4:bf:14;Free Tbaytel WiFi;-78;26
1398;a4:6c:2a:d4:bf:12;eduroam;-79;26
1399;a4:6c:2a:d4:bf:13;LU-Events;-78;26
1400;a4:6c:2a:d4:bf:10;LU-Guest;-77;26
1401;a4:6c:2a:d4:bf:11;LakeheadU;-79;26
1402;a2:53:22:40:4e:04;NOSMSecure;-75;26
1403;a2:53:22:40:4e:05;NOSMSecure;-84;26
1404;9c:53:22:40:4f:7a;TBAYTech;-71;27
1405;ac:7a:56:c8:62:0f;LakeheadU;-60;27
1406;ac:7a:56:c8:62:0e;LU-Events;-60;27
1407;ac:7a:56:c8:62:0c;LU-Guest;-60;27
1408;a6:53:22:40:4f:7a;eduroam;-72;27
1409;ac:7a:56:c8:62:00;LakeheadU;-54;27
1410;ac:7a:56:c8:62:01;LU-Events;-53;27
1411;ac:7a:56:c8:62:03;LU-Guest;-53;27
1412;ac:7a:56:c8:62:08;Free Tbaytel WiFi;-63;27
1413;ac:7a:56:c8:62:07;eduroam;-61;27
1414;d8:b1:90:df:9f:e4;Free Tbaytel WiFi;-81;27
1415;a4:6c:2a:e0:20:01;LakeheadU;-61;27
1416;a4:6c:2a:e0:20:00;LU-Guest;-62;27
1417;a4:6c:2a:e0:20:03;LU-Events;-61;27
1418;a4:6c:2a:e0:20:02;eduroam;-61;27
1419;a4:6c:2a:e0:20:04;Free Tbaytel WiFi;-62;27
1420;d8:b1:90:df:9f:e0;LU-Guest;-80;27
1421;ae:53:22:40:4f:7a;NOSMConnect24;-71;27
1422;80:e0:1d:ee:3f:64;eduroam;-79;27
1423;aa:53:22:40:4f:7a;NOSMConnect;-70;27
1424;80:e0:1d:ee:3f:60;LakeheadU;-78;27
1425;80:e0:1d:ee:3f:61;LU-Guest;-78;27
1426;80:e0:1d:ee:3f:62;LU-Events;-81;27
1427;a4:6c:2a:d4:bf:1f;LU-Guest;-84;27
1428;a4:6c:2a:d4:bf:1b;Free Tbaytel WiFi;-84;27
1429;a4:6c:2a:d4:bf:1c;LU-Events;-84;27
1430;80:e0:1d:e6:79:d2;eduroam;-60;27
1431;80:e0:1d:e6:79:d1;LakeheadU;-60;27
1432;80:e0:1d:e6:79:d0;LU-Guest;-61;27
1433;80:e0:1d:e6:79:d4;Free Tbaytel WiFi;-61;27
1434;80:e0:1d:e6:79:d3;LU-Events;-62;27
1435;a4:6c:2a:e0:20:0c;LU-Events;-80;27
1436;a4:6c:2a:e0:20:0b;Free Tbaytel WiFi;-81;27
1437;a4:6c:2a:e0:20:0d;eduroam;-82;27
1438;c8:d7:19:24:c6:d5;LINKSYS-750;-81;27
1439;80:e0:1d:e6:79:db;Free Tbaytel WiFi;-62;27
1440;80:e0:1d:f6:a5:12;eduroam;-79;27
1441;80:e0:1d:f6:a5:10;LU-Guest;-80;27
1442;80:e0:1d:e6:79:df;LU-Guest;-63;27
1443;80:e0:1d:e6:79:de;LakeheadU;-63;27
1444;80:e0:1d:e6:79:dd;eduroam;-63;27
1445;80:e0:1d:e6:79:dc;LU-Events;-63;27
1446;a2:53:22:40:4f:7a;NOSMSecure;-76;27
1447;80:e0:1d:ee:3f:6c;Free Tbaytel WiFi;-84;27
1448;80:e0:1d:f6:a4:d0;LU-Guest;-75;27
1449;80:e0:1d:ee:3f:6f;LakeheadU;-85;27
1450;80:e0:1d:f6:a4:d2;eduroam;-74;27
1451;80:e0:1d:f6:a4:d1;LakeheadU;-76;27
1452;ae:53:22:40:4e:04;NOSMConnect24;-76;27
1453;80:e0:1d:f6:a4:d4;Free Tbaytel WiFi;-73;27
1454;80:e0:1d:f6:a5:1b;Free Tbaytel WiFi;-90;27
1455;9c:53:22:40:4e:05;TBAYTech;-84;27
1456;80:e0:1d:f6:a5:1e;LakeheadU;-91;27
1457;80:e0:1d:f6:a5:1f;LU-Guest;-90;27
1458;80:e0:1d:f6:a5:1c;LU-Events;-91;27
1459;9c:53:22:40:4e:04;TBAYTech;-75;27
1460;ce:d7:19:24:c6:d5;LINKSYS-750-guest;-79;27
1461;aa:53:22:40:4e:05;NOSMConnect;-85;27
1462;aa:53:22:40:4e:04;NOSMConnect;-76;27
1463;82:f2:e0:d1:f9:74;portthru;-84;27
1464;6c:5a:b0:3d:73:c0;Quanser_UVS-5G;-92;27
1465;6c:5a:b0:3d:73:c1;Quanser_UVS;-78;27
1466;a6:53:22:40:4e:05;eduroam;-84;27
1467;a6:53:22:40:4e:04;eduroam;-77;27
1468;a4:6c:2a:d4:bf:14;Free Tbaytel WiFi;-78;27
1469;a4:6c:2a:d4:bf:12;eduroam;-79;27
1470;a4:6c:2a:d4:bf:13;LU-Events;-78;27
1471;a4:6c:2a:d4:bf:10;LU-Guest;-77;27
1472;a4:6c:2a:d4:bf:11;LakeheadU;-79;27
1473;a2:53:22:40:4e:04;NOSMSecure;-75;27
1474;a2:53:22:40:4e:05;NOSMSecure;-84;27
1475;9c:53:22:40:4f:7b;TBAYTech;-91;28
1476;ac:7a:56:c8:62:0f;LakeheadU;-56;28
1477;ac:7a:56:c8:62:0e;LU-Events;-56;28
1478;a6:53:22:40:4f:7b;eduroam;-90;28
1479;ac:7a:56:c8:62:0c;LU-Guest;-57;28
1480;a6:53:22:40:4f:7a;eduroam;-60;28
1481;ac:7a:56:c8:62:00;LakeheadU;-55;28
1482;ac:7a:56:c8:62:01;LU-Events;-51;28
1483;ac:7a:56:c8:62:03;LU-Guest;-51;28
1484;ac:7a:56:c8:62:08;Free Tbaytel WiFi;-58;28
1485;ac:7a:56:c8:62:07;eduroam;-56;28
1486;d8:b1:90:df:9f:e4;Free Tbaytel WiFi;-80;28
1487;d8:b1:90:df:9f:e3;LU-Events;-80;28
1488;d8:b1:90:df:9f:e2;eduroam;-81;28
1489;ba:a3:32:e1:97:09;Xerox;-92;28
1490;a4:6c:2a:e0:20:01;LakeheadU;-75;28
1491;a4:6c:2a:e0:20:00;LU-Guest;-73;28
1492;a4:6c:2a:e0:20:03;LU-Events;-75;28
1493;d8:b1:90:df:9f:e1;LakeheadU;-81;28
1494;d8:b1:90:df:9f:e0;LU-Guest;-82;28
1495;ae:53:22:40:4f:7a;NOSMConnect24;-58;28
1496;80:e0:1d:ee:3f:64;eduroam;-78;28
1497;aa:53:22:40:4f:7a;NOSMConnect;-58;28
1498;aa:53:22:40:4f:7b;NOSMConnect;-89;28
1499;80:e0:1d:ee:3f:60;LakeheadU;-80;28
1500;80:e0:1d:ee:3f:62;LU-Events;-80;28
1501;a4:6c:2a:d4:bf:1f;LU-Guest;-79;28
1502;a4:6c:2a:d4:bf:1d;eduroam;-79;28
1503;a4:6c:2a:d4:bf:1e;LakeheadU;-79;28
1504;a4:6c:2a:d4:bf:1b;Free Tbaytel WiFi;-79;28
1505;a4:6c:2a:d4:bf:1c;LU-Events;-79;28
1506;80:e0:1d:e6:79:d1;LakeheadU;-53;28
1507;80:e0:1d:e6:79:db;Free Tbaytel WiFi;-62;28
1508;80:e0:1d:e6:79:df;LU-Guest;-62;28
1509;80:e0:1d:e6:79:de;LakeheadU;-90;28
1510;80:e0:1d:e6:79:dd;eduroam;-62;28
1511;80:e0:1d:e6:79:dc;LU-Events;-62;28
1512;a2:53:22:40:4f:7b;NOSMSecure;-90;28
1513;a2:53:22:40:4f:7a;NOSMSecure;-58;28
1514;80:e0:1d:ac:8b:04;Free Tbaytel WiFi;-76;28
1515;80:e0:1d:ac:8b:03;LU-Events;-77;28
1516;80:e0:1d:ac:8b:02;eduroam;-76;28
1517;80:e0:1d:ac:8b:01;LakeheadU;-77;28
1518;80:e0:1d:ee:3f:6c;Free Tbaytel WiFi;-85;28
1519;80:e0:1d:ee:3f:6d;LU-Events;-83;28
1520;80:e0:1d:ee:3f:6f;LakeheadU;-85;28
1521;80:e0:1d:f6:a4:d2;eduroam;-81;28
1522;80:e0:1d:c2:b7:f4;Free Tbaytel WiFi;-86;28
1523;9c:53:22:40:4e:05;TBAYTech;-84;28
1524;aa:53:22:40:4e:05;NOSMConnect;-84;28
1525;80:e0:1d:ac:8b:0e;LakeheadU;-88;28
1526;80:e0:1d:ac:8b:0d;eduroam;-89;28
1527;82:f2:e0:d1:f9:74;portthru;-87;28
1528;80:e0:1d:ac:8b:0c;LU-Events;-89;28
1529;80:e0:1d:ac:8b:0b;Free Tbaytel WiFi;-90;28
1530;6c:5a:b0:3d:73:c0;Quanser_UVS-5G;-87;28
1531;a6:53:22:40:4e:05;eduroam;-84;28
1532;80:e0:1d:ac:8b:0f;LU-Guest;-89;28
1533;a2:53:22:40:4e:05;NOSMSecure;-84;28
1534;9c:53:22:40:4f:7b;TBAYTech;-89;29
1535;9c:53:22:40:4f:7a;TBAYTech;-55;29
1536;ac:7a:56:c8:62:0f;LakeheadU;-56;29
1537;ac:7a:56:c8:62:0e;LU-Events;-56;29
1538;a6:53:22:40:4f:7b;eduroam;-89;29
1539;ac:7a:56:c8:62:0c;LU-Guest;-57;29
1540;a6:53:22:40:4f:7a;eduroam;-55;29
1541;9c:53:22:40:4f:80;TBAYTech;-89;29
1542;ac:7a:56:c8:62:00;LakeheadU;-51;29
1543;ac:7a:56:c8:62:01;LU-Events;-51;29
1544;ac:7a:56:c8:62:03;LU-Guest;-51;29
1545;ac:7a:56:c8:62:08;Free Tbaytel WiFi;-51;29
1546;ac:7a:56:c8:62:07;Free Tbaytel WiFi;-51;29
1547;d8:b1:90:df:9f:e3;LU-Events;-82;29
1548;ba:a3:32:e1:97:09;Xerox;-92;29
1549;a4:6c:2a:e0:20:01;LakeheadU;-72;29
1550;a4:6c:2a:e0:20:00;LU-Guest;-72;29
1551;a4:6c:2a:e0:20:03;LU-Events;-70;29
1552;a4:6c:2a:e0:20:02;eduroam;-71;29
1553;a4:6c:2a:e0:20:04;Free Tbaytel WiFi;-70;29
1554;d8:b1:90:df:9f:e1;LakeheadU;-83;29
1555;ae:53:22:40:4f:7a;NOSMConnect24;-58;29
1556;aa:53:22:40:4f:7a;NOSMConnect;-56;29
1557;aa:53:22:40:4f:7b;NOSMConnect;-89;29
1558;a4:6c:2a:d4:bf:1f;LU-Guest;-83;29
1559;a4:6c:2a:d4:bf:1d;eduroam;-79;29
1560;a4:6c:2a:d4:bf:1e;LakeheadU;-79;29
1561;a4:6c:2a:d4:bf:1b;Free Tbaytel WiFi;-81;29
1562;a4:6c:2a:d4:bf:1c;LU-Events;-82;29
1563;80:e0:1d:e6:79:d2;eduroam;-57;29
1564;80:e0:1d:e6:79:d1;LakeheadU;-59;29
1565;80:e0:1d:e6:79:d0;LU-Guest;-57;29
1566;80:e0:1d:e6:79:d4;Free Tbaytel WiFi;-57;29
1567;80:e0:1d:e6:79:d3;LU-Events;-57;29
1568;80:e0:1d:e6:79:db;Free Tbaytel WiFi;-62;29
1569;80:e0:1d:f6:a5:11;LakeheadU;-78;29
1570;80:e0:1d:f6:a5:12;eduroam;-78;29
1571;80:e0:1d:f6:a5:10;LU-Guest;-77;29
1572;80:e0:1d:e6:79:df;LU-Guest;-62;29
1573;80:e0:1d:e6:79:de;LakeheadU;-90;29
1574;80:e0:1d:e6:79:dd;eduroam;-62;29
1575;80:e0:1d:e6:79:dc;LU-Events;-62;29
1576;a2:53:22:40:4f:7b;NOSMSecure;-88;29
1577;a2:53:22:40:4f:7a;NOSMSecure;-55;29
1578;80:e0:1d:ac:8b:02;eduroam;-76;29
1579;80:e0:1d:ee:3f:6c;Free Tbaytel WiFi;-85;29
1580;80:e0:1d:ee:3f:6d;LU-Events;-83;29
1581;80:e0:1d:ee:3f:6f;LakeheadU;-85;29
1582;80:e0:1d:f6:a4:d3;LU-Events;-83;29
1583;80:e0:1d:f6:a5:1b;Free Tbaytel WiFi;-92;29
1584;9c:53:22:40:4e:05;TBAYTech;-91;29
1585;80:e0:1d:f6:a5:1f;LU-Guest;-93;29
1586;80:e0:1d:f6:a5:1c;LU-Events;-92;29
1587;9c:53:22:40:4e:04;TBAYTech;-80;29
1588;80:e0:1d:f6:a5:1d;eduroam;-92;29
1589;aa:53:22:40:4e:05;NOSMConnect;-91;29
1590;aa:53:22:40:4e:04;NOSMConnect;-81;29
1591;80:e0:1d:ac:8b:0e;LakeheadU;-88;29
1592;80:e0:1d:ac:8b:0d;eduroam;-89;29
1593;82:f2:e0:d1:f9:74;portthru;-87;29
1594;80:e0:1d:ac:8b:0c;LU-Events;-89;29
1595;80:e0:1d:ac:8b:0b;Free Tbaytel WiFi;-90;29
1596;6c:5a:b0:3d:73:c0;Quanser_UVS-5G;-87;29
1597;a6:53:22:40:4e:05;eduroam;-92;29
1598;a6:53:22:40:4e:04;eduroam;-81;29
1599;80:e0:1d:ac:8b:0f;LU-Guest;-89;29
1600;a2:53:22:40:4e:05;NOSMSecure;-92;29
1601;7e:a7:b0:c5:e9:67;DIRECT-cfLexmark Cheetah M-67e9;-80;29
1602;9c:53:22:40:4f:7b;TBAYTech;-82;30
1603;9c:53:22:40:4f:7a;TBAYTech;-61;30
1604;ac:7a:56:c8:62:0f;LakeheadU;-56;30
1605;ac:7a:56:c8:62:0e;LU-Events;-56;30
1606;a6:53:22:40:4f:7b;eduroam;-82;30
1607;ac:7a:56:c8:62:0c;LU-Guest;-56;30
1608;a6:53:22:40:4f:7a;eduroam;-59;30
1609;9c:53:22:40:4f:80;TBAYTech;-89;30
1610;ac:7a:56:c8:62:00;LakeheadU;-53;30
1611;ac:7a:56:c8:62:01;LU-Events;-53;30
1612;ac:7a:56:c8:62:03;LU-Guest;-53;30
1613;ac:7a:56:c8:62:08;Free Tbaytel WiFi;-62;30
1614;ac:7a:56:c8:62:07;eduroam;-56;30
1615;d8:b1:90:df:9f:e4;Free Tbaytel WiFi;-78;30
1616;d8:b1:90:df:9f:e3;LU-Events;-77;30
1617;d8:b1:90:df:9f:e2;eduroam;-78;30
1618;a4:6c:2a:e0:20:01;LakeheadU;-78;30
1619;a4:6c:2a:e0:20:00;LU-Guest;-78;30
1620;a4:6c:2a:e0:20:03;LU-Events;-76;30
1621;a4:6c:2a:e0:20:02;eduroam;-71;30
1622;a4:6c:2a:e0:20:04;Free Tbaytel WiFi;-77;30
1623;d8:b1:90:df:9f:e1;LakeheadU;-78;30
1624;d8:b1:90:df:9f:e0;LU-Guest;-77;30
1625;ae:53:22:40:4f:7a;NOSMConnect24;-59;30
1626;aa:53:22:40:4f:7a;NOSMConnect;-60;30
1627;aa:53:22:40:4f:7b;NOSMConnect;-82;30
1628;a4:6c:2a:d4:bf:1f;LU-Guest;-84;30
1629;a4:6c:2a:d4:bf:1b;Free Tbaytel WiFi;-84;30
1630;a4:6c:2a:d4:bf:1c;LU-Events;-84;30
1631;80:e0:1d:e6:79:d2;eduroam;-56;30
1632;80:e0:1d:e6:79:d1;LakeheadU;-55;30
1633;80:e0:1d:e6:79:d0;LU-Guest;-52;30
1634;80:e0:1d:e6:79:d4;Free Tbaytel WiFi;-51;30
1635;80:e0:1d:e6:79:d3;LU-Events;-55;30
1636;80:e0:1d:e6:79:db;Free Tbaytel WiFi;-50;30
1637;80:e0:1d:f6:a5:11;LakeheadU;-78;30
1638;80:e0:1d:f6:a5:12;eduroam;-78;30
1639;80:e0:1d:f6:a5:10;LU-Guest;-77;30
1640;80:e0:1d:e6:79:df;LU-Guest;-50;30
1641;80:e0:1d:e6:79:de;LakeheadU;-51;30
1642;80:e0:1d:e6:79:dd;eduroam;-49;30
1643;80:e0:1d:e6:79:dc;LU-Events;-51;30
1644;a2:53:22:40:4f:7b;NOSMSecure;-81;30
1645;a2:53:22:40:4f:7a;NOSMSecure;-63;30
1646;80:e0:1d:ac:8b:03;LU-Events;-75;30
1647;80:e0:1d:ac:8b:02;eduroam;-76;30
1648;80:e0:1d:ac:8b:01;LakeheadU;-76;30
1649;80:e0:1d:ac:8b:00;LU-Guest;-83;30
1650;80:e0:1d:ee:3f:6f;LakeheadU;-91;30
1651;80:e0:1d:f6:a4:d4;Free Tbaytel WiFi;-85;30
1652;80:e0:1d:ee:3f:6b;eduroam;-92;30
1653;80:e0:1d:f6:a4:d3;LU-Events;-83;30
1654;80:e0:1d:c2:b7:f0;LU-Guest;-85;30
1655;80:e0:1d:c2:b7:f2;eduroam;-86;30
1656;80:e0:1d:f6:a5:1b;Free Tbaytel WiFi;-93;30
1657;9c:53:22:40:4e:05;TBAYTech;-91;30
1658;80:e0:1d:f6:a5:1f;LU-Guest;-93;30
1659;80:e0:1d:f6:a5:1c;LU-Events;-92;30
1660;9c:53:22:40:4e:04;TBAYTech;-80;30
1661;80:e0:1d:f6:a5:1d;eduroam;-92;30
1662;aa:53:22:40:4e:05;NOSMConnect;-93;30
1663;aa:53:22:40:4e:04;NOSMConnect;-81;30
1664;80:e0:1d:ac:8b:0e;LakeheadU;-85;30
1665;80:e0:1d:ac:8b:0d;eduroam;-85;30
1666;80:e0:1d:ac:8b:0c;LU-Events;-84;30
1667;80:e0:1d:ac:8b:0b;Free Tbaytel WiFi;-85;30
1668;6c:5a:b0:3d:73:c0;Quanser_UVS-5G;-87;30
1669;a6:53:22:40:4e:05;eduroam;-92;30
1670;a6:53:22:40:4e:04;eduroam;-81;30
1671;80:e0:1d:ac:8b:0f;LU-Guest;-84;30
1672;a4:6c:2a:d4:bf:12;eduroam;-82;30
1673;a2:53:22:40:4e:05;NOSMSecure;-91;30
1674;7e:a7:b0:c5:e9:67;DIRECT-cfLexmark Cheetah M-67e9;-80;30
1675;9c:53:22:40:4f:7b;TBAYTech;-82;31
1676;9c:53:22:40:4f:7a;TBAYTech;-61;31
1677;ac:7a:56:c8:62:0f;LakeheadU;-56;31
1678;ac:7a:56:c8:62:0e;LU-Events;-56;31
1679;a6:53:22:40:4f:7b;eduroam;-82;31
1680;ac:7a:56:c8:62:0c;LU-Guest;-56;31
1681;a6:53:22:40:4f:7a;eduroam;-59;31
1682;ac:7a:56:c8:62:00;LakeheadU;-53;31
1683;ac:7a:56:c8:62:01;LU-Events;-53;31
1684;ac:7a:56:c8:62:03;LU-Guest;-53;31
1685;ac:7a:56:c8:62:08;Free Tbaytel WiFi;-62;31
1686;ac:7a:56:c8:62:07;eduroam;-56;31
1687;d8:b1:90:df:9f:e4;Free Tbaytel WiFi;-78;31
1688;d8:b1:90:df:9f:e3;LU-Events;-77;31
1689;d8:b1:90:df:9f:e2;eduroam;-78;31
1690;a4:6c:2a:e0:20:01;LakeheadU;-78;31
1691;a4:6c:2a:e0:20:00;LU-Guest;-78;31
1692;a4:6c:2a:e0:20:03;LU-Events;-76;31
1693;a4:6c:2a:e0:20:04;Free Tbaytel WiFi;-77;31
1694;d8:b1:90:df:9f:e1;LakeheadU;-78;31
1695;d8:b1:90:df:9f:e0;LU-Guest;-77;31
1696;ae:53:22:40:4f:7a;NOSMConnect24;-59;31
1697;aa:53:22:40:4f:7a;NOSMConnect;-60;31
1698;aa:53:22:40:4f:7b;NOSMConnect;-82;31
1699;a4:6c:2a:d4:bf:1f;LU-Guest;-84;31
1700;a4:6c:2a:d4:bf:1b;Free Tbaytel WiFi;-84;31
1701;a4:6c:2a:d4:bf:1c;LU-Events;-84;31
1702;80:e0:1d:e6:79:d2;eduroam;-56;31
1703;80:e0:1d:e6:79:d1;LakeheadU;-55;31
1704;80:e0:1d:e6:79:d0;LU-Guest;-52;31
1705;80:e0:1d:e6:79:d4;Free Tbaytel WiFi;-51;31
1706;80:e0:1d:e6:79:d3;LU-Events;-55;31
1707;80:e0:1d:e6:79:db;Free Tbaytel WiFi;-50;31
1708;80:e0:1d:e6:79:df;LU-Guest;-50;31
1709;80:e0:1d:e6:79:de;LakeheadU;-51;31
1710;80:e0:1d:e6:79:dd;eduroam;-49;31
1711;80:e0:1d:e6:79:dc;LU-Events;-51;31
1712;a2:53:22:40:4f:7b;NOSMSecure;-81;31
1713;a2:53:22:40:4f:7a;NOSMSecure;-63;31
1714;80:e0:1d:ac:8b:03;LU-Events;-75;31
1715;80:e0:1d:ac:8b:01;LakeheadU;-76;31
1716;80:e0:1d:ac:8b:00;LU-Guest;-83;31
1717;80:e0:1d:ee:3f:6f;LakeheadU;-91;31
1718;80:e0:1d:f6:a4:d4;Free Tbaytel WiFi;-85;31
1719;80:e0:1d:ee:3f:6b;eduroam;-92;31
1720;80:e0:1d:c2:b7:f0;LU-Guest;-85;31
1721;80:e0:1d:c2:b7:f2;eduroam;-86;31
1722;80:e0:1d:f6:a5:1b;Free Tbaytel WiFi;-93;31
1723;9c:53:22:40:4e:05;TBAYTech;-91;31
1724;80:e0:1d:f6:a5:1c;LU-Events;-92;31
1725;aa:53:22:40:4e:05;NOSMConnect;-93;31
1726;80:e0:1d:ac:8b:0e;LakeheadU;-85;31
1727;80:e0:1d:ac:8b:0d;eduroam;-85;31
1728;80:e0:1d:ac:8b:0c;LU-Events;-84;31
1729;80:e0:1d:ac:8b:0b;Free Tbaytel WiFi;-85;31
1730;a6:53:22:40:4e:05;eduroam;-92;31
1731;80:e0:1d:ac:8b:0f;LU-Guest;-84;31
1732;a4:6c:2a:d4:bf:12;eduroam;-82;31
1733;a2:53:22:40:4e:05;NOSMSecure;-91;31
1734;9c:53:22:40:4f:7b;TBAYTech;-78;32
1735;9c:53:22:40:4f:7a;TBAYTech;-47;32
1736;ac:7a:56:c8:62:0f;LakeheadU;-57;32
1737;ac:7a:56:c8:62:0e;LU-Events;-57;32
1738;a6:53:22:40:4f:7b;eduroam;-78;32
1739;ac:7a:56:c8:62:0c;LU-Guest;-57;32
1740;a6:53:22:40:4f:7a;eduroam;-46;32
1741;a4:6c:2a:d3:f4:d0;LU-Guest;-83;32
1742;a4:6c:2a:d3:f4:d4;Free Tbaytel WiFi;-82;32
1743;a4:6c:2a:d3:f4:d2;eduroam;-84;32
1744;a4:6c:2a:d3:f4:d3;LU-Events;-83;32
1745;ac:7a:56:c8:62:01;LU-Events;-52;32
1746;80:e0:1d:ee:3f:00;LU-Guest;-81;32
1747;ac:7a:56:c8:62:03;LU-Guest;-52;32
1748;80:e0:1d:ee:3f:02;eduroam;-80;32
1749;80:e0:1d:ee:3f:04;Free Tbaytel WiFi;-80;32
1750;ac:7a:56:c8:62:08;Free Tbaytel WiFi;-63;32
1751;ac:7a:56:c8:62:07;eduroam;-58;32
1752;ba:5a:b0:3d:73:b1;;-82;32
1753;d8:b1:90:df:9f:e2;eduroam;-84;32
1754;9c:53:22:40:4f:e8;TBAYTech;-85;32
1755;a4:6c:2a:e0:20:02;eduroam;-84;32
1756;00:1f:33:bd:d5:34;Lab1012;-74;32
1757;d8:b1:90:df:9f:e1;LakeheadU;-83;32
1758;ae:53:22:40:4f:7a;NOSMConnect24;-46;32
1759;aa:53:22:40:4f:7a;NOSMConnect;-46;32
1760;aa:53:22:40:4f:7b;NOSMConnect;-77;32
1761;a4:6c:2a:d4:bf:1f;LU-Guest;-84;32
1762;a4:6c:2a:d4:bf:1d;eduroam;-84;32
1763;a4:6c:2a:d4:bf:1e;LakeheadU;-83;32
1764;a4:6c:2a:d4:bf:1b;Free Tbaytel WiFi;-84;32
1765;a4:6c:2a:d4:bf:1c;LU-Events;-83;32
1766;80:e0:1d:e6:79:d2;eduroam;-50;32
1767;80:e0:1d:e6:79:d1;LakeheadU;-50;32
1768;80:e0:1d:e6:79:d0;LU-Guest;-46;32
1769;80:e0:1d:e6:79:d4;Free Tbaytel WiFi;-46;32
1770;80:e0:1d:e6:79:d3;LU-Events;-46;32
1771;80:e0:1d:e6:79:db;Free Tbaytel WiFi;-47;32
1772;80:e0:1d:f6:a5:11;LakeheadU;-84;32
1773;80:e0:1d:f6:a5:12;eduroam;-84;32
1774;80:e0:1d:e6:79:df;LU-Guest;-47;32
1775;80:e0:1d:e6:79:de;LakeheadU;-47;32
1776;80:e0:1d:e6:79:dd;eduroam;-47;32
1777;80:e0:1d:f6:a5:13;LU-Events;-83;32
1778;80:e0:1d:e6:79:dc;LU-Events;-46;32
1779;a2:53:22:40:4f:7b;NOSMSecure;-77;32
1780;a2:53:22:40:4f:7a;NOSMSecure;-50;32
1781;80:e0:1d:ac:8b:02;eduroam;-68;32
1782;80:e0:1d:ac:8b:00;LU-Guest;-80;32
1783;80:e0:1d:ee:3f:6f;LakeheadU;-91;32
1784;80:e0:1d:ee:3f:6b;eduroam;-92;32
1785;80:e0:1d:c2:b7:f2;eduroam;-83;32
1786;80:e0:1d:f6:a5:1b;Free Tbaytel WiFi;-93;32
1787;80:e0:1d:f6:a5:1c;LU-Events;-92;32
1788;6c:5a:b0:3d:73:bf;Quanser_UVS-5G;-83;32
1789;aa:53:22:40:4e:05;NOSMConnect;-93;32
1790;80:e0:1d:ac:8b:0e;LakeheadU;-86;32
1791;80:e0:1d:ac:8b:0d;eduroam;-86;32
1792;80:e0:1d:ac:8b:0c;LU-Events;-86;32
1793;80:e0:1d:ac:8b:0b;Free Tbaytel WiFi;-85;32
1794;6c:5a:b0:3d:73:c0;Quanser_UVS-5G;-77;32
1795;6c:5a:b0:3d:73:c1;Quanser_UVS;-61;32
1796;a6:53:22:40:4e:05;eduroam;-93;32
1797;80:e0:1d:ac:8b:0f;LU-Guest;-85;32
1798;a4:6c:2a:d4:bf:13;LU-Events;-76;32
1799;a4:6c:2a:d4:bf:11;LakeheadU;-75;32
1800;a2:53:22:40:4e:05;NOSMSecure;-93;32
1801;9c:53:22:40:4f:7b;TBAYTech;-78;33
1802;9c:53:22:40:4f:7a;TBAYTech;-47;33
1803;ac:7a:56:c8:62:0f;LakeheadU;-57;33
1804;ac:7a:56:c8:62:0e;LU-Events;-57;33
1805;a6:53:22:40:4f:7b;eduroam;-78;33
1806;ac:7a:56:c8:62:0c;LU-Guest;-57;33
1807;a6:53:22:40:4f:7a;eduroam;-46;33
1808;a4:6c:2a:d3:f4:d0;LU-Guest;-83;33
1809;a4:6c:2a:d3:f4:d4;Free Tbaytel WiFi;-82;33
1810;a4:6c:2a:d3:f4:d2;eduroam;-84;33
1811;a4:6c:2a:d3:f4:d3;LU-Events;-83;33
1812;ac:7a:56:c8:62:01;LU-Events;-52;33
1813;80:e0:1d:ee:3f:00;LU-Guest;-81;33
1814;ac:7a:56:c8:62:03;LU-Guest;-52;33
1815;80:e0:1d:ee:3f:02;eduroam;-80;33
1816;80:e0:1d:ee:3f:04;Free Tbaytel WiFi;-80;33
1817;ac:7a:56:c8:62:08;Free Tbaytel WiFi;-63;33
1818;ac:7a:56:c8:62:07;eduroam;-58;33
1819;ba:5a:b0:3d:73:b1;;-82;33
1820;d8:b1:90:df:9f:e2;eduroam;-84;33
1821;9c:53:22:40:4f:e8;TBAYTech;-85;33
1822;a4:6c:2a:e0:20:02;eduroam;-84;33
1823;00:1f:33:bd:d5:34;Lab1012;-74;33
1824;d8:b1:90:df:9f:e1;LakeheadU;-83;33
1825;ae:53:22:40:4f:7a;NOSMConnect24;-46;33
1826;aa:53:22:40:4f:7a;NOSMConnect;-46;33
1827;aa:53:22:40:4f:7b;NOSMConnect;-77;33
1828;a4:6c:2a:d4:bf:1f;LU-Guest;-84;33
1829;a4:6c:2a:d4:bf:1d;eduroam;-84;33
1830;a4:6c:2a:d4:bf:1e;LakeheadU;-83;33
1831;a4:6c:2a:d4:bf:1b;Free Tbaytel WiFi;-84;33
1832;a4:6c:2a:d4:bf:1c;LU-Events;-83;33
1833;80:e0:1d:e6:79:d2;eduroam;-50;33
1834;80:e0:1d:e6:79:d1;LakeheadU;-50;33
1835;80:e0:1d:e6:79:d0;LU-Guest;-46;33
1836;80:e0:1d:e6:79:d4;Free Tbaytel WiFi;-46;33
1837;80:e0:1d:e6:79:d3;LU-Events;-46;33
1838;80:e0:1d:e6:79:db;Free Tbaytel WiFi;-47;33
1839;80:e0:1d:f6:a5:11;LakeheadU;-84;33
1840;80:e0:1d:f6:a5:12;eduroam;-84;33
1841;80:e0:1d:e6:79:df;LU-Guest;-47;33
1842;80:e0:1d:e6:79:de;LakeheadU;-47;33
1843;80:e0:1d:e6:79:dd;eduroam;-47;33
1844;80:e0:1d:f6:a5:13;LU-Events;-83;33
1845;80:e0:1d:e6:79:dc;LU-Events;-46;33
1846;a2:53:22:40:4f:7b;NOSMSecure;-77;33
1847;a2:53:22:40:4f:7a;NOSMSecure;-50;33
1848;80:e0:1d:ac:8b:02;eduroam;-68;33
1849;80:e0:1d:ac:8b:00;LU-Guest;-80;33
1850;80:e0:1d:c2:b7:f2;eduroam;-83;33
1851;6c:5a:b0:3d:73:bf;Quanser_UVS-5G;-83;33
1852;aa:53:22:40:4e:05;NOSMConnect;-93;33
1853;80:e0:1d:ac:8b:0e;LakeheadU;-86;33
1854;80:e0:1d:ac:8b:0d;eduroam;-86;33
1855;80:e0:1d:ac:8b:0c;LU-Events;-86;33
1856;80:e0:1d:ac:8b:0b;Free Tbaytel WiFi;-85;33
1857;6c:5a:b0:3d:73:c0;Quanser_UVS-5G;-77;33
1858;6c:5a:b0:3d:73:c1;Quanser_UVS;-61;33
1859;a6:53:22:40:4e:05;eduroam;-93;33
1860;80:e0:1d:ac:8b:0f;LU-Guest;-85;33
1861;a4:6c:2a:d4:bf:13;LU-Events;-76;33
1862;a4:6c:2a:d4:bf:11;LakeheadU;-75;33
1863;a2:53:22:40:4e:05;NOSMSecure;-93;33
1864;9c:53:22:40:4f:7b;TBAYTech;-81;34
1865;9c:53:22:40:4f:7a;TBAYTech;-42;34
1866;ac:7a:56:c8:62:0f;LakeheadU;-70;34
1867;ac:7a:56:c8:62:0e;LU-Events;-70;34
1868;a6:53:22:40:4f:7b;eduroam;-81;34
1869;ac:7a:56:c8:62:0c;LU-Guest;-69;34
1870;a6:53:22:40:4f:7a;eduroam;-43;34
1871;a4:6c:2a:d3:f4:d0;LU-Guest;-82;34
1872;a4:6c:2a:d3:f4:d1;LakeheadU;-83;34
1873;a4:6c:2a:d3:f4:d4;Free Tbaytel WiFi;-82;34
1874;a4:6c:2a:d3:f4:d2;eduroam;-82;34
1875;a4:6c:2a:d3:f4:d3;LU-Events;-83;34
1876;ac:7a:56:c8:62:01;LU-Events;-64;34
1877;80:e0:1d:ee:3f:00;LU-Guest;-77;34
1878;ac:7a:56:c8:62:03;LU-Guest;-65;34
1879;80:e0:1d:ee:3f:01;LakeheadU;-82;34
1880;80:e0:1d:ee:3f:02;eduroam;-78;34
1881;80:e0:1d:ee:3f:03;LU-Events;-81;34
1882;80:e0:1d:ee:3f:04;Free Tbaytel WiFi;-79;34
1883;ac:7a:56:c8:62:08;Free Tbaytel WiFi;-68;34
1884;ac:7a:56:c8:62:07;eduroam;-70;34
1885;ba:5a:b0:3d:73:b1;;-85;34
1886;d8:b1:90:df:9f:e4;Free Tbaytel WiFi;-86;34
1887;d8:b1:90:df:9f:e2;eduroam;-85;34
1888;80:e0:1d:ee:3f:0c;LU-Events;-92;34
1889;a4:6c:2a:e0:20:03;LU-Events;-80;34
1890;00:1f:33:bd:d5:34;Lab1012;-65;34
1891;d8:b1:90:df:9f:e1;LakeheadU;-90;34
1892;ae:53:22:40:4f:7a;NOSMConnect24;-45;34
1893;aa:53:22:40:4f:7a;NOSMConnect;-43;34
1894;aa:53:22:40:4f:7b;NOSMConnect;-82;34
1895;a4:6c:2a:d4:bf:1f;LU-Guest;-84;34
1896;a4:6c:2a:d4:bf:1b;Free Tbaytel WiFi;-85;34
1897;a4:6c:2a:d4:bf:1c;LU-Events;-86;34
1898;ca:5a:b0:3d:73:c3;;-69;34
1899;80:e0:1d:e6:79:d2;eduroam;-45;34
1900;80:e0:1d:e6:79:d1;LakeheadU;-45;34
1901;80:e0:1d:e6:79:d0;LU-Guest;-38;34
1902;80:e0:1d:e6:79:d4;Free Tbaytel WiFi;-38;34
1903;80:e0:1d:e6:79:d3;LU-Events;-45;34
1904;80:e0:1d:e6:79:db;Free Tbaytel WiFi;-47;34
1905;80:e0:1d:f6:a5:11;LakeheadU;-80;34
1906;80:e0:1d:f6:a5:10;LU-Guest;-81;34
1907;80:e0:1d:e6:79:df;LU-Guest;-45;34
1908;80:e0:1d:e6:79:de;LakeheadU;-45;34
1909;80:e0:1d:e6:79:dd;eduroam;-48;34
1910;80:e0:1d:e6:79:dc;LU-Events;-45;34
1911;80:e0:1d:f6:a5:14;Free Tbaytel WiFi;-81;34
1912;a2:53:22:40:4f:7b;NOSMSecure;-81;34
1913;a2:53:22:40:4f:7a;NOSMSecure;-44;34
1914;80:e0:1d:ac:8b:04;Free Tbaytel WiFi;-66;34
1915;80:e0:1d:ac:8b:03;LU-Events;-65;34
1916;80:e0:1d:ac:8b:02;eduroam;-67;34
1917;80:e0:1d:ac:8b:01;LakeheadU;-66;34
1918;80:e0:1d:ac:8b:00;LU-Guest;-67;34
1919;80:e0:1d:c2:b7:f0;LU-Guest;-81;34
1920;80:e0:1d:c2:b7:f1;LakeheadU;-84;34
1921;80:e0:1d:c2:b7:f3;LU-Events;-81;34
1922;80:e0:1d:f6:a5:1d;eduroam;-92;34
1923;6c:5a:b0:3d:73:bf;Quanser_UVS-5G;-86;34
1924;80:e0:1d:ac:8b:0e;LakeheadU;-82;34
1925;80:e0:1d:ac:8b:0d;eduroam;-83;34
1926;80:e0:1d:ac:8b:0c;LU-Events;-82;34
1927;80:e0:1d:ac:8b:0b;Free Tbaytel WiFi;-83;34
1928;6c:5a:b0:3d:73:c0;Quanser_UVS-5G;-77;34
1929;80:e0:1d:ac:8b:0f;LU-Guest;-82;34
1930;7e:a7:b0:c5:e9:67;DIRECT-cfLexmark Cheetah M-67e9;-68;34
1931;ac:7a:56:c8:62:08;Free Tbaytel WiFi;-68;35
1932;80:e0:1d:ac:8b:0e;LakeheadU;-82;35
1933;80:e0:1d:ac:8b:0d;eduroam;-83;35
1934;80:e0:1d:ac:8b:0c;LU-Events;-82;35
1935;80:e0:1d:ac:8b:0b;Free Tbaytel WiFi;-83;35
1936;80:e0:1d:ac:8b:0f;LU-Guest;-82;35
1937;9c:53:22:40:4f:7b;TBAYTech;-81;36
1938;ac:7a:56:c8:62:0f;LakeheadU;-75;36
1939;ac:7a:56:c8:62:0e;LU-Events;-76;36
1940;a6:53:22:40:4f:7b;eduroam;-82;36
1941;ac:7a:56:c8:62:0c;LU-Guest;-76;36
1942;a4:6c:2a:d3:f4:d0;LU-Guest;-73;36
1943;a4:6c:2a:d3:f4:d1;LakeheadU;-73;36
1944;a4:6c:2a:d3:f4:d4;Free Tbaytel WiFi;-73;36
1945;a4:6c:2a:d3:f4:d2;eduroam;-72;36
1946;a4:6c:2a:d3:f4:d3;LU-Events;-73;36
1947;ac:7a:56:c8:62:01;LU-Events;-67;36
1948;ac:7a:56:c8:62:03;LU-Guest;-67;36
1949;80:e0:1d:ee:3f:01;LakeheadU;-77;36
1950;80:e0:1d:ee:3f:02;eduroam;-77;36
1951;80:e0:1d:ee:3f:03;LU-Events;-77;36
1952;ac:7a:56:c8:62:08;Free Tbaytel WiFi;-83;36
1953;ac:7a:56:c8:62:07;eduroam;-74;36
1954;ba:5a:b0:3d:73:b1;;-86;36
1955;d8:b1:90:df:9f:e4;Free Tbaytel WiFi;-81;36
1956;d8:b1:90:df:9f:e3;LU-Events;-83;36
1957;9c:53:22:40:4f:e8;TBAYTech;-83;36
1958;80:e0:1d:ee:3f:0e;LakeheadU;-90;36
1959;80:e0:1d:ee:3f:0b;Free Tbaytel WiFi;-88;36
1960;80:e0:1d:ee:3f:0c;LU-Events;-89;36
1961;80:e0:1d:ee:3f:0d;eduroam;-90;36
1962;d8:b1:90:df:9f:e1;LakeheadU;-83;36
1963;d8:b1:90:df:9f:e0;LU-Guest;-83;36
1964;aa:53:22:40:4f:7b;NOSMConnect;-81;36
1965;a4:6c:2a:d4:bf:1f;LU-Guest;-88;36
1966;a4:6c:2a:d4:bf:1d;eduroam;-88;36
1967;a4:6c:2a:d4:bf:1e;LakeheadU;-89;36
1968;a4:6c:2a:d4:bf:1b;Free Tbaytel WiFi;-89;36
1969;a4:6c:2a:d4:bf:1c;LU-Events;-89;36
1970;80:e0:1d:e6:79:d2;eduroam;-58;36
1971;80:e0:1d:e6:79:d1;LakeheadU;-55;36
1972;80:e0:1d:e6:79:d0;LU-Guest;-55;36
1973;80:e0:1d:e6:79:d4;Free Tbaytel WiFi;-55;36
1974;80:e0:1d:e6:79:d3;LU-Events;-56;36
1975;80:e0:1d:e6:79:db;Free Tbaytel WiFi;-57;36
1976;80:e0:1d:e6:79:df;LU-Guest;-57;36
1977;80:e0:1d:e6:79:de;LakeheadU;-57;36
1978;80:e0:1d:e6:79:dd;eduroam;-57;36
1979;80:e0:1d:e6:79:dc;LU-Events;-57;36
1980;a2:53:22:40:4f:7b;NOSMSecure;-81;36
1981;80:e0:1d:ac:8b:04;Free Tbaytel WiFi;-59;36
1982;80:e0:1d:ac:8b:03;LU-Events;-60;36
1983;80:e0:1d:ac:8b:02;eduroam;-60;36
1984;80:e0:1d:ac:8b:01;LakeheadU;-60;36
1985;80:e0:1d:ac:8b:00;LU-Guest;-59;36
1986;6c:5a:b0:3d:73:bf;Quanser_UVS-5G;-88;36
1987;ae:53:22:40:4f:e8;NOSMConnect24;-84;36
1988;80:e0:1d:ac:8b:0e;LakeheadU;-76;36
1989;80:e0:1d:ac:8b:0d;eduroam;-76;36
1990;80:e0:1d:ac:8b:0c;LU-Events;-76;36
1991;80:e0:1d:ac:8b:0b;Free Tbaytel WiFi;-75;36
1992;6c:5a:b0:3d:73:c0;Quanser_UVS-5G;-86;36
1993;6c:5a:b0:3d:73:c1;Quanser_UVS;-63;36
1994;80:e0:1d:ac:8b:0f;LU-Guest;-75;36
1995;9c:53:22:40:4f:7b;TBAYTech;-81;37
1996;ac:7a:56:c8:62:0f;LakeheadU;-75;37
1997;ac:7a:56:c8:62:0e;LU-Events;-76;37
1998;a6:53:22:40:4f:7b;eduroam;-82;37
1999;ac:7a:56:c8:62:0c;LU-Guest;-76;37
2000;a4:6c:2a:d3:f4:d0;LU-Guest;-73;37
2001;a4:6c:2a:d3:f4:d1;LakeheadU;-73;37
2002;a4:6c:2a:d3:f4:d4;Free Tbaytel WiFi;-73;37
2003;a4:6c:2a:d3:f4:d2;eduroam;-72;37
2004;a4:6c:2a:d3:f4:d3;LU-Events;-73;37
2005;ac:7a:56:c8:62:01;LU-Events;-67;37
2006;ac:7a:56:c8:62:03;LU-Guest;-67;37
2007;80:e0:1d:ee:3f:01;LakeheadU;-77;37
2008;80:e0:1d:ee:3f:02;eduroam;-77;37
2009;80:e0:1d:ee:3f:03;LU-Events;-77;37
2010;ac:7a:56:c8:62:08;Free Tbaytel WiFi;-83;37
2011;ac:7a:56:c8:62:07;eduroam;-74;37
2012;ba:5a:b0:3d:73:b1;;-86;37
2013;d8:b1:90:df:9f:e4;Free Tbaytel WiFi;-81;37
2014;d8:b1:90:df:9f:e3;LU-Events;-83;37
2015;9c:53:22:40:4f:e8;TBAYTech;-83;37
2016;80:e0:1d:ee:3f:0e;LakeheadU;-90;37
2017;80:e0:1d:ee:3f:0b;Free Tbaytel WiFi;-88;37
2018;80:e0:1d:ee:3f:0c;LU-Events;-89;37
2019;80:e0:1d:ee:3f:0d;eduroam;-90;37
2020;d8:b1:90:df:9f:e1;LakeheadU;-83;37
2021;d8:b1:90:df:9f:e0;LU-Guest;-83;37
2022;aa:53:22:40:4f:7b;NOSMConnect;-81;37
2023;a4:6c:2a:d4:bf:1f;LU-Guest;-88;37
2024;a4:6c:2a:d4:bf:1d;eduroam;-88;37
2025;a4:6c:2a:d4:bf:1e;LakeheadU;-89;37
2026;a4:6c:2a:d4:bf:1b;Free Tbaytel WiFi;-89;37
2027;a4:6c:2a:d4:bf:1c;LU-Events;-89;37
2028;80:e0:1d:e6:79:d2;eduroam;-58;37
2029;80:e0:1d:e6:79:d1;LakeheadU;-55;37
2030;80:e0:1d:e6:79:d0;LU-Guest;-55;37
2031;80:e0:1d:e6:79:d4;Free Tbaytel WiFi;-55;37
2032;80:e0:1d:e6:79:d3;LU-Events;-56;37
2033;80:e0:1d:e6:79:db;Free Tbaytel WiFi;-57;37
2034;80:e0:1d:e6:79:df;LU-Guest;-57;37
2035;80:e0:1d:e6:79:de;LakeheadU;-57;37
2036;80:e0:1d:e6:79:dd;eduroam;-57;37
2037;80:e0:1d:e6:79:dc;LU-Events;-57;37
2038;a2:53:22:40:4f:7b;NOSMSecure;-81;37
2039;80:e0:1d:ac:8b:04;Free Tbaytel WiFi;-59;37
2040;80:e0:1d:ac:8b:03;LU-Events;-60;37
2041;80:e0:1d:ac:8b:02;eduroam;-60;37
2042;80:e0:1d:ac:8b:01;LakeheadU;-60;37
2043;80:e0:1d:ac:8b:00;LU-Guest;-59;37
2044;6c:5a:b0:3d:73:bf;Quanser_UVS-5G;-88;37
2045;ae:53:22:40:4f:e8;NOSMConnect24;-84;37
2046;80:e0:1d:ac:8b:0e;LakeheadU;-76;37
2047;80:e0:1d:ac:8b:0d;eduroam;-76;37
2048;80:e0:1d:ac:8b:0c;LU-Events;-76;37
2049;80:e0:1d:ac:8b:0b;Free Tbaytel WiFi;-75;37
2050;6c:5a:b0:3d:73:c0;Quanser_UVS-5G;-86;37
2051;6c:5a:b0:3d:73:c1;Quanser_UVS;-63;37
2052;80:e0:1d:ac:8b:0f;LU-Guest;-75;37
2053;9c:53:22:40:4f:7b;TBAYTech;-87;38
2054;9c:53:22:40:4f:7a;TBAYTech;-67;38
2055;ac:7a:56:c8:62:0f;LakeheadU;-74;38
2056;ac:7a:56:c8:62:0e;LU-Events;-75;38
2057;a6:53:22:40:4f:7b;eduroam;-88;38
2058;ac:7a:56:c8:62:0c;LU-Guest;-74;38
2059;a6:53:22:40:4f:7a;eduroam;-69;38
2060;a4:6c:2a:d3:f4:d0;LU-Guest;-66;38
2061;a4:6c:2a:d3:f4:d1;LakeheadU;-66;38
2062;a4:6c:2a:d3:f4:d4;Free Tbaytel WiFi;-66;38
2063;a4:6c:2a:d3:f4:d2;eduroam;-66;38
2064;a4:6c:2a:d3:f4:d3;LU-Events;-65;38
2065;80:e0:1d:ee:3f:00;LU-Guest;-77;38
2066;80:e0:1d:ee:3f:01;LakeheadU;-78;38
2067;80:e0:1d:ee:3f:02;eduroam;-76;38
2068;80:e0:1d:ee:3f:03;LU-Events;-76;38
2069;ac:7a:56:c8:62:08;Free Tbaytel WiFi;-77;38
2070;ac:7a:56:c8:62:07;eduroam;-73;38
2071;ba:5a:b0:3d:73:b1;;-90;38
2072;80:e0:1d:ee:3f:0e;LakeheadU;-90;38
2073;80:e0:1d:ee:3f:0f;LU-Guest;-90;38
2074;80:e0:1d:ee:3f:0b;Free Tbaytel WiFi;-89;38
2075;80:e0:1d:ee:3f:0c;LU-Events;-91;38
2076;80:e0:1d:ee:3f:0d;eduroam;-90;38
2077;00:1f:33:bd:d5:34;Lab1012;-81;38
2078;ae:53:22:40:4f:7a;NOSMConnect24;-69;38
2079;aa:53:22:40:4f:7a;NOSMConnect;-68;38
2080;aa:53:22:40:4f:7b;NOSMConnect;-88;38
2081;a4:6c:2a:d4:bf:1f;LU-Guest;-90;38
2082;a4:6c:2a:d4:bf:1b;Free Tbaytel WiFi;-90;38
2083;a4:6c:2a:d4:bf:1c;LU-Events;-91;38
2084;80:e0:1d:e6:79:d2;eduroam;-61;38
2085;80:e0:1d:e6:79:d1;LakeheadU;-61;38
2086;80:e0:1d:e6:79:d0;LU-Guest;-61;38
2087;80:e0:1d:e6:79:d4;Free Tbaytel WiFi;-61;38
2088;80:e0:1d:e6:79:d3;LU-Events;-61;38
2089;80:e0:1d:e6:79:db;Free Tbaytel WiFi;-63;38
2090;80:e0:1d:e6:79:df;LU-Guest;-63;38
2091;80:e0:1d:e6:79:de;LakeheadU;-64;38
2092;80:e0:1d:e6:79:dd;eduroam;-65;38
2093;80:e0:1d:e6:79:dc;LU-Events;-89;38
2094;a2:53:22:40:4f:7b;NOSMSecure;-87;38
2095;a2:53:22:40:4f:7a;NOSMSecure;-68;38
2096;80:e0:1d:ac:8b:04;Free Tbaytel WiFi;-58;38
2097;80:e0:1d:ac:8b:03;LU-Events;-58;38
2098;80:e0:1d:ac:8b:02;eduroam;-54;38
2099;80:e0:1d:ac:8b:01;LakeheadU;-54;38
2100;80:e0:1d:ac:8b:00;LU-Guest;-55;38
2101;80:e0:1d:c2:b7:f4;Free Tbaytel WiFi;-86;38
2102;6c:5a:b0:3d:73:bf;Quanser_UVS-5G;-90;38
2103;ae:53:22:40:4f:e8;NOSMConnect24;-86;38
2104;80:e0:1d:ac:8b:0e;LakeheadU;-68;38
2105;80:e0:1d:ac:8b:0d;eduroam;-68;38
2106;80:e0:1d:ac:8b:0c;LU-Events;-69;38
2107;80:e0:1d:ac:8b:0b;Free Tbaytel WiFi;-68;38
2108;6c:5a:b0:3d:73:c0;Quanser_UVS-5G;-87;38
2109;6c:5a:b0:3d:73:c1;Quanser_UVS;-72;38
2110;80:e0:1d:ac:8b:0f;LU-Guest;-68;38
2111;7e:a7:b0:c5:e9:67;DIRECT-cfLexmark Cheetah M-67e9;-80;38
2112;9c:53:22:40:4f:7b;TBAYTech;-87;39
2113;9c:53:22:40:4f:7a;TBAYTech;-67;39
2114;ac:7a:56:c8:62:0f;LakeheadU;-74;39
2115;ac:7a:56:c8:62:0e;LU-Events;-75;39
2116;a6:53:22:40:4f:7b;eduroam;-88;39
2117;ac:7a:56:c8:62:0c;LU-Guest;-74;39
2118;a6:53:22:40:4f:7a;eduroam;-69;39
2119;a4:6c:2a:d3:f4:d0;LU-Guest;-66;39
2120;a4:6c:2a:d3:f4:d1;LakeheadU;-66;39
2121;a4:6c:2a:d3:f4:d4;Free Tbaytel WiFi;-66;39
2122;a4:6c:2a:d3:f4:d2;eduroam;-66;39
2123;a4:6c:2a:d3:f4:d3;LU-Events;-65;39
2124;80:e0:1d:ee:3f:00;LU-Guest;-77;39
2125;80:e0:1d:ee:3f:01;LakeheadU;-78;39
2126;80:e0:1d:ee:3f:02;eduroam;-76;39
2127;80:e0:1d:ee:3f:03;LU-Events;-76;39
2128;ac:7a:56:c8:62:08;Free Tbaytel WiFi;-77;39
2129;ac:7a:56:c8:62:07;eduroam;-73;39
2130;ba:5a:b0:3d:73:b1;;-90;39
2131;80:e0:1d:ee:3f:0e;LakeheadU;-90;39
2132;80:e0:1d:ee:3f:0f;LU-Guest;-90;39
2133;80:e0:1d:ee:3f:0b;Free Tbaytel WiFi;-89;39
2134;80:e0:1d:ee:3f:0c;LU-Events;-91;39
2135;80:e0:1d:ee:3f:0d;eduroam;-90;39
2136;00:1f:33:bd:d5:34;Lab1012;-81;39
2137;ae:53:22:40:4f:7a;NOSMConnect24;-69;39
2138;aa:53:22:40:4f:7a;NOSMConnect;-68;39
2139;aa:53:22:40:4f:7b;NOSMConnect;-88;39
2140;a4:6c:2a:d4:bf:1f;LU-Guest;-90;39
2141;a4:6c:2a:d4:bf:1b;Free Tbaytel WiFi;-90;39
2142;a4:6c:2a:d4:bf:1c;LU-Events;-91;39
2143;80:e0:1d:e6:79:d2;eduroam;-61;39
2144;80:e0:1d:e6:79:d1;LakeheadU;-61;39
2145;80:e0:1d:e6:79:d0;LU-Guest;-61;39
2146;80:e0:1d:e6:79:d4;Free Tbaytel WiFi;-61;39
2147;80:e0:1d:e6:79:d3;LU-Events;-61;39
2148;80:e0:1d:e6:79:db;Free Tbaytel WiFi;-63;39
2149;80:e0:1d:e6:79:df;LU-Guest;-63;39
2150;80:e0:1d:e6:79:de;LakeheadU;-64;39
2151;80:e0:1d:e6:79:dd;eduroam;-65;39
2152;80:e0:1d:e6:79:dc;LU-Events;-89;39
2153;a2:53:22:40:4f:7b;NOSMSecure;-87;39
2154;a2:53:22:40:4f:7a;NOSMSecure;-68;39
2155;80:e0:1d:ac:8b:04;Free Tbaytel WiFi;-58;39
2156;80:e0:1d:ac:8b:03;LU-Events;-58;39
2157;80:e0:1d:ac:8b:02;eduroam;-54;39
2158;80:e0:1d:ac:8b:01;LakeheadU;-54;39
2159;80:e0:1d:ac:8b:00;LU-Guest;-55;39
2160;80:e0:1d:c2:b7:f4;Free Tbaytel WiFi;-86;39
2161;6c:5a:b0:3d:73:bf;Quanser_UVS-5G;-90;39
2162;ae:53:22:40:4f:e8;NOSMConnect24;-86;39
2163;80:e0:1d:ac:8b:0e;LakeheadU;-68;39
2164;80:e0:1d:ac:8b:0d;eduroam;-68;39
2165;80:e0:1d:ac:8b:0c;LU-Events;-69;39
2166;80:e0:1d:ac:8b:0b;Free Tbaytel WiFi;-68;39
2167;6c:5a:b0:3d:73:c0;Quanser_UVS-5G;-87;39
2168;6c:5a:b0:3d:73:c1;Quanser_UVS;-72;39
2169;80:e0:1d:ac:8b:0f;LU-Guest;-68;39
2170;7e:a7:b0:c5:e9:67;DIRECT-cfLexmark Cheetah M-67e9;-80;39
2171;9c:53:22:40:4f:7b;TBAYTech;-89;40
2172;9c:53:22:40:4f:7a;TBAYTech;-66;40
2173;ac:7a:56:c8:62:0f;LakeheadU;-76;40
2174;ac:7a:56:c8:62:0a;;-79;40
2175;ac:7a:56:c8:62:0d;;-79;40
2176;ac:7a:56:c8:62:0e;LU-Events;-76;40
2177;a6:53:22:40:4f:7b;eduroam;-88;40
2178;ac:7a:56:c8:62:0b;;-78;40
2179;ac:7a:56:c8:62:0c;LU-Guest;-76;40
2180;a6:53:22:40:4f:7a;eduroam;-69;40
2181;a4:6c:2a:d3:f4:d0;LU-Guest;-78;40
2182;a4:6c:2a:d3:f4:d1;LakeheadU;-78;40
2183;a4:6c:2a:d3:f4:d4;Free Tbaytel WiFi;-78;40
2184;a4:6c:2a:d3:f4:d2;eduroam;-79;40
2185;a4:6c:2a:d3:f4:d3;LU-Events;-78;40
2186;ac:7a:56:c8:62:01;LU-Events;-77;40
2187;ac:7a:56:c8:62:03;LU-Guest;-70;40
2188;80:e0:1d:ee:3f:01;LakeheadU;-78;40
2189;80:e0:1d:ee:3f:02;eduroam;-78;40
2190;80:e0:1d:ee:3f:03;LU-Events;-77;40
2191;80:e0:1d:ee:3f:04;Free Tbaytel WiFi;-80;40
2192;ac:7a:56:c8:62:08;Free Tbaytel WiFi;-78;40
2193;ac:7a:56:c8:62:07;eduroam;-78;40
2194;d8:b1:90:df:9f:e4;Free Tbaytel WiFi;-89;40
2195;d8:b1:90:df:9f:e1;LakeheadU;-87;40
2196;ae:53:22:40:4f:7a;NOSMConnect24;-63;40
2197;aa:53:22:40:4f:7a;NOSMConnect;-68;40
2198;aa:53:22:40:4f:7b;NOSMConnect;-88;40
2199;a4:6c:2a:d4:bf:1f;LU-Guest;-81;40
2200;a4:6c:2a:d4:bf:1d;eduroam;-81;40
2201;a4:6c:2a:d4:bf:1e;LakeheadU;-80;40
2202;a4:6c:2a:d4:bf:1b;Free Tbaytel WiFi;-81;40
2203;a4:6c:2a:d4:bf:1c;LU-Events;-80;40
2204;ca:5a:b0:3d:73:c3;;-77;40
2205;80:e0:1d:e6:79:d2;eduroam;-62;40
2206;80:e0:1d:e6:79:d1;LakeheadU;-62;40
2207;80:e0:1d:e6:79:d0;LU-Guest;-62;40
2208;80:e0:1d:e6:79:d4;Free Tbaytel WiFi;-62;40
2209;80:e0:1d:e6:79:d3;LU-Events;-62;40
2210;80:e0:1d:e6:79:db;Free Tbaytel WiFi;-66;40
2211;80:e0:1d:e6:79:df;LU-Guest;-71;40
2212;80:e0:1d:e6:79:de;LakeheadU;-74;40
2213;80:e0:1d:e6:79:dd;eduroam;-73;40
2214;80:e0:1d:e6:79:dc;LU-Events;-72;40
2215;a2:53:22:40:4f:7b;NOSMSecure;-89;40
2216;a2:53:22:40:4f:7a;NOSMSecure;-66;40
2217;80:e0:1d:ac:8b:04;Free Tbaytel WiFi;-57;40
2218;80:e0:1d:ac:8b:03;LU-Events;-58;40
2219;80:e0:1d:ac:8b:02;eduroam;-57;40
2220;80:e0:1d:ac:8b:01;LakeheadU;-57;40
2221;80:e0:1d:ac:8b:00;LU-Guest;-60;40
2222;80:e0:1d:f6:a4:d3;LU-Events;-88;40
2223;80:e0:1d:ac:8b:0e;LakeheadU;-72;40
2224;80:e0:1d:ac:8b:0d;eduroam;-73;40
2225;80:e0:1d:ac:8b:0c;LU-Events;-73;40
2226;80:e0:1d:ac:8b:0b;Free Tbaytel WiFi;-74;40
2227;6c:5a:b0:3d:73:c0;Quanser_UVS-5G;-89;40
2228;6c:5a:b0:3d:73:c1;Quanser_UVS;-77;40
2229;80:e0:1d:ac:8b:0f;LU-Guest;-72;40
2230;a4:6c:2a:d4:bf:14;Free Tbaytel WiFi;-82;40
2231;a4:6c:2a:d4:bf:12;eduroam;-83;40
2232;a4:6c:2a:d4:bf:13;LU-Events;-83;40
2233;a4:6c:2a:d4:bf:11;LakeheadU;-82;40
2234;80:e0:1d:ac:8b:02;eduroam;-57;41
2235;80:e0:1d:ac:8b:04;Free Tbaytel WiFi;-57;41
2236;80:e0:1d:ac:8b:01;LakeheadU;-57;41
2237;80:e0:1d:ac:8b:03;LU-Events;-58;41
2238;80:e0:1d:ac:8b:00;LU-Guest;-60;41
2239;80:e0:1d:e6:79:d0;LU-Guest;-62;41
2240;80:e0:1d:e6:79:d4;Free Tbaytel WiFi;-62;41
2241;80:e0:1d:e6:79:d2;eduroam;-62;41
2242;80:e0:1d:e6:79:d1;LakeheadU;-62;41
2243;80:e0:1d:e6:79:d3;LU-Events;-62;41
2244;ae:53:22:40:4f:7a;NOSMConnect24;-63;41
2245;80:e0:1d:e6:79:db;Free Tbaytel WiFi;-66;41
2246;a2:53:22:40:4f:7a;NOSMSecure;-66;41
2247;9c:53:22:40:4f:7a;TBAYTech;-66;41
2248;aa:53:22:40:4f:7a;NOSMConnect;-68;41
2249;a6:53:22:40:4f:7a;eduroam;-69;41
2250;ac:7a:56:c8:62:07;Free Tbaytel WiFi;-70;41
2251;ac:7a:56:c8:62:03;LU-Guest;-70;41
2252;80:e0:1d:e6:79:df;LU-Guest;-71;41
2253;80:e0:1d:ac:8b:0f;LU-Guest;-72;41
2254;80:e0:1d:e6:79:dc;LU-Events;-72;41
2255;80:e0:1d:ac:8b:0e;LakeheadU;-72;41
2256;80:e0:1d:e6:79:dd;eduroam;-73;41
2257;80:e0:1d:ac:8b:0d;eduroam;-73;41
2258;80:e0:1d:ac:8b:0c;LU-Events;-73;41
2259;80:e0:1d:ac:8b:0b;Free Tbaytel WiFi;-74;41
2260;80:e0:1d:e6:79:de;LakeheadU;-74;41
2261;ac:7a:56:c8:62:0c;LU-Guest;-76;41
2262;ac:7a:56:c8:62:0f;LakeheadU;-76;41
2263;ac:7a:56:c8:62:0e;LU-Events;-76;41
2264;ac:7a:56:c8:62:01;LU-Events;-77;41
2265;80:e0:1d:ee:3f:03;LU-Events;-77;41
2266;6c:5a:b0:3d:73:c1;Quanser_UVS;-77;41
2267;ca:5a:b0:3d:73:c3;;-77;41
2268;ac:7a:56:c8:62:08;Free Tbaytel WiFi;-78;41
2269;80:e0:1d:ee:3f:02;eduroam;-78;41
2270;a4:6c:2a:d3:f4:d4;Free Tbaytel WiFi;-78;41
2271;ac:7a:56:c8:62:0b;;-78;41
2272;80:e0:1d:ee:3f:01;LakeheadU;-78;41
2273;a4:6c:2a:d3:f4:d0;LU-Guest;-78;41
2274;a4:6c:2a:d3:f4:d1;LakeheadU;-78;41
2275;a4:6c:2a:d3:f4:d3;LU-Events;-78;41
2276;ac:7a:56:c8:62:07;eduroam;-78;41
2277;a4:6c:2a:d3:f4:d2;eduroam;-79;41
2278;ac:7a:56:c8:62:0d;;-79;41
2279;ac:7a:56:c8:62:0a;;-79;41
2280;80:e0:1d:ee:3f:04;Free Tbaytel WiFi;-80;41
2281;a4:6c:2a:d4:bf:1e;LakeheadU;-80;41
2282;a4:6c:2a:d4:bf:1c;LU-Events;-80;41
2283;a4:6c:2a:d4:bf:1b;Free Tbaytel WiFi;-81;41
2284;a4:6c:2a:d4:bf:1f;LU-Guest;-81;41
2285;a4:6c:2a:d4:bf:1d;eduroam;-81;41
2286;a4:6c:2a:d4:bf:14;Free Tbaytel WiFi;-82;41
2287;a4:6c:2a:d4:bf:11;LakeheadU;-82;41
2288;a4:6c:2a:d4:bf:13;LU-Events;-83;41
2289;a4:6c:2a:d4:bf:12;eduroam;-83;41
2290;d8:b1:90:df:9f:e1;LakeheadU;-87;41
2291;80:e0:1d:f6:a4:d3;LU-Events;-88;41
2292;aa:53:22:40:4f:7b;NOSMConnect;-88;41
2293;a6:53:22:40:4f:7b;eduroam;-88;41
2294;d8:b1:90:df:9f:e4;Free Tbaytel WiFi;-89;41
2295;6c:5a:b0:3d:73:c0;Quanser_UVS-5G;-89;41
2296;9c:53:22:40:4f:7b;TBAYTech;-89;41
2297;a2:53:22:40:4f:7b;NOSMSecure;-89;41
2298;ac:7a:56:c8:62:0f;LakeheadU;-83;42
2299;ac:7a:56:c8:62:0a;;-84;42
2300;ac:7a:56:c8:62:0d;;-84;42
2301;ac:7a:56:c8:62:0e;LU-Events;-82;42
2302;ac:7a:56:c8:62:0b;;-84;42
2303;ac:7a:56:c8:62:0c;LU-Guest;-84;42
2304;ac:7a:56:c8:62:00;LakeheadU;-74;42
2305;ac:7a:56:c8:62:01;LU-Events;-75;42
2306;ac:7a:56:c8:62:03;LU-Guest;-74;42
2307;ac:7a:56:c8:62:08;Free Tbaytel WiFi;-85;42
2308;ac:7a:56:c8:62:07;eduroam;-85;42
2309;aa:53:22:40:4f:e8;NOSMConnect;-82;42
2310;a6:53:22:40:4f:e8;eduroam;-82;42
2311;9c:53:22:40:4f:e8;TBAYTech;-83;42
2312;ae:53:22:40:4f:7a;NOSMConnect24;-65;42
2313;aa:53:22:40:4f:7b;NOSMConnect;-89;42
2314;80:e0:1d:f6:a5:1b;Free Tbaytel WiFi;-84;42
2315;80:e0:1d:f6:a5:1e;LakeheadU;-84;42
2316;80:e0:1d:f6:a5:1f;LU-Guest;-84;42
2317;80:e0:1d:f6:a5:1c;LU-Events;-85;42
2318;80:e0:1d:f6:a5:1d;eduroam;-84;42
2319;a4:6c:2a:d3:f4:df;LU-Guest;-79;42
2320;a4:6c:2a:d3:f4:dd;eduroam;-79;42
2321;a4:6c:2a:d3:f4:de;LakeheadU;-80;42
2322;a4:6c:2a:d3:f4:db;Free Tbaytel WiFi;-79;42
2323;a4:6c:2a:d3:f4:dc;LU-Events;-80;42
2324;7e:a7:b0:c5:e9:67;DIRECT-cfLexmark Cheetah M-67e9;-76;42
2325;9c:53:22:40:4f:7b;TBAYTech;-88;42
2326;9c:53:22:40:4f:7a;TBAYTech;-64;42
2327;a6:53:22:40:4f:7b;eduroam;-89;42
2328;a6:53:22:40:4f:7a;eduroam;-64;42
2329;a4:6c:2a:d3:f4:d0;LU-Guest;-66;42
2330;a4:6c:2a:d3:f4:d1;LakeheadU;-64;42
2331;a4:6c:2a:d3:f4:d4;Free Tbaytel WiFi;-63;42
2332;a4:6c:2a:d3:f4:d2;eduroam;-64;42
2333;a4:6c:2a:d3:f4:d3;LU-Events;-64;42
2334;80:e0:1d:ee:3f:00;LU-Guest;-71;42
2335;80:e0:1d:ee:3f:02;eduroam;-71;42
2336;80:e0:1d:ee:3f:04;Free Tbaytel WiFi;-70;42
2337;ba:5a:b0:3d:73:b1;;-88;42
2338;80:e0:1d:ee:3f:0e;LakeheadU;-82;42
2339;80:e0:1d:ee:3f:0f;LU-Guest;-81;42
2340;80:e0:1d:ee:3f:0c;LU-Events;-81;42
2341;80:e0:1d:ee:3f:0d;eduroam;-82;42
2342;80:e0:1d:e6:79:d2;eduroam;-65;42
2343;80:e0:1d:e6:79:d1;LakeheadU;-65;42
2344;80:e0:1d:e6:79:d0;LU-Guest;-65;42
2345;80:e0:1d:e6:79:d4;Free Tbaytel WiFi;-66;42
2346;80:e0:1d:e6:79:d3;LU-Events;-64;42
2347;80:e0:1d:e6:79:db;Free Tbaytel WiFi;-73;42
2348;80:e0:1d:e6:79:df;LU-Guest;-80;42
2349;80:e0:1d:e6:79:de;LakeheadU;-80;42
2350;80:e0:1d:e6:79:dd;eduroam;-81;42
2351;80:e0:1d:e6:79:dc;LU-Events;-81;42
2352;a2:53:22:40:4f:7b;NOSMSecure;-89;42
2353;80:e0:1d:ac:8b:04;Free Tbaytel WiFi;-45;42
2354;80:e0:1d:ac:8b:03;LU-Events;-43;42
2355;80:e0:1d:ac:8b:02;eduroam;-42;42
2356;80:e0:1d:ac:8b:01;LakeheadU;-45;42
2357;80:e0:1d:ac:8b:00;LU-Guest;-42;42
2358;6c:5a:b0:3d:73:bf;Quanser_UVS-5G;-90;42
2359;ae:53:22:40:4f:e8;NOSMConnect24;-81;42
2360;80:e0:1d:ac:8b:0e;LakeheadU;-58;42
2361;80:e0:1d:ac:8b:0d;eduroam;-57;42
2362;80:e0:1d:ac:8b:0c;LU-Events;-58;42
2363;80:e0:1d:ac:8b:0b;Free Tbaytel WiFi;-58;42
2364;6c:5a:b0:3d:73:c0;Quanser_UVS-5G;-77;42
2365;80:e0:1d:ac:8b:0f;LU-Guest;-57;42
2366;ac:7a:56:c8:62:0f;LakeheadU;-83;43
2367;ac:7a:56:c8:62:0a;;-84;43
2368;ac:7a:56:c8:62:0d;;-84;43
2369;ac:7a:56:c8:62:0e;LU-Events;-82;43
2370;ac:7a:56:c8:62:0b;;-84;43
2371;ac:7a:56:c8:62:0c;LU-Guest;-84;43
2372;ac:7a:56:c8:62:00;LakeheadU;-74;43
2373;ac:7a:56:c8:62:01;LU-Events;-75;43
2374;ac:7a:56:c8:62:03;LU-Guest;-74;43
2375;ac:7a:56:c8:62:08;Free Tbaytel WiFi;-85;43
2376;ac:7a:56:c8:62:07;eduroam;-85;43
2377;aa:53:22:40:4f:e8;NOSMConnect;-82;43
2378;a6:53:22:40:4f:e8;eduroam;-82;43
2379;9c:53:22:40:4f:e8;TBAYTech;-83;43
2380;ae:53:22:40:4f:7a;NOSMConnect24;-65;43
2381;aa:53:22:40:4f:7b;NOSMConnect;-89;43
2382;80:e0:1d:f6:a5:1b;Free Tbaytel WiFi;-84;43
2383;80:e0:1d:f6:a5:1e;LakeheadU;-84;43
2384;80:e0:1d:f6:a5:1f;LU-Guest;-84;43
2385;80:e0:1d:f6:a5:1c;LU-Events;-85;43
2386;80:e0:1d:f6:a5:1d;eduroam;-84;43
2387;a4:6c:2a:d3:f4:df;LU-Guest;-79;43
2388;a4:6c:2a:d3:f4:dd;eduroam;-79;43
2389;a4:6c:2a:d3:f4:de;LakeheadU;-80;43
2390;a4:6c:2a:d3:f4:db;Free Tbaytel WiFi;-79;43
2391;a4:6c:2a:d3:f4:dc;LU-Events;-80;43
2392;7e:a7:b0:c5:e9:67;DIRECT-cfLexmark Cheetah M-67e9;-76;43
2393;9c:53:22:40:4f:7b;TBAYTech;-88;43
2394;9c:53:22:40:4f:7a;TBAYTech;-64;43
2395;a6:53:22:40:4f:7b;eduroam;-89;43
2396;a6:53:22:40:4f:7a;eduroam;-64;43
2397;a4:6c:2a:d3:f4:d0;LU-Guest;-66;43
2398;a4:6c:2a:d3:f4:d1;LakeheadU;-64;43
2399;a4:6c:2a:d3:f4:d4;Free Tbaytel WiFi;-63;43
2400;a4:6c:2a:d3:f4:d2;eduroam;-64;43
2401;a4:6c:2a:d3:f4:d3;LU-Events;-64;43
2402;80:e0:1d:ee:3f:00;LU-Guest;-71;43
2403;80:e0:1d:ee:3f:02;eduroam;-71;43
2404;80:e0:1d:ee:3f:04;Free Tbaytel WiFi;-70;43
2405;ba:5a:b0:3d:73:b1;;-88;43
2406;80:e0:1d:ee:3f:0e;LakeheadU;-82;43
2407;80:e0:1d:ee:3f:0f;LU-Guest;-81;43
2408;80:e0:1d:ee:3f:0c;LU-Events;-81;43
2409;80:e0:1d:ee:3f:0d;eduroam;-82;43
2410;80:e0:1d:e6:79:d2;eduroam;-65;43
2411;80:e0:1d:e6:79:d1;LakeheadU;-65;43
2412;80:e0:1d:e6:79:d0;LU-Guest;-65;43
2413;80:e0:1d:e6:79:d4;Free Tbaytel WiFi;-66;43
2414;80:e0:1d:e6:79:d3;LU-Events;-64;43
2415;80:e0:1d:e6:79:db;Free Tbaytel WiFi;-73;43
2416;80:e0:1d:e6:79:df;LU-Guest;-80;43
2417;80:e0:1d:e6:79:de;LakeheadU;-80;43
2418;80:e0:1d:e6:79:dd;eduroam;-81;43
2419;80:e0:1d:e6:79:dc;LU-Events;-81;43
2420;a2:53:22:40:4f:7b;NOSMSecure;-89;43
2421;80:e0:1d:ac:8b:04;Free Tbaytel WiFi;-45;43
2422;80:e0:1d:ac:8b:03;LU-Events;-43;43
2423;80:e0:1d:ac:8b:02;eduroam;-42;43
2424;80:e0:1d:ac:8b:01;LakeheadU;-45;43
2425;80:e0:1d:ac:8b:00;LU-Guest;-42;43
2426;6c:5a:b0:3d:73:bf;Quanser_UVS-5G;-90;43
2427;ae:53:22:40:4f:e8;NOSMConnect24;-81;43
2428;80:e0:1d:ac:8b:0e;LakeheadU;-58;43
2429;80:e0:1d:ac:8b:0d;eduroam;-57;43
2430;80:e0:1d:ac:8b:0c;LU-Events;-58;43
2431;80:e0:1d:ac:8b:0b;Free Tbaytel WiFi;-58;43
2432;6c:5a:b0:3d:73:c0;Quanser_UVS-5G;-77;43
2433;80:e0:1d:ac:8b:0f;LU-Guest;-57;43
2434;80:e0:1d:ac:8b:02;eduroam;-42;44
2435;80:e0:1d:ac:8b:00;LU-Guest;-42;44
2436;80:e0:1d:ac:8b:03;LU-Events;-43;44
2437;80:e0:1d:ac:8b:04;Free Tbaytel WiFi;-45;44
2438;80:e0:1d:ac:8b:01;LakeheadU;-45;44
2439;80:e0:1d:ac:8b:0f;LU-Guest;-57;44
2440;80:e0:1d:ac:8b:0d;eduroam;-57;44
2441;80:e0:1d:ac:8b:0b;Free Tbaytel WiFi;-58;44
2442;80:e0:1d:ac:8b:0e;LakeheadU;-58;44
2443;80:e0:1d:ac:8b:0c;LU-Events;-58;44
2444;a4:6c:2a:d3:f4:d4;Free Tbaytel WiFi;-63;44
2445;a4:6c:2a:d3:f4:d2;eduroam;-64;44
2446;9c:53:22:40:4f:7a;TBAYTech;-64;44
2447;a6:53:22:40:4f:7a;eduroam;-64;44
2448;a4:6c:2a:d3:f4:d1;LakeheadU;-64;44
2449;a4:6c:2a:d3:f4:d3;LU-Events;-64;44
2450;80:e0:1d:e6:79:d3;LU-Events;-64;44
2451;80:e0:1d:e6:79:d0;LU-Guest;-65;44
2452;ae:53:22:40:4f:7a;NOSMConnect24;-65;44
2453;80:e0:1d:e6:79:d2;eduroam;-65;44
2454;80:e0:1d:e6:79:d1;LakeheadU;-65;44
2455;80:e0:1d:e6:79:d4;Free Tbaytel WiFi;-66;44
2456;a4:6c:2a:d3:f4:d0;LU-Guest;-66;44
2457;80:e0:1d:ee:3f:04;Free Tbaytel WiFi;-70;44
2458;80:e0:1d:ee:3f:02;eduroam;-71;44
2459;80:e0:1d:ee:3f:00;LU-Guest;-71;44
2460;80:e0:1d:e6:79:db;Free Tbaytel WiFi;-73;44
2461;ac:7a:56:c8:62:03;LU-Guest;-74;44
2462;ac:7a:56:c8:62:00;LakeheadU;-74;44
2463;ac:7a:56:c8:62:01;LU-Events;-75;44
2464;7e:a7:b0:c5:e9:67;DIRECT-cfLexmark Cheetah M-67e9;-76;44
2465;6c:5a:b0:3d:73:c0;Quanser_UVS-5G;-77;44
2466;a4:6c:2a:d3:f4:df;LU-Guest;-79;44
2467;a4:6c:2a:d3:f4:db;Free Tbaytel WiFi;-79;44
2468;a4:6c:2a:d3:f4:dd;eduroam;-79;44
2469;80:e0:1d:e6:79:df;LU-Guest;-80;44
2470;80:e0:1d:e6:79:de;LakeheadU;-80;44
2471;a4:6c:2a:d3:f4:de;LakeheadU;-80;44
2472;a4:6c:2a:d3:f4:dc;LU-Events;-80;44
2473;80:e0:1d:e6:79:dd;eduroam;-81;44
2474;80:e0:1d:e6:79:dc;LU-Events;-81;44
2475;ae:53:22:40:4f:e8;NOSMConnect24;-81;44
2476;80:e0:1d:ee:3f:0f;LU-Guest;-81;44
2477;80:e0:1d:ee:3f:0c;LU-Events;-81;44
2478;ac:7a:56:c8:62:0e;LU-Events;-82;44
2479;a6:53:22:40:4f:e8;eduroam;-82;44
2480;aa:53:22:40:4f:e8;NOSMConnect;-82;44
2481;80:e0:1d:ee:3f:0d;eduroam;-82;44
2482;80:e0:1d:ee:3f:0e;LakeheadU;-82;44
2483;ac:7a:56:c8:62:0f;LakeheadU;-83;44
2484;9c:53:22:40:4f:e8;TBAYTech;-83;44
2485;ac:7a:56:c8:62:0c;LU-Guest;-84;44
2486;ac:7a:56:c8:62:0d;;-84;44
2487;ac:7a:56:c8:62:0b;;-84;44
2488;ac:7a:56:c8:62:0a;;-84;44
2489;80:e0:1d:f6:a5:1f;LU-Guest;-84;44
2490;80:e0:1d:f6:a5:1b;Free Tbaytel WiFi;-84;44
2491;80:e0:1d:f6:a5:1d;eduroam;-84;44
2492;80:e0:1d:f6:a5:1e;LakeheadU;-84;44
2493;ac:7a:56:c8:62:08;Free Tbaytel WiFi;-85;44
2494;ac:7a:56:c8:62:07;eduroam;-85;44
2495;80:e0:1d:f6:a5:1c;LU-Events;-85;44
2496;9c:53:22:40:4f:7b;TBAYTech;-88;44
2497;ba:5a:b0:3d:73:b1;;-88;44
2498;aa:53:22:40:4f:7b;NOSMConnect;-89;44
2499;a6:53:22:40:4f:7b;eduroam;-89;44
2500;a2:53:22:40:4f:7b;NOSMSecure;-89;44
2501;6c:5a:b0:3d:73:bf;Quanser_UVS-5G;-90;44
2502;a4:6c:2a:d3:f2:8b;Free Tbaytel WiFi;-93;45
2503;a4:6c:2a:d3:f2:8e;LakeheadU;-91;45
2504;a4:6c:2a:d3:f2:81;LakeheadU;-77;45
2505;a4:6c:2a:d3:f2:80;LU-Guest;-77;45
2506;a4:6c:2a:d3:f2:82;eduroam;-78;45
2507;a4:6c:2a:d3:f2:84;Free Tbaytel WiFi;-77;45
2508;ac:7a:56:c8:62:03;LU-Guest;-81;45
2509;ac:7a:56:c8:62:07;Free Tbaytel WiFi;-80;45
2510;a6:53:22:40:4f:e8;eduroam;-79;45
2511;9c:53:22:40:4f:e8;TBAYTech;-80;45
2512;00:1f:33:bd:d5:34;Lab1012;-73;45
2513;ae:53:22:40:4f:7a;NOSMConnect24;-67;45
2514;aa:53:22:40:4f:7a;NOSMConnect;-66;45
2515;aa:53:22:40:4f:7b;NOSMConnect;-93;45
2516;ca:5a:b0:3d:73:c3;;-65;45
2517;80:e0:1d:f6:a5:13;LU-Events;-82;45
2518;80:e0:1d:f6:a5:14;Free Tbaytel WiFi;-82;45
2519;a4:6c:2a:d4:ba:42;eduroam;-89;45
2520;d8:b1:90:e1:12:b0;LU-Guest;-79;45
2521;d8:b1:90:e1:12:b4;Free Tbaytel WiFi;-78;45
2522;80:e0:1d:f6:a5:1f;LU-Guest;-90;45
2523;80:e0:1d:f6:a5:1c;LU-Events;-91;45
2524;a4:6c:2a:d3:f4:df;LU-Guest;-83;45
2525;a4:6c:2a:d3:f4:dd;eduroam;-83;45
2526;a4:6c:2a:d3:f4:de;LakeheadU;-83;45
2527;a4:6c:2a:d3:f4:db;Free Tbaytel WiFi;-83;45
2528;a4:6c:2a:d3:f4:dc;LU-Events;-83;45
2529;9c:53:22:40:4f:7b;TBAYTech;-92;45
2530;9c:53:22:40:4f:7a;TBAYTech;-66;45
2531;a6:53:22:40:4f:7b;eduroam;-93;45
2532;a6:53:22:40:4f:7a;eduroam;-67;45
2533;a4:6c:2a:d3:f4:d0;LU-Guest;-66;45
2534;a4:6c:2a:d3:f4:d1;LakeheadU;-66;45
2535;a4:6c:2a:d3:f4:d4;Free Tbaytel WiFi;-66;45
2536;a4:6c:2a:d3:f4:d2;eduroam;-66;45
2537;a4:6c:2a:d3:f4:d3;LU-Events;-67;45
2538;80:e0:1d:ee:3f:00;LU-Guest;-62;45
2539;80:e0:1d:ee:3f:01;LakeheadU;-62;45
2540;80:e0:1d:ee:3f:02;eduroam;-62;45
2541;80:e0:1d:ee:3f:03;LU-Events;-61;45
2542;80:e0:1d:ee:3f:04;Free Tbaytel WiFi;-61;45
2543;80:e0:1d:ee:3f:0e;LakeheadU;-78;45
2544;80:e0:1d:ee:3f:0f;LU-Guest;-76;45
2545;80:e0:1d:ee:3f:0b;Free Tbaytel WiFi;-78;45
2546;80:e0:1d:ee:3f:0c;LU-Events;-78;45
2547;80:e0:1d:ee:3f:0d;eduroam;-78;45
2548;80:e0:1d:e6:79:d2;eduroam;-71;45
2549;80:e0:1d:e6:79:d1;LakeheadU;-72;45
2550;80:e0:1d:e6:79:d0;LU-Guest;-74;45
2551;80:e0:1d:e6:79:d4;Free Tbaytel WiFi;-71;45
2552;80:e0:1d:e6:79:d3;LU-Events;-72;45
2553;80:e0:1d:e6:79:db;Free Tbaytel WiFi;-86;45
2554;80:e0:1d:e6:79:df;LU-Guest;-85;45
2555;80:e0:1d:e6:79:dd;eduroam;-86;45
2556;80:e0:1d:e6:79:dc;LU-Events;-85;45
2557;a2:53:22:40:4f:7b;NOSMSecure;-92;45
2558;a2:53:22:40:4f:7a;NOSMSecure;-66;45
2559;80:e0:1d:ac:8b:04;Free Tbaytel WiFi;-45;45
2560;80:e0:1d:ac:8b:03;LU-Events;-45;45
2561;80:e0:1d:ac:8b:02;eduroam;-45;45
2562;80:e0:1d:ac:8b:01;LakeheadU;-49;45
2563;80:e0:1d:ac:8b:00;LU-Guest;-45;45
2564;80:e0:1d:f6:a4:d0;LU-Guest;-78;45
2565;80:e0:1d:f6:a4:d2;eduroam;-78;45
2566;80:e0:1d:f6:a4:d1;LakeheadU;-78;45
2567;80:e0:1d:f6:a4:d4;Free Tbaytel WiFi;-77;45
2568;80:e0:1d:f6:a4:d3;LU-Events;-78;45
2569;ce:d7:19:24:c6:d5;LINKSYS-750-guest;-85;45
2570;ae:53:22:40:4f:e8;NOSMConnect24;-79;45
2571;80:e0:1d:ac:8b:0e;LakeheadU;-59;45
2572;80:e0:1d:ac:8b:0d;eduroam;-59;45
2573;80:e0:1d:ac:8b:0c;LU-Events;-59;45
2574;80:e0:1d:ac:8b:0b;Free Tbaytel WiFi;-57;45
2575;6c:5a:b0:3d:73:c0;Quanser_UVS-5G;-83;45
2576;6c:5a:b0:3d:73:c1;Quanser_UVS;-62;45
2577;80:e0:1d:ac:8b:0f;LU-Guest;-59;45
2578;a4:6c:2a:d4:be:33;LU-Events;-87;45
2579;a4:6c:2a:d4:be:34;Free Tbaytel WiFi;-87;45
2580;80:e0:1d:ac:8b:02;eduroam;-45;46
2581;80:e0:1d:ac:8b:04;Free Tbaytel WiFi;-45;46
2582;80:e0:1d:ac:8b:03;LU-Events;-45;46
2583;80:e0:1d:ac:8b:00;LU-Guest;-45;46
2584;80:e0:1d:ac:8b:01;LakeheadU;-49;46
2585;80:e0:1d:ac:8b:0b;Free Tbaytel WiFi;-57;46
2586;80:e0:1d:ac:8b:0f;LU-Guest;-59;46
2587;80:e0:1d:ac:8b:0d;eduroam;-59;46
2588;80:e0:1d:ac:8b:0e;LakeheadU;-59;46
2589;80:e0:1d:ac:8b:0c;LU-Events;-59;46
2590;80:e0:1d:ee:3f:04;Free Tbaytel WiFi;-61;46
2591;80:e0:1d:ee:3f:03;LU-Events;-61;46
2592;80:e0:1d:ee:3f:02;eduroam;-62;46
2593;80:e0:1d:ee:3f:00;LU-Guest;-62;46
2594;80:e0:1d:ee:3f:01;LakeheadU;-62;46
2595;6c:5a:b0:3d:73:c1;Quanser_UVS;-62;46
2596;ca:5a:b0:3d:73:c3;;-65;46
2597;a4:6c:2a:d3:f4:d4;Free Tbaytel WiFi;-66;46
2598;a4:6c:2a:d3:f4:d2;eduroam;-66;46
2599;9c:53:22:40:4f:7a;TBAYTech;-66;46
2600;a4:6c:2a:d3:f4:d0;LU-Guest;-66;46
2601;a4:6c:2a:d3:f4:d1;LakeheadU;-66;46
2602;aa:53:22:40:4f:7a;NOSMConnect;-66;46
2603;a2:53:22:40:4f:7a;NOSMSecure;-66;46
2604;ae:53:22:40:4f:7a;NOSMConnect24;-67;46
2605;a6:53:22:40:4f:7a;eduroam;-67;46
2606;a4:6c:2a:d3:f4:d3;LU-Events;-67;46
2607;80:e0:1d:e6:79:d4;Free Tbaytel WiFi;-71;46
2608;80:e0:1d:e6:79:d2;eduroam;-71;46
2609;80:e0:1d:e6:79:d1;LakeheadU;-72;46
2610;80:e0:1d:e6:79:d3;LU-Events;-72;46
2611;00:1f:33:bd:d5:34;Lab1012;-73;46
2612;80:e0:1d:e6:79:d0;LU-Guest;-74;46
2613;80:e0:1d:ee:3f:0f;LU-Guest;-76;46
2614;a4:6c:2a:d3:f2:84;Free Tbaytel WiFi;-77;46
2615;80:e0:1d:f6:a4:d4;Free Tbaytel WiFi;-77;46
2616;a4:6c:2a:d3:f2:80;LU-Guest;-77;46
2617;a4:6c:2a:d3:f2:81;LakeheadU;-77;46
2618;80:e0:1d:ee:3f:0d;eduroam;-78;46
2619;80:e0:1d:ee:3f:0e;LakeheadU;-78;46
2620;80:e0:1d:ee:3f:0c;LU-Events;-78;46
2621;d8:b1:90:e1:12:b4;Free Tbaytel WiFi;-78;46
2622;a4:6c:2a:d3:f2:82;eduroam;-78;46
2623;80:e0:1d:ee:3f:0b;Free Tbaytel WiFi;-78;46
2624;80:e0:1d:f6:a4:d0;LU-Guest;-78;46
2625;80:e0:1d:f6:a4:d2;eduroam;-78;46
2626;80:e0:1d:f6:a4:d1;LakeheadU;-78;46
2627;80:e0:1d:f6:a4:d3;LU-Events;-78;46
2628;a6:53:22:40:4f:e8;eduroam;-79;46
2629;ae:53:22:40:4f:e8;NOSMConnect24;-79;46
2630;d8:b1:90:e1:12:b0;LU-Guest;-79;46
2631;9c:53:22:40:4f:e8;TBAYTech;-80;46
2632;ac:7a:56:c8:62:07;Free Tbaytel WiFi;-80;46
2633;ac:7a:56:c8:62:03;LU-Guest;-81;46
2634;80:e0:1d:f6:a5:13;LU-Events;-82;46
2635;80:e0:1d:f6:a5:14;Free Tbaytel WiFi;-82;46
2636;6c:5a:b0:3d:73:c0;Quanser_UVS-5G;-83;46
2637;a4:6c:2a:d3:f4:df;LU-Guest;-83;46
2638;a4:6c:2a:d3:f4:db;Free Tbaytel WiFi;-83;46
2639;a4:6c:2a:d3:f4:dd;eduroam;-83;46
2640;a4:6c:2a:d3:f4:de;LakeheadU;-83;46
2641;a4:6c:2a:d3:f4:dc;LU-Events;-83;46
2642;80:e0:1d:e6:79:df;LU-Guest;-85;46
2643;80:e0:1d:e6:79:dc;LU-Events;-85;46
2644;ce:d7:19:24:c6:d5;LINKSYS-750-guest;-85;46
2645;80:e0:1d:e6:79:db;Free Tbaytel WiFi;-86;46
2646;80:e0:1d:e6:79:dd;eduroam;-86;46
2647;a4:6c:2a:d4:be:34;Free Tbaytel WiFi;-87;46
2648;a4:6c:2a:d4:be:33;LU-Events;-87;46
2649;a4:6c:2a:d4:ba:42;eduroam;-89;46
2650;80:e0:1d:f6:a5:1f;LU-Guest;-90;46
2651;80:e0:1d:f6:a5:1c;LU-Events;-91;46
2652;a4:6c:2a:d3:f2:8e;LakeheadU;-91;46
2653;9c:53:22:40:4f:7b;TBAYTech;-92;46
2654;a2:53:22:40:4f:7b;NOSMSecure;-92;46
2655;aa:53:22:40:4f:7b;NOSMConnect;-93;46
2656;a6:53:22:40:4f:7b;eduroam;-93;46
2657;a4:6c:2a:d3:f2:8b;Free Tbaytel WiFi;-93;46
2658;a4:6c:2a:d3:f2:8b;Free Tbaytel WiFi;-90;47
2659;a4:6c:2a:d3:f2:81;LakeheadU;-65;47
2660;a4:6c:2a:d3:f2:80;LU-Guest;-65;47
2661;a4:6c:2a:d3:f2:83;LU-Events;-66;47
2662;a4:6c:2a:d3:f2:82;eduroam;-66;47
2663;a4:6c:2a:d3:f2:84;Free Tbaytel WiFi;-65;47
2664;aa:53:22:40:4f:e9;NOSMConnect;-93;47
2665;aa:53:22:40:4f:e8;NOSMConnect;-76;47
2666;a6:53:22:40:4f:e8;eduroam;-77;47
2667;9c:53:22:40:4f:e8;TBAYTech;-77;47
2668;00:1f:33:bd:d5:34;Lab1012;-79;47
2669;80:e0:1d:f6:a5:11;LakeheadU;-69;47
2670;80:e0:1d:f6:a5:12;eduroam;-68;47
2671;80:e0:1d:f6:a5:10;LU-Guest;-69;47
2672;80:e0:1d:f6:a5:13;LU-Events;-69;47
2673;80:e0:1d:f6:a5:14;Free Tbaytel WiFi;-69;47
2674;a4:6c:2a:d4:ba:43;LU-Events;-82;47
2675;80:e0:1d:f6:a5:1b;Free Tbaytel WiFi;-81;47
2676;80:e0:1d:f6:a5:1e;LakeheadU;-82;47
2677;80:e0:1d:f6:a5:1f;LU-Guest;-81;47
2678;80:e0:1d:f6:a5:1c;LU-Events;-81;47
2679;80:e0:1d:f6:a5:1d;eduroam;-82;47
2680;a4:6c:2a:d3:f4:df;LU-Guest;-90;47
2681;a4:6c:2a:d3:f4:dd;eduroam;-88;47
2682;a4:6c:2a:d3:f4:db;Free Tbaytel WiFi;-89;47
2683;a4:6c:2a:d3:f4:dc;LU-Events;-89;47
2684;9c:53:22:40:4f:7a;TBAYTech;-73;47
2685;a4:6c:2a:d3:f4:d0;LU-Guest;-72;47
2686;a4:6c:2a:d3:f4:d1;LakeheadU;-71;47
2687;a4:6c:2a:d3:f4:d4;Free Tbaytel WiFi;-72;47
2688;a4:6c:2a:d3:f4:d2;eduroam;-70;47
2689;a4:6c:2a:d3:f4:d3;LU-Events;-72;47
2690;80:e0:1d:ee:3f:00;LU-Guest;-54;47
2691;80:e0:1d:ee:3f:01;LakeheadU;-53;47
2692;80:e0:1d:ee:3f:02;eduroam;-53;47
2693;80:e0:1d:ee:3f:03;LU-Events;-56;47
2694;80:e0:1d:ee:3f:04;Free Tbaytel WiFi;-53;47
2695;80:e0:1d:ee:3f:0e;LakeheadU;-70;47
2696;80:e0:1d:ee:3f:0f;LU-Guest;-69;47
2697;80:e0:1d:ee:3f:0b;Free Tbaytel WiFi;-69;47
2698;80:e0:1d:ee:3f:0c;LU-Events;-70;47
2699;80:e0:1d:ee:3f:0d;eduroam;-69;47
2700;a2:53:22:40:4f:e8;NOSMSecure;-76;47
2701;a2:53:22:40:4f:e9;NOSMSecure;-93;47
2702;ba:a3:32:e1:97:09;Xerox;-90;47
2703;80:e0:1d:e6:79:d1;LakeheadU;-80;47
2704;80:e0:1d:e6:79:d4;Free Tbaytel WiFi;-80;47
2705;a4:6c:2a:d4:be:3c;LU-Events;-93;47
2706;a4:6c:2a:d4:be:3d;eduroam;-93;47
2707;80:e0:1d:e6:79:db;Free Tbaytel WiFi;-85;47
2708;80:e0:1d:f6:a4:dc;LU-Events;-91;47
2709;80:e0:1d:e6:79:df;LU-Guest;-85;47
2710;80:e0:1d:e6:79:de;LakeheadU;-85;47
2711;80:e0:1d:f6:a4:de;LakeheadU;-92;47
2712;80:e0:1d:e6:79:dd;eduroam;-84;47
2713;80:e0:1d:e6:79:dc;LU-Events;-85;47
2714;80:e0:1d:ac:8b:04;Free Tbaytel WiFi;-55;47
2715;80:e0:1d:ac:8b:00;LU-Guest;-55;47
2716;80:e0:1d:f6:a4:d0;LU-Guest;-76;47
2717;80:e0:1d:f6:a4:d4;Free Tbaytel WiFi;-76;47
2718;ae:53:22:40:4f:e8;NOSMConnect24;-75;47
2719;80:e0:1d:ac:8b:0e;LakeheadU;-68;47
2720;80:e0:1d:ac:8b:0d;eduroam;-69;47
2721;82:f2:e0:d1:f9:74;portthru;-90;47
2722;80:e0:1d:ac:8b:0c;LU-Events;-68;47
2723;80:e0:1d:ac:8b:0b;Free Tbaytel WiFi;-67;47
2724;6c:5a:b0:3d:73:c1;Quanser_UVS;-73;47
2725;80:e0:1d:ac:8b:0f;LU-Guest;-68;47
2726;a4:6c:2a:d4:be:31;LakeheadU;-79;47
2727;a4:6c:2a:d4:be:32;eduroam;-79;47
2728;a4:6c:2a:d3:f2:8e;LakeheadU;-87;48
2729;a4:6c:2a:d3:f2:8d;eduroam;-87;48
2730;ae:53:22:40:4f:80;NOSMConnect24;-89;48
2731;a4:6c:2a:d3:f2:81;LakeheadU;-62;48
2732;a4:6c:2a:d3:f2:80;LU-Guest;-62;48
2733;a4:6c:2a:d3:f2:83;LU-Events;-65;48
2734;a4:6c:2a:d3:f2:82;eduroam;-63;48
2735;a4:6c:2a:d3:f2:84;Free Tbaytel WiFi;-62;48
2736;aa:53:22:40:4f:e9;NOSMConnect;-92;48
2737;aa:53:22:40:4f:e8;NOSMConnect;-74;48
2738;a6:53:22:40:4f:e9;eduroam;-91;48
2739;a6:53:22:40:4f:e8;eduroam;-75;48
2740;00:42:68:59:8b:fb;Free Tbaytel WiFi;-90;48
2741;00:42:68:59:8b:fe;LakeheadU;-92;48
2742;00:42:68:59:8b:fd;eduroam;-92;48
2743;9c:53:22:40:4f:e9;TBAYTech;-92;48
2744;9c:53:22:40:4f:e8;TBAYTech;-72;48
2745;ae:53:22:40:4f:7a;NOSMConnect24;-71;48
2746;aa:53:22:40:4f:7a;NOSMConnect;-71;48
2747;c0:c1:c0:8e:e8:c5;unavailable;-88;48
2748;80:e0:1d:f6:a5:11;LakeheadU;-67;48
2749;80:e0:1d:f6:a5:12;eduroam;-67;48
2750;80:e0:1d:f6:a5:10;LU-Guest;-67;48
2751;80:e0:1d:f6:a5:13;LU-Events;-67;48
2752;80:e0:1d:f6:a5:14;Free Tbaytel WiFi;-67;48
2753;a4:6c:2a:d4:ba:42;eduroam;-75;48
2754;a4:6c:2a:d4:ba:43;LU-Events;-75;48
2755;a4:6c:2a:d4:ba:44;Free Tbaytel WiFi;-74;48
2756;a4:6c:2a:d4:ba:40;LU-Guest;-75;48
2757;a4:6c:2a:d4:ba:41;LakeheadU;-76;48
2758;80:e0:1d:f6:a5:1b;Free Tbaytel WiFi;-84;48
2759;80:e0:1d:f6:a5:1e;LakeheadU;-83;48
2760;80:e0:1d:f6:a5:1f;LU-Guest;-84;48
2761;80:e0:1d:f6:a5:1c;LU-Events;-84;48
2762;80:e0:1d:f6:a5:1d;eduroam;-84;48
2763;7e:a7:b0:c5:e9:67;DIRECT-cfLexmark Cheetah M-67e9;-85;48
2764;9c:53:22:40:4f:7a;TBAYTech;-71;48
2765;a4:6c:2a:d3:f4:d0;LU-Guest;-78;48
2766;a4:6c:2a:d3:f4:d1;LakeheadU;-77;48
2767;a4:6c:2a:d3:f4:d4;Free Tbaytel WiFi;-77;48
2768;a4:6c:2a:d3:f4:d2;eduroam;-76;48
2769;a4:6c:2a:d3:f4:d3;LU-Events;-77;48
2770;80:e0:1d:ee:3f:00;LU-Guest;-54;48
2771;80:e0:1d:ee:3f:01;LakeheadU;-55;48
2772;80:e0:1d:ee:3f:02;eduroam;-55;48
2773;80:e0:1d:ee:3f:03;LU-Events;-55;48
2774;80:e0:1d:ee:3f:04;Free Tbaytel WiFi;-55;48
2775;80:e0:1d:ee:3f:0e;LakeheadU;-62;48
2776;80:e0:1d:ee:3f:0f;LU-Guest;-61;48
2777;80:e0:1d:ee:3f:0b;Free Tbaytel WiFi;-62;48
2778;80:e0:1d:ee:3f:0c;LU-Events;-62;48
2779;80:e0:1d:ee:3f:0d;eduroam;-62;48
2780;a2:53:22:40:4f:e8;NOSMSecure;-75;48
2781;a2:53:22:40:4f:e9;NOSMSecure;-93;48
2782;80:e0:1d:e6:79:d3;LU-Events;-83;48
2783;10:8c:cf:44:26:b0;LU-Guest;-84;48
2784;a4:6c:2a:d4:be:3e;LakeheadU;-92;48
2785;a4:6c:2a:d4:be:3c;LU-Events;-92;48
2786;a4:6c:2a:d4:be:3d;eduroam;-92;48
2787;10:8c:cf:44:26:b4;Free Tbaytel WiFi;-84;48
2788;10:8c:cf:44:26:b3;LU-Events;-84;48
2789;80:e0:1d:f6:a4:dc;LU-Events;-88;48
2790;80:e0:1d:f6:a4:de;LakeheadU;-87;48
2791;80:e0:1d:ac:8b:04;Free Tbaytel WiFi;-56;48
2792;80:e0:1d:ac:8b:00;LU-Guest;-57;48
2793;80:e0:1d:f6:a4:d1;LakeheadU;-76;48
2794;80:e0:1d:f6:a4:d4;Free Tbaytel WiFi;-78;48
2795;ce:d7:19:24:c6:d5;LINKSYS-750-guest;-81;48
2796;ae:53:22:40:4f:e8;NOSMConnect24;-72;48
2797;80:e0:1d:ac:8b:0e;LakeheadU;-69;48
2798;80:e0:1d:ac:8b:0d;eduroam;-69;48
2799;80:e0:1d:ac:8b:0c;LU-Events;-68;48
2800;80:e0:1d:ac:8b:0b;Free Tbaytel WiFi;-70;48
2801;6c:5a:b0:3d:73:c0;Quanser_UVS-5G;-90;48
2802;80:e0:1d:ac:8b:0f;LU-Guest;-68;48
2803;a4:6c:2a:d4:be:34;Free Tbaytel WiFi;-77;48
2804;a4:6c:2a:d4:be:32;eduroam;-77;48
2805;80:e0:1d:ee:3f:02;eduroam;-49;49
2806;80:e0:1d:ee:3f:00;LU-Guest;-49;49
2807;80:e0:1d:ee:3f:03;LU-Events;-49;49
2808;80:e0:1d:ee:3f:01;LakeheadU;-49;49
2809;80:e0:1d:ee:3f:04;Free Tbaytel WiFi;-50;49
2810;80:e0:1d:ac:8b:00;LU-Guest;-59;49
2811;80:e0:1d:ac:8b:02;eduroam;-59;49
2812;80:e0:1d:ac:8b:01;LakeheadU;-59;49
2813;80:e0:1d:ac:8b:03;LU-Events;-59;49
2814;80:e0:1d:ac:8b:04;Free Tbaytel WiFi;-60;49
2815;a4:6c:2a:d3:f2:80;LU-Guest;-62;49
2816;a4:6c:2a:d3:f2:81;LakeheadU;-63;49
2817;a4:6c:2a:d3:f2:83;LU-Events;-63;49
2818;a4:6c:2a:d3:f2:84;Free Tbaytel WiFi;-64;49
2819;a4:6c:2a:d3:f2:82;eduroam;-65;49
2820;80:e0:1d:ac:8b:0b;Free Tbaytel WiFi;-66;49
2821;aa:53:22:40:4f:e8;NOSMConnect;-66;49
2822;9c:53:22:40:4f:e8;TBAYTech;-67;49
2823;a6:53:22:40:4f:e8;eduroam;-67;49
2824;ae:53:22:40:4f:e8;NOSMConnect24;-67;49
2825;a2:53:22:40:4f:e8;NOSMSecure;-67;49
2826;80:e0:1d:f6:a5:14;Free Tbaytel WiFi;-68;49
2827;a4:6c:2a:d4:ba:42;eduroam;-72;49
2828;a4:6c:2a:d4:ba:41;LakeheadU;-72;49
2829;80:e0:1d:f6:a4:d4;Free Tbaytel WiFi;-72;49
2830;80:e0:1d:f6:a4:d0;LU-Guest;-73;49
2831;a4:6c:2a:d4:ba:43;LU-Events;-73;49
2832;80:e0:1d:f6:a4:d1;LakeheadU;-73;49
2833;a4:6c:2a:d4:ba:40;LU-Guest;-74;49
2834;a4:6c:2a:d4:ba:44;Free Tbaytel WiFi;-74;49
2835;a4:6c:2a:d4:be:34;Free Tbaytel WiFi;-76;49
2836;a2:53:22:40:4f:7a;NOSMSecure;-78;49
2837;a4:6c:2a:d3:f4:d2;eduroam;-79;49
2838;a4:6c:2a:d3:f4:d0;LU-Guest;-79;49
2839;a6:53:22:40:4f:7a;eduroam;-79;49
2840;80:e0:1d:f6:a5:1f;LU-Guest;-81;49
2841;a4:6c:2a:d3:f4:d4;Free Tbaytel WiFi;-81;49
2842;80:e0:1d:f6:a5:1c;LU-Events;-82;49
2843;80:e0:1d:f6:a5:1b;Free Tbaytel WiFi;-82;49
2844;80:e0:1d:f6:a5:1d;eduroam;-82;49
2845;80:e0:1d:f6:a5:1e;LakeheadU;-82;49
2846;82:f2:e0:d1:f9:74;portthru;-82;49
2847;80:e0:1d:f6:a4:de;LakeheadU;-85;49
2848;80:e0:1d:f6:a4:dc;LU-Events;-85;49
2849;9c:53:22:40:4f:e9;TBAYTech;-85;49
2850;aa:53:22:40:4f:e9;NOSMConnect;-85;49
2851;a6:53:22:40:4f:e9;eduroam;-85;49
2852;80:e0:1d:f6:a4:df;LU-Guest;-85;49
2853;80:e0:1d:f6:a4:db;Free Tbaytel WiFi;-85;49
2854;80:e0:1d:f6:a4:dd;eduroam;-85;49
2855;a2:53:22:40:4f:e9;NOSMSecure;-86;49
2856;ba:a3:32:e1:97:09;Xerox;-89;49
2857;a4:6c:2a:d3:f2:8d;eduroam;-92;49
2858;a4:6c:2a:d3:f2:8e;LakeheadU;-92;49
2859;a4:6c:2a:d3:f2:8c;LU-Events;-92;49
2860;9c:53:22:40:4f:7b;TBAYTech;-92;49
2861;6c:5a:b0:3d:73:bf;Quanser_UVS-5G;-93;49
2862;aa:53:22:40:4f:7b;NOSMConnect;-93;49
2863;a6:53:22:40:4f:7b;eduroam;-93;49
2864;a2:53:22:40:4f:7b;NOSMSecure;-93;49
2865;a4:6c:2a:d3:f2:8c;LU-Events;-88;50
2866;a4:6c:2a:d3:f2:8e;LakeheadU;-89;50
2867;a4:6c:2a:d3:f2:8d;eduroam;-89;50
2868;ae:53:22:40:4f:80;NOSMConnect24;-76;50
2869;a4:6c:2a:d3:f2:81;LakeheadU;-70;50
2870;a4:6c:2a:d3:f2:80;LU-Guest;-70;50
2871;a4:6c:2a:d3:f2:83;LU-Events;-70;50
2872;a4:6c:2a:d3:f2:82;eduroam;-70;50
2873;a4:6c:2a:d3:f2:84;Free Tbaytel WiFi;-70;50
2874;aa:53:22:40:4f:e9;NOSMConnect;-83;50
2875;aa:53:22:40:4f:e8;NOSMConnect;-64;50
2876;00:42:68:59:8b:ff;LU-Guest;-86;50
2877;a6:53:22:40:4f:e9;eduroam;-83;50
2878;a6:53:22:40:4f:e8;eduroam;-66;50
2879;00:42:68:59:8b:fc;LU-Events;-86;50
2880;00:42:68:59:8b:fb;Free Tbaytel WiFi;-86;50
2881;00:42:68:59:8b:fe;LakeheadU;-87;50
2882;00:42:68:59:8b:fd;eduroam;-86;50
2883;9c:53:22:40:4f:e9;TBAYTech;-83;50
2884;9c:53:22:40:4f:e8;TBAYTech;-63;50
2885;ae:53:22:40:4f:7a;NOSMConnect24;-73;50
2886;aa:53:22:40:4f:7a;NOSMConnect;-73;50
2887;ca:5a:b0:3d:73:c3;;-68;50
2888;c8:d7:19:24:c6:d7;LINKSYS-750;-89;50
2889;c8:d7:19:24:c6:d5;LINKSYS-750;-73;50
2890;80:e0:1d:f6:a5:11;LakeheadU;-70;50
2891;80:e0:1d:f6:a5:12;eduroam;-69;50
2892;80:e0:1d:f6:a5:10;LU-Guest;-69;50
2893;80:e0:1d:f6:a5:13;LU-Events;-69;50
2894;a4:6c:2a:d4:bb:03;LU-Events;-86;50
2895;80:e0:1d:f6:a5:1b;Free Tbaytel WiFi;-81;50
2896;80:e0:1d:f6:a5:1e;LakeheadU;-81;50
2897;80:e0:1d:f6:a5:1f;LU-Guest;-81;50
2898;80:e0:1d:f6:a5:1c;LU-Events;-81;50
2899;80:e0:1d:f6:a5:1d;eduroam;-81;50
2900;9c:53:22:40:4f:7a;TBAYTech;-77;50
2901;a6:53:22:40:4f:80;eduroam;-76;50
2902;a6:53:22:40:4f:7a;eduroam;-73;50
2903;9c:53:22:40:4f:80;TBAYTech;-75;50
2904;a4:6c:2a:d3:f4:d0;LU-Guest;-76;50
2905;a4:6c:2a:d3:f4:d2;eduroam;-77;50
2906;80:e0:1d:ee:3f:00;LU-Guest;-42;50
2907;80:e0:1d:ee:3f:01;LakeheadU;-41;50
2908;80:e0:1d:ee:3f:02;eduroam;-45;50
2909;80:e0:1d:ee:3f:03;LU-Events;-40;50
2910;80:e0:1d:ee:3f:04;Free Tbaytel WiFi;-41;50
2911;80:e0:1d:ee:3f:0e;LakeheadU;-54;50
2912;80:e0:1d:ee:3f:0f;LU-Guest;-54;50
2913;80:e0:1d:ee:3f:0b;Free Tbaytel WiFi;-54;50
2914;80:e0:1d:ee:3f:0c;LU-Events;-54;50
2915;80:e0:1d:ee:3f:0d;eduroam;-86;50
2916;a2:53:22:40:4f:e8;NOSMSecure;-66;50
2917;a2:53:22:40:4f:e9;NOSMSecure;-83;50
2918;ba:a3:32:e1:97:09;Xerox;-66;50
2919;aa:53:22:40:4f:80;NOSMConnect;-78;50
2920;80:e0:1d:e6:79:d2;eduroam;-77;50
2921;80:e0:1d:e6:79:d4;Free Tbaytel WiFi;-76;50
2922;a4:6c:2a:d4:be:3e;LakeheadU;-85;50
2923;a4:6c:2a:d4:be:3f;LU-Guest;-85;50
2924;a4:6c:2a:d4:be:3c;LU-Events;-85;50
2925;a4:6c:2a:d4:be:3d;eduroam;-85;50
2926;a4:6c:2a:d4:be:3b;Free Tbaytel WiFi;-84;50
2927;80:e0:1d:e6:79:db;Free Tbaytel WiFi;-87;50
2928;80:e0:1d:f6:a4:db;Free Tbaytel WiFi;-73;50
2929;80:e0:1d:f6:a4:dd;eduroam;-74;50
2930;80:e0:1d:f6:a4:dc;LU-Events;-74;50
2931;80:e0:1d:f6:a4:df;LU-Guest;-73;50
2932;80:e0:1d:e6:79:de;LakeheadU;-87;50
2933;80:e0:1d:f6:a4:de;LakeheadU;-74;50
2934;80:e0:1d:e6:79:dd;eduroam;-86;50
2935;80:e0:1d:e6:79:dc;LU-Events;-86;50
2936;a2:53:22:40:4f:80;NOSMSecure;-77;50
2937;a2:53:22:40:4f:7a;NOSMSecure;-73;50
2938;80:e0:1d:ac:8b:04;Free Tbaytel WiFi;-59;50
2939;80:e0:1d:ac:8b:03;LU-Events;-59;50
2940;80:e0:1d:ac:8b:02;eduroam;-58;50
2941;80:e0:1d:ac:8b:01;LakeheadU;-59;50
2942;80:e0:1d:ac:8b:00;LU-Guest;-58;50
2943;80:e0:1d:f6:a4:d0;LU-Guest;-65;50
2944;ce:d7:19:24:c6:d5;LINKSYS-750-guest;-71;50
2945;ae:53:22:40:4f:e8;NOSMConnect24;-64;50
2946;80:e0:1d:ac:8b:0e;LakeheadU;-72;50
2947;80:e0:1d:ac:8b:0d;eduroam;-71;50
2948;82:f2:e0:d1:f9:74;portthru;-73;50
2949;80:e0:1d:ac:8b:0c;LU-Events;-72;50
2950;80:e0:1d:ac:8b:0b;Free Tbaytel WiFi;-69;50
2951;6c:5a:b0:3d:73:c0;Quanser_UVS-5G;-88;50
2952;6c:5a:b0:3d:73:c1;Quanser_UVS;-71;50
2953;80:e0:1d:ac:8b:0f;LU-Guest;-72;50
2954;a4:6c:2a:d4:be:30;LU-Guest;-71;50
2955;a4:6c:2a:d4:be:34;Free Tbaytel WiFi;-72;50
2956;a4:6c:2a:d4:be:31;LakeheadU;-73;50
2957;a4:6c:2a:d4:be:32;eduroam;-73;50
2958;80:e0:1d:ee:3f:03;LU-Events;-40;51
2959;80:e0:1d:ee:3f:04;Free Tbaytel WiFi;-41;51
2960;80:e0:1d:ee:3f:01;LakeheadU;-41;51
2961;80:e0:1d:ee:3f:00;LU-Guest;-42;51
2962;80:e0:1d:ee:3f:02;eduroam;-45;51
2963;80:e0:1d:ee:3f:0f;LU-Guest;-54;51
2964;80:e0:1d:ee:3f:0b;Free Tbaytel WiFi;-54;51
2965;80:e0:1d:ee:3f:0e;LakeheadU;-54;51
2966;80:e0:1d:ee:3f:0c;LU-Events;-54;51
2967;80:e0:1d:ac:8b:00;LU-Guest;-58;51
2968;80:e0:1d:ac:8b:02;eduroam;-58;51
2969;80:e0:1d:ac:8b:04;Free Tbaytel WiFi;-59;51
2970;80:e0:1d:ac:8b:01;LakeheadU;-59;51
2971;80:e0:1d:ac:8b:03;LU-Events;-59;51
2972;9c:53:22:40:4f:e8;TBAYTech;-63;51
2973;ae:53:22:40:4f:e8;NOSMConnect24;-64;51
2974;aa:53:22:40:4f:e8;NOSMConnect;-64;51
2975;80:e0:1d:f6:a4:d0;LU-Guest;-65;51
2976;a6:53:22:40:4f:e8;eduroam;-66;51
2977;ba:a3:32:e1:97:09;Xerox;-66;51
2978;a2:53:22:40:4f:e8;NOSMSecure;-66;51
2979;ca:5a:b0:3d:73:c3;;-68;51
2980;80:e0:1d:ac:8b:0b;Free Tbaytel WiFi;-69;51
2981;80:e0:1d:f6:a5:10;LU-Guest;-69;51
2982;80:e0:1d:f6:a5:12;eduroam;-69;51
2983;80:e0:1d:f6:a5:13;LU-Events;-69;51
2984;a4:6c:2a:d3:f2:84;Free Tbaytel WiFi;-70;51
2985;a4:6c:2a:d3:f2:82;eduroam;-70;51
2986;a4:6c:2a:d3:f2:80;LU-Guest;-70;51
2987;a4:6c:2a:d3:f2:81;LakeheadU;-70;51
2988;a4:6c:2a:d3:f2:83;LU-Events;-70;51
2989;80:e0:1d:f6:a5:11;LakeheadU;-70;51
2990;ce:d7:19:24:c6:d5;LINKSYS-750-guest;-71;51
2991;6c:5a:b0:3d:73:c1;Quanser_UVS;-71;51
2992;a4:6c:2a:d4:be:30;LU-Guest;-71;51
2993;80:e0:1d:ac:8b:0d;eduroam;-71;51
2994;a4:6c:2a:d4:be:34;Free Tbaytel WiFi;-72;51
2995;80:e0:1d:ac:8b:0f;LU-Guest;-72;51
2996;80:e0:1d:ac:8b:0e;LakeheadU;-72;51
2997;80:e0:1d:ac:8b:0c;LU-Events;-72;51
2998;82:f2:e0:d1:f9:74;portthru;-73;51
2999;80:e0:1d:f6:a4:df;LU-Guest;-73;51
3000;a6:53:22:40:4f:7a;eduroam;-73;51
3001;a2:53:22:40:4f:7a;NOSMSecure;-73;51
3002;80:e0:1d:f6:a4:db;Free Tbaytel WiFi;-73;51
3003;ae:53:22:40:4f:7a;NOSMConnect24;-73;51
3004;aa:53:22:40:4f:7a;NOSMConnect;-73;51
3005;c8:d7:19:24:c6:d5;LINKSYS-750;-73;51
3006;a4:6c:2a:d4:be:32;eduroam;-73;51
3007;a4:6c:2a:d4:be:31;LakeheadU;-73;51
3008;80:e0:1d:f6:a4:de;LakeheadU;-74;51
3009;80:e0:1d:f6:a4:dc;LU-Events;-74;51
3010;80:e0:1d:f6:a4:dd;eduroam;-74;51
3011;9c:53:22:40:4f:80;TBAYTech;-75;51
3012;a4:6c:2a:d3:f4:d0;LU-Guest;-76;51
3013;ae:53:22:40:4f:80;NOSMConnect24;-76;51
3014;a6:53:22:40:4f:80;eduroam;-76;51
3015;80:e0:1d:e6:79:d4;Free Tbaytel WiFi;-76;51
3016;a4:6c:2a:d3:f4:d2;eduroam;-77;51
3017;9c:53:22:40:4f:7a;TBAYTech;-77;51
3018;a2:53:22:40:4f:80;NOSMSecure;-77;51
3019;80:e0:1d:e6:79:d2;eduroam;-77;51
3020;aa:53:22:40:4f:80;NOSMConnect;-78;51
3021;80:e0:1d:f6:a5:1f;LU-Guest;-81;51
3022;80:e0:1d:f6:a5:1c;LU-Events;-81;51
3023;80:e0:1d:f6:a5:1b;Free Tbaytel WiFi;-81;51
3024;80:e0:1d:f6:a5:1d;eduroam;-81;51
3025;80:e0:1d:f6:a5:1e;LakeheadU;-81;51
3026;9c:53:22:40:4f:e9;TBAYTech;-83;51
3027;aa:53:22:40:4f:e9;NOSMConnect;-83;51
3028;a6:53:22:40:4f:e9;eduroam;-83;51
3029;a2:53:22:40:4f:e9;NOSMSecure;-83;51
3030;a4:6c:2a:d4:be:3b;Free Tbaytel WiFi;-84;51
3031;a4:6c:2a:d4:be:3d;eduroam;-85;51
3032;a4:6c:2a:d4:be:3e;LakeheadU;-85;51
3033;a4:6c:2a:d4:be:3c;LU-Events;-85;51
3034;a4:6c:2a:d4:be:3f;LU-Guest;-85;51
3035;a4:6c:2a:d4:bb:03;LU-Events;-86;51
3036;00:42:68:59:8b:fb;Free Tbaytel WiFi;-86;51
3037;00:42:68:59:8b:ff;LU-Guest;-86;51
3038;00:42:68:59:8b:fc;LU-Events;-86;51
3039;00:42:68:59:8b:fd;eduroam;-86;51
3040;80:e0:1d:ee:3f:0d;eduroam;-86;51
3041;80:e0:1d:e6:79:dc;LU-Events;-86;51
3042;80:e0:1d:e6:79:dd;eduroam;-86;51
3043;00:42:68:59:8b:fe;LakeheadU;-87;51
3044;80:e0:1d:e6:79:db;Free Tbaytel WiFi;-87;51
3045;80:e0:1d:e6:79:de;LakeheadU;-87;51
3046;a4:6c:2a:d3:f2:8c;LU-Events;-88;51
3047;6c:5a:b0:3d:73:c0;Quanser_UVS-5G;-88;51
3048;a4:6c:2a:d3:f2:8d;eduroam;-89;51
3049;a4:6c:2a:d3:f2:8e;LakeheadU;-89;51
3050;c8:d7:19:24:c6:d7;LINKSYS-750;-89;51
3051;a4:6c:2a:d3:f2:8c;LU-Events;-93;52
3052;a4:6c:2a:d3:f2:8b;Free Tbaytel WiFi;-93;52
3053;a4:6c:2a:d3:f2:8e;LakeheadU;-93;52
3054;a4:6c:2a:d3:f2:81;LakeheadU;-74;52
3055;a4:6c:2a:d3:f2:80;LU-Guest;-74;52
3056;a4:6c:2a:d3:f2:83;LU-Events;-74;52
3057;a4:6c:2a:d3:f2:82;eduroam;-74;52
3058;a4:6c:2a:d3:f2:84;Free Tbaytel WiFi;-75;52
3059;aa:53:22:40:4f:e9;NOSMConnect;-82;52
3060;aa:53:22:40:4f:e8;NOSMConnect;-63;52
3061;00:42:68:59:8b:ff;LU-Guest;-87;52
3062;a6:53:22:40:4f:e9;eduroam;-82;52
3063;a6:53:22:40:4f:e8;eduroam;-63;52
3064;00:42:68:59:8b:fc;LU-Events;-87;52
3065;00:42:68:59:8b:fb;Free Tbaytel WiFi;-86;52
3066;00:42:68:59:8b:fe;LakeheadU;-86;52
3067;9c:53:22:40:4f:e9;TBAYTech;-82;52
3068;9c:53:22:40:4f:e8;TBAYTech;-62;52
3069;ae:53:22:40:4f:7a;NOSMConnect24;-74;52
3070;ca:5a:b0:3d:73:c3;;-77;52
3071;c8:d7:19:24:c6:d7;LINKSYS-750;-90;52
3072;80:e0:1d:f6:a5:11;LakeheadU;-66;52
3073;80:e0:1d:f6:a5:12;eduroam;-66;52
3074;80:e0:1d:f6:a5:10;LU-Guest;-66;52
3075;80:e0:1d:f6:a5:13;LU-Events;-66;52
3076;80:e0:1d:f6:a5:14;Free Tbaytel WiFi;-66;52
3077;a4:6c:2a:d4:bb:03;LU-Events;-83;52
3078;a4:6c:2a:d4:bb:04;Free Tbaytel WiFi;-83;52
3079;a4:6c:2a:d4:bb:00;LU-Guest;-83;52
3080;a4:6c:2a:d4:bb:01;LakeheadU;-83;52
3081;80:e0:1d:f6:a5:1b;Free Tbaytel WiFi;-79;52
3082;80:e0:1d:f6:a5:1e;LakeheadU;-79;52
3083;80:e0:1d:f6:a5:1f;LU-Guest;-78;52
3084;80:e0:1d:f6:a5:1c;LU-Events;-79;52
3085;80:e0:1d:f6:a5:1d;eduroam;-79;52
3086;80:e0:1d:ee:3f:00;LU-Guest;-48;52
3087;80:e0:1d:ee:3f:01;LakeheadU;-48;52
3088;80:e0:1d:ee:3f:02;eduroam;-49;52
3089;80:e0:1d:ee:3f:03;LU-Events;-48;52
3090;80:e0:1d:ee:3f:04;Free Tbaytel WiFi;-48;52
3091;80:e0:1d:ee:3f:0e;LakeheadU;-57;52
3092;80:e0:1d:ee:3f:0f;LU-Guest;-57;52
3093;80:e0:1d:ee:3f:0b;Free Tbaytel WiFi;-58;52
3094;80:e0:1d:ee:3f:0c;LU-Events;-57;52
3095;80:e0:1d:ee:3f:0d;eduroam;-57;52
3096;a2:53:22:40:4f:e8;NOSMSecure;-63;52
3097;a2:53:22:40:4f:e9;NOSMSecure;-82;52
3098;ba:a3:32:e1:97:09;Xerox;-79;52
3099;80:e0:1d:e6:79:d0;LU-Guest;-76;52
3100;a4:6c:2a:d4:be:3e;LakeheadU;-81;52
3101;a4:6c:2a:d4:be:3c;LU-Events;-81;52
3102;a4:6c:2a:d4:be:3d;eduroam;-81;52
3103;80:e0:1d:e6:79:db;Free Tbaytel WiFi;-83;52
3104;80:e0:1d:f6:a4:db;Free Tbaytel WiFi;-85;52
3105;80:e0:1d:f6:a4:dd;eduroam;-86;52
3106;80:e0:1d:f6:a4:dc;LU-Events;-85;52
3107;80:e0:1d:f6:a4:df;LU-Guest;-85;52
3108;80:e0:1d:e6:79:de;LakeheadU;-83;52
3109;80:e0:1d:f6:a4:de;LakeheadU;-85;52
3110;80:e0:1d:e6:79:dd;eduroam;-83;52
3111;80:e0:1d:e6:79:dc;LU-Events;-83;52
3112;a2:53:22:40:4f:7a;NOSMSecure;-74;52
3113;80:e0:1d:ac:8b:03;LU-Events;-70;52
3114;80:e0:1d:ac:8b:00;LU-Guest;-70;52
3115;80:e0:1d:f6:a4:d0;LU-Guest;-62;52
3116;80:e0:1d:f6:a4:d2;eduroam;-63;52
3117;80:e0:1d:f6:a4:d1;LakeheadU;-62;52
3118;80:e0:1d:f6:a4:d4;Free Tbaytel WiFi;-62;52
3119;ae:53:22:40:4f:e8;NOSMConnect24;-63;52
3120;80:e0:1d:ac:8b:0e;LakeheadU;-84;52
3121;82:f2:e0:d1:f9:74;portthru;-78;52
3122;80:e0:1d:ac:8b:0c;LU-Events;-84;52
3123;6c:5a:b0:3d:73:c0;Quanser_UVS-5G;-82;52
3124;80:e0:1d:ac:8b:0f;LU-Guest;-83;52
3125;a4:6c:2a:d3:f2:8c;LU-Events;-93;53
3126;a4:6c:2a:d3:f2:8b;Free Tbaytel WiFi;-93;53
3127;a4:6c:2a:d3:f2:8e;LakeheadU;-93;53
3128;a4:6c:2a:d3:f2:81;LakeheadU;-74;53
3129;a4:6c:2a:d3:f2:80;LU-Guest;-74;53
3130;a4:6c:2a:d3:f2:83;LU-Events;-74;53
3131;a4:6c:2a:d3:f2:82;eduroam;-74;53
3132;a4:6c:2a:d3:f2:84;Free Tbaytel WiFi;-75;53
3133;aa:53:22:40:4f:e9;NOSMConnect;-82;53
3134;aa:53:22:40:4f:e8;NOSMConnect;-63;53
3135;00:42:68:59:8b:ff;LU-Guest;-87;53
3136;a6:53:22:40:4f:e9;eduroam;-82;53
3137;a6:53:22:40:4f:e8;eduroam;-63;53
3138;00:42:68:59:8b:fc;LU-Events;-87;53
3139;00:42:68:59:8b:fb;Free Tbaytel WiFi;-86;53
3140;00:42:68:59:8b:fe;LakeheadU;-86;53
3141;9c:53:22:40:4f:e9;TBAYTech;-82;53
3142;9c:53:22:40:4f:e8;TBAYTech;-62;53
3143;ae:53:22:40:4f:7a;NOSMConnect24;-74;53
3144;ca:5a:b0:3d:73:c3;;-77;53
3145;c8:d7:19:24:c6:d7;LINKSYS-750;-90;53
3146;80:e0:1d:f6:a5:11;LakeheadU;-66;53
3147;80:e0:1d:f6:a5:12;eduroam;-66;53
3148;80:e0:1d:f6:a5:10;LU-Guest;-66;53
3149;80:e0:1d:f6:a5:13;LU-Events;-66;53
3150;80:e0:1d:f6:a5:14;Free Tbaytel WiFi;-66;53
3151;a4:6c:2a:d4:bb:03;LU-Events;-83;53
3152;a4:6c:2a:d4:bb:04;Free Tbaytel WiFi;-83;53
3153;a4:6c:2a:d4:bb:00;LU-Guest;-83;53
3154;a4:6c:2a:d4:bb:01;LakeheadU;-83;53
3155;80:e0:1d:f6:a5:1b;Free Tbaytel WiFi;-79;53
3156;80:e0:1d:f6:a5:1e;LakeheadU;-79;53
3157;80:e0:1d:f6:a5:1f;LU-Guest;-78;53
3158;80:e0:1d:f6:a5:1c;LU-Events;-79;53
3159;80:e0:1d:f6:a5:1d;eduroam;-79;53
3160;80:e0:1d:ee:3f:00;LU-Guest;-48;53
3161;80:e0:1d:ee:3f:01;LakeheadU;-48;53
3162;80:e0:1d:ee:3f:02;eduroam;-49;53
3163;80:e0:1d:ee:3f:03;LU-Events;-48;53
3164;80:e0:1d:ee:3f:04;Free Tbaytel WiFi;-48;53
3165;80:e0:1d:ee:3f:0e;LakeheadU;-57;53
3166;80:e0:1d:ee:3f:0f;LU-Guest;-57;53
3167;80:e0:1d:ee:3f:0b;Free Tbaytel WiFi;-58;53
3168;80:e0:1d:ee:3f:0c;LU-Events;-57;53
3169;80:e0:1d:ee:3f:0d;eduroam;-57;53
3170;a2:53:22:40:4f:e8;NOSMSecure;-63;53
3171;a2:53:22:40:4f:e9;NOSMSecure;-82;53
3172;ba:a3:32:e1:97:09;Xerox;-79;53
3173;80:e0:1d:e6:79:d0;LU-Guest;-76;53
3174;a4:6c:2a:d4:be:3e;LakeheadU;-81;53
3175;a4:6c:2a:d4:be:3c;LU-Events;-81;53
3176;a4:6c:2a:d4:be:3d;eduroam;-81;53
3177;80:e0:1d:e6:79:db;Free Tbaytel WiFi;-83;53
3178;80:e0:1d:f6:a4:db;Free Tbaytel WiFi;-85;53
3179;80:e0:1d:f6:a4:dd;eduroam;-86;53
3180;80:e0:1d:f6:a4:dc;LU-Events;-85;53
3181;80:e0:1d:f6:a4:df;LU-Guest;-85;53
3182;80:e0:1d:e6:79:de;LakeheadU;-83;53
3183;80:e0:1d:f6:a4:de;LakeheadU;-85;53
3184;80:e0:1d:e6:79:dd;eduroam;-83;53
3185;80:e0:1d:e6:79:dc;LU-Events;-83;53
3186;a2:53:22:40:4f:7a;NOSMSecure;-74;53
3187;80:e0:1d:ac:8b:03;LU-Events;-70;53
3188;80:e0:1d:ac:8b:00;LU-Guest;-70;53
3189;80:e0:1d:f6:a4:d0;LU-Guest;-62;53
3190;80:e0:1d:f6:a4:d2;eduroam;-63;53
3191;80:e0:1d:f6:a4:d1;LakeheadU;-62;53
3192;80:e0:1d:f6:a4:d4;Free Tbaytel WiFi;-62;53
3193;ae:53:22:40:4f:e8;NOSMConnect24;-63;53
3194;80:e0:1d:ac:8b:0e;LakeheadU;-84;53
3195;82:f2:e0:d1:f9:74;portthru;-78;53
3196;80:e0:1d:ac:8b:0c;LU-Events;-84;53
3197;6c:5a:b0:3d:73:c0;Quanser_UVS-5G;-82;53
3198;80:e0:1d:ac:8b:0f;LU-Guest;-83;53
3199;ac:7a:56:c8:62:0d;;-91;54
3200;ae:53:22:40:4f:80;NOSMConnect24;-70;54
3201;a4:6c:2a:d3:f2:81;LakeheadU;-74;54
3202;a4:6c:2a:d3:f2:80;LU-Guest;-78;54
3203;a4:6c:2a:d3:f2:82;eduroam;-77;54
3204;a4:6c:2a:d3:f2:84;Free Tbaytel WiFi;-77;54
3205;aa:53:22:40:4f:e9;NOSMConnect;-73;54
3206;aa:53:22:40:4f:e8;NOSMConnect;-60;54
3207;00:42:68:59:8b:ff;LU-Guest;-81;54
3208;a6:53:22:40:4f:e9;eduroam;-73;54
3209;a6:53:22:40:4f:e8;eduroam;-62;54
3210;00:42:68:59:8b:fc;LU-Events;-81;54
3211;00:42:68:59:8b:fb;Free Tbaytel WiFi;-81;54
3212;00:42:68:59:8b:fe;LakeheadU;-82;54
3213;00:42:68:59:8b:fd;eduroam;-82;54
3214;9c:53:22:40:4f:e9;TBAYTech;-73;54
3215;9c:53:22:40:4f:e8;TBAYTech;-64;54
3216;00:1f:33:bd:d5:34;Lab1012;-75;54
3217;aa:53:22:40:4f:7b;NOSMConnect;-92;54
3218;ca:5a:b0:3d:73:c3;;-62;54
3219;c8:d7:19:24:c6:d7;LINKSYS-750;-90;54
3220;c8:d7:19:24:c6:d5;LINKSYS-750;-72;54
3221;80:e0:1d:f6:a5:11;LakeheadU;-57;54
3222;80:e0:1d:f6:a5:12;eduroam;-58;54
3223;80:e0:1d:f6:a5:10;LU-Guest;-58;54
3224;80:e0:1d:f6:a5:13;LU-Events;-57;54
3225;80:e0:1d:f6:a5:14;Free Tbaytel WiFi;-57;54
3226;80:e0:1d:f6:a5:1b;Free Tbaytel WiFi;-67;54
3227;80:e0:1d:f6:a5:1e;LakeheadU;-67;54
3228;80:e0:1d:f6:a5:1f;LU-Guest;-67;54
3229;80:e0:1d:f6:a5:1c;LU-Events;-67;54
3230;80:e0:1d:f6:a5:1d;eduroam;-66;54
3231;7e:a7:b0:c5:e9:67;DIRECT-cfLexmark Cheetah M-67e9;-84;54
3232;9c:53:22:40:4f:7b;TBAYTech;-92;54
3233;a6:53:22:40:4f:80;eduroam;-71;54
3234;a6:53:22:40:4f:7b;eduroam;-93;54
3235;9c:53:22:40:4f:81;TBAYTech;-92;54
3236;80:e0:1d:ee:3f:00;LU-Guest;-58;54
3237;80:e0:1d:ee:3f:04;Free Tbaytel WiFi;-56;54
3238;80:e0:1d:ee:3f:0e;LakeheadU;-67;54
3239;80:e0:1d:ee:3f:0f;LU-Guest;-67;54
3240;80:e0:1d:ee:3f:0b;Free Tbaytel WiFi;-66;54
3241;80:e0:1d:ee:3f:0c;LU-Events;-67;54
3242;80:e0:1d:ee:3f:0d;eduroam;-67;54
3243;a2:53:22:40:4f:e8;NOSMSecure;-61;54
3244;a2:53:22:40:4f:e9;NOSMSecure;-73;54
3245;ba:a3:32:e1:97:09;Xerox;-75;54
3246;aa:53:22:40:4f:80;NOSMConnect;-72;54
3247;a4:6c:2a:d4:be:3e;LakeheadU;-75;54
3248;a4:6c:2a:d4:be:3f;LU-Guest;-77;54
3249;a4:6c:2a:d4:be:3c;LU-Events;-75;54
3250;a4:6c:2a:d4:be:3d;eduroam;-75;54
3251;a4:6c:2a:d4:be:3b;Free Tbaytel WiFi;-75;54
3252;80:e0:1d:e6:79:db;Free Tbaytel WiFi;-82;54
3253;80:e0:1d:f6:a4:db;Free Tbaytel WiFi;-77;54
3254;80:e0:1d:f6:a4:dd;eduroam;-77;54
3255;80:e0:1d:f6:a4:dc;LU-Events;-78;54
3256;80:e0:1d:e6:79:df;LU-Guest;-83;54
3257;80:e0:1d:f6:a4:df;LU-Guest;-77;54
3258;80:e0:1d:e6:79:de;LakeheadU;-84;54
3259;80:e0:1d:f6:a4:de;LakeheadU;-77;54
3260;80:e0:1d:e6:79:dd;eduroam;-84;54
3261;80:e0:1d:e6:79:dc;LU-Events;-82;54
3262;a2:53:22:40:4f:80;NOSMSecure;-73;54
3263;a2:53:22:40:4f:7b;NOSMSecure;-92;54
3264;80:e0:1d:ac:8b:00;LU-Guest;-74;54
3265;80:e0:1d:f6:a4:d0;LU-Guest;-58;54
3266;80:e0:1d:f6:a4:d4;Free Tbaytel WiFi;-59;54
3267;6c:5a:b0:3d:73:bf;Quanser_UVS-5G;-93;54
3268;ce:d7:19:24:c6:d5;LINKSYS-750-guest;-72;54
3269;ae:53:22:40:4f:e8;NOSMConnect24;-60;54
3270;80:e0:1d:ac:8b:0e;LakeheadU;-84;54
3271;80:e0:1d:ac:8b:0d;eduroam;-84;54
3272;80:e0:1d:ac:8b:0c;LU-Events;-83;54
3273;6c:5a:b0:3d:73:c0;Quanser_UVS-5G;-83;54
3274;6c:5a:b0:3d:73:c1;Quanser_UVS;-62;54
3275;a4:6c:2a:d4:be:34;Free Tbaytel WiFi;-69;54
3276;a4:6c:2a:d4:be:32;eduroam;-71;54
3277;ac:7a:56:c8:62:0d;;-91;55
3278;ae:53:22:40:4f:80;NOSMConnect24;-70;55
3279;a4:6c:2a:d3:f2:81;LakeheadU;-74;55
3280;a4:6c:2a:d3:f2:80;LU-Guest;-78;55
3281;a4:6c:2a:d3:f2:82;eduroam;-77;55
3282;a4:6c:2a:d3:f2:84;Free Tbaytel WiFi;-77;55
3283;aa:53:22:40:4f:e9;NOSMConnect;-73;55
3284;aa:53:22:40:4f:e8;NOSMConnect;-60;55
3285;00:42:68:59:8b:ff;LU-Guest;-81;55
3286;a6:53:22:40:4f:e9;eduroam;-73;55
3287;a6:53:22:40:4f:e8;eduroam;-62;55
3288;00:42:68:59:8b:fc;LU-Events;-81;55
3289;00:42:68:59:8b:fb;Free Tbaytel WiFi;-81;55
3290;00:42:68:59:8b:fe;LakeheadU;-82;55
3291;00:42:68:59:8b:fd;eduroam;-82;55
3292;9c:53:22:40:4f:e9;TBAYTech;-73;55
3293;9c:53:22:40:4f:e8;TBAYTech;-64;55
3294;00:1f:33:bd:d5:34;Lab1012;-75;55
3295;aa:53:22:40:4f:7b;NOSMConnect;-92;55
3296;ca:5a:b0:3d:73:c3;;-62;55
3297;c8:d7:19:24:c6:d7;LINKSYS-750;-90;55
3298;c8:d7:19:24:c6:d5;LINKSYS-750;-72;55
3299;80:e0:1d:f6:a5:11;LakeheadU;-57;55
3300;80:e0:1d:f6:a5:12;eduroam;-58;55
3301;80:e0:1d:f6:a5:10;LU-Guest;-58;55
3302;80:e0:1d:f6:a5:13;LU-Events;-57;55
3303;80:e0:1d:f6:a5:14;Free Tbaytel WiFi;-57;55
3304;80:e0:1d:f6:a5:1b;Free Tbaytel WiFi;-67;55
3305;80:e0:1d:f6:a5:1e;LakeheadU;-67;55
3306;80:e0:1d:f6:a5:1f;LU-Guest;-67;55
3307;80:e0:1d:f6:a5:1c;LU-Events;-67;55
3308;80:e0:1d:f6:a5:1d;eduroam;-66;55
3309;7e:a7:b0:c5:e9:67;DIRECT-cfLexmark Cheetah M-67e9;-84;55
3310;9c:53:22:40:4f:7b;TBAYTech;-92;55
3311;a6:53:22:40:4f:80;eduroam;-71;55
3312;a6:53:22:40:4f:7b;eduroam;-93;55
3313;9c:53:22:40:4f:81;TBAYTech;-92;55
3314;80:e0:1d:ee:3f:00;LU-Guest;-58;55
3315;80:e0:1d:ee:3f:04;Free Tbaytel WiFi;-56;55
3316;80:e0:1d:ee:3f:0e;LakeheadU;-67;55
3317;80:e0:1d:ee:3f:0f;LU-Guest;-67;55
3318;80:e0:1d:ee:3f:0b;Free Tbaytel WiFi;-66;55
3319;80:e0:1d:ee:3f:0c;LU-Events;-67;55
3320;80:e0:1d:ee:3f:0d;eduroam;-67;55
3321;a2:53:22:40:4f:e8;NOSMSecure;-61;55
3322;a2:53:22:40:4f:e9;NOSMSecure;-73;55
3323;ba:a3:32:e1:97:09;Xerox;-75;55
3324;aa:53:22:40:4f:80;NOSMConnect;-72;55
3325;a4:6c:2a:d4:be:3e;LakeheadU;-75;55
3326;a4:6c:2a:d4:be:3f;LU-Guest;-77;55
3327;a4:6c:2a:d4:be:3c;LU-Events;-75;55
3328;a4:6c:2a:d4:be:3d;eduroam;-75;55
3329;a4:6c:2a:d4:be:3b;Free Tbaytel WiFi;-75;55
3330;80:e0:1d:e6:79:db;Free Tbaytel WiFi;-82;55
3331;80:e0:1d:f6:a4:db;Free Tbaytel WiFi;-77;55
3332;80:e0:1d:f6:a4:dd;eduroam;-77;55
3333;80:e0:1d:f6:a4:dc;LU-Events;-78;55
3334;80:e0:1d:e6:79:df;LU-Guest;-83;55
3335;80:e0:1d:f6:a4:df;LU-Guest;-77;55
3336;80:e0:1d:e6:79:de;LakeheadU;-84;55
3337;80:e0:1d:f6:a4:de;LakeheadU;-77;55
3338;80:e0:1d:e6:79:dd;eduroam;-84;55
3339;80:e0:1d:e6:79:dc;LU-Events;-82;55
3340;a2:53:22:40:4f:80;NOSMSecure;-73;55
3341;a2:53:22:40:4f:7b;NOSMSecure;-92;55
3342;80:e0:1d:ac:8b:00;LU-Guest;-74;55
3343;80:e0:1d:f6:a4:d0;LU-Guest;-58;55
3344;80:e0:1d:f6:a4:d4;Free Tbaytel WiFi;-59;55
3345;6c:5a:b0:3d:73:bf;Quanser_UVS-5G;-93;55
3346;ce:d7:19:24:c6:d5;LINKSYS-750-guest;-72;55
3347;ae:53:22:40:4f:e8;NOSMConnect24;-60;55
3348;80:e0:1d:ac:8b:0e;LakeheadU;-84;55
3349;80:e0:1d:ac:8b:0d;eduroam;-84;55
3350;80:e0:1d:ac:8b:0c;LU-Events;-83;55
3351;6c:5a:b0:3d:73:c0;Quanser_UVS-5G;-83;55
3352;6c:5a:b0:3d:73:c1;Quanser_UVS;-62;55
3353;a4:6c:2a:d4:be:34;Free Tbaytel WiFi;-69;55
3354;a4:6c:2a:d4:be:32;eduroam;-71;55
3355;a4:6c:2a:d3:f2:80;LU-Guest;-81;56
3356;aa:53:22:40:4f:e9;NOSMConnect;-82;56
3357;aa:53:22:40:4f:e8;NOSMConnect;-57;56
3358;00:42:68:59:8b:ff;LU-Guest;-87;56
3359;a6:53:22:40:4f:e9;eduroam;-82;56
3360;a6:53:22:40:4f:e8;eduroam;-59;56
3361;00:42:68:59:8b:fc;LU-Events;-87;56
3362;00:42:68:59:8b:fb;Free Tbaytel WiFi;-86;56
3363;00:42:68:59:8b:fe;LakeheadU;-86;56
3364;00:42:68:59:8b:fd;eduroam;-86;56
3365;9c:53:22:40:4f:e9;TBAYTech;-81;56
3366;9c:53:22:40:4f:e8;TBAYTech;-57;56
3367;ae:53:22:40:4f:7a;NOSMConnect24;-67;56
3368;aa:53:22:40:4f:7a;NOSMConnect;-68;56
3369;e8:de:27:f8:06:78;TP-LINK_F80678_Xiaoping;-76;56
3370;c0:c1:c0:8e:e8:c5;unavailable;-77;56
3371;c8:d7:19:24:c6:d7;LINKSYS-750;-85;56
3372;c8:d7:19:24:c6:d5;LINKSYS-750;-60;56
3373;80:e0:1d:f6:a5:11;LakeheadU;-51;56
3374;80:e0:1d:f6:a5:12;eduroam;-51;56
3375;80:e0:1d:f6:a5:10;LU-Guest;-51;56
3376;80:e0:1d:f6:a5:14;Free Tbaytel WiFi;-51;56
3377;a4:6c:2a:d4:bb:03;LU-Events;-71;56
3378;a4:6c:2a:d4:bb:04;Free Tbaytel WiFi;-70;56
3379;a4:6c:2a:d4:bb:00;LU-Guest;-70;56
3380;a4:6c:2a:d4:bb:01;LakeheadU;-70;56
3381;a4:6c:2a:d4:bb:02;eduroam;-71;56
3382;80:e0:1d:f6:a5:1b;Free Tbaytel WiFi;-54;56
3383;80:e0:1d:f6:a5:1e;LakeheadU;-54;56
3384;80:e0:1d:f6:a5:1f;LU-Guest;-54;56
3385;80:e0:1d:f6:a5:1c;LU-Events;-55;56
3386;80:e0:1d:f6:a5:1d;eduroam;-55;56
3387;9c:53:22:40:4f:7a;TBAYTech;-67;56
3388;a6:53:22:40:4f:81;eduroam;-92;56
3389;a6:53:22:40:4f:7a;eduroam;-68;56
3390;9c:53:22:40:4f:81;TBAYTech;-91;56
3391;80:e0:1d:ee:3f:00;LU-Guest;-59;56
3392;80:e0:1d:ee:3f:01;LakeheadU;-61;56
3393;80:e0:1d:ee:3f:02;eduroam;-59;56
3394;80:e0:1d:ee:3f:03;LU-Events;-61;56
3395;80:e0:1d:ee:3f:04;Free Tbaytel WiFi;-58;56
3396;a4:6c:2a:d4:bb:0c;LU-Events;-88;56
3397;a4:6c:2a:d4:bb:0f;LU-Guest;-87;56
3398;80:e0:1d:ee:3f:0e;LakeheadU;-72;56
3399;80:e0:1d:ee:3f:0f;LU-Guest;-70;56
3400;80:e0:1d:ee:3f:0b;Free Tbaytel WiFi;-73;56
3401;80:e0:1d:ee:3f:0c;LU-Events;-73;56
3402;80:e0:1d:ee:3f:0d;eduroam;-71;56
3403;a2:53:22:40:4f:e8;NOSMSecure;-63;56
3404;a2:53:22:40:4f:e9;NOSMSecure;-82;56
3405;ba:a3:32:e1:97:09;Xerox;-71;56
3406;aa:53:22:40:4f:81;NOSMConnect;-92;56
3407;a4:6c:2a:d4:be:3e;LakeheadU;-70;56
3408;a4:6c:2a:d4:be:3f;LU-Guest;-70;56
3409;a4:6c:2a:d4:be:3c;LU-Events;-71;56
3410;a4:6c:2a:d4:be:3d;eduroam;-70;56
3411;a4:6c:2a:d4:be:3b;Free Tbaytel WiFi;-70;56
3412;80:e0:1d:f6:a4:db;Free Tbaytel WiFi;-74;56
3413;80:e0:1d:f6:a4:dd;eduroam;-73;56
3414;80:e0:1d:f6:a4:dc;LU-Events;-74;56
3415;80:e0:1d:e6:79:df;LU-Guest;-87;56
3416;80:e0:1d:f6:a4:df;LU-Guest;-74;56
3417;80:e0:1d:f6:a4:de;LakeheadU;-74;56
3418;80:e0:1d:e6:79:dc;LU-Events;-88;56
3419;a2:53:22:40:4f:81;NOSMSecure;-92;56
3420;a2:53:22:40:4f:7a;NOSMSecure;-68;56
3421;80:e0:1d:f6:a4:d0;LU-Guest;-54;56
3422;80:e0:1d:f6:a4:d2;eduroam;-56;56
3423;80:e0:1d:f6:a4:d1;LakeheadU;-55;56
3424;80:e0:1d:f6:a4:d4;Free Tbaytel WiFi;-79;56
3425;ce:d7:19:24:c6:d5;LINKSYS-750-guest;-61;56
3426;ae:53:22:40:4f:e8;NOSMConnect24;-59;56
3427;80:e0:1d:ac:8b:0e;LakeheadU;-89;56
3428;80:e0:1d:ac:8b:0d;eduroam;-84;56
3429;82:f2:e0:d1:f9:74;portthru;-70;56
3430;80:e0:1d:ac:8b:0c;LU-Events;-90;56
3431;6c:5a:b0:3d:73:c0;Quanser_UVS-5G;-80;56
3432;a4:6c:2a:d4:be:33;LU-Events;-69;56
3433;a4:6c:2a:d4:be:34;Free Tbaytel WiFi;-68;56
3434;a4:6c:2a:d4:be:32;eduroam;-79;56
3435;a4:6c:2a:d3:f2:80;LU-Guest;-81;57
3436;aa:53:22:40:4f:e9;NOSMConnect;-82;57
3437;aa:53:22:40:4f:e8;NOSMConnect;-57;57
3438;00:42:68:59:8b:ff;LU-Guest;-87;57
3439;a6:53:22:40:4f:e9;eduroam;-82;57
3440;a6:53:22:40:4f:e8;eduroam;-59;57
3441;00:42:68:59:8b:fc;LU-Events;-87;57
3442;00:42:68:59:8b:fb;Free Tbaytel WiFi;-86;57
3443;00:42:68:59:8b:fe;LakeheadU;-86;57
3444;00:42:68:59:8b:fd;eduroam;-86;57
3445;9c:53:22:40:4f:e9;TBAYTech;-81;57
3446;9c:53:22:40:4f:e8;TBAYTech;-57;57
3447;ae:53:22:40:4f:7a;NOSMConnect24;-67;57
3448;aa:53:22:40:4f:7a;NOSMConnect;-68;57
3449;e8:de:27:f8:06:78;TP-LINK_F80678_Xiaoping;-76;57
3450;c0:c1:c0:8e:e8:c5;unavailable;-77;57
3451;c8:d7:19:24:c6:d7;LINKSYS-750;-85;57
3452;c8:d7:19:24:c6:d5;LINKSYS-750;-60;57
3453;80:e0:1d:f6:a5:11;LakeheadU;-51;57
3454;80:e0:1d:f6:a5:12;eduroam;-51;57
3455;80:e0:1d:f6:a5:10;LU-Guest;-51;57
3456;80:e0:1d:f6:a5:14;Free Tbaytel WiFi;-51;57
3457;a4:6c:2a:d4:bb:03;LU-Events;-71;57
3458;a4:6c:2a:d4:bb:04;Free Tbaytel WiFi;-70;57
3459;a4:6c:2a:d4:bb:00;LU-Guest;-70;57
3460;a4:6c:2a:d4:bb:01;LakeheadU;-70;57
3461;a4:6c:2a:d4:bb:02;eduroam;-71;57
3462;80:e0:1d:f6:a5:1b;Free Tbaytel WiFi;-54;57
3463;80:e0:1d:f6:a5:1e;LakeheadU;-54;57
3464;80:e0:1d:f6:a5:1f;LU-Guest;-54;57
3465;80:e0:1d:f6:a5:1c;LU-Events;-55;57
3466;80:e0:1d:f6:a5:1d;eduroam;-55;57
3467;9c:53:22:40:4f:7a;TBAYTech;-67;57
3468;a6:53:22:40:4f:81;eduroam;-92;57
3469;a6:53:22:40:4f:7a;eduroam;-68;57
3470;9c:53:22:40:4f:81;TBAYTech;-91;57
3471;80:e0:1d:ee:3f:00;LU-Guest;-59;57
3472;80:e0:1d:ee:3f:01;LakeheadU;-61;57
3473;80:e0:1d:ee:3f:02;eduroam;-59;57
3474;80:e0:1d:ee:3f:03;LU-Events;-61;57
3475;80:e0:1d:ee:3f:04;Free Tbaytel WiFi;-58;57
3476;a4:6c:2a:d4:bb:0c;LU-Events;-88;57
3477;a4:6c:2a:d4:bb:0f;LU-Guest;-87;57
3478;80:e0:1d:ee:3f:0e;LakeheadU;-72;57
3479;80:e0:1d:ee:3f:0f;LU-Guest;-70;57
3480;80:e0:1d:ee:3f:0b;Free Tbaytel WiFi;-73;57
3481;80:e0:1d:ee:3f:0c;LU-Events;-73;57
3482;80:e0:1d:ee:3f:0d;eduroam;-71;57
3483;a2:53:22:40:4f:e8;NOSMSecure;-63;57
3484;a2:53:22:40:4f:e9;NOSMSecure;-82;57
3485;ba:a3:32:e1:97:09;Xerox;-71;57
3486;aa:53:22:40:4f:81;NOSMConnect;-92;57
3487;a4:6c:2a:d4:be:3e;LakeheadU;-70;57
3488;a4:6c:2a:d4:be:3f;LU-Guest;-70;57
3489;a4:6c:2a:d4:be:3c;LU-Events;-71;57
3490;a4:6c:2a:d4:be:3d;eduroam;-70;57
3491;a4:6c:2a:d4:be:3b;Free Tbaytel WiFi;-70;57
3492;80:e0:1d:f6:a4:db;Free Tbaytel WiFi;-74;57
3493;80:e0:1d:f6:a4:dd;eduroam;-73;57
3494;80:e0:1d:f6:a4:dc;LU-Events;-74;57
3495;80:e0:1d:e6:79:df;LU-Guest;-87;57
3496;80:e0:1d:f6:a4:df;LU-Guest;-74;57
3497;80:e0:1d:f6:a4:de;LakeheadU;-74;57
3498;80:e0:1d:e6:79:dc;LU-Events;-88;57
3499;a2:53:22:40:4f:81;NOSMSecure;-92;57
3500;a2:53:22:40:4f:7a;NOSMSecure;-68;57
3501;80:e0:1d:f6:a4:d0;LU-Guest;-54;57
3502;80:e0:1d:f6:a4:d2;eduroam;-56;57
3503;80:e0:1d:f6:a4:d1;LakeheadU;-55;57
3504;80:e0:1d:f6:a4:d4;Free Tbaytel WiFi;-79;57
3505;ce:d7:19:24:c6:d5;LINKSYS-750-guest;-61;57
3506;ae:53:22:40:4f:e8;NOSMConnect24;-59;57
3507;80:e0:1d:ac:8b:0e;LakeheadU;-89;57
3508;82:f2:e0:d1:f9:74;portthru;-70;57
3509;80:e0:1d:ac:8b:0c;LU-Events;-90;57
3510;6c:5a:b0:3d:73:c0;Quanser_UVS-5G;-80;57
3511;a4:6c:2a:d4:be:33;LU-Events;-69;57
3512;a4:6c:2a:d4:be:34;Free Tbaytel WiFi;-68;57
3513;a4:6c:2a:d4:be:32;eduroam;-79;57
3514;80:e0:1d:f6:a5:10;LU-Guest;-51;58
3515;80:e0:1d:f6:a5:12;eduroam;-51;58
3516;80:e0:1d:f6:a5:11;LakeheadU;-51;58
3517;80:e0:1d:f6:a5:14;Free Tbaytel WiFi;-51;58
3518;80:e0:1d:f6:a5:1f;LU-Guest;-54;58
3519;80:e0:1d:f6:a5:1b;Free Tbaytel WiFi;-54;58
3520;80:e0:1d:f6:a5:1e;LakeheadU;-54;58
3521;80:e0:1d:f6:a4:d0;LU-Guest;-54;58
3522;80:e0:1d:f6:a5:1c;LU-Events;-55;58
3523;80:e0:1d:f6:a5:1d;eduroam;-55;58
3524;80:e0:1d:f6:a4:d1;LakeheadU;-55;58
3525;80:e0:1d:f6:a4:d2;eduroam;-56;58
3526;9c:53:22:40:4f:e8;TBAYTech;-57;58
3527;aa:53:22:40:4f:e8;NOSMConnect;-57;58
3528;80:e0:1d:ee:3f:04;Free Tbaytel WiFi;-58;58
3529;80:e0:1d:ee:3f:00;LU-Guest;-59;58
3530;a6:53:22:40:4f:e8;eduroam;-59;58
3531;ae:53:22:40:4f:e8;NOSMConnect24;-59;58
3532;80:e0:1d:ee:3f:02;eduroam;-59;58
3533;c8:d7:19:24:c6:d5;LINKSYS-750;-60;58
3534;ce:d7:19:24:c6:d5;LINKSYS-750-guest;-61;58
3535;80:e0:1d:ee:3f:01;LakeheadU;-61;58
3536;80:e0:1d:ee:3f:03;LU-Events;-61;58
3537;a2:53:22:40:4f:e8;NOSMSecure;-63;58
3538;9c:53:22:40:4f:7a;TBAYTech;-67;58
3539;ae:53:22:40:4f:7a;NOSMConnect24;-67;58
3540;a4:6c:2a:d4:be:34;Free Tbaytel WiFi;-68;58
3541;a2:53:22:40:4f:7a;NOSMSecure;-68;58
3542;a6:53:22:40:4f:7a;eduroam;-68;58
3543;aa:53:22:40:4f:7a;NOSMConnect;-68;58
3544;a4:6c:2a:d4:be:33;LU-Events;-69;58
3545;80:e0:1d:ee:3f:0f;LU-Guest;-70;58
3546;a4:6c:2a:d4:be:3d;eduroam;-70;58
3547;a4:6c:2a:d4:be:3e;LakeheadU;-70;58
3548;a4:6c:2a:d4:be:3b;Free Tbaytel WiFi;-70;58
3549;a4:6c:2a:d4:be:3f;LU-Guest;-70;58
3550;a4:6c:2a:d4:bb:00;LU-Guest;-70;58
3551;a4:6c:2a:d4:bb:04;Free Tbaytel WiFi;-70;58
3552;a4:6c:2a:d4:bb:01;LakeheadU;-70;58
3553;82:f2:e0:d1:f9:74;portthru;-70;58
3554;ba:a3:32:e1:97:09;Xerox;-71;58
3555;80:e0:1d:ee:3f:0d;eduroam;-71;58
3556;a4:6c:2a:d4:be:3c;LU-Events;-71;58
3557;a4:6c:2a:d4:bb:02;eduroam;-71;58
3558;a4:6c:2a:d4:bb:03;LU-Events;-71;58
3559;80:e0:1d:ee:3f:0e;LakeheadU;-72;58
3560;80:e0:1d:f6:a4:dd;eduroam;-73;58
3561;80:e0:1d:ee:3f:0b;Free Tbaytel WiFi;-73;58
3562;80:e0:1d:ee:3f:0c;LU-Events;-73;58
3563;80:e0:1d:f6:a4:de;LakeheadU;-74;58
3564;80:e0:1d:f6:a4:dc;LU-Events;-74;58
3565;80:e0:1d:f6:a4:df;LU-Guest;-74;58
3566;80:e0:1d:f6:a4:db;Free Tbaytel WiFi;-74;58
3567;e8:de:27:f8:06:78;TP-LINK_F80678_Xiaoping;-76;58
3568;c0:c1:c0:8e:e8:c5;unavailable;-77;58
3569;80:e0:1d:f6:a4:d4;Free Tbaytel WiFi;-79;58
3570;a4:6c:2a:d4:be:32;eduroam;-79;58
3571;6c:5a:b0:3d:73:c0;Quanser_UVS-5G;-80;58
3572;a4:6c:2a:d3:f2:80;LU-Guest;-81;58
3573;9c:53:22:40:4f:e9;TBAYTech;-81;58
3574;aa:53:22:40:4f:e9;NOSMConnect;-82;58
3575;a6:53:22:40:4f:e9;eduroam;-82;58
3576;a2:53:22:40:4f:e9;NOSMSecure;-82;58
3577;c8:d7:19:24:c6:d7;LINKSYS-750;-85;58
3578;00:42:68:59:8b:fb;Free Tbaytel WiFi;-86;58
3579;00:42:68:59:8b:fe;LakeheadU;-86;58
3580;00:42:68:59:8b:fd;eduroam;-86;58
3581;00:42:68:59:8b:ff;LU-Guest;-87;58
3582;00:42:68:59:8b:fc;LU-Events;-87;58
3583;80:e0:1d:e6:79:df;LU-Guest;-87;58
3584;a4:6c:2a:d4:bb:0f;LU-Guest;-87;58
3585;80:e0:1d:e6:79:dc;LU-Events;-88;58
3586;a4:6c:2a:d4:bb:0c;LU-Events;-88;58
3587;80:e0:1d:ac:8b:0e;LakeheadU;-89;58
3588;80:e0:1d:ac:8b:0c;LU-Events;-90;58
3589;9c:53:22:40:4f:81;TBAYTech;-91;58
3590;aa:53:22:40:4f:81;NOSMConnect;-92;58
3591;a6:53:22:40:4f:81;eduroam;-92;58
3592;a2:53:22:40:4f:81;NOSMSecure;-92;58
3593;ac:7a:56:c8:62:0a;;-89;59
3594;ac:7a:56:c8:62:0d;;-90;59
3595;ac:7a:56:c8:62:0e;LU-Events;-89;59
3596;ac:7a:56:c8:62:0c;LU-Guest;-90;59
3597;a4:6c:2a:d3:f2:83;LU-Events;-89;59
3598;ac:7a:56:c8:62:08;Free Tbaytel WiFi;-90;59
3599;aa:53:22:40:4f:e9;NOSMConnect;-88;59
3600;ac:7a:56:c8:62:07;eduroam;-90;59
3601;aa:53:22:40:4f:e8;NOSMConnect;-66;59
3602;00:42:68:59:8b:ff;LU-Guest;-79;59
3603;a6:53:22:40:4f:e9;eduroam;-88;59
3604;a6:53:22:40:4f:e8;eduroam;-66;59
3605;00:42:68:59:8b:fc;LU-Events;-78;59
3606;00:42:68:59:8b:fb;Free Tbaytel WiFi;-78;59
3607;00:42:68:59:8b:fe;LakeheadU;-78;59
3608;00:42:68:59:8b:fd;eduroam;-79;59
3609;9c:53:22:40:4f:e9;TBAYTech;-87;59
3610;9c:53:22:40:4f:e8;TBAYTech;-66;59
3611;c0:c1:c0:8e:e8:c5;unavailable;-77;59
3612;c8:d7:19:24:c6:d7;LINKSYS-750;-87;59
3613;c8:d7:19:24:c6:d5;LINKSYS-750;-67;59
3614;80:e0:1d:f6:a5:11;LakeheadU;-48;59
3615;80:e0:1d:f6:a5:12;eduroam;-48;59
3616;80:e0:1d:f6:a5:10;LU-Guest;-48;59
3617;80:e0:1d:f6:a5:13;LU-Events;-50;59
3618;80:e0:1d:f6:a5:14;Free Tbaytel WiFi;-49;59
3619;a4:6c:2a:d4:bb:03;LU-Events;-67;59
3620;a4:6c:2a:d4:bb:04;Free Tbaytel WiFi;-68;59
3621;a4:6c:2a:d4:bb:01;LakeheadU;-67;59
3622;a4:6c:2a:d4:bb:02;eduroam;-68;59
3623;80:e0:1d:f6:a5:1b;Free Tbaytel WiFi;-69;59
3624;80:e0:1d:f6:a5:1e;LakeheadU;-72;59
3625;80:e0:1d:f6:a5:1f;LU-Guest;-72;59
3626;80:e0:1d:f6:a5:1c;LU-Events;-72;59
3627;80:e0:1d:f6:a5:1d;eduroam;-72;59
3628;9c:53:22:40:4f:7a;TBAYTech;-87;59
3629;a6:53:22:40:4f:81;eduroam;-90;59
3630;9c:53:22:40:4f:81;TBAYTech;-92;59
3631;80:e0:1d:ee:3f:00;LU-Guest;-61;59
3632;80:e0:1d:ee:3f:01;LakeheadU;-62;59
3633;80:e0:1d:ee:3f:02;eduroam;-61;59
3634;80:e0:1d:ee:3f:03;LU-Events;-62;59
3635;80:e0:1d:ee:3f:04;Free Tbaytel WiFi;-62;59
3636;a4:6c:2a:d4:bb:0c;LU-Events;-91;59
3637;a4:6c:2a:d4:bb:0f;LU-Guest;-93;59
3638;80:e0:1d:ee:3f:0e;LakeheadU;-76;59
3639;80:e0:1d:ee:3f:0f;LU-Guest;-76;59
3640;80:e0:1d:ee:3f:0b;Free Tbaytel WiFi;-76;59
3641;80:e0:1d:ee:3f:0c;LU-Events;-75;59
3642;80:e0:1d:ee:3f:0d;eduroam;-75;59
3643;a2:53:22:40:4f:e8;NOSMSecure;-68;59
3644;a2:53:22:40:4f:e9;NOSMSecure;-88;59
3645;ba:a3:32:e1:97:09;Xerox;-63;59
3646;aa:53:22:40:4f:81;NOSMConnect;-90;59
3647;80:e0:1d:ee:3f:63;Free Tbaytel WiFi;-83;59
3648;a4:6c:2a:d4:be:3e;LakeheadU;-75;59
3649;a4:6c:2a:d4:be:3f;LU-Guest;-75;59
3650;a4:6c:2a:d4:be:3c;LU-Events;-75;59
3651;a4:6c:2a:d4:be:3d;eduroam;-75;59
3652;a4:6c:2a:d4:be:3b;Free Tbaytel WiFi;-74;59
3653;80:e0:1d:f6:a4:db;Free Tbaytel WiFi;-62;59
3654;80:e0:1d:f6:a4:dd;eduroam;-62;59
3655;80:e0:1d:f6:a4:dc;LU-Events;-62;59
3656;80:e0:1d:f6:a4:df;LU-Guest;-62;59
3657;80:e0:1d:f6:a4:de;LakeheadU;-62;59
3658;a2:53:22:40:4f:81;NOSMSecure;-90;59
3659;d8:b1:90:e1:2d:a1;LakeheadU;-79;59
3660;80:e0:1d:ac:8b:04;Free Tbaytel WiFi;-82;59
3661;80:e0:1d:ac:8b:03;LU-Events;-83;59
3662;80:e0:1d:ac:8b:02;eduroam;-81;59
3663;80:e0:1d:f6:a4:d0;LU-Guest;-50;59
3664;80:e0:1d:ee:3f:6f;LakeheadU;-88;59
3665;80:e0:1d:f6:a4:d4;Free Tbaytel WiFi;-50;59
3666;ce:d7:19:24:c6:d5;LINKSYS-750-guest;-70;59
3667;ae:53:22:40:4f:e8;NOSMConnect24;-66;59
3668;82:f2:e0:d1:f9:74;portthru;-67;59
3669;a4:6c:2a:d4:be:30;LU-Guest;-64;59
3670;a4:6c:2a:d4:be:34;Free Tbaytel WiFi;-64;59
3671;ac:7a:56:c8:62:0a;;-89;60
3672;ac:7a:56:c8:62:0d;;-90;60
3673;ac:7a:56:c8:62:0e;LU-Events;-89;60
3674;ac:7a:56:c8:62:0c;LU-Guest;-90;60
3675;a4:6c:2a:d3:f2:83;LU-Events;-89;60
3676;ac:7a:56:c8:62:08;Free Tbaytel WiFi;-90;60
3677;aa:53:22:40:4f:e9;NOSMConnect;-88;60
3678;ac:7a:56:c8:62:07;eduroam;-90;60
3679;aa:53:22:40:4f:e8;NOSMConnect;-66;60
3680;00:42:68:59:8b:ff;LU-Guest;-79;60
3681;a6:53:22:40:4f:e9;eduroam;-88;60
3682;a6:53:22:40:4f:e8;eduroam;-66;60
3683;00:42:68:59:8b:fc;LU-Events;-78;60
3684;00:42:68:59:8b:fb;Free Tbaytel WiFi;-78;60
3685;00:42:68:59:8b:fe;LakeheadU;-78;60
3686;00:42:68:59:8b:fd;eduroam;-79;60
3687;9c:53:22:40:4f:e9;TBAYTech;-87;60
3688;9c:53:22:40:4f:e8;TBAYTech;-66;60
3689;c0:c1:c0:8e:e8:c5;unavailable;-77;60
3690;c8:d7:19:24:c6:d7;LINKSYS-750;-87;60
3691;c8:d7:19:24:c6:d5;LINKSYS-750;-67;60
3692;80:e0:1d:f6:a5:11;LakeheadU;-48;60
3693;80:e0:1d:f6:a5:12;eduroam;-48;60
3694;80:e0:1d:f6:a5:10;LU-Guest;-48;60
3695;80:e0:1d:f6:a5:13;LU-Events;-50;60
3696;80:e0:1d:f6:a5:14;Free Tbaytel WiFi;-49;60
3697;a4:6c:2a:d4:bb:03;LU-Events;-67;60
3698;a4:6c:2a:d4:bb:04;Free Tbaytel WiFi;-68;60
3699;a4:6c:2a:d4:bb:01;LakeheadU;-67;60
3700;a4:6c:2a:d4:bb:02;eduroam;-68;60
3701;80:e0:1d:f6:a5:1b;Free Tbaytel WiFi;-69;60
3702;80:e0:1d:f6:a5:1e;LakeheadU;-72;60
3703;80:e0:1d:f6:a5:1f;LU-Guest;-72;60
3704;80:e0:1d:f6:a5:1c;LU-Events;-72;60
3705;80:e0:1d:f6:a5:1d;eduroam;-72;60
3706;9c:53:22:40:4f:7a;TBAYTech;-87;60
3707;a6:53:22:40:4f:81;eduroam;-90;60
3708;9c:53:22:40:4f:81;TBAYTech;-92;60
3709;80:e0:1d:ee:3f:00;LU-Guest;-61;60
3710;80:e0:1d:ee:3f:01;LakeheadU;-62;60
3711;80:e0:1d:ee:3f:02;eduroam;-61;60
3712;80:e0:1d:ee:3f:03;LU-Events;-62;60
3713;80:e0:1d:ee:3f:04;Free Tbaytel WiFi;-62;60
3714;a4:6c:2a:d4:bb:0c;LU-Events;-91;60
3715;a4:6c:2a:d4:bb:0f;LU-Guest;-93;60
3716;80:e0:1d:ee:3f:0e;LakeheadU;-76;60
3717;80:e0:1d:ee:3f:0f;LU-Guest;-76;60
3718;80:e0:1d:ee:3f:0b;Free Tbaytel WiFi;-76;60
3719;80:e0:1d:ee:3f:0c;LU-Events;-75;60
3720;80:e0:1d:ee:3f:0d;eduroam;-75;60
3721;a2:53:22:40:4f:e8;NOSMSecure;-68;60
3722;a2:53:22:40:4f:e9;NOSMSecure;-88;60
3723;ba:a3:32:e1:97:09;Xerox;-63;60
3724;aa:53:22:40:4f:81;NOSMConnect;-90;60
3725;80:e0:1d:ee:3f:63;Free Tbaytel WiFi;-83;60
3726;a4:6c:2a:d4:be:3e;LakeheadU;-75;60
3727;a4:6c:2a:d4:be:3f;LU-Guest;-75;60
3728;a4:6c:2a:d4:be:3c;LU-Events;-75;60
3729;a4:6c:2a:d4:be:3d;eduroam;-75;60
3730;a4:6c:2a:d4:be:3b;Free Tbaytel WiFi;-74;60
3731;80:e0:1d:f6:a4:db;Free Tbaytel WiFi;-62;60
3732;80:e0:1d:f6:a4:dd;eduroam;-62;60
3733;80:e0:1d:f6:a4:dc;LU-Events;-62;60
3734;80:e0:1d:f6:a4:df;LU-Guest;-62;60
3735;80:e0:1d:f6:a4:de;LakeheadU;-62;60
3736;a2:53:22:40:4f:81;NOSMSecure;-90;60
3737;d8:b1:90:e1:2d:a1;LakeheadU;-79;60
3738;80:e0:1d:ac:8b:04;Free Tbaytel WiFi;-82;60
3739;80:e0:1d:ac:8b:03;LU-Events;-83;60
3740;80:e0:1d:ac:8b:02;eduroam;-81;60
3741;80:e0:1d:f6:a4:d0;LU-Guest;-50;60
3742;80:e0:1d:ee:3f:6f;LakeheadU;-88;60
3743;80:e0:1d:f6:a4:d4;Free Tbaytel WiFi;-50;60
3744;ce:d7:19:24:c6:d5;LINKSYS-750-guest;-70;60
3745;ae:53:22:40:4f:e8;NOSMConnect24;-66;60
3746;82:f2:e0:d1:f9:74;portthru;-67;60
3747;a4:6c:2a:d4:be:30;LU-Guest;-64;60
3748;a4:6c:2a:d4:be:34;Free Tbaytel WiFi;-64;60
3749;80:e0:1d:f6:a5:1b;Free Tbaytel WiFi;-76;61
3750;a4:6c:2a:d4:bb:0c;LU-Events;-91;61
3751;a4:6c:2a:d4:bb:0e;LakeheadU;-91;61
3752;a4:6c:2a:d4:bb:0f;LU-Guest;-93;61
3753;a4:6c:2a:d4:bb:0b;Free Tbaytel WiFi;-92;61
3754;ac:7a:56:c8:62:0f;LakeheadU;-88;62
3755;ac:7a:56:c8:62:0a;;-88;62
3756;ac:7a:56:c8:62:0d;;-88;62
3757;ac:7a:56:c8:62:0e;LU-Events;-89;62
3758;ac:7a:56:c8:62:0b;;-88;62
3759;ac:7a:56:c8:62:0c;LU-Guest;-88;62
3760;ae:53:22:40:4f:80;NOSMConnect24;-59;62
3761;ac:7a:56:c8:62:03;LU-Guest;-81;62
3762;ac:7a:56:c8:62:08;Free Tbaytel WiFi;-88;62
3763;ac:7a:56:c8:62:07;eduroam;-88;62
3764;00:42:68:59:8b:ff;LU-Guest;-77;62
3765;00:42:68:59:8b:fc;LU-Events;-77;62
3766;00:42:68:59:8b:fb;Free Tbaytel WiFi;-77;62
3767;00:42:68:59:8b:fe;LakeheadU;-78;62
3768;00:42:68:59:8b:fd;eduroam;-77;62
3769;e8:de:27:f8:06:78;TP-LINK_F80678_Xiaoping;-61;62
3770;c0:c1:c0:8e:e8:c5;unavailable;-68;62
3771;c8:d7:19:24:c6:d7;LINKSYS-750;-74;62
3772;c8:d7:19:24:c6:d5;LINKSYS-750;-48;62
3773;80:e0:1d:f6:a5:10;LU-Guest;-67;62
3774;80:e0:1d:f6:a5:13;LU-Events;-69;62
3775;06:56:78:d0:60:49;EBF06ED2;-86;62
3776;a4:6c:2a:d4:bb:03;LU-Events;-79;62
3777;a4:6c:2a:d4:bb:04;Free Tbaytel WiFi;-80;62
3778;a4:6c:2a:d4:bb:00;LU-Guest;-81;62
3779;a4:6c:2a:d4:bb:01;LakeheadU;-77;62
3780;a4:6c:2a:d4:bb:02;eduroam;-78;62
3781;80:e0:1d:f6:a5:1b;Free Tbaytel WiFi;-84;62
3782;80:e0:1d:f6:a5:1e;LakeheadU;-83;62
3783;80:e0:1d:f6:a5:1f;LU-Guest;-84;62
3784;80:e0:1d:f6:a5:1c;LU-Events;-84;62
3785;80:e0:1d:f6:a5:1d;eduroam;-84;62
3786;a6:53:22:40:4f:80;eduroam;-55;62
3787;a6:53:22:40:4f:81;eduroam;-84;62
3788;9c:53:22:40:4f:81;TBAYTech;-83;62
3789;9c:53:22:40:4f:80;TBAYTech;-54;62
3790;80:e0:1d:ee:3f:00;LU-Guest;-69;62
3791;80:e0:1d:ee:3f:01;LakeheadU;-69;62
3792;80:e0:1d:ee:3f:02;eduroam;-69;62
3793;80:e0:1d:ee:3f:03;LU-Events;-68;62
3794;80:e0:1d:ee:3f:04;Free Tbaytel WiFi;-68;62
3795;06:31:47:b2:5e:66;EBF1E5E6;-81;62
3796;80:e0:1d:ee:3f:0e;LakeheadU;-77;62
3797;80:e0:1d:ee:3f:0f;LU-Guest;-77;62
3798;80:e0:1d:ee:3f:0b;Free Tbaytel WiFi;-77;62
3799;80:e0:1d:ee:3f:0d;eduroam;-77;62
3800;ba:a3:32:e1:97:09;Xerox;-54;62
3801;aa:53:22:40:4f:81;NOSMConnect;-84;62
3802;80:e0:1d:ee:3f:61;LU-Guest;-80;62
3803;a4:6c:2a:d4:be:3e;LakeheadU;-66;62
3804;a4:6c:2a:d4:be:3f;LU-Guest;-66;62
3805;a4:6c:2a:d4:be:3c;LU-Events;-66;62
3806;a4:6c:2a:d4:be:3d;eduroam;-66;62
3807;a4:6c:2a:d4:be:3b;Free Tbaytel WiFi;-66;62
3808;00:42:68:59:8b:f1;LakeheadU;-74;62
3809;00:42:68:59:8b:f0;LU-Guest;-73;62
3810;00:42:68:59:8b:f3;LU-Events;-74;62
3811;80:e0:1d:f6:a4:db;Free Tbaytel WiFi;-58;62
3812;00:42:68:59:8b:f2;eduroam;-74;62
3813;80:e0:1d:f6:a4:dd;eduroam;-57;62
3814;80:e0:1d:f6:a4:dc;LU-Events;-57;62
3815;80:e0:1d:f6:a4:df;LU-Guest;-57;62
3816;80:e0:1d:f6:a4:de;LakeheadU;-57;62
3817;a2:53:22:40:4f:81;NOSMSecure;-83;62
3818;a2:53:22:40:4f:80;NOSMSecure;-54;62
3819;80:e0:1d:ee:3f:6d;LU-Events;-86;62
3820;80:e0:1d:ee:3f:6e;LU-Guest;-84;62
3821;80:e0:1d:f6:a4:d0;LU-Guest;-40;62
3822;80:e0:1d:f6:a4:d2;eduroam;-38;62
3823;80:e0:1d:f6:a4:d4;Free Tbaytel WiFi;-38;62
3824;80:e0:1d:ee:3f:6b;eduroam;-85;62
3825;80:e0:1d:f6:a4:d3;LU-Events;-41;62
3826;ce:d7:19:24:c6:d5;LINKSYS-750-guest;-47;62
3827;82:f2:e0:d1:f9:74;portthru;-70;62
3828;a4:6c:2a:e0:1f:b3;LU-Events;-80;62
3829;a4:6c:2a:e0:1f:b1;LakeheadU;-79;62
3830;a4:6c:2a:e0:1f:b2;eduroam;-80;62
3831;a4:6c:2a:d4:be:30;LU-Guest;-57;62
3832;a4:6c:2a:e0:1f:bd;eduroam;-93;62
3833;a4:6c:2a:d4:be:34;Free Tbaytel WiFi;-59;62
3834;a4:6c:2a:d4:be:32;eduroam;-59;62
3835;ac:7a:56:c8:62:0f;LakeheadU;-88;63
3836;ac:7a:56:c8:62:0a;;-88;63
3837;ac:7a:56:c8:62:0d;;-88;63
3838;ac:7a:56:c8:62:0e;LU-Events;-89;63
3839;ac:7a:56:c8:62:0b;;-88;63
3840;ac:7a:56:c8:62:0c;LU-Guest;-88;63
3841;ae:53:22:40:4f:80;NOSMConnect24;-59;63
3842;ac:7a:56:c8:62:03;LU-Guest;-81;63
3843;ac:7a:56:c8:62:08;Free Tbaytel WiFi;-88;63
3844;ac:7a:56:c8:62:07;eduroam;-88;63
3845;00:42:68:59:8b:ff;LU-Guest;-77;63
3846;00:42:68:59:8b:fc;LU-Events;-77;63
3847;00:42:68:59:8b:fb;Free Tbaytel WiFi;-77;63
3848;00:42:68:59:8b:fe;LakeheadU;-78;63
3849;00:42:68:59:8b:fd;eduroam;-77;63
3850;e8:de:27:f8:06:78;TP-LINK_F80678_Xiaoping;-61;63
3851;c0:c1:c0:8e:e8:c5;unavailable;-68;63
3852;c8:d7:19:24:c6:d7;LINKSYS-750;-74;63
3853;c8:d7:19:24:c6:d5;LINKSYS-750;-48;63
3854;80:e0:1d:f6:a5:10;LU-Guest;-67;63
3855;80:e0:1d:f6:a5:13;LU-Events;-69;63
3856;06:56:78:d0:60:49;EBF06ED2;-86;63
3857;a4:6c:2a:d4:bb:03;LU-Events;-79;63
3858;a4:6c:2a:d4:bb:04;Free Tbaytel WiFi;-80;63
3859;a4:6c:2a:d4:bb:00;LU-Guest;-81;63
3860;a4:6c:2a:d4:bb:01;LakeheadU;-77;63
3861;a4:6c:2a:d4:bb:02;eduroam;-78;63
3862;80:e0:1d:f6:a5:1b;Free Tbaytel WiFi;-84;63
3863;80:e0:1d:f6:a5:1e;LakeheadU;-83;63
3864;80:e0:1d:f6:a5:1f;LU-Guest;-84;63
3865;80:e0:1d:f6:a5:1c;LU-Events;-84;63
3866;80:e0:1d:f6:a5:1d;eduroam;-84;63
3867;a6:53:22:40:4f:80;eduroam;-55;63
3868;a6:53:22:40:4f:81;eduroam;-84;63
3869;9c:53:22:40:4f:81;TBAYTech;-83;63
3870;9c:53:22:40:4f:80;TBAYTech;-54;63
3871;80:e0:1d:ee:3f:00;LU-Guest;-69;63
3872;80:e0:1d:ee:3f:01;LakeheadU;-69;63
3873;80:e0:1d:ee:3f:02;eduroam;-69;63
3874;80:e0:1d:ee:3f:03;LU-Events;-68;63
3875;80:e0:1d:ee:3f:04;Free Tbaytel WiFi;-68;63
3876;06:31:47:b2:5e:66;EBF1E5E6;-81;63
3877;80:e0:1d:ee:3f:0e;LakeheadU;-77;63
3878;80:e0:1d:ee:3f:0f;LU-Guest;-77;63
3879;80:e0:1d:ee:3f:0b;Free Tbaytel WiFi;-77;63
3880;80:e0:1d:ee:3f:0d;eduroam;-77;63
3881;ba:a3:32:e1:97:09;Xerox;-54;63
3882;aa:53:22:40:4f:81;NOSMConnect;-84;63
3883;80:e0:1d:ee:3f:61;LU-Guest;-80;63
3884;a4:6c:2a:d4:be:3e;LakeheadU;-66;63
3885;a4:6c:2a:d4:be:3f;LU-Guest;-66;63
3886;a4:6c:2a:d4:be:3c;LU-Events;-66;63
3887;a4:6c:2a:d4:be:3d;eduroam;-66;63
3888;a4:6c:2a:d4:be:3b;Free Tbaytel WiFi;-66;63
3889;00:42:68:59:8b:f1;LakeheadU;-74;63
3890;00:42:68:59:8b:f0;LU-Guest;-73;63
3891;00:42:68:59:8b:f3;LU-Events;-74;63
3892;80:e0:1d:f6:a4:db;Free Tbaytel WiFi;-58;63
3893;00:42:68:59:8b:f2;eduroam;-74;63
3894;80:e0:1d:f6:a4:dd;eduroam;-57;63
3895;80:e0:1d:f6:a4:dc;LU-Events;-57;63
3896;80:e0:1d:f6:a4:df;LU-Guest;-57;63
3897;80:e0:1d:f6:a4:de;LakeheadU;-57;63
3898;a2:53:22:40:4f:81;NOSMSecure;-83;63
3899;a2:53:22:40:4f:80;NOSMSecure;-54;63
3900;80:e0:1d:ee:3f:6d;LU-Events;-86;63
3901;80:e0:1d:ee:3f:6e;LU-Guest;-84;63
3902;80:e0:1d:f6:a4:d0;LU-Guest;-40;63
3903;80:e0:1d:f6:a4:d2;eduroam;-38;63
3904;80:e0:1d:f6:a4:d4;Free Tbaytel WiFi;-38;63
3905;80:e0:1d:ee:3f:6b;eduroam;-85;63
3906;80:e0:1d:f6:a4:d3;LU-Events;-41;63
3907;ce:d7:19:24:c6:d5;LINKSYS-750-guest;-47;63
3908;82:f2:e0:d1:f9:74;portthru;-70;63
3909;a4:6c:2a:e0:1f:b3;LU-Events;-80;63
3910;a4:6c:2a:e0:1f:b1;LakeheadU;-79;63
3911;a4:6c:2a:e0:1f:b2;eduroam;-80;63
3912;a4:6c:2a:d4:be:30;LU-Guest;-57;63
3913;a4:6c:2a:e0:1f:bd;eduroam;-93;63
3914;a4:6c:2a:d4:be:34;Free Tbaytel WiFi;-59;63
3915;a4:6c:2a:d4:be:32;eduroam;-59;63
3916;ae:53:22:40:4f:80;NOSMConnect24;-53;64
3917;ac:7a:56:c8:62:07;Free Tbaytel WiFi;-85;64
3918;aa:53:22:40:4f:e8;NOSMConnect;-78;64
3919;00:42:68:59:8b:ff;LU-Guest;-78;64
3920;00:42:68:59:8b:fc;LU-Events;-79;64
3921;00:42:68:59:8b:fb;Free Tbaytel WiFi;-78;64
3922;00:42:68:59:8b:fe;LakeheadU;-79;64
3923;00:42:68:59:8b:fd;eduroam;-78;64
3924;e8:de:27:f8:06:78;TP-LINK_F80678_Xiaoping;-61;64
3925;c0:c1:c0:8e:e8:c5;unavailable;-56;64
3926;c8:d7:19:24:c6:d7;LINKSYS-750;-74;64
3927;c8:d7:19:24:c6:d5;LINKSYS-750;-48;64
3928;80:e0:1d:f6:a5:11;LakeheadU;-70;64
3929;80:e0:1d:f6:a5:12;eduroam;-71;64
3930;80:e0:1d:f6:a5:10;LU-Guest;-70;64
3931;80:e0:1d:f6:a5:13;LU-Events;-70;64
3932;80:e0:1d:f6:a5:14;Free Tbaytel WiFi;-69;64
3933;a4:6c:2a:d4:bb:03;LU-Events;-84;64
3934;a4:6c:2a:d4:bb:04;Free Tbaytel WiFi;-83;64
3935;a4:6c:2a:d4:bb:00;LU-Guest;-84;64
3936;a4:6c:2a:d4:bb:02;eduroam;-84;64
3937;80:e0:1d:f6:a5:1b;Free Tbaytel WiFi;-83;64
3938;80:e0:1d:f6:a5:1e;LakeheadU;-82;64
3939;80:e0:1d:f6:a5:1f;LU-Guest;-82;64
3940;80:e0:1d:f6:a5:1c;LU-Events;-82;64
3941;80:e0:1d:f6:a5:1d;eduroam;-83;64
3942;a6:53:22:40:4f:80;eduroam;-52;64
3943;a6:53:22:40:4f:81;eduroam;-77;64
3944;9c:53:22:40:4f:81;TBAYTech;-77;64
3945;9c:53:22:40:4f:80;TBAYTech;-54;64
3946;80:e0:1d:ee:3f:00;LU-Guest;-63;64
3947;80:e0:1d:ee:3f:01;LakeheadU;-63;64
3948;80:e0:1d:ee:3f:02;eduroam;-63;64
3949;80:e0:1d:ee:3f:03;LU-Events;-64;64
3950;80:e0:1d:ee:3f:04;Free Tbaytel WiFi;-63;64
3951;80:e0:1d:ee:3f:0e;LakeheadU;-78;64
3952;80:e0:1d:ee:3f:0c;LU-Events;-78;64
3953;ba:a3:32:e1:97:09;Xerox;-58;64
3954;aa:53:22:40:4f:80;NOSMConnect;-53;64
3955;aa:53:22:40:4f:81;NOSMConnect;-77;64
3956;a4:6c:2a:d4:be:3e;LakeheadU;-71;64
3957;a4:6c:2a:d4:be:3f;LU-Guest;-71;64
3958;a4:6c:2a:d4:be:3c;LU-Events;-71;64
3959;a4:6c:2a:d4:be:3d;eduroam;-71;64
3960;a4:6c:2a:d4:be:3b;Free Tbaytel WiFi;-71;64
3961;80:e0:1d:f6:a4:db;Free Tbaytel WiFi;-68;64
3962;80:e0:1d:f6:a4:dd;eduroam;-71;64
3963;80:e0:1d:f6:a4:dc;LU-Events;-72;64
3964;80:e0:1d:f6:a4:df;LU-Guest;-72;64
3965;80:e0:1d:f6:a4:de;LakeheadU;-71;64
3966;a2:53:22:40:4f:81;NOSMSecure;-77;64
3967;a2:53:22:40:4f:80;NOSMSecure;-61;64
3968;80:e0:1d:ac:8b:03;LU-Events;-87;64
3969;80:e0:1d:ee:3f:6d;LU-Events;-79;64
3970;80:e0:1d:f6:a4:d1;LakeheadU;-46;64
3971;80:e0:1d:f6:a4:d3;LU-Events;-46;64
3972;9e:93:4e:3b:a7:b6;DIRECT-jiPhaser 3260;-72;64
3973;ce:d7:19:24:c6:d5;LINKSYS-750-guest;-45;64
3974;ae:53:22:40:4f:e8;NOSMConnect24;-78;64
3975;82:f2:e0:d1:f9:74;portthru;-52;64
3976;a4:6c:2a:e0:1f:b3;LU-Events;-75;64
3977;a4:6c:2a:e0:1f:b4;Free Tbaytel WiFi;-76;64
3978;a4:6c:2a:e0:1f:b0;LU-Guest;-75;64
3979;a4:6c:2a:e0:1f:b1;LakeheadU;-75;64
3980;a4:6c:2a:e0:1f:b2;eduroam;-75;64
3981;a4:6c:2a:e0:1f:bc;LU-Events;-89;64
3982;a4:6c:2a:e0:1f:bd;eduroam;-89;64
3983;a4:6c:2a:e0:1f:be;LakeheadU;-88;64
3984;a4:6c:2a:e0:1f:bf;LU-Guest;-88;64
3985;a4:6c:2a:d4:be:34;Free Tbaytel WiFi;-61;64
3986;a4:6c:2a:e0:1f:bb;Free Tbaytel WiFi;-89;64
3987;ae:53:22:40:4f:80;NOSMConnect24;-53;65
3988;ac:7a:56:c8:62:07;Free Tbaytel WiFi;-85;65
3989;aa:53:22:40:4f:e8;NOSMConnect;-78;65
3990;00:42:68:59:8b:ff;LU-Guest;-78;65
3991;00:42:68:59:8b:fc;LU-Events;-79;65
3992;00:42:68:59:8b:fb;Free Tbaytel WiFi;-78;65
3993;00:42:68:59:8b:fe;LakeheadU;-79;65
3994;00:42:68:59:8b:fd;eduroam;-78;65
3995;e8:de:27:f8:06:78;TP-LINK_F80678_Xiaoping;-61;65
3996;c0:c1:c0:8e:e8:c5;unavailable;-56;65
3997;c8:d7:19:24:c6:d7;LINKSYS-750;-74;65
3998;c8:d7:19:24:c6:d5;LINKSYS-750;-48;65
3999;80:e0:1d:f6:a5:11;LakeheadU;-70;65
4000;80:e0:1d:f6:a5:12;eduroam;-71;65
4001;80:e0:1d:f6:a5:10;LU-Guest;-70;65
4002;80:e0:1d:f6:a5:13;LU-Events;-70;65
4003;80:e0:1d:f6:a5:14;Free Tbaytel WiFi;-69;65
4004;a4:6c:2a:d4:bb:03;LU-Events;-84;65
4005;a4:6c:2a:d4:bb:04;Free Tbaytel WiFi;-83;65
4006;a4:6c:2a:d4:bb:00;LU-Guest;-84;65
4007;a4:6c:2a:d4:bb:02;eduroam;-84;65
4008;80:e0:1d:f6:a5:1b;Free Tbaytel WiFi;-83;65
4009;80:e0:1d:f6:a5:1e;LakeheadU;-82;65
4010;80:e0:1d:f6:a5:1f;LU-Guest;-82;65
4011;80:e0:1d:f6:a5:1c;LU-Events;-82;65
4012;80:e0:1d:f6:a5:1d;eduroam;-83;65
4013;a6:53:22:40:4f:80;eduroam;-52;65
4014;a6:53:22:40:4f:81;eduroam;-77;65
4015;9c:53:22:40:4f:81;TBAYTech;-77;65
4016;9c:53:22:40:4f:80;TBAYTech;-54;65
4017;80:e0:1d:ee:3f:00;LU-Guest;-63;65
4018;80:e0:1d:ee:3f:01;LakeheadU;-63;65
4019;80:e0:1d:ee:3f:02;eduroam;-63;65
4020;80:e0:1d:ee:3f:03;LU-Events;-64;65
4021;80:e0:1d:ee:3f:04;Free Tbaytel WiFi;-63;65
4022;80:e0:1d:ee:3f:0e;LakeheadU;-78;65
4023;80:e0:1d:ee:3f:0c;LU-Events;-78;65
4024;ba:a3:32:e1:97:09;Xerox;-58;65
4025;aa:53:22:40:4f:80;NOSMConnect;-53;65
4026;aa:53:22:40:4f:81;NOSMConnect;-77;65
4027;a4:6c:2a:d4:be:3e;LakeheadU;-71;65
4028;a4:6c:2a:d4:be:3f;LU-Guest;-71;65
4029;a4:6c:2a:d4:be:3c;LU-Events;-71;65
4030;a4:6c:2a:d4:be:3d;eduroam;-71;65
4031;a4:6c:2a:d4:be:3b;Free Tbaytel WiFi;-71;65
4032;80:e0:1d:f6:a4:db;Free Tbaytel WiFi;-68;65
4033;80:e0:1d:f6:a4:dd;eduroam;-71;65
4034;80:e0:1d:f6:a4:dc;LU-Events;-72;65
4035;80:e0:1d:f6:a4:df;LU-Guest;-72;65
4036;80:e0:1d:f6:a4:de;LakeheadU;-71;65
4037;a2:53:22:40:4f:81;NOSMSecure;-77;65
4038;a2:53:22:40:4f:80;NOSMSecure;-61;65
4039;80:e0:1d:ac:8b:03;LU-Events;-87;65
4040;80:e0:1d:ee:3f:6d;LU-Events;-79;65
4041;80:e0:1d:f6:a4:d1;LakeheadU;-46;65
4042;80:e0:1d:f6:a4:d3;LU-Events;-46;65
4043;9e:93:4e:3b:a7:b6;DIRECT-jiPhaser 3260;-72;65
4044;ce:d7:19:24:c6:d5;LINKSYS-750-guest;-45;65
4045;ae:53:22:40:4f:e8;NOSMConnect24;-78;65
4046;82:f2:e0:d1:f9:74;portthru;-52;65
4047;a4:6c:2a:e0:1f:b3;LU-Events;-75;65
4048;a4:6c:2a:e0:1f:b4;Free Tbaytel WiFi;-76;65
4049;a4:6c:2a:e0:1f:b0;LU-Guest;-75;65
4050;a4:6c:2a:e0:1f:b1;LakeheadU;-75;65
4051;a4:6c:2a:e0:1f:b2;eduroam;-75;65
4052;a4:6c:2a:e0:1f:bc;LU-Events;-89;65
4053;a4:6c:2a:e0:1f:bd;eduroam;-89;65
4054;a4:6c:2a:e0:1f:be;LakeheadU;-88;65
4055;a4:6c:2a:e0:1f:bf;LU-Guest;-88;65
4056;a4:6c:2a:d4:be:34;Free Tbaytel WiFi;-61;65
4057;a4:6c:2a:e0:1f:bb;Free Tbaytel WiFi;-89;65
4058;ae:53:22:40:4f:80;NOSMConnect24;-48;66
4059;00:42:68:59:8b:ff;LU-Guest;-74;66
4060;00:42:68:59:8b:fc;LU-Events;-74;66
4061;00:42:68:59:8b:fb;Free Tbaytel WiFi;-74;66
4062;00:42:68:59:8b:fe;LakeheadU;-74;66
4063;00:42:68:59:8b:fd;eduroam;-73;66
4064;e8:de:27:f8:06:78;TP-LINK_F80678_Xiaoping;-53;66
4065;c0:c1:c0:8e:e8:c5;unavailable;-61;66
4066;c8:d7:19:24:c6:d7;LINKSYS-750;-79;66
4067;c8:d7:19:24:c6:d5;LINKSYS-750;-50;66
4068;06:56:78:d0:60:49;EBF06ED2;-78;66
4069;a4:6c:2a:d4:bb:02;eduroam;-84;66
4070;80:e0:1d:f6:a5:1b;Free Tbaytel WiFi;-84;66
4071;80:e0:1d:f6:a5:1f;LU-Guest;-85;66
4072;80:e0:1d:f6:a5:1c;LU-Events;-85;66
4073;a6:53:22:40:4f:80;eduroam;-49;66
4074;a6:53:22:40:4f:81;eduroam;-75;66
4075;9c:53:22:40:4f:81;TBAYTech;-75;66
4076;9c:53:22:40:4f:80;TBAYTech;-45;66
4077;80:e0:1d:ee:3f:00;LU-Guest;-70;66
4078;80:e0:1d:ee:3f:01;LakeheadU;-71;66
4079;80:e0:1d:ee:3f:02;eduroam;-71;66
4080;80:e0:1d:ee:3f:03;LU-Events;-71;66
4081;80:e0:1d:ee:3f:04;Free Tbaytel WiFi;-70;66
4082;80:e0:1d:ee:3f:0e;LakeheadU;-77;66
4083;80:e0:1d:ee:3f:0c;LU-Events;-76;66
4084;ba:a3:32:e1:97:09;Xerox;-51;66
4085;aa:53:22:40:4f:81;NOSMConnect;-75;66
4086;80:e0:1d:ee:3f:63;Free Tbaytel WiFi;-70;66
4087;80:e0:1d:ee:3f:64;eduroam;-69;66
4088;80:e0:1d:ee:3f:60;LakeheadU;-69;66
4089;80:e0:1d:ee:3f:61;LU-Guest;-69;66
4090;80:e0:1d:ee:3f:62;LU-Events;-69;66
4091;a4:6c:2a:d4:be:3e;LakeheadU;-75;66
4092;a4:6c:2a:d4:be:3f;LU-Guest;-75;66
4093;a4:6c:2a:d4:be:3c;LU-Events;-74;66
4094;a4:6c:2a:d4:be:3d;eduroam;-74;66
4095;a4:6c:2a:d4:be:3b;Free Tbaytel WiFi;-75;66
4096;80:e0:1d:f6:a4:db;Free Tbaytel WiFi;-79;66
4097;80:e0:1d:f6:a4:dd;eduroam;-79;66
4098;80:e0:1d:f6:a4:dc;LU-Events;-79;66
4099;80:e0:1d:f6:a4:df;LU-Guest;-79;66
4100;80:e0:1d:f6:a4:de;LakeheadU;-79;66
4101;a2:53:22:40:4f:81;NOSMSecure;-75;66
4102;a2:53:22:40:4f:80;NOSMSecure;-49;66
4103;80:e0:1d:ee:3f:6c;Free Tbaytel WiFi;-71;66
4104;80:e0:1d:ee:3f:6d;LU-Events;-71;66
4105;80:e0:1d:f6:a4:d0;LU-Guest;-57;66
4106;9e:93:4e:3b:a7:b6;DIRECT-jiPhaser 3260;-72;66
4107;80:e0:1d:f8:49:43;LU-Events;-83;66
4108;80:e0:1d:f8:49:44;Free Tbaytel WiFi;-83;66
4109;82:f2:e0:d1:f9:74;portthru;-47;66
4110;a4:6c:2a:e0:1f:b3;LU-Events;-75;66
4111;a4:6c:2a:e0:1f:b4;Free Tbaytel WiFi;-73;66
4112;a4:6c:2a:e0:1f:b0;LU-Guest;-71;66
4113;a4:6c:2a:e0:1f:b1;LakeheadU;-71;66
4114;a4:6c:2a:e0:1f:b2;eduroam;-71;66
4115;a4:6c:2a:d4:be:30;LU-Guest;-54;66
4116;a4:6c:2a:e0:1f:bc;LU-Events;-84;66
4117;a4:6c:2a:e0:1f:bd;eduroam;-84;66
4118;a4:6c:2a:e0:1f:be;LakeheadU;-84;66
4119;a4:6c:2a:e0:1f:bf;LU-Guest;-84;66
4120;a4:6c:2a:e0:1f:bb;Free Tbaytel WiFi;-84;66
4121;ae:53:22:40:4f:80;NOSMConnect24;-48;67
4122;00:42:68:59:8b:ff;LU-Guest;-74;67
4123;00:42:68:59:8b:fc;LU-Events;-74;67
4124;00:42:68:59:8b:fb;Free Tbaytel WiFi;-74;67
4125;00:42:68:59:8b:fe;LakeheadU;-74;67
4126;00:42:68:59:8b:fd;eduroam;-73;67
4127;e8:de:27:f8:06:78;TP-LINK_F80678_Xiaoping;-53;67
4128;c0:c1:c0:8e:e8:c5;unavailable;-61;67
4129;c8:d7:19:24:c6:d7;LINKSYS-750;-79;67
4130;c8:d7:19:24:c6:d5;LINKSYS-750;-50;67
4131;06:56:78:d0:60:49;EBF06ED2;-78;67
4132;a4:6c:2a:d4:bb:02;eduroam;-84;67
4133;80:e0:1d:f6:a5:1b;Free Tbaytel WiFi;-84;67
4134;80:e0:1d:f6:a5:1f;LU-Guest;-85;67
4135;80:e0:1d:f6:a5:1c;LU-Events;-85;67
4136;a6:53:22:40:4f:80;eduroam;-49;67
4137;a6:53:22:40:4f:81;eduroam;-75;67
4138;9c:53:22:40:4f:81;TBAYTech;-75;67
4139;9c:53:22:40:4f:80;TBAYTech;-45;67
4140;80:e0:1d:ee:3f:00;LU-Guest;-70;67
4141;80:e0:1d:ee:3f:01;LakeheadU;-71;67
4142;80:e0:1d:ee:3f:02;eduroam;-71;67
4143;80:e0:1d:ee:3f:03;LU-Events;-71;67
4144;80:e0:1d:ee:3f:04;Free Tbaytel WiFi;-70;67
4145;80:e0:1d:ee:3f:0e;LakeheadU;-77;67
4146;80:e0:1d:ee:3f:0c;LU-Events;-76;67
4147;ba:a3:32:e1:97:09;Xerox;-51;67
4148;aa:53:22:40:4f:81;NOSMConnect;-75;67
4149;80:e0:1d:ee:3f:63;Free Tbaytel WiFi;-70;67
4150;80:e0:1d:ee:3f:64;eduroam;-69;67
4151;80:e0:1d:ee:3f:60;LakeheadU;-69;67
4152;80:e0:1d:ee:3f:61;LU-Guest;-69;67
4153;80:e0:1d:ee:3f:62;LU-Events;-69;67
4154;a4:6c:2a:d4:be:3e;LakeheadU;-75;67
4155;a4:6c:2a:d4:be:3f;LU-Guest;-75;67
4156;a4:6c:2a:d4:be:3c;LU-Events;-74;67
4157;a4:6c:2a:d4:be:3d;eduroam;-74;67
4158;a4:6c:2a:d4:be:3b;Free Tbaytel WiFi;-75;67
4159;80:e0:1d:f6:a4:db;Free Tbaytel WiFi;-79;67
4160;80:e0:1d:f6:a4:dd;eduroam;-79;67
4161;80:e0:1d:f6:a4:dc;LU-Events;-79;67
4162;80:e0:1d:f6:a4:df;LU-Guest;-79;67
4163;80:e0:1d:f6:a4:de;LakeheadU;-79;67
4164;a2:53:22:40:4f:81;NOSMSecure;-75;67
4165;a2:53:22:40:4f:80;NOSMSecure;-49;67
4166;80:e0:1d:ee:3f:6c;Free Tbaytel WiFi;-71;67
4167;80:e0:1d:ee:3f:6d;LU-Events;-71;67
4168;80:e0:1d:f6:a4:d0;LU-Guest;-57;67
4169;9e:93:4e:3b:a7:b6;DIRECT-jiPhaser 3260;-72;67
4170;80:e0:1d:f8:49:43;LU-Events;-83;67
4171;80:e0:1d:f8:49:44;Free Tbaytel WiFi;-83;67
4172;82:f2:e0:d1:f9:74;portthru;-47;67
4173;a4:6c:2a:e0:1f:b3;LU-Events;-75;67
4174;a4:6c:2a:e0:1f:b4;Free Tbaytel WiFi;-73;67
4175;a4:6c:2a:e0:1f:b0;LU-Guest;-71;67
4176;a4:6c:2a:e0:1f:b1;LakeheadU;-71;67
4177;a4:6c:2a:e0:1f:b2;eduroam;-71;67
4178;a4:6c:2a:d4:be:30;LU-Guest;-54;67
4179;a4:6c:2a:e0:1f:bc;LU-Events;-84;67
4180;a4:6c:2a:e0:1f:bd;eduroam;-84;67
4181;a4:6c:2a:e0:1f:be;LakeheadU;-84;67
4182;a4:6c:2a:e0:1f:bf;LU-Guest;-84;67
4183;a4:6c:2a:e0:1f:bb;Free Tbaytel WiFi;-84;67
4184;ae:53:22:40:4f:80;NOSMConnect24;-52;68
4185;00:42:68:59:8b:ff;LU-Guest;-70;68
4186;00:42:68:59:8b:fc;LU-Events;-71;68
4187;e8:de:27:f8:06:78;TP-LINK_F80678_Xiaoping;-50;68
4188;c0:c1:c0:8e:e8:c5;unavailable;-71;68
4189;c8:d7:19:24:c6:d7;LINKSYS-750;-87;68
4190;c8:d7:19:24:c6:d5;LINKSYS-750;-61;68
4191;80:e0:1d:f6:a5:11;LakeheadU;-79;68
4192;80:e0:1d:f6:a5:12;eduroam;-80;68
4193;80:e0:1d:f6:a5:10;LU-Guest;-79;68
4194;80:e0:1d:f6:a5:14;Free Tbaytel WiFi;-79;68
4195;06:56:78:d0:60:49;EBF06ED2;-76;68
4196;80:e0:1d:f6:a5:1b;Free Tbaytel WiFi;-92;68
4197;80:e0:1d:f6:a5:1c;LU-Events;-91;68
4198;a6:53:22:40:4f:80;eduroam;-52;68
4199;a6:53:22:40:4f:81;eduroam;-75;68
4200;9c:53:22:40:4f:81;TBAYTech;-75;68
4201;9c:53:22:40:4f:80;TBAYTech;-52;68
4202;80:e0:1d:ee:3f:00;LU-Guest;-71;68
4203;80:e0:1d:ee:3f:01;LakeheadU;-68;68
4204;80:e0:1d:ee:3f:02;eduroam;-68;68
4205;80:e0:1d:ee:3f:03;LU-Events;-68;68
4206;80:e0:1d:ee:3f:04;Free Tbaytel WiFi;-72;68
4207;80:e0:1d:ee:3f:0e;LakeheadU;-82;68
4208;80:e0:1d:ee:3f:0c;LU-Events;-81;68
4209;ba:a3:32:e1:97:09;Xerox;-60;68
4210;aa:53:22:40:4f:80;NOSMConnect;-53;68
4211;aa:53:22:40:4f:81;NOSMConnect;-75;68
4212;80:e0:1d:ee:3f:63;Free Tbaytel WiFi;-67;68
4213;80:e0:1d:ee:3f:64;eduroam;-67;68
4214;80:e0:1d:ee:3f:60;LakeheadU;-67;68
4215;a4:6c:2a:d4:be:3f;LU-Guest;-61;68
4216;a4:6c:2a:d4:be:3d;eduroam;-62;68
4217;a4:6c:2a:d4:be:3b;Free Tbaytel WiFi;-62;68
4218;00:42:68:59:8b:f0;LU-Guest;-66;68
4219;80:e0:1d:f6:a4:db;Free Tbaytel WiFi;-83;68
4220;80:e0:1d:f6:a4:dd;eduroam;-81;68
4221;00:42:68:59:8b:f4;Free Tbaytel WiFi;-66;68
4222;80:e0:1d:f6:a4:dc;LU-Events;-80;68
4223;80:e0:1d:f6:a4:df;LU-Guest;-83;68
4224;80:e0:1d:f6:a4:de;LakeheadU;-81;68
4225;a2:53:22:40:4f:81;NOSMSecure;-76;68
4226;a2:53:22:40:4f:80;NOSMSecure;-52;68
4227;80:e0:1d:ee:3f:6c;Free Tbaytel WiFi;-74;68
4228;80:e0:1d:ee:3f:6e;LU-Guest;-74;68
4229;80:e0:1d:f6:a4:d0;LU-Guest;-64;68
4230;80:e0:1d:f6:a4:d2;eduroam;-61;68
4231;80:e0:1d:f6:a4:d4;Free Tbaytel WiFi;-61;68
4232;80:e0:1d:f8:49:43;LU-Events;-82;68
4233;ce:d7:19:24:c6:d5;LINKSYS-750-guest;-59;68
4234;80:e0:1d:f8:49:44;Free Tbaytel WiFi;-86;68
4235;80:e0:1d:f8:49:41;LakeheadU;-85;68
4236;82:f2:e0:d1:f9:74;portthru;-59;68
4237;a4:6c:2a:e0:1f:b3;LU-Events;-66;68
4238;a4:6c:2a:e0:1f:b4;Free Tbaytel WiFi;-66;68
4239;a4:6c:2a:e0:1f:b0;LU-Guest;-65;68
4240;a4:6c:2a:e0:1f:b1;LakeheadU;-66;68
4241;a4:6c:2a:e0:1f:b2;eduroam;-66;68
4242;a4:6c:2a:d4:be:30;LU-Guest;-49;68
4243;a4:6c:2a:e0:1f:bd;eduroam;-80;68
4244;a4:6c:2a:e0:1f:be;LakeheadU;-81;68
4245;a4:6c:2a:d4:be:33;LU-Events;-59;68
4246;a4:6c:2a:d4:be:34;Free Tbaytel WiFi;-48;68
4247;a4:6c:2a:d4:be:31;LakeheadU;-47;68
4248;a4:6c:2a:d4:be:32;eduroam;-48;68
4249;a4:6c:2a:e0:1f:bb;Free Tbaytel WiFi;-81;68
4250;ae:53:22:40:4f:80;NOSMConnect24;-52;69
4251;00:42:68:59:8b:ff;LU-Guest;-70;69
4252;00:42:68:59:8b:fc;LU-Events;-71;69
4253;e8:de:27:f8:06:78;TP-LINK_F80678_Xiaoping;-50;69
4254;c0:c1:c0:8e:e8:c5;unavailable;-71;69
4255;c8:d7:19:24:c6:d7;LINKSYS-750;-87;69
4256;c8:d7:19:24:c6:d5;LINKSYS-750;-61;69
4257;80:e0:1d:f6:a5:11;LakeheadU;-79;69
4258;80:e0:1d:f6:a5:12;eduroam;-80;69
4259;80:e0:1d:f6:a5:10;LU-Guest;-79;69
4260;80:e0:1d:f6:a5:14;Free Tbaytel WiFi;-79;69
4261;06:56:78:d0:60:49;EBF06ED2;-76;69
4262;80:e0:1d:f6:a5:1b;Free Tbaytel WiFi;-92;69
4263;80:e0:1d:f6:a5:1c;LU-Events;-91;69
4264;a6:53:22:40:4f:80;eduroam;-52;69
4265;a6:53:22:40:4f:81;eduroam;-75;69
4266;9c:53:22:40:4f:81;TBAYTech;-75;69
4267;9c:53:22:40:4f:80;TBAYTech;-52;69
4268;80:e0:1d:ee:3f:00;LU-Guest;-71;69
4269;80:e0:1d:ee:3f:01;LakeheadU;-68;69
4270;80:e0:1d:ee:3f:02;eduroam;-68;69
4271;80:e0:1d:ee:3f:03;LU-Events;-68;69
4272;80:e0:1d:ee:3f:04;Free Tbaytel WiFi;-72;69
4273;80:e0:1d:ee:3f:0e;LakeheadU;-82;69
4274;80:e0:1d:ee:3f:0c;LU-Events;-81;69
4275;ba:a3:32:e1:97:09;Xerox;-60;69
4276;aa:53:22:40:4f:80;NOSMConnect;-53;69
4277;aa:53:22:40:4f:81;NOSMConnect;-75;69
4278;80:e0:1d:ee:3f:63;Free Tbaytel WiFi;-67;69
4279;80:e0:1d:ee:3f:64;eduroam;-67;69
4280;80:e0:1d:ee:3f:60;LakeheadU;-67;69
4281;a4:6c:2a:d4:be:3f;LU-Guest;-61;69
4282;a4:6c:2a:d4:be:3d;eduroam;-62;69
4283;a4:6c:2a:d4:be:3b;Free Tbaytel WiFi;-62;69
4284;00:42:68:59:8b:f0;LU-Guest;-66;69
4285;80:e0:1d:f6:a4:db;Free Tbaytel WiFi;-83;69
4286;80:e0:1d:f6:a4:dd;eduroam;-81;69
4287;00:42:68:59:8b:f4;Free Tbaytel WiFi;-66;69
4288;80:e0:1d:f6:a4:dc;LU-Events;-80;69
4289;80:e0:1d:f6:a4:df;LU-Guest;-83;69
4290;80:e0:1d:f6:a4:de;LakeheadU;-81;69
4291;a2:53:22:40:4f:81;NOSMSecure;-76;69
4292;a2:53:22:40:4f:80;NOSMSecure;-52;69
4293;80:e0:1d:ee:3f:6c;Free Tbaytel WiFi;-74;69
4294;80:e0:1d:ee:3f:6e;LU-Guest;-74;69
4295;80:e0:1d:f6:a4:d0;LU-Guest;-64;69
4296;80:e0:1d:f6:a4:d2;eduroam;-61;69
4297;80:e0:1d:f6:a4:d4;Free Tbaytel WiFi;-61;69
4298;80:e0:1d:f8:49:43;LU-Events;-82;69
4299;ce:d7:19:24:c6:d5;LINKSYS-750-guest;-59;69
4300;80:e0:1d:f8:49:44;Free Tbaytel WiFi;-86;69
4301;80:e0:1d:f8:49:41;LakeheadU;-85;69
4302;82:f2:e0:d1:f9:74;portthru;-59;69
4303;a4:6c:2a:e0:1f:b3;LU-Events;-66;69
4304;a4:6c:2a:e0:1f:b4;Free Tbaytel WiFi;-66;69
4305;a4:6c:2a:e0:1f:b0;LU-Guest;-65;69
4306;a4:6c:2a:e0:1f:b1;LakeheadU;-66;69
4307;a4:6c:2a:e0:1f:b2;eduroam;-66;69
4308;a4:6c:2a:d4:be:30;LU-Guest;-49;69
4309;a4:6c:2a:e0:1f:bd;eduroam;-80;69
4310;a4:6c:2a:e0:1f:be;LakeheadU;-81;69
4311;a4:6c:2a:d4:be:33;LU-Events;-59;69
4312;a4:6c:2a:d4:be:34;Free Tbaytel WiFi;-48;69
4313;a4:6c:2a:d4:be:31;LakeheadU;-47;69
4314;a4:6c:2a:d4:be:32;eduroam;-48;69
4315;a4:6c:2a:e0:1f:bb;Free Tbaytel WiFi;-81;69
4316;00:42:68:59:8b:ff;LU-Guest;-68;70
4317;a6:53:22:40:4f:e8;eduroam;-83;70
4318;00:42:68:59:8b:fc;LU-Events;-68;70
4319;00:42:68:59:8b:fb;Free Tbaytel WiFi;-69;70
4320;00:42:68:59:8b:fe;LakeheadU;-68;70
4321;00:42:68:59:8b:fd;eduroam;-69;70
4322;e8:de:27:f8:06:78;TP-LINK_F80678_Xiaoping;-62;70
4323;c0:c1:c0:8e:e8:c5;unavailable;-73;70
4324;c8:d7:19:24:c6:d7;LINKSYS-750;-89;70
4325;c8:d7:19:24:c6:d5;LINKSYS-750;-67;70
4326;80:e0:1d:f6:a5:11;LakeheadU;-78;70
4327;80:e0:1d:f6:a5:12;eduroam;-79;70
4328;80:e0:1d:f6:a5:13;LU-Events;-86;70
4329;80:e0:1d:f6:a5:14;Free Tbaytel WiFi;-83;70
4330;06:56:78:d0:60:49;EBF06ED2;-80;70
4331;a6:53:22:40:4f:81;eduroam;-83;70
4332;9c:53:22:40:4f:81;TBAYTech;-84;70
4333;9c:53:22:40:4f:80;TBAYTech;-56;70
4334;80:e0:1d:ee:3f:00;LU-Guest;-72;70
4335;80:e0:1d:ee:3f:01;LakeheadU;-71;70
4336;80:e0:1d:ee:3f:02;eduroam;-72;70
4337;80:e0:1d:ee:3f:03;LU-Events;-71;70
4338;80:e0:1d:ee:3f:04;Free Tbaytel WiFi;-73;70
4339;80:e0:1d:ee:3f:0e;LakeheadU;-83;70
4340;80:e0:1d:ee:3f:0c;LU-Events;-82;70
4341;a2:53:22:40:4f:e8;NOSMSecure;-83;70
4342;ba:a3:32:e1:97:09;Xerox;-59;70
4343;80:e0:1d:c1:ea:a3;LU-Events;-87;70
4344;aa:53:22:40:4f:81;NOSMConnect;-83;70
4345;80:e0:1d:ee:3f:63;Free Tbaytel WiFi;-73;70
4346;80:e0:1d:ee:3f:64;eduroam;-73;70
4347;80:e0:1d:ee:3f:60;LakeheadU;-73;70
4348;80:e0:1d:ee:3f:61;LU-Guest;-73;70
4349;80:e0:1d:ee:3f:62;LU-Events;-73;70
4350;a4:6c:2a:d4:be:3e;LakeheadU;-55;70
4351;a4:6c:2a:d4:be:3f;LU-Guest;-55;70
4352;a4:6c:2a:d4:be:3c;LU-Events;-55;70
4353;a4:6c:2a:d4:be:3d;eduroam;-55;70
4354;a4:6c:2a:d4:be:3b;Free Tbaytel WiFi;-55;70
4355;00:42:68:59:8b:f1;LakeheadU;-62;70
4356;00:42:68:59:8b:f0;LU-Guest;-62;70
4357;00:42:68:59:8b:f3;LU-Events;-63;70
4358;80:e0:1d:f6:a4:db;Free Tbaytel WiFi;-77;70
4359;00:42:68:59:8b:f2;eduroam;-62;70
4360;80:e0:1d:f6:a4:dd;eduroam;-77;70
4361;00:42:68:59:8b:f4;Free Tbaytel WiFi;-63;70
4362;80:e0:1d:f6:a4:dc;LU-Events;-76;70
4363;80:e0:1d:f6:a4:df;LU-Guest;-77;70
4364;80:e0:1d:f6:a4:de;LakeheadU;-77;70
4365;a2:53:22:40:4f:81;NOSMSecure;-83;70
4366;a2:53:22:40:4f:80;NOSMSecure;-61;70
4367;80:e0:1d:ee:3f:6c;Free Tbaytel WiFi;-76;70
4368;80:e0:1d:ee:3f:6d;LU-Events;-77;70
4369;80:e0:1d:ee:3f:6e;LU-Guest;-75;70
4370;80:e0:1d:f6:a4:d0;LU-Guest;-58;70
4371;80:e0:1d:ee:3f:6f;LakeheadU;-76;70
4372;80:e0:1d:f6:a4:d2;eduroam;-64;70
4373;80:e0:1d:f6:a4:d1;LakeheadU;-64;70
4374;80:e0:1d:f6:a4:d4;Free Tbaytel WiFi;-65;70
4375;80:e0:1d:ee:3f:6b;eduroam;-76;70
4376;80:e0:1d:f6:a4:d3;LU-Events;-64;70
4377;9e:93:4e:3b:a7:b6;DIRECT-jiPhaser 3260;-79;70
4378;80:e0:1d:f8:49:43;LU-Events;-90;70
4379;80:e0:1d:f8:49:44;Free Tbaytel WiFi;-83;70
4380;80:e0:1d:f8:49:41;LakeheadU;-83;70
4381;80:e0:1d:f8:49:42;eduroam;-83;70
4382;80:e0:1d:f8:49:40;LU-Guest;-82;70
4383;82:f2:e0:d1:f9:74;portthru;-68;70
4384;a4:6c:2a:e0:1f:b3;LU-Events;-70;70
4385;a4:6c:2a:e0:1f:b4;Free Tbaytel WiFi;-67;70
4386;a4:6c:2a:e0:1f:b0;LU-Guest;-68;70
4387;a4:6c:2a:e0:1f:b1;LakeheadU;-68;70
4388;a4:6c:2a:e0:1f:b2;eduroam;-68;70
4389;a4:6c:2a:d4:be:30;LU-Guest;-42;70
4390;a4:6c:2a:e0:1f:bc;LU-Events;-82;70
4391;a4:6c:2a:e0:1f:bd;eduroam;-82;70
4392;a4:6c:2a:e0:1f:be;LakeheadU;-83;70
4393;a4:6c:2a:e0:1f:bf;LU-Guest;-82;70
4394;a4:6c:2a:d4:be:33;LU-Events;-42;70
4395;a4:6c:2a:d4:be:34;Free Tbaytel WiFi;-40;70
4396;a4:6c:2a:d4:be:31;LakeheadU;-42;70
4397;a4:6c:2a:d4:be:32;eduroam;-43;70
4398;a4:6c:2a:e0:1f:bb;Free Tbaytel WiFi;-83;70
4399;a4:6c:2a:d4:be:34;Free Tbaytel WiFi;-40;71
4400;a4:6c:2a:d4:be:30;LU-Guest;-42;71
4401;a4:6c:2a:d4:be:33;LU-Events;-42;71
4402;a4:6c:2a:d4:be:31;LakeheadU;-42;71
4403;a4:6c:2a:d4:be:32;eduroam;-43;71
4404;a4:6c:2a:d4:be:3b;Free Tbaytel WiFi;-55;71
4405;a4:6c:2a:d4:be:3f;LU-Guest;-55;71
4406;a4:6c:2a:d4:be:3d;eduroam;-55;71
4407;a4:6c:2a:d4:be:3c;LU-Events;-55;71
4408;a4:6c:2a:d4:be:3e;LakeheadU;-55;71
4409;9c:53:22:40:4f:80;TBAYTech;-56;71
4410;80:e0:1d:f6:a4:d0;LU-Guest;-58;71
4411;ba:a3:32:e1:97:09;Xerox;-59;71
4412;a2:53:22:40:4f:80;NOSMSecure;-61;71
4413;e8:de:27:f8:06:78;TP-LINK_F80678_Xiaoping;-62;71
4414;00:42:68:59:8b:f0;LU-Guest;-62;71
4415;00:42:68:59:8b:f1;LakeheadU;-62;71
4416;00:42:68:59:8b:f2;eduroam;-62;71
4417;00:42:68:59:8b:f4;Free Tbaytel WiFi;-63;71
4418;00:42:68:59:8b:f3;LU-Events;-63;71
4419;80:e0:1d:f6:a4:d2;eduroam;-64;71
4420;80:e0:1d:f6:a4:d1;LakeheadU;-64;71
4421;80:e0:1d:f6:a4:d3;LU-Events;-64;71
4422;80:e0:1d:f6:a4:d4;Free Tbaytel WiFi;-65;71
4423;c8:d7:19:24:c6:d5;LINKSYS-750;-67;71
4424;a4:6c:2a:e0:1f:b4;Free Tbaytel WiFi;-67;71
4425;82:f2:e0:d1:f9:74;portthru;-68;71
4426;00:42:68:59:8b:ff;LU-Guest;-68;71
4427;00:42:68:59:8b:fc;LU-Events;-68;71
4428;a4:6c:2a:e0:1f:b2;eduroam;-68;71
4429;a4:6c:2a:e0:1f:b1;LakeheadU;-68;71
4430;a4:6c:2a:e0:1f:b0;LU-Guest;-68;71
4431;00:42:68:59:8b:fe;LakeheadU;-68;71
4432;00:42:68:59:8b:fb;Free Tbaytel WiFi;-69;71
4433;00:42:68:59:8b:fd;eduroam;-69;71
4434;a4:6c:2a:e0:1f:b3;LU-Events;-70;71
4435;80:e0:1d:ee:3f:01;LakeheadU;-71;71
4436;80:e0:1d:ee:3f:03;LU-Events;-71;71
4437;80:e0:1d:ee:3f:02;eduroam;-72;71
4438;80:e0:1d:ee:3f:00;LU-Guest;-72;71
4439;80:e0:1d:ee:3f:04;Free Tbaytel WiFi;-73;71
4440;c0:c1:c0:8e:e8:c5;unavailable;-73;71
4441;80:e0:1d:ee:3f:64;eduroam;-73;71
4442;80:e0:1d:ee:3f:63;Free Tbaytel WiFi;-73;71
4443;80:e0:1d:ee:3f:62;LU-Events;-73;71
4444;80:e0:1d:ee:3f:61;LU-Guest;-73;71
4445;80:e0:1d:ee:3f:60;LakeheadU;-73;71
4446;80:e0:1d:ee:3f:6e;LU-Guest;-75;71
4447;80:e0:1d:f6:a4:dc;LU-Events;-76;71
4448;80:e0:1d:ee:3f:6c;Free Tbaytel WiFi;-76;71
4449;80:e0:1d:ee:3f:6f;LakeheadU;-76;71
4450;80:e0:1d:ee:3f:6b;eduroam;-76;71
4451;80:e0:1d:f6:a4:de;LakeheadU;-77;71
4452;80:e0:1d:f6:a4:db;Free Tbaytel WiFi;-77;71
4453;80:e0:1d:f6:a4:df;LU-Guest;-77;71
4454;80:e0:1d:f6:a4:dd;eduroam;-77;71
4455;80:e0:1d:ee:3f:6d;LU-Events;-77;71
4456;80:e0:1d:f6:a5:11;LakeheadU;-78;71
4457;80:e0:1d:f6:a5:12;eduroam;-79;71
4458;9e:93:4e:3b:a7:b6;DIRECT-jiPhaser 3260;-79;71
4459;06:56:78:d0:60:49;EBF06ED2;-80;71
4460;a4:6c:2a:e0:1f:bd;eduroam;-82;71
4461;80:e0:1d:ee:3f:0c;LU-Events;-82;71
4462;80:e0:1d:f8:49:40;LU-Guest;-82;71
4463;a4:6c:2a:e0:1f:bf;LU-Guest;-82;71
4464;a4:6c:2a:e0:1f:bc;LU-Events;-82;71
4465;a6:53:22:40:4f:81;eduroam;-83;71
4466;a2:53:22:40:4f:81;NOSMSecure;-83;71
4467;aa:53:22:40:4f:81;NOSMConnect;-83;71
4468;80:e0:1d:ee:3f:0e;LakeheadU;-83;71
4469;a4:6c:2a:e0:1f:bb;Free Tbaytel WiFi;-83;71
4470;a4:6c:2a:e0:1f:be;LakeheadU;-83;71
4471;80:e0:1d:f8:49:44;Free Tbaytel WiFi;-83;71
4472;80:e0:1d:f6:a5:14;Free Tbaytel WiFi;-83;71
4473;80:e0:1d:f8:49:41;LakeheadU;-83;71
4474;80:e0:1d:f8:49:42;eduroam;-83;71
4475;a6:53:22:40:4f:e8;eduroam;-83;71
4476;a2:53:22:40:4f:e8;NOSMSecure;-83;71
4477;9c:53:22:40:4f:81;TBAYTech;-84;71
4478;80:e0:1d:f6:a5:13;LU-Events;-86;71
4479;80:e0:1d:c1:ea:a3;LU-Events;-87;71
4480;c8:d7:19:24:c6:d7;LINKSYS-750;-89;71
4481;80:e0:1d:f8:49:43;LU-Events;-90;71
4482;00:42:68:59:8b:ff;LU-Guest;-59;72
4483;00:42:68:59:8b:fc;LU-Events;-59;72
4484;00:42:68:59:8b:fb;Free Tbaytel WiFi;-63;72
4485;00:42:68:59:8b:fe;LakeheadU;-59;72
4486;00:42:68:59:8b:fd;eduroam;-59;72
4487;e8:de:27:f8:06:78;TP-LINK_F80678_Xiaoping;-62;72
4488;c0:c1:c0:8e:e8:c5;unavailable;-80;72
4489;c8:d7:19:24:c6:d7;LINKSYS-750;-93;72
4490;a6:53:22:40:4f:81;eduroam;-82;72
4491;9c:53:22:40:4f:81;TBAYTech;-82;72
4492;80:e0:1d:ee:3f:03;LU-Events;-74;72
4493;80:e0:1d:ee:3f:0e;LakeheadU;-78;72
4494;a4:6c:2a:d4:ba:54;Free Tbaytel WiFi;-83;72
4495;a4:6c:2a:d4:ba:50;LU-Guest;-82;72
4496;a4:6c:2a:d4:ba:51;LakeheadU;-82;72
4497;80:e0:1d:ee:3f:0c;LU-Events;-78;72
4498;a4:6c:2a:d4:ba:52;eduroam;-83;72
4499;ba:a3:32:e1:97:09;Xerox;-62;72
4500;aa:53:22:40:4f:81;NOSMConnect;-82;72
4501;80:e0:1d:ee:3f:63;Free Tbaytel WiFi;-79;72
4502;80:e0:1d:ee:3f:64;eduroam;-79;72
4503;80:e0:1d:ee:3f:60;LakeheadU;-79;72
4504;80:e0:1d:ee:3f:61;LU-Guest;-79;72
4505;80:e0:1d:ee:3f:62;LU-Events;-78;72
4506;a4:6c:2a:d4:be:3e;LakeheadU;-60;72
4507;a4:6c:2a:d4:be:3f;LU-Guest;-60;72
4508;a4:6c:2a:d4:be:3c;LU-Events;-60;72
4509;a4:6c:2a:d4:be:3d;eduroam;-60;72
4510;a4:6c:2a:d4:be:3b;Free Tbaytel WiFi;-60;72
4511;00:42:68:59:8b:f1;LakeheadU;-56;72
4512;00:42:68:59:8b:f0;LU-Guest;-56;72
4513;00:42:68:59:8b:f3;LU-Events;-55;72
4514;80:e0:1d:f6:a4:db;Free Tbaytel WiFi;-78;72
4515;00:42:68:59:8b:f2;eduroam;-60;72
4516;80:e0:1d:f6:a4:dd;eduroam;-78;72
4517;00:42:68:59:8b:f4;Free Tbaytel WiFi;-56;72
4518;80:e0:1d:f6:a4:dc;LU-Events;-78;72
4519;80:e0:1d:f6:a4:df;LU-Guest;-78;72
4520;80:e0:1d:f6:a4:de;LakeheadU;-78;72
4521;a2:53:22:40:4f:81;NOSMSecure;-82;72
4522;80:e0:1d:ee:3f:6d;LU-Events;-83;72
4523;80:e0:1d:f6:a4:d0;LU-Guest;-64;72
4524;80:e0:1d:f6:a4:d2;eduroam;-64;72
4525;80:e0:1d:f8:49:44;Free Tbaytel WiFi;-85;72
4526;80:e0:1d:f8:49:40;LU-Guest;-86;72
4527;82:f2:e0:d1:f9:74;portthru;-66;72
4528;a4:6c:2a:e0:1f:b3;LU-Events;-75;72
4529;a4:6c:2a:e0:1f:b4;Free Tbaytel WiFi;-75;72
4530;a4:6c:2a:e0:1f:b0;LU-Guest;-75;72
4531;a4:6c:2a:e0:1f:b2;eduroam;-74;72
4532;a4:6c:2a:d4:be:30;LU-Guest;-45;72
4533;a4:6c:2a:e0:1f:bc;LU-Events;-89;72
4534;a4:6c:2a:e0:1f:bd;eduroam;-89;72
4535;a4:6c:2a:e0:1f:be;LakeheadU;-90;72
4536;a4:6c:2a:e0:1f:bf;LU-Guest;-89;72
4537;a4:6c:2a:d4:be:33;LU-Events;-44;72
4538;a4:6c:2a:d4:be:34;Free Tbaytel WiFi;-43;72
4539;a4:6c:2a:d4:be:31;LakeheadU;-42;72
4540;a4:6c:2a:d4:be:32;eduroam;-46;72
4541;a4:6c:2a:e0:1f:bb;Free Tbaytel WiFi;-89;72
4542;a4:6c:2a:d4:be:31;LakeheadU;-42;73
4543;a4:6c:2a:d4:be:34;Free Tbaytel WiFi;-43;73
4544;a4:6c:2a:d4:be:33;LU-Events;-44;73
4545;a4:6c:2a:d4:be:30;LU-Guest;-45;73
4546;a4:6c:2a:d4:be:32;eduroam;-46;73
4547;00:42:68:59:8b:f3;LU-Events;-55;73
4548;00:42:68:59:8b:f0;LU-Guest;-56;73
4549;00:42:68:59:8b:f1;LakeheadU;-56;73
4550;00:42:68:59:8b:f4;Free Tbaytel WiFi;-56;73
4551;00:42:68:59:8b:ff;LU-Guest;-59;73
4552;00:42:68:59:8b:fc;LU-Events;-59;73
4553;00:42:68:59:8b:fd;eduroam;-59;73
4554;00:42:68:59:8b:fe;LakeheadU;-59;73
4555;a4:6c:2a:d4:be:3b;Free Tbaytel WiFi;-60;73
4556;a4:6c:2a:d4:be:3f;LU-Guest;-60;73
4557;a4:6c:2a:d4:be:3d;eduroam;-60;73
4558;a4:6c:2a:d4:be:3c;LU-Events;-60;73
4559;a4:6c:2a:d4:be:3e;LakeheadU;-60;73
4560;00:42:68:59:8b:f2;eduroam;-60;73
4561;ba:a3:32:e1:97:09;Xerox;-62;73
4562;e8:de:27:f8:06:78;TP-LINK_F80678_Xiaoping;-62;73
4563;00:42:68:59:8b:fb;Free Tbaytel WiFi;-63;73
4564;80:e0:1d:f6:a4:d0;LU-Guest;-64;73
4565;80:e0:1d:f6:a4:d2;eduroam;-64;73
4566;82:f2:e0:d1:f9:74;portthru;-66;73
4567;80:e0:1d:ee:3f:03;LU-Events;-74;73
4568;a4:6c:2a:e0:1f:b2;eduroam;-74;73
4569;a4:6c:2a:e0:1f:b3;LU-Events;-75;73
4570;a4:6c:2a:e0:1f:b0;LU-Guest;-75;73
4571;a4:6c:2a:e0:1f:b4;Free Tbaytel WiFi;-75;73
4572;80:e0:1d:f6:a4:de;LakeheadU;-78;73
4573;80:e0:1d:f6:a4:db;Free Tbaytel WiFi;-78;73
4574;80:e0:1d:f6:a4:df;LU-Guest;-78;73
4575;80:e0:1d:f6:a4:dd;eduroam;-78;73
4576;80:e0:1d:f6:a4:dc;LU-Events;-78;73
4577;80:e0:1d:ee:3f:0e;LakeheadU;-78;73
4578;80:e0:1d:ee:3f:0c;LU-Events;-78;73
4579;80:e0:1d:ee:3f:62;LU-Events;-78;73
4580;80:e0:1d:ee:3f:64;eduroam;-79;73
4581;80:e0:1d:ee:3f:63;Free Tbaytel WiFi;-79;73
4582;80:e0:1d:ee:3f:61;LU-Guest;-79;73
4583;80:e0:1d:ee:3f:60;LakeheadU;-79;73
4584;c0:c1:c0:8e:e8:c5;unavailable;-80;73
4585;a6:53:22:40:4f:81;eduroam;-82;73
4586;a2:53:22:40:4f:81;NOSMSecure;-82;73
4587;9c:53:22:40:4f:81;TBAYTech;-82;73
4588;aa:53:22:40:4f:81;NOSMConnect;-82;73
4589;a4:6c:2a:d4:ba:50;LU-Guest;-82;73
4590;a4:6c:2a:d4:ba:51;LakeheadU;-82;73
4591;80:e0:1d:ee:3f:6d;LU-Events;-83;73
4592;a4:6c:2a:d4:ba:54;Free Tbaytel WiFi;-83;73
4593;a4:6c:2a:d4:ba:52;eduroam;-83;73
4594;80:e0:1d:f8:49:44;Free Tbaytel WiFi;-85;73
4595;80:e0:1d:f8:49:40;LU-Guest;-86;73
4596;a4:6c:2a:e0:1f:bd;eduroam;-89;73
4597;a4:6c:2a:e0:1f:bb;Free Tbaytel WiFi;-89;73
4598;a4:6c:2a:e0:1f:bf;LU-Guest;-89;73
4599;a4:6c:2a:e0:1f:bc;LU-Events;-89;73
4600;a4:6c:2a:e0:1f:be;LakeheadU;-90;73
4601;c8:d7:19:24:c6:d7;LINKSYS-750;-93;73
4602;00:42:68:59:8b:f1;LakeheadU;-44;74
4603;00:42:68:59:8b:f2;eduroam;-44;74
4604;00:42:68:59:8b:f3;LU-Events;-44;74
4605;00:42:68:59:8b:f4;Free Tbaytel WiFi;-46;74
4606;00:42:68:59:8b:f0;LU-Guest;-48;74
4607;00:42:68:59:8b:fc;LU-Events;-52;74
4608;00:42:68:59:8b:fd;eduroam;-52;74
4609;00:42:68:59:8b:fe;LakeheadU;-53;74
4610;00:42:68:59:8b:fb;Free Tbaytel WiFi;-54;74
4611;00:42:68:59:8b:ff;LU-Guest;-55;74
4612;a4:6c:2a:d4:be:32;eduroam;-55;74
4613;a4:6c:2a:d4:be:34;Free Tbaytel WiFi;-56;74
4614;a4:6c:2a:d4:be:30;LU-Guest;-58;74
4615;a4:6c:2a:d4:be:33;LU-Events;-58;74
4616;a4:6c:2a:d4:be:31;LakeheadU;-58;74
4617;a4:6c:2a:d4:be:3b;Free Tbaytel WiFi;-63;74
4618;a4:6c:2a:d4:be:3f;LU-Guest;-63;74
4619;a4:6c:2a:d4:be:3d;eduroam;-63;74
4620;80:e0:1d:f6:a4:d2;eduroam;-63;74
4621;a4:6c:2a:d4:be:3c;LU-Events;-63;74
4622;a4:6c:2a:d4:be:3e;LakeheadU;-63;74
4623;80:e0:1d:f6:a4:d1;LakeheadU;-64;74
4624;e8:de:27:f8:06:78;TP-LINK_F80678_Xiaoping;-66;74
4625;aa:53:22:40:4f:80;NOSMConnect;-71;74
4626;ce:d7:19:24:c6:d5;LINKSYS-750-guest;-73;74
4627;ba:a3:32:e1:97:09;Xerox;-74;74
4628;c8:d7:19:24:c6:d5;LINKSYS-750;-74;74
4629;80:e0:1d:ee:3f:62;LU-Events;-76;74
4630;a4:6c:2a:d4:ba:50;LU-Guest;-76;74
4631;80:e0:1d:ee:3f:02;eduroam;-76;74
4632;80:e0:1d:ee:3f:64;eduroam;-77;74
4633;a4:6c:2a:d4:ba:54;Free Tbaytel WiFi;-77;74
4634;a4:6c:2a:d4:ba:51;LakeheadU;-77;74
4635;80:e0:1d:ee:3f:04;Free Tbaytel WiFi;-77;74
4636;a4:6c:2a:d4:ba:53;LU-Events;-77;74
4637;82:f2:e0:d1:f9:74;portthru;-78;74
4638;c0:c1:c0:8e:e8:c5;unavailable;-78;74
4639;a4:6c:2a:e0:1f:b1;LakeheadU;-78;74
4640;a4:6c:2a:e0:1f:b3;LU-Events;-79;74
4641;a4:6c:2a:e0:1f:b0;LU-Guest;-79;74
4642;a4:6c:2a:e0:1f:b2;eduroam;-80;74
4643;a4:6c:2a:e0:1f:b4;Free Tbaytel WiFi;-80;74
4644;80:e0:1d:ee:3f:03;LU-Events;-81;74
4645;80:e0:1d:f6:a4:dc;LU-Events;-81;74
4646;a4:6c:2a:d4:bf:13;LU-Events;-81;74
4647;80:e0:1d:ee:3f:01;LakeheadU;-81;74
4648;a4:6c:2a:d4:bf:1e;LakeheadU;-81;74
4649;80:e0:1d:f6:a4:de;LakeheadU;-82;74
4650;a4:6c:2a:d4:bf:1c;LU-Events;-82;74
4651;aa:53:22:40:4f:e8;NOSMConnect;-83;74
4652;80:e0:1d:f6:a5:13;LU-Events;-83;74
4653;80:e0:1d:ee:3f:6d;LU-Events;-84;74
4654;80:e0:1d:f6:a5:14;Free Tbaytel WiFi;-84;74
4655;80:e0:1d:c1:ea:a4;Free Tbaytel WiFi;-85;74
4656;a2:53:22:40:4e:04;NOSMSecure;-85;74
4657;a6:53:22:40:4e:04;eduroam;-85;74
4658;80:e0:1d:f6:a5:10;LU-Guest;-85;74
4659;aa:53:22:40:4e:04;NOSMConnect;-86;74
4660;ae:53:22:40:4e:04;NOSMConnect24;-87;74
4661;a4:6c:2a:d4:ba:5c;LU-Events;-87;74
4662;80:e0:1d:c1:ea:a3;LU-Events;-88;74
4663;a4:6c:2a:d4:ba:5f;LU-Guest;-88;74
4664;a4:6c:2a:d4:ba:5b;Free Tbaytel WiFi;-88;74
4665;9c:53:22:40:4f:81;TBAYTech;-89;74
4666;aa:53:22:40:4f:81;NOSMConnect;-89;74
4667;a4:6c:2a:d4:ba:5e;LakeheadU;-89;74
4668;a6:53:22:40:4f:81;eduroam;-90;74
4669;a2:53:22:40:4f:81;NOSMSecure;-90;74
4670;a6:53:22:40:4f:e8;eduroam;-86;75
4671;00:42:68:59:8b:fb;Free Tbaytel WiFi;-55;75
4672;e8:de:27:f8:06:78;TP-LINK_F80678_Xiaoping;-66;75
4673;c0:c1:c0:8e:e8:c5;unavailable;-83;75
4674;80:e0:1d:f6:a5:13;LU-Events;-85;75
4675;06:56:78:d0:60:49;EBF06ED2;-88;75
4676;a6:53:22:40:4f:81;eduroam;-92;75
4677;9c:53:22:40:4f:80;TBAYTech;-70;75
4678;80:e0:1d:ee:3f:0e;LakeheadU;-85;75
4679;a4:6c:2a:d4:ba:54;Free Tbaytel WiFi;-79;75
4680;80:e0:1d:ee:3f:0f;LU-Guest;-85;75
4681;a4:6c:2a:d4:ba:50;LU-Guest;-80;75
4682;80:e0:1d:ee:3f:0b;Free Tbaytel WiFi;-86;75
4683;a4:6c:2a:d4:ba:51;LakeheadU;-83;75
4684;80:e0:1d:ee:3f:0c;LU-Events;-85;75
4685;a4:6c:2a:d4:ba:52;eduroam;-80;75
4686;80:e0:1d:ee:3f:0d;eduroam;-86;75
4687;ba:a3:32:e1:97:09;Xerox;-66;75
4688;80:e0:1d:c1:ea:a3;LU-Events;-83;75
4689;80:e0:1d:c1:ea:a4;Free Tbaytel WiFi;-82;75
4690;a4:6c:2a:d4:ba:5c;LU-Events;-92;75
4691;a4:6c:2a:d4:ba:5e;LakeheadU;-91;75
4692;a4:6c:2a:d4:ba:5f;LU-Guest;-91;75
4693;a4:6c:2a:d4:ba:5b;Free Tbaytel WiFi;-91;75
4694;aa:53:22:40:4f:81;NOSMConnect;-92;75
4695;80:e0:1d:ee:3f:60;LakeheadU;-80;75
4696;a4:6c:2a:d4:bf:1c;LU-Events;-88;75
4697;a4:6c:2a:d4:be:3e;LakeheadU;-67;75
4698;a4:6c:2a:d4:be:3f;LU-Guest;-66;75
4699;a4:6c:2a:d4:be:3c;LU-Events;-67;75
4700;a4:6c:2a:d4:be:3d;eduroam;-67;75
4701;a4:6c:2a:d4:be:3b;Free Tbaytel WiFi;-67;75
4702;00:42:68:59:8b:f0;LU-Guest;-52;75
4703;00:42:68:59:8b:f4;Free Tbaytel WiFi;-52;75
4704;80:e0:1d:f6:a4:dc;LU-Events;-86;75
4705;a2:53:22:40:4f:81;NOSMSecure;-93;75
4706;80:e0:1d:f6:a4:d0;LU-Guest;-66;75
4707;80:e0:1d:f6:a4:d2;eduroam;-66;75
4708;80:e0:1d:f6:a4:d1;LakeheadU;-66;75
4709;80:e0:1d:f6:a4:d4;Free Tbaytel WiFi;-66;75
4710;80:e0:1d:f6:a4:d3;LU-Events;-66;75
4711;9c:53:22:40:4e:05;TBAYTech;-93;75
4712;aa:53:22:40:4e:05;NOSMConnect;-93;75
4713;82:f2:e0:d1:f9:74;portthru;-73;75
4714;a4:6c:2a:e0:1f:b3;LU-Events;-85;75
4715;a4:6c:2a:e0:1f:b0;LU-Guest;-84;75
4716;a4:6c:2a:e0:1f:b1;LakeheadU;-84;75
4717;a6:53:22:40:4f:e8;eduroam;-86;76
4718;00:42:68:59:8b:fb;Free Tbaytel WiFi;-55;76
4719;e8:de:27:f8:06:78;TP-LINK_F80678_Xiaoping;-66;76
4720;c0:c1:c0:8e:e8:c5;unavailable;-83;76
4721;80:e0:1d:f6:a5:13;LU-Events;-85;76
4722;06:56:78:d0:60:49;EBF06ED2;-88;76
4723;a6:53:22:40:4f:81;eduroam;-92;76
4724;9c:53:22:40:4f:80;TBAYTech;-70;76
4725;80:e0:1d:ee:3f:0e;LakeheadU;-85;76
4726;a4:6c:2a:d4:ba:54;Free Tbaytel WiFi;-79;76
4727;80:e0:1d:ee:3f:0f;LU-Guest;-85;76
4728;a4:6c:2a:d4:ba:50;LU-Guest;-80;76
4729;80:e0:1d:ee:3f:0b;Free Tbaytel WiFi;-86;76
4730;a4:6c:2a:d4:ba:51;LakeheadU;-83;76
4731;80:e0:1d:ee:3f:0c;LU-Events;-85;76
4732;a4:6c:2a:d4:ba:52;eduroam;-80;76
4733;80:e0:1d:ee:3f:0d;eduroam;-86;76
4734;ba:a3:32:e1:97:09;Xerox;-66;76
4735;80:e0:1d:c1:ea:a3;LU-Events;-83;76
4736;80:e0:1d:c1:ea:a4;Free Tbaytel WiFi;-82;76
4737;a4:6c:2a:d4:ba:5c;LU-Events;-92;76
4738;a4:6c:2a:d4:ba:5e;LakeheadU;-91;76
4739;a4:6c:2a:d4:ba:5f;LU-Guest;-91;76
4740;a4:6c:2a:d4:ba:5b;Free Tbaytel WiFi;-91;76
4741;aa:53:22:40:4f:81;NOSMConnect;-92;76
4742;80:e0:1d:ee:3f:60;LakeheadU;-80;76
4743;a4:6c:2a:d4:bf:1c;LU-Events;-88;76
4744;a4:6c:2a:d4:be:3e;LakeheadU;-67;76
4745;a4:6c:2a:d4:be:3f;LU-Guest;-66;76
4746;a4:6c:2a:d4:be:3c;LU-Events;-67;76
4747;a4:6c:2a:d4:be:3d;eduroam;-67;76
4748;a4:6c:2a:d4:be:3b;Free Tbaytel WiFi;-67;76
4749;00:42:68:59:8b:f0;LU-Guest;-52;76
4750;00:42:68:59:8b:f4;Free Tbaytel WiFi;-52;76
4751;80:e0:1d:f6:a4:dc;LU-Events;-86;76
4752;a2:53:22:40:4f:81;NOSMSecure;-93;76
4753;80:e0:1d:f6:a4:d0;LU-Guest;-66;76
4754;80:e0:1d:f6:a4:d2;eduroam;-66;76
4755;80:e0:1d:f6:a4:d1;LakeheadU;-66;76
4756;80:e0:1d:f6:a4:d4;Free Tbaytel WiFi;-66;76
4757;80:e0:1d:f6:a4:d3;LU-Events;-66;76
4758;9c:53:22:40:4e:05;TBAYTech;-93;76
4759;aa:53:22:40:4e:05;NOSMConnect;-93;76
4760;82:f2:e0:d1:f9:74;portthru;-73;76
4761;a4:6c:2a:e0:1f:b3;LU-Events;-85;76
4762;a4:6c:2a:e0:1f:b0;LU-Guest;-84;76
4763;a4:6c:2a:e0:1f:b1;LakeheadU;-84;76
4764;00:42:68:59:8b:ff;LU-Guest;-49;77
4765;00:42:68:59:8b:fc;LU-Events;-48;77
4766;00:42:68:59:8b:fb;Free Tbaytel WiFi;-52;77
4767;00:42:68:59:8b:fe;LakeheadU;-49;77
4768;00:42:68:59:8b:fd;eduroam;-49;77
4769;e8:de:27:f8:06:78;TP-LINK_F80678_Xiaoping;-83;77
4770;c0:c1:c0:8e:e8:c5;unavailable;-81;77
4771;ae:53:22:40:4e:04;NOSMConnect24;-82;77
4772;80:e0:1d:f6:a5:1b;Free Tbaytel WiFi;-93;77
4773;a2:53:22:40:4e:04;NOSMSecure;-83;77
4774;a2:53:22:40:4e:05;NOSMSecure;-90;77
4775;a6:53:22:40:4f:80;eduroam;-79;77
4776;80:e0:1d:ee:3f:01;LakeheadU;-84;77
4777;80:e0:1d:ee:3f:02;eduroam;-86;77
4778;80:e0:1d:ee:3f:03;LU-Events;-85;77
4779;80:e0:1d:ee:3f:04;Free Tbaytel WiFi;-85;77
4780;a4:6c:2a:d4:ba:53;LU-Events;-69;77
4781;a4:6c:2a:d4:ba:54;Free Tbaytel WiFi;-69;77
4782;a4:6c:2a:d4:ba:50;LU-Guest;-70;77
4783;a4:6c:2a:d4:ba:51;LakeheadU;-69;77
4784;a4:6c:2a:d4:ba:52;eduroam;-70;77
4785;ba:a3:32:e1:97:09;Xerox;-79;77
4786;a4:6c:2a:d4:ba:5c;LU-Events;-83;77
4787;a4:6c:2a:d4:ba:5d;eduroam;-83;77
4788;a4:6c:2a:d4:ba:5e;LakeheadU;-83;77
4789;a4:6c:2a:d4:ba:5f;LU-Guest;-82;77
4790;a4:6c:2a:d4:ba:5b;Free Tbaytel WiFi;-82;77
4791;aa:53:22:40:4f:80;NOSMConnect;-79;77
4792;80:e0:1d:ee:3f:63;Free Tbaytel WiFi;-69;77
4793;80:e0:1d:ee:3f:64;eduroam;-68;77
4794;80:e0:1d:ee:3f:60;LakeheadU;-69;77
4795;80:e0:1d:ee:3f:61;LU-Guest;-69;77
4796;a4:6c:2a:d4:bf:1f;LU-Guest;-78;77
4797;a4:6c:2a:d4:bf:1d;eduroam;-79;77
4798;a4:6c:2a:d4:bf:1e;LakeheadU;-79;77
4799;a4:6c:2a:d4:bf:1b;Free Tbaytel WiFi;-78;77
4800;a4:6c:2a:d4:bf:1c;LU-Events;-78;77
4801;a4:6c:2a:d4:be:3e;LakeheadU;-81;77
4802;a4:6c:2a:d4:be:3f;LU-Guest;-81;77
4803;a4:6c:2a:d4:be:3c;LU-Events;-82;77
4804;a4:6c:2a:d4:be:3d;eduroam;-82;77
4805;a4:6c:2a:d4:be:3b;Free Tbaytel WiFi;-82;77
4806;00:42:68:59:8b:f1;LakeheadU;-49;77
4807;00:42:68:59:8b:f0;LU-Guest;-48;77
4808;00:42:68:59:8b:f3;LU-Events;-48;77
4809;00:42:68:59:8b:f2;eduroam;-52;77
4810;00:42:68:59:8b:f4;Free Tbaytel WiFi;-49;77
4811;80:e0:1d:ee:3f:6c;Free Tbaytel WiFi;-73;77
4812;80:e0:1d:ee:3f:6d;LU-Events;-72;77
4813;80:e0:1d:ee:3f:6e;LU-Guest;-71;77
4814;80:e0:1d:ee:3f:6f;LakeheadU;-72;77
4815;80:e0:1d:ee:3f:6b;eduroam;-72;77
4816;9c:53:22:40:4e:05;TBAYTech;-91;77
4817;aa:53:22:40:4e:05;NOSMConnect;-91;77
4818;aa:53:22:40:4e:04;NOSMConnect;-84;77
4819;a6:53:22:40:4e:05;eduroam;-90;77
4820;a4:6c:2a:e0:1f:b4;Free Tbaytel WiFi;-84;77
4821;a4:6c:2a:d4:bf:13;LU-Events;-78;77
4822;a4:6c:2a:d4:be:34;Free Tbaytel WiFi;-68;77
4823;a4:6c:2a:d4:be:31;LakeheadU;-71;77
4824;a4:6c:2a:d4:be:32;eduroam;-68;77
4825;00:42:68:59:8b:f0;LU-Guest;-48;78
4826;00:42:68:59:8b:f3;LU-Events;-48;78
4827;00:42:68:59:8b:fc;LU-Events;-48;78
4828;00:42:68:59:8b:f4;Free Tbaytel WiFi;-49;78
4829;00:42:68:59:8b:f1;LakeheadU;-49;78
4830;00:42:68:59:8b:ff;LU-Guest;-49;78
4831;00:42:68:59:8b:fd;eduroam;-49;78
4832;00:42:68:59:8b:fe;LakeheadU;-49;78
4833;00:42:68:59:8b:fb;Free Tbaytel WiFi;-52;78
4834;00:42:68:59:8b:f2;eduroam;-52;78
4835;80:e0:1d:ee:3f:64;eduroam;-68;78
4836;a4:6c:2a:d4:be:34;Free Tbaytel WiFi;-68;78
4837;a4:6c:2a:d4:be:32;eduroam;-68;78
4838;a4:6c:2a:d4:ba:54;Free Tbaytel WiFi;-69;78
4839;a4:6c:2a:d4:ba:51;LakeheadU;-69;78
4840;80:e0:1d:ee:3f:60;LakeheadU;-69;78
4841;a4:6c:2a:d4:ba:53;LU-Events;-69;78
4842;80:e0:1d:ee:3f:61;LU-Guest;-69;78
4843;80:e0:1d:ee:3f:63;Free Tbaytel WiFi;-69;78
4844;a4:6c:2a:d4:ba:50;LU-Guest;-70;78
4845;a4:6c:2a:d4:ba:52;eduroam;-70;78
4846;a4:6c:2a:d4:be:31;LakeheadU;-71;78
4847;80:e0:1d:ee:3f:6e;LU-Guest;-71;78
4848;80:e0:1d:ee:3f:6f;LakeheadU;-72;78
4849;80:e0:1d:ee:3f:6b;eduroam;-72;78
4850;80:e0:1d:ee:3f:6d;LU-Events;-72;78
4851;80:e0:1d:ee:3f:6c;Free Tbaytel WiFi;-73;78
4852;a4:6c:2a:d4:bf:1c;LU-Events;-78;78
4853;a4:6c:2a:d4:bf:13;LU-Events;-78;78
4854;a4:6c:2a:d4:bf:1f;LU-Guest;-78;78
4855;a4:6c:2a:d4:bf:1b;Free Tbaytel WiFi;-78;78
4856;ba:a3:32:e1:97:09;Xerox;-79;78
4857;a6:53:22:40:4f:80;eduroam;-79;78
4858;aa:53:22:40:4f:80;NOSMConnect;-79;78
4859;a4:6c:2a:d4:bf:1d;eduroam;-79;78
4860;a4:6c:2a:d4:bf:1e;LakeheadU;-79;78
4861;a4:6c:2a:d4:be:3f;LU-Guest;-81;78
4862;c0:c1:c0:8e:e8:c5;unavailable;-81;78
4863;a4:6c:2a:d4:be:3e;LakeheadU;-81;78
4864;a4:6c:2a:d4:be:3b;Free Tbaytel WiFi;-82;78
4865;a4:6c:2a:d4:be:3d;eduroam;-82;78
4866;a4:6c:2a:d4:be:3c;LU-Events;-82;78
4867;a4:6c:2a:d4:ba:5f;LU-Guest;-82;78
4868;a4:6c:2a:d4:ba:5b;Free Tbaytel WiFi;-82;78
4869;ae:53:22:40:4e:04;NOSMConnect24;-82;78
4870;e8:de:27:f8:06:78;TP-LINK_F80678_Xiaoping;-83;78
4871;a4:6c:2a:d4:ba:5c;LU-Events;-83;78
4872;a4:6c:2a:d4:ba:5e;LakeheadU;-83;78
4873;a2:53:22:40:4e:04;NOSMSecure;-83;78
4874;a4:6c:2a:d4:ba:5d;eduroam;-83;78
4875;80:e0:1d:ee:3f:01;LakeheadU;-84;78
4876;a4:6c:2a:e0:1f:b4;Free Tbaytel WiFi;-84;78
4877;aa:53:22:40:4e:04;NOSMConnect;-84;78
4878;80:e0:1d:ee:3f:04;Free Tbaytel WiFi;-85;78
4879;80:e0:1d:ee:3f:03;LU-Events;-85;78
4880;80:e0:1d:ee:3f:02;eduroam;-86;78
4881;a6:53:22:40:4e:05;eduroam;-90;78
4882;a2:53:22:40:4e:05;NOSMSecure;-90;78
4883;9c:53:22:40:4e:05;TBAYTech;-91;78
4884;aa:53:22:40:4e:05;NOSMConnect;-91;78
4885;80:e0:1d:f6:a5:1b;Free Tbaytel WiFi;-93;78
4886;ae:53:22:40:4f:80;NOSMConnect24;-76;79
4887;00:42:68:59:8b:ff;LU-Guest;-58;79
4888;00:42:68:59:8b:fc;LU-Events;-58;79
4889;00:42:68:59:8b:fb;Free Tbaytel WiFi;-61;79
4890;00:42:68:59:8b:fe;LakeheadU;-57;79
4891;00:42:68:59:8b:fd;eduroam;-57;79
4892;e8:de:27:f8:06:78;TP-LINK_F80678_Xiaoping;-82;79
4893;a2:53:22:40:4e:04;NOSMSecure;-78;79
4894;a2:53:22:40:4e:05;NOSMSecure;-92;79
4895;a6:53:22:40:4f:80;eduroam;-76;79
4896;a4:6c:2a:d4:ba:53;LU-Events;-69;79
4897;a4:6c:2a:d4:ba:54;Free Tbaytel WiFi;-60;79
4898;a4:6c:2a:d4:ba:50;LU-Guest;-61;79
4899;a4:6c:2a:d4:ba:51;LakeheadU;-60;79
4900;a4:6c:2a:d4:ba:52;eduroam;-61;79
4901;ba:a3:32:e1:97:09;Xerox;-89;79
4902;a4:6c:2a:d4:ba:5c;LU-Events;-73;79
4903;a4:6c:2a:d4:ba:5d;eduroam;-74;79
4904;a4:6c:2a:d4:ba:5e;LakeheadU;-74;79
4905;a4:6c:2a:d4:ba:5f;LU-Guest;-73;79
4906;a4:6c:2a:d4:ba:5b;Free Tbaytel WiFi;-72;79
4907;aa:53:22:40:4f:80;NOSMConnect;-76;79
4908;80:e0:1d:ee:3f:63;Free Tbaytel WiFi;-60;79
4909;80:e0:1d:ee:3f:64;eduroam;-60;79
4910;80:e0:1d:ee:3f:60;LakeheadU;-60;79
4911;80:e0:1d:ee:3f:61;LU-Guest;-60;79
4912;80:e0:1d:ee:3f:62;LU-Events;-60;79
4913;a4:6c:2a:d4:bf:1f;LU-Guest;-82;79
4914;a4:6c:2a:d4:bf:1d;eduroam;-83;79
4915;a4:6c:2a:d4:bf:1e;LakeheadU;-82;79
4916;a4:6c:2a:d4:bf:1b;Free Tbaytel WiFi;-83;79
4917;a4:6c:2a:d4:bf:1c;LU-Events;-83;79
4918;a4:6c:2a:d4:be:3e;LakeheadU;-86;79
4919;a4:6c:2a:d4:be:3f;LU-Guest;-86;79
4920;a4:6c:2a:d4:be:3c;LU-Events;-86;79
4921;a4:6c:2a:d4:be:3d;eduroam;-86;79
4922;a4:6c:2a:d4:be:3b;Free Tbaytel WiFi;-86;79
4923;00:42:68:59:8b:f1;LakeheadU;-61;79
4924;00:42:68:59:8b:f0;LU-Guest;-61;79
4925;00:42:68:59:8b:f3;LU-Events;-61;79
4926;00:42:68:59:8b:f2;eduroam;-61;79
4927;00:42:68:59:8b:f4;Free Tbaytel WiFi;-62;79
4928;a2:53:22:40:4f:80;NOSMSecure;-75;79
4929;80:e0:1d:ee:3f:6c;Free Tbaytel WiFi;-73;79
4930;80:e0:1d:ee:3f:6d;LU-Events;-71;79
4931;80:e0:1d:ee:3f:6e;LU-Guest;-72;79
4932;80:e0:1d:f6:a4:d0;LU-Guest;-80;79
4933;80:e0:1d:ee:3f:6f;LakeheadU;-72;79
4934;80:e0:1d:f6:a4:d2;eduroam;-79;79
4935;80:e0:1d:f6:a4:d4;Free Tbaytel WiFi;-79;79
4936;80:e0:1d:ee:3f:6b;eduroam;-72;79
4937;80:e0:1d:f6:a4:d3;LU-Events;-79;79
4938;9c:53:22:40:4e:05;TBAYTech;-93;79
4939;82:f2:e0:d1:f9:74;portthru;-82;79
4940;6c:5a:b0:3d:73:c1;Quanser_UVS;-93;79
4941;a6:53:22:40:4e:05;eduroam;-92;79
4942;a4:6c:2a:d4:bf:14;Free Tbaytel WiFi;-73;79
4943;a4:6c:2a:d4:bf:12;eduroam;-73;79
4944;a4:6c:2a:d4:bf:13;LU-Events;-73;79
4945;a4:6c:2a:d4:bf:10;LU-Guest;-73;79
4946;a4:6c:2a:d4:bf:11;LakeheadU;-73;79
4947;a4:6c:2a:d4:be:30;LU-Guest;-69;79
4948;a4:6c:2a:d4:be:34;Free Tbaytel WiFi;-69;79
4949;a4:6c:2a:d4:be:31;LakeheadU;-69;79
4950;a4:6c:2a:d4:be:32;eduroam;-69;79
4951;ae:53:22:40:4f:80;NOSMConnect24;-76;80
4952;00:42:68:59:8b:ff;LU-Guest;-58;80
4953;00:42:68:59:8b:fc;LU-Events;-58;80
4954;00:42:68:59:8b:fb;Free Tbaytel WiFi;-61;80
4955;00:42:68:59:8b:fe;LakeheadU;-57;80
4956;00:42:68:59:8b:fd;eduroam;-57;80
4957;e8:de:27:f8:06:78;TP-LINK_F80678_Xiaoping;-82;80
4958;a2:53:22:40:4e:04;NOSMSecure;-78;80
4959;a2:53:22:40:4e:05;NOSMSecure;-92;80
4960;a6:53:22:40:4f:80;eduroam;-76;80
4961;a4:6c:2a:d4:ba:53;LU-Events;-69;80
4962;a4:6c:2a:d4:ba:54;Free Tbaytel WiFi;-60;80
4963;a4:6c:2a:d4:ba:50;LU-Guest;-61;80
4964;a4:6c:2a:d4:ba:51;LakeheadU;-60;80
4965;a4:6c:2a:d4:ba:52;eduroam;-61;80
4966;ba:a3:32:e1:97:09;Xerox;-89;80
4967;a4:6c:2a:d4:ba:5c;LU-Events;-73;80
4968;a4:6c:2a:d4:ba:5d;eduroam;-74;80
4969;a4:6c:2a:d4:ba:5e;LakeheadU;-74;80
4970;a4:6c:2a:d4:ba:5f;LU-Guest;-73;80
4971;a4:6c:2a:d4:ba:5b;Free Tbaytel WiFi;-72;80
4972;aa:53:22:40:4f:80;NOSMConnect;-76;80
4973;80:e0:1d:ee:3f:63;Free Tbaytel WiFi;-60;80
4974;80:e0:1d:ee:3f:64;eduroam;-60;80
4975;80:e0:1d:ee:3f:60;LakeheadU;-60;80
4976;80:e0:1d:ee:3f:61;LU-Guest;-60;80
4977;80:e0:1d:ee:3f:62;LU-Events;-60;80
4978;a4:6c:2a:d4:bf:1f;LU-Guest;-82;80
4979;a4:6c:2a:d4:bf:1d;eduroam;-83;80
4980;a4:6c:2a:d4:bf:1e;LakeheadU;-82;80
4981;a4:6c:2a:d4:bf:1b;Free Tbaytel WiFi;-83;80
4982;a4:6c:2a:d4:bf:1c;LU-Events;-83;80
4983;a4:6c:2a:d4:be:3e;LakeheadU;-86;80
4984;a4:6c:2a:d4:be:3f;LU-Guest;-86;80
4985;a4:6c:2a:d4:be:3c;LU-Events;-86;80
4986;a4:6c:2a:d4:be:3d;eduroam;-86;80
4987;a4:6c:2a:d4:be:3b;Free Tbaytel WiFi;-86;80
4988;00:42:68:59:8b:f1;LakeheadU;-61;80
4989;00:42:68:59:8b:f0;LU-Guest;-61;80
4990;00:42:68:59:8b:f3;LU-Events;-61;80
4991;00:42:68:59:8b:f2;eduroam;-61;80
4992;00:42:68:59:8b:f4;Free Tbaytel WiFi;-62;80
4993;a2:53:22:40:4f:80;NOSMSecure;-75;80
4994;80:e0:1d:ee:3f:6c;Free Tbaytel WiFi;-73;80
4995;80:e0:1d:ee:3f:6d;LU-Events;-71;80
4996;80:e0:1d:ee:3f:6e;LU-Guest;-72;80
4997;80:e0:1d:f6:a4:d0;LU-Guest;-80;80
4998;80:e0:1d:ee:3f:6f;LakeheadU;-72;80
4999;80:e0:1d:f6:a4:d2;eduroam;-79;80
5000;80:e0:1d:f6:a4:d4;Free Tbaytel WiFi;-79;80
5001;80:e0:1d:ee:3f:6b;eduroam;-72;80
5002;80:e0:1d:f6:a4:d3;LU-Events;-79;80
5003;9c:53:22:40:4e:05;TBAYTech;-93;80
5004;82:f2:e0:d1:f9:74;portthru;-82;80
5005;6c:5a:b0:3d:73:c1;Quanser_UVS;-93;80
5006;a6:53:22:40:4e:05;eduroam;-92;80
5007;a4:6c:2a:d4:bf:14;Free Tbaytel WiFi;-73;80
5008;a4:6c:2a:d4:bf:12;eduroam;-73;80
5009;a4:6c:2a:d4:bf:13;LU-Events;-73;80
5010;a4:6c:2a:d4:bf:10;LU-Guest;-73;80
5011;a4:6c:2a:d4:bf:11;LakeheadU;-73;80
5012;a4:6c:2a:d4:be:30;LU-Guest;-69;80
5013;a4:6c:2a:d4:be:34;Free Tbaytel WiFi;-69;80
5014;a4:6c:2a:d4:be:31;LakeheadU;-69;80
5015;a4:6c:2a:d4:be:32;eduroam;-69;80
5016;ac:7a:56:c8:62:00;LakeheadU;-85;81
5017;ac:7a:56:c8:62:01;LU-Events;-85;81
5018;ac:7a:56:c8:62:03;LU-Guest;-85;81
5019;80:e0:1d:e6:7b:31;LakeheadU;-85;81
5020;80:e0:1d:e6:7b:34;Free Tbaytel WiFi;-87;81
5021;ac:7a:56:c8:62:08;eduroam;-86;81
5022;ac:7a:56:c8:62:07;eduroam;-92;81
5023;00:42:68:59:8b:ff;LU-Guest;-72;81
5024;00:42:68:59:8b:fc;LU-Events;-72;81
5025;00:42:68:59:8b:fb;Free Tbaytel WiFi;-68;81
5026;00:42:68:59:8b:fe;LakeheadU;-72;81
5027;00:42:68:59:8b:fd;eduroam;-72;81
5028;c8:d7:19:24:c6:d5;LINKSYS-750;-92;81
5029;ae:53:22:40:4e:04;NOSMConnect24;-78;81
5030;a2:53:22:40:4e:04;NOSMSecure;-77;81
5031;a2:53:22:40:4e:05;NOSMSecure;-87;81
5032;a4:6c:2a:d4:ba:53;LU-Events;-60;81
5033;a4:6c:2a:d4:ba:54;Free Tbaytel WiFi;-59;81
5034;a4:6c:2a:d4:ba:50;LU-Guest;-60;81
5035;a4:6c:2a:d4:ba:51;LakeheadU;-59;81
5036;a4:6c:2a:d4:ba:52;eduroam;-59;81
5037;ba:a3:32:e1:97:09;Xerox;-87;81
5038;a4:6c:2a:d4:ba:5c;LU-Events;-86;81
5039;a4:6c:2a:d4:ba:5e;LakeheadU;-86;81
5040;a4:6c:2a:d4:ba:5f;LU-Guest;-86;81
5041;a4:6c:2a:d4:ba:5b;Free Tbaytel WiFi;-85;81
5042;aa:53:22:40:4f:80;NOSMConnect;-83;81
5043;80:e0:1d:ee:3f:63;Free Tbaytel WiFi;-59;81
5044;80:e0:1d:ee:3f:64;eduroam;-59;81
5045;80:e0:1d:ee:3f:60;LakeheadU;-58;81
5046;80:e0:1d:ee:3f:61;LU-Guest;-57;81
5047;80:e0:1d:ee:3f:62;LU-Events;-59;81
5048;a4:6c:2a:d4:bf:1f;LU-Guest;-69;81
5049;a4:6c:2a:d4:bf:1d;eduroam;-69;81
5050;a4:6c:2a:d4:bf:1e;LakeheadU;-70;81
5051;a4:6c:2a:d4:bf:1b;Free Tbaytel WiFi;-69;81
5052;a4:6c:2a:d4:bf:1c;LU-Events;-70;81
5053;a4:6c:2a:d4:be:3e;LakeheadU;-89;81
5054;a4:6c:2a:d4:be:3f;LU-Guest;-89;81
5055;a4:6c:2a:d4:be:3c;LU-Events;-88;81
5056;a4:6c:2a:d4:be:3d;eduroam;-88;81
5057;a4:6c:2a:d4:be:3b;Free Tbaytel WiFi;-88;81
5058;00:42:68:59:8b:f1;LakeheadU;-63;81
5059;00:42:68:59:8b:f0;LU-Guest;-63;81
5060;00:42:68:59:8b:f2;eduroam;-64;81
5061;00:42:68:59:8b:f4;Free Tbaytel WiFi;-64;81
5062;a2:53:22:40:4f:80;NOSMSecure;-82;81
5063;80:e0:1d:ee:3f:6c;Free Tbaytel WiFi;-67;81
5064;80:e0:1d:ee:3f:6d;LU-Events;-66;81
5065;80:e0:1d:ee:3f:6e;LU-Guest;-67;81
5066;80:e0:1d:ee:3f:6f;LakeheadU;-66;81
5067;80:e0:1d:ee:3f:6b;eduroam;-66;81
5068;9c:53:22:40:4e:05;TBAYTech;-88;81
5069;9c:53:22:40:4e:04;TBAYTech;-79;81
5070;aa:53:22:40:4e:05;NOSMConnect;-89;81
5071;aa:53:22:40:4e:04;NOSMConnect;-78;81
5072;82:f2:e0:d1:f9:74;portthru;-78;81
5073;a6:53:22:40:4e:05;eduroam;-88;81
5074;a6:53:22:40:4e:04;eduroam;-79;81
5075;a4:6c:2a:d4:bf:14;Free Tbaytel WiFi;-65;81
5076;a4:6c:2a:d4:bf:12;eduroam;-64;81
5077;a4:6c:2a:d4:bf:13;LU-Events;-65;81
5078;a4:6c:2a:d4:bf:10;LU-Guest;-66;81
5079;a4:6c:2a:d4:bf:11;LakeheadU;-64;81
5080;a4:6c:2a:d4:be:30;LU-Guest;-80;81
5081;a4:6c:2a:d4:be:32;eduroam;-79;81
5082;80:e0:1d:ee:3f:00;LU-Guest;-46;82
5083;80:e0:1d:ee:3f:04;Free Tbaytel WiFi;-47;82
5084;80:e0:1d:ee:3f:02;eduroam;-47;82
5085;80:e0:1d:ee:3f:01;LakeheadU;-47;82
5086;80:e0:1d:ee:3f:03;LU-Events;-47;82
5087;80:e0:1d:ee:3f:0e;LakeheadU;-56;82
5088;80:e0:1d:ac:8b:04;Free Tbaytel WiFi;-56;82
5089;80:e0:1d:ac:8b:02;eduroam;-56;82
5090;80:e0:1d:ee:3f:0b;Free Tbaytel WiFi;-56;82
5091;80:e0:1d:ac:8b:01;LakeheadU;-56;82
5092;80:e0:1d:ac:8b:03;LU-Events;-56;82
5093;80:e0:1d:ee:3f:0c;LU-Events;-56;82
5094;80:e0:1d:ee:3f:0d;eduroam;-57;82
5095;80:e0:1d:ac:8b:00;LU-Guest;-57;82
5096;80:e0:1d:ee:3f:0f;LU-Guest;-57;82
5097;9c:53:22:40:4f:e8;TBAYTech;-60;82
5098;a4:6c:2a:d3:f2:84;Free Tbaytel WiFi;-61;82
5099;a4:6c:2a:d3:f2:82;eduroam;-61;82
5100;a4:6c:2a:d3:f2:81;LakeheadU;-61;82
5101;a4:6c:2a:d3:f2:83;LU-Events;-61;82
5102;ae:53:22:40:4f:e8;NOSMConnect24;-61;82
5103;a6:53:22:40:4f:e8;eduroam;-61;82
5104;a4:6c:2a:d3:f2:80;LU-Guest;-62;82
5105;aa:53:22:40:4f:e8;NOSMConnect;-62;82
5106;80:e0:1d:ac:8b:0e;LakeheadU;-64;82
5107;80:e0:1d:f6:a4:d0;LU-Guest;-64;82
5108;a4:6c:2a:d4:be:32;eduroam;-64;82
5109;80:e0:1d:f6:a4:d4;Free Tbaytel WiFi;-64;82
5110;80:e0:1d:ac:8b:0f;LU-Guest;-65;82
5111;80:e0:1d:ac:8b:0d;eduroam;-65;82
5112;80:e0:1d:ac:8b:0c;LU-Events;-65;82
5113;80:e0:1d:ac:8b:0b;Free Tbaytel WiFi;-66;82
5114;aa:53:22:40:4f:7a;NOSMConnect;-68;82
5115;9c:53:22:40:4f:7a;TBAYTech;-68;82
5116;a4:6c:2a:d4:be:34;Free Tbaytel WiFi;-71;82
5117;ca:5a:b0:3d:73:c3;;-71;82
5118;a4:6c:2a:d4:be:30;LU-Guest;-71;82
5119;80:e0:1d:f6:a5:12;eduroam;-73;82
5120;82:f2:e0:d1:f9:74;portthru;-74;82
5121;80:e0:1d:f6:a5:11;LakeheadU;-74;82
5122;a4:6c:2a:d4:be:3b;Free Tbaytel WiFi;-75;82
5123;a4:6c:2a:d4:be:3d;eduroam;-75;82
5124;ce:d7:19:24:c6:d5;LINKSYS-750-guest;-75;82
5125;ba:a3:32:e1:97:09;Xerox;-75;82
5126;a4:6c:2a:d4:be:3e;LakeheadU;-75;82
5127;a4:6c:2a:d4:be:3c;LU-Events;-75;82
5128;a4:6c:2a:d4:ba:43;LU-Events;-76;82
5129;80:e0:1d:f6:a5:13;LU-Events;-76;82
5130;00:42:68:59:8b:fd;eduroam;-76;82
5131;6c:5a:b0:3d:73:c1;Quanser_UVS;-76;82
5132;9c:53:22:40:4f:80;TBAYTech;-77;82
5133;80:e0:1d:f6:a5:14;Free Tbaytel WiFi;-78;82
5134;80:e0:1d:e6:79:d0;LU-Guest;-79;82
5135;80:e0:1d:f6:a5:1b;Free Tbaytel WiFi;-80;82
5136;80:e0:1d:f6:a5:1f;LU-Guest;-80;82
5137;80:e0:1d:f6:a5:1d;eduroam;-80;82
5138;80:e0:1d:f6:a5:1e;LakeheadU;-80;82
5139;80:e0:1d:f6:a5:1c;LU-Events;-80;82
5140;a4:6c:2a:d3:f2:8b;Free Tbaytel WiFi;-81;82
5141;80:e0:1d:f6:a4:df;LU-Guest;-81;82
5142;a4:6c:2a:d4:bb:02;eduroam;-81;82
5143;c0:c1:c0:8e:e8:c5;unavailable;-81;82
5144;80:e0:1d:f6:a4:dd;eduroam;-81;82
5145;80:e0:1d:f6:a4:db;Free Tbaytel WiFi;-82;82
5146;a4:6c:2a:d4:bb:04;Free Tbaytel WiFi;-82;82
5147;a4:6c:2a:d4:bb:01;LakeheadU;-82;82
5148;a4:6c:2a:d4:bb:03;LU-Events;-82;82
5149;80:e0:1d:f6:a4:de;LakeheadU;-82;82
5150;80:e0:1d:f6:a4:dc;LU-Events;-82;82
5151;9c:53:22:40:4f:e9;TBAYTech;-83;82
5152;aa:53:22:40:4f:e9;NOSMConnect;-83;82
5153;a6:53:22:40:4f:e9;eduroam;-83;82
5154;a2:53:22:40:4f:e9;NOSMSecure;-83;82
5155;7e:a7:b0:c5:e9:67;DIRECT-cfLexmark Cheetah M-67e9;-84;82
5156;80:e0:1d:e6:79:db;Free Tbaytel WiFi;-85;82
5157;80:e0:1d:e6:79:df;LU-Guest;-86;82
5158;e8:de:27:f8:06:78;TP-LINK_F80678_Xiaoping;-86;82
5159;00:42:68:59:8b:ff;LU-Guest;-87;82
5160;00:42:68:59:8b:fb;Free Tbaytel WiFi;-88;82
5161;00:42:68:59:8b:fe;LakeheadU;-88;82
5162;a4:6c:2a:d3:f2:8c;LU-Events;-89;82
5163;a4:6c:2a:d3:f2:8d;eduroam;-89;82
5164;a4:6c:2a:d3:f2:8e;LakeheadU;-89;82
5165;00:42:68:59:8b:fc;LU-Events;-89;82
5166;80:e0:1d:e6:79:dc;LU-Events;-89;82
5167;a4:6c:2a:d3:f2:8f;LU-Guest;-90;82
5168;80:e0:1d:ee:3f:6d;LU-Events;-91;82
5169;ac:7a:56:c8:62:01;LU-Events;-77;83
5170;ac:7a:56:c8:62:03;LU-Guest;-76;83
5171;ac:7a:56:c8:62:07;Free Tbaytel WiFi;-77;83
5172;00:42:68:59:8b:fb;Free Tbaytel WiFi;-65;83
5173;a2:53:22:40:4e:05;NOSMSecure;-83;83
5174;a4:6c:2a:d4:ba:53;LU-Events;-73;83
5175;a4:6c:2a:d4:ba:54;Free Tbaytel WiFi;-72;83
5176;a4:6c:2a:d4:ba:51;LakeheadU;-73;83
5177;a4:6c:2a:d4:ba:5c;LU-Events;-90;83
5178;a4:6c:2a:d4:ba:5e;LakeheadU;-90;83
5179;a4:6c:2a:d4:ba:5f;LU-Guest;-90;83
5180;a4:6c:2a:d4:ba:5b;Free Tbaytel WiFi;-89;83
5181;80:e0:1d:ee:3f:64;eduroam;-75;83
5182;80:e0:1d:ee:3f:62;LU-Events;-74;83
5183;a4:6c:2a:d4:bf:1f;LU-Guest;-65;83
5184;a4:6c:2a:d4:bf:1d;eduroam;-65;83
5185;a4:6c:2a:d4:bf:1e;LakeheadU;-64;83
5186;a4:6c:2a:d4:bf:1b;Free Tbaytel WiFi;-65;83
5187;a4:6c:2a:d4:bf:1c;LU-Events;-65;83
5188;00:42:68:59:8b:f1;LakeheadU;-59;83
5189;00:42:68:59:8b:f0;LU-Guest;-59;83
5190;00:42:68:59:8b:f3;LU-Events;-59;83
5191;00:42:68:59:8b:f2;eduroam;-61;83
5192;00:42:68:59:8b:f4;Free Tbaytel WiFi;-59;83
5193;80:e0:1d:f6:a4:d0;LU-Guest;-76;83
5194;80:e0:1d:f6:a4:d4;Free Tbaytel WiFi;-76;83
5195;36:27:b9:3d:93:da;Xerox;-90;83
5196;9c:53:22:40:4e:05;TBAYTech;-83;83
5197;aa:53:22:40:4e:05;NOSMConnect;-83;83
5198;82:f2:e0:d1:f9:74;portthru;-83;83
5199;a6:53:22:40:4e:05;eduroam;-83;83
5200;a4:6c:2a:d4:bf:14;Free Tbaytel WiFi;-56;83
5201;a4:6c:2a:d4:bf:12;eduroam;-56;83
5202;a4:6c:2a:d4:bf:13;LU-Events;-56;83
5203;a4:6c:2a:d4:bf:10;LU-Guest;-56;83
5204;a4:6c:2a:d4:bf:11;LakeheadU;-57;83
5205;a4:6c:2a:d4:be:30;LU-Guest;-75;83
5206;a4:6c:2a:d4:be:33;LU-Events;-76;83
5207;a4:6c:2a:d4:be:34;Free Tbaytel WiFi;-76;83
5208;a4:6c:2a:d4:be:31;LakeheadU;-76;83
5209;a4:6c:2a:d4:be:32;eduroam;-75;83
5210;a4:6c:2a:d4:ba:50;LU-Guest;-42;84
5211;a4:6c:2a:d4:ba:51;LakeheadU;-42;84
5212;a4:6c:2a:d4:ba:54;Free Tbaytel WiFi;-43;84
5213;a4:6c:2a:d4:ba:52;eduroam;-43;84
5214;a4:6c:2a:d4:ba:53;LU-Events;-43;84
5215;a4:6c:2a:d4:ba:5b;Free Tbaytel WiFi;-60;84
5216;a4:6c:2a:d4:ba:5e;LakeheadU;-60;84
5217;a4:6c:2a:d4:ba:5f;LU-Guest;-60;84
5218;a4:6c:2a:d4:ba:5d;eduroam;-60;84
5219;a4:6c:2a:d4:ba:5c;LU-Events;-61;84
5220;a4:6c:2a:e0:1f:b3;LU-Events;-69;84
5221;a4:6c:2a:e0:1f:b2;eduroam;-69;84
5222;a4:6c:2a:e0:1f:b0;LU-Guest;-69;84
5223;a4:6c:2a:e0:1f:b4;Free Tbaytel WiFi;-69;84
5224;a4:6c:2a:e0:1f:b1;LakeheadU;-70;84
5225;00:42:68:59:8b:f0;LU-Guest;-70;84
5226;00:42:68:59:8b:f3;LU-Events;-71;84
5227;00:42:68:59:8b:f2;eduroam;-71;84
5228;00:42:68:59:8b:f4;Free Tbaytel WiFi;-71;84
5229;00:42:68:59:8b:f1;LakeheadU;-71;84
5230;c0:c1:c0:8e:e8:c5;unavailable;-74;84
5231;80:e0:1d:c1:ea:a4;Free Tbaytel WiFi;-76;84
5232;80:e0:1d:c1:ea:a0;LU-Guest;-76;84
5233;80:e0:1d:c1:ea:a2;eduroam;-76;84
5234;80:e0:1d:c1:ea:a1;LakeheadU;-76;84
5235;80:e0:1d:c1:ea:a3;LU-Events;-77;84
5236;a4:6c:2a:e0:20:00;LU-Guest;-78;84
5237;a4:6c:2a:e0:20:03;LU-Events;-78;84
5238;80:e0:1d:e6:7b:34;Free Tbaytel WiFi;-78;84
5239;80:e0:1d:e6:7b:33;LU-Events;-80;84
5240;a4:6c:2a:e0:20:02;eduroam;-80;84
5241;a4:6c:2a:e0:20:01;LakeheadU;-80;84
5242;a4:6c:2a:e0:20:04;Free Tbaytel WiFi;-80;84
5243;80:e0:1d:e6:7b:30;LU-Guest;-80;84
5244;6c:5a:b0:3d:73:c0;Quanser_UVS-5G;-81;84
5245;80:e0:1d:ee:40:50;LU-Guest;-82;84
5246;d8:b1:90:df:9f:e3;LU-Events;-82;84
5247;d8:b1:90:df:9f:e2;eduroam;-82;84
5248;80:e0:1d:ee:3f:60;LakeheadU;-82;84
5249;d8:b1:90:df:9f:e1;LakeheadU;-82;84
5250;80:e0:1d:ee:40:54;Free Tbaytel WiFi;-82;84
5251;80:e0:1d:ee:40:53;LU-Events;-83;84
5252;80:e0:1d:ee:40:52;eduroam;-83;84
5253;06:56:78:d0:60:49;EBF06ED2;-83;84
5254;d8:b1:90:df:9f:e4;Free Tbaytel WiFi;-83;84
5255;80:e0:1d:ee:40:51;LakeheadU;-83;84
5256;80:e0:1d:f8:49:43;LU-Events;-88;84
5257;80:e0:1d:f8:49:44;Free Tbaytel WiFi;-89;84
5258;6c:5a:b0:3d:73:bf;Quanser_UVS-5G;-93;84
5259;a4:6c:2a:d4:bf:1b;Free Tbaytel WiFi;-67;85
5260;a4:6c:2a:d4:bf:12;eduroam;-67;85
5261;a4:6c:2a:d4:bf:1c;LU-Events;-67;85
5262;a4:6c:2a:d4:bf:1f;LU-Guest;-68;85
5263;a4:6c:2a:d4:bf:14;Free Tbaytel WiFi;-68;85
5264;80:e0:1d:ee:40:52;eduroam;-68;85
5265;a4:6c:2a:d4:bf:1d;eduroam;-68;85
5266;a4:6c:2a:d4:bf:1e;LakeheadU;-68;85
5267;a4:6c:2a:d4:bf:11;LakeheadU;-69;85
5268;a4:6c:2a:d4:bf:10;LU-Guest;-69;85
5269;a4:6c:2a:d4:bf:13;LU-Events;-69;85
5270;80:e0:1d:ee:40:50;LU-Guest;-72;85
5271;80:e0:1d:ee:40:53;LU-Events;-72;85
5272;a4:6c:2a:d4:ba:52;eduroam;-73;85
5273;80:e0:1d:ee:40:51;LakeheadU;-73;85
5274;80:e0:1d:ee:40:54;Free Tbaytel WiFi;-74;85
5275;a4:6c:2a:e0:20:0e;LakeheadU;-74;85
5276;a4:6c:2a:e0:20:0c;LU-Events;-74;85
5277;a4:6c:2a:d4:ba:51;LakeheadU;-74;85
5278;a4:6c:2a:e0:20:00;LU-Guest;-74;85
5279;a4:6c:2a:e0:20:02;eduroam;-74;85
5280;a4:6c:2a:d4:ba:54;Free Tbaytel WiFi;-75;85
5281;a4:6c:2a:e0:20:04;Free Tbaytel WiFi;-75;85
5282;a4:6c:2a:e0:20:0b;Free Tbaytel WiFi;-75;85
5283;a4:6c:2a:d4:ba:53;LU-Events;-75;85
5284;a4:6c:2a:e0:20:01;LakeheadU;-75;85
5285;a4:6c:2a:e0:20:03;LU-Events;-75;85
5286;a4:6c:2a:e0:20:0f;LU-Guest;-75;85
5287;a4:6c:2a:e0:20:0d;eduroam;-75;85
5288;a4:6c:2a:d4:ba:5b;Free Tbaytel WiFi;-76;85
5289;a4:6c:2a:d4:ba:5d;eduroam;-76;85
5290;a4:6c:2a:d4:ba:5c;LU-Events;-76;85
5291;a4:6c:2a:d4:ba:5e;LakeheadU;-77;85
5292;ca:5a:b0:3d:73:c3;;-77;85
5293;a4:6c:2a:d4:ba:5f;LU-Guest;-77;85
5294;6c:5a:b0:3d:73:c1;Quanser_UVS;-78;85
5295;6c:5a:b0:3d:73:c0;Quanser_UVS-5G;-81;85
5296;d8:b1:90:df:9f:e3;LU-Events;-85;85
5297;80:e0:1d:ee:40:5d;eduroam;-85;85
5298;80:e0:1d:ee:40:5b;Free Tbaytel WiFi;-85;85
5299;d8:b1:90:df:9f:e4;Free Tbaytel WiFi;-85;85
5300;80:e0:1d:ee:40:5f;LU-Guest;-85;85
5301;80:e0:1d:ee:40:5c;LU-Events;-85;85
5302;7e:a7:b0:c5:e9:67;DIRECT-cfLexmark Cheetah M-67e9;-86;85
5303;d8:b1:90:df:9f:e1;LakeheadU;-86;85
5304;80:e0:1d:e6:79:d1;LakeheadU;-88;85
5305;a4:6c:2a:d3:f4:d4;Free Tbaytel WiFi;-89;85
5306;c0:c1:c0:8e:e8:c5;unavailable;-90;85
5307;6c:5a:b0:3d:73:bf;Quanser_UVS-5G;-92;85
5308;ba:5a:b0:3d:73:b1;;-93;85
5309;80:e0:1d:e6:7b:34;Free Tbaytel WiFi;-89;86
5310;80:e0:1d:e6:7b:33;LU-Events;-88;86
5311;80:e0:1d:c2:b3:90;LU-Guest;-85;86
5312;80:e0:1d:c2:b3:94;Free Tbaytel WiFi;-84;86
5313;80:e0:1d:c2:b3:93;LU-Events;-84;86
5314;a4:6c:2a:e0:20:03;LU-Events;-75;86
5315;ca:5a:b0:3d:73:c3;;-76;86
5316;c0:c1:c0:8e:e8:c5;unavailable;-84;86
5317;a4:6c:2a:e0:20:0f;LU-Guest;-84;86
5318;a4:6c:2a:e0:20:0c;LU-Events;-84;86
5319;a4:6c:2a:e0:20:0b;Free Tbaytel WiFi;-84;86
5320;a4:6c:2a:e0:20:0e;LakeheadU;-84;86
5321;a4:6c:2a:e0:20:0d;eduroam;-83;86
5322;80:e0:1d:ee:40:50;LU-Guest;-66;86
5323;80:e0:1d:ee:40:52;eduroam;-66;86
5324;80:e0:1d:ee:40:51;LakeheadU;-65;86
5325;80:e0:1d:ee:40:54;Free Tbaytel WiFi;-65;86
5326;80:e0:1d:ee:40:53;LU-Events;-66;86
5327;80:e0:1d:ee:40:5b;Free Tbaytel WiFi;-78;86
5328;80:e0:1d:ee:40:5d;eduroam;-78;86
5329;80:e0:1d:ee:40:5c;LU-Events;-77;86
5330;80:e0:1d:ee:40:5f;LU-Guest;-78;86
5331;80:e0:1d:ee:40:5e;LakeheadU;-78;86
5332;a4:6c:2a:d4:ba:53;LU-Events;-70;86
5333;a4:6c:2a:d4:ba:54;Free Tbaytel WiFi;-69;86
5334;a4:6c:2a:d4:ba:50;LU-Guest;-69;86
5335;a4:6c:2a:d4:ba:51;LakeheadU;-69;86
5336;a4:6c:2a:d4:ba:52;eduroam;-69;86
5337;a4:6c:2a:d4:ba:5c;LU-Events;-78;86
5338;a4:6c:2a:d4:ba:5d;eduroam;-79;86
5339;a4:6c:2a:d4:ba:5e;LakeheadU;-79;86
5340;a4:6c:2a:d4:ba:5f;LU-Guest;-78;86
5341;a4:6c:2a:d4:ba:5b;Free Tbaytel WiFi;-78;86
5342;a4:6c:2a:d4:bf:1f;LU-Guest;-73;86
5343;a4:6c:2a:d4:bf:1d;eduroam;-73;86
5344;a4:6c:2a:d4:bf:1e;LakeheadU;-73;86
5345;a4:6c:2a:d4:bf:1b;Free Tbaytel WiFi;-72;86
5346;a4:6c:2a:d4:bf:1c;LU-Events;-72;86
5347;6c:5a:b0:3d:73:bf;Quanser_UVS-5G;-90;86
5348;6c:5a:b0:3d:73:c0;Quanser_UVS-5G;-82;86
5349;6c:5a:b0:3d:73:c1;Quanser_UVS;-77;86
5350;a4:6c:2a:d4:bf:14;Free Tbaytel WiFi;-61;86
5351;a4:6c:2a:d4:bf:12;eduroam;-61;86
5352;a4:6c:2a:d4:bf:13;LU-Events;-61;86
5353;a4:6c:2a:d4:bf:10;LU-Guest;-60;86
5354;a4:6c:2a:d4:bf:11;LakeheadU;-59;86
5355;d8:b1:90:df:9f:e4;Free Tbaytel WiFi;-83;87
5356;a4:6c:2a:e0:20:01;LakeheadU;-72;87
5357;a4:6c:2a:e0:20:00;LU-Guest;-73;87
5358;a4:6c:2a:e0:20:03;LU-Events;-72;87
5359;a4:6c:2a:e0:20:02;eduroam;-72;87
5360;a4:6c:2a:e0:20:04;Free Tbaytel WiFi;-74;87
5361;d8:b1:90:df:9f:e0;LU-Guest;-88;87
5362;ca:5a:b0:3d:73:c3;;-76;87
5363;c0:c1:c0:8e:e8:c5;unavailable;-81;87
5364;a4:6c:2a:e0:20:0f;LU-Guest;-82;87
5365;a4:6c:2a:e0:20:0c;LU-Events;-82;87
5366;a4:6c:2a:e0:20:0b;Free Tbaytel WiFi;-82;87
5367;a4:6c:2a:e0:20:0e;LakeheadU;-82;87
5368;a4:6c:2a:e0:20:0d;eduroam;-82;87
5369;a4:6c:2a:d3:f4:d3;LU-Events;-88;87
5370;80:e0:1d:ee:40:50;LU-Guest;-64;87
5371;80:e0:1d:ee:40:52;eduroam;-63;87
5372;80:e0:1d:ee:40:51;LakeheadU;-64;87
5373;80:e0:1d:ee:40:54;Free Tbaytel WiFi;-56;87
5374;80:e0:1d:ee:40:53;LU-Events;-64;87
5375;80:e0:1d:ee:40:5b;Free Tbaytel WiFi;-77;87
5376;80:e0:1d:ee:40:5d;eduroam;-77;87
5377;80:e0:1d:ee:40:5c;LU-Events;-77;87
5378;80:e0:1d:ee:40:5f;LU-Guest;-77;87
5379;80:e0:1d:ee:40:5e;LakeheadU;-77;87
5380;a4:6c:2a:d4:ba:53;LU-Events;-59;87
5381;a4:6c:2a:d4:ba:51;LakeheadU;-59;87
5382;a4:6c:2a:d4:ba:5c;LU-Events;-72;87
5383;a4:6c:2a:d4:ba:5d;eduroam;-72;87
5384;a4:6c:2a:d4:ba:5e;LakeheadU;-73;87
5385;a4:6c:2a:d4:ba:5f;LU-Guest;-71;87
5386;a4:6c:2a:d4:ba:5b;Free Tbaytel WiFi;-71;87
5387;a4:6c:2a:d4:bf:1f;LU-Guest;-79;87
5388;a4:6c:2a:d4:bf:1d;eduroam;-79;87
5389;a4:6c:2a:d4:bf:1e;LakeheadU;-79;87
5390;a4:6c:2a:d4:bf:1b;Free Tbaytel WiFi;-78;87
5391;a4:6c:2a:d4:bf:1c;LU-Events;-78;87
5392;6c:5a:b0:3d:73:bf;Quanser_UVS-5G;-91;87
5393;6c:5a:b0:3d:73:c0;Quanser_UVS-5G;-83;87
5394;6c:5a:b0:3d:73:c1;Quanser_UVS;-77;87
5395;a4:6c:2a:d4:bf:14;Free Tbaytel WiFi;-60;87
5396;a4:6c:2a:d4:bf:13;LU-Events;-61;87
5397;a4:6c:2a:d4:bf:11;LakeheadU;-60;87
5398;a4:6c:2a:e0:1f:bc;LU-Events;-89;87
5399;a4:6c:2a:e0:1f:bd;eduroam;-90;87
5400;a4:6c:2a:e0:1f:be;LakeheadU;-91;87
5401;a4:6c:2a:e0:1f:bf;LU-Guest;-89;87
5402;a4:6c:2a:e0:1f:bb;Free Tbaytel WiFi;-90;87
5403;d8:b1:90:df:9f:e4;Free Tbaytel WiFi;-83;88
5404;a4:6c:2a:e0:20:01;LakeheadU;-72;88
5405;a4:6c:2a:e0:20:00;LU-Guest;-73;88
5406;a4:6c:2a:e0:20:03;LU-Events;-72;88
5407;a4:6c:2a:e0:20:02;eduroam;-72;88
5408;a4:6c:2a:e0:20:04;Free Tbaytel WiFi;-74;88
5409;d8:b1:90:df:9f:e0;LU-Guest;-88;88
5410;c0:c1:c0:8e:e8:c5;unavailable;-81;88
5411;a4:6c:2a:e0:20:0f;LU-Guest;-82;88
5412;a4:6c:2a:e0:20:0c;LU-Events;-82;88
5413;a4:6c:2a:e0:20:0b;Free Tbaytel WiFi;-82;88
5414;a4:6c:2a:e0:20:0e;LakeheadU;-82;88
5415;a4:6c:2a:e0:20:0d;eduroam;-82;88
5416;a4:6c:2a:d3:f4:d3;LU-Events;-88;88
5417;80:e0:1d:ee:40:50;LU-Guest;-64;88
5418;80:e0:1d:ee:40:52;eduroam;-63;88
5419;80:e0:1d:ee:40:51;LakeheadU;-64;88
5420;80:e0:1d:ee:40:54;Free Tbaytel WiFi;-56;88
5421;80:e0:1d:ee:40:53;LU-Events;-64;88
5422;80:e0:1d:ee:40:5b;Free Tbaytel WiFi;-77;88
5423;80:e0:1d:ee:40:5d;eduroam;-77;88
5424;80:e0:1d:ee:40:5c;LU-Events;-77;88
5425;80:e0:1d:ee:40:5f;LU-Guest;-77;88
5426;80:e0:1d:ee:40:5e;LakeheadU;-77;88
5427;a4:6c:2a:d4:ba:53;LU-Events;-59;88
5428;a4:6c:2a:d4:ba:51;LakeheadU;-59;88
5429;a4:6c:2a:d4:ba:5c;LU-Events;-72;88
5430;a4:6c:2a:d4:ba:5d;eduroam;-72;88
5431;a4:6c:2a:d4:ba:5e;LakeheadU;-73;88
5432;a4:6c:2a:d4:ba:5f;LU-Guest;-71;88
5433;a4:6c:2a:d4:ba:5b;Free Tbaytel WiFi;-71;88
5434;a4:6c:2a:d4:bf:1f;LU-Guest;-79;88
5435;a4:6c:2a:d4:bf:1d;eduroam;-79;88
5436;a4:6c:2a:d4:bf:1e;LakeheadU;-79;88
5437;a4:6c:2a:d4:bf:1b;Free Tbaytel WiFi;-78;88
5438;a4:6c:2a:d4:bf:1c;LU-Events;-78;88
5439;6c:5a:b0:3d:73:bf;Quanser_UVS-5G;-91;88
5440;6c:5a:b0:3d:73:c0;Quanser_UVS-5G;-83;88
5441;6c:5a:b0:3d:73:c1;Quanser_UVS;-77;88
5442;a4:6c:2a:d4:bf:14;Free Tbaytel WiFi;-60;88
5443;a4:6c:2a:d4:bf:13;LU-Events;-61;88
5444;a4:6c:2a:d4:bf:11;LakeheadU;-60;88
5445;a4:6c:2a:e0:1f:bc;LU-Events;-89;88
5446;a4:6c:2a:e0:1f:bd;eduroam;-90;88
5447;a4:6c:2a:e0:1f:be;LakeheadU;-91;88
5448;a4:6c:2a:e0:1f:bf;LU-Guest;-89;88
5449;a4:6c:2a:e0:1f:bb;Free Tbaytel WiFi;-90;88
5450;d8:b1:90:df:9f:e4;Free Tbaytel WiFi;-83;89
5451;a4:6c:2a:e0:20:01;LakeheadU;-72;89
5452;a4:6c:2a:e0:20:00;LU-Guest;-73;89
5453;a4:6c:2a:e0:20:03;LU-Events;-72;89
5454;a4:6c:2a:e0:20:02;eduroam;-72;89
5455;a4:6c:2a:e0:20:04;Free Tbaytel WiFi;-74;89
5456;d8:b1:90:df:9f:e0;LU-Guest;-88;89
5457;c0:c1:c0:8e:e8:c5;unavailable;-81;89
5458;a4:6c:2a:e0:20:0f;LU-Guest;-82;89
5459;a4:6c:2a:e0:20:0c;LU-Events;-82;89
5460;a4:6c:2a:e0:20:0b;Free Tbaytel WiFi;-82;89
5461;a4:6c:2a:e0:20:0e;LakeheadU;-82;89
5462;a4:6c:2a:e0:20:0d;eduroam;-82;89
5463;a4:6c:2a:d3:f4:d3;LU-Events;-88;89
5464;80:e0:1d:ee:40:50;LU-Guest;-64;89
5465;80:e0:1d:ee:40:52;eduroam;-63;89
5466;80:e0:1d:ee:40:51;LakeheadU;-64;89
5467;80:e0:1d:ee:40:54;Free Tbaytel WiFi;-56;89
5468;80:e0:1d:ee:40:53;LU-Events;-64;89
5469;80:e0:1d:ee:40:5b;Free Tbaytel WiFi;-77;89
5470;80:e0:1d:ee:40:5d;eduroam;-77;89
5471;80:e0:1d:ee:40:5c;LU-Events;-77;89
5472;80:e0:1d:ee:40:5f;LU-Guest;-77;89
5473;80:e0:1d:ee:40:5e;LakeheadU;-77;89
5474;a4:6c:2a:d4:ba:53;LU-Events;-59;89
5475;a4:6c:2a:d4:ba:51;LakeheadU;-59;89
5476;a4:6c:2a:d4:ba:5c;LU-Events;-72;89
5477;a4:6c:2a:d4:ba:5d;eduroam;-72;89
5478;a4:6c:2a:d4:ba:5e;LakeheadU;-73;89
5479;a4:6c:2a:d4:ba:5f;LU-Guest;-71;89
5480;a4:6c:2a:d4:ba:5b;Free Tbaytel WiFi;-71;89
5481;a4:6c:2a:d4:bf:1f;LU-Guest;-79;89
5482;a4:6c:2a:d4:bf:1d;eduroam;-79;89
5483;a4:6c:2a:d4:bf:1e;LakeheadU;-79;89
5484;a4:6c:2a:d4:bf:1b;Free Tbaytel WiFi;-78;89
5485;a4:6c:2a:d4:bf:1c;LU-Events;-78;89
5486;6c:5a:b0:3d:73:bf;Quanser_UVS-5G;-91;89
5487;6c:5a:b0:3d:73:c0;Quanser_UVS-5G;-83;89
5488;6c:5a:b0:3d:73:c1;Quanser_UVS;-77;89
5489;a4:6c:2a:d4:bf:14;Free Tbaytel WiFi;-60;89
5490;a4:6c:2a:d4:bf:13;LU-Events;-61;89
5491;a4:6c:2a:d4:bf:11;LakeheadU;-60;89
5492;a4:6c:2a:e0:1f:bc;LU-Events;-89;89
5493;a4:6c:2a:e0:1f:bd;eduroam;-90;89
5494;a4:6c:2a:e0:1f:be;LakeheadU;-91;89
5495;a4:6c:2a:e0:1f:bf;LU-Guest;-89;89
5496;a4:6c:2a:e0:1f:bb;Free Tbaytel WiFi;-90;89
5497;ac:7a:56:c8:62:01;LU-Events;-86;90
5498;80:e0:1d:af:1e:cc;Free Tbaytel WiFi;-91;90
5499;80:e0:1d:af:1e:cd;LU-Events;-93;90
5500;80:e0:1d:e6:7b:32;eduroam;-74;90
5501;80:e0:1d:e6:7b:31;LakeheadU;-74;90
5502;80:e0:1d:e6:7b:34;Free Tbaytel WiFi;-74;90
5503;80:e0:1d:e6:7b:33;LU-Events;-72;90
5504;80:e0:1d:e6:7b:3c;LU-Events;-85;90
5505;80:e0:1d:e6:7b:3f;LU-Guest;-85;90
5506;80:e0:1d:e6:7b:3e;LakeheadU;-85;90
5507;d8:b1:90:df:9f:ee;LakeheadU;-92;90
5508;d8:b1:90:df:9f:ec;LU-Events;-91;90
5509;80:e0:1d:c2:b3:91;LakeheadU;-81;90
5510;d8:b1:90:df:9f:eb;Free Tbaytel WiFi;-92;90
5511;00:42:68:59:8b:fb;Free Tbaytel WiFi;-90;90
5512;00:42:68:59:8b:fe;LakeheadU;-89;90
5513;d8:b1:90:df:9f:ef;LU-Guest;-92;90
5514;d8:b1:90:df:9f:e4;Free Tbaytel WiFi;-74;90
5515;d8:b1:90:df:9f:e3;LU-Events;-75;90
5516;d8:b1:90:df:9f:e2;eduroam;-74;90
5517;a4:6c:2a:e0:20:01;LakeheadU;-69;90
5518;a4:6c:2a:e0:20:00;LU-Guest;-70;90
5519;a4:6c:2a:e0:20:03;LU-Events;-69;90
5520;a4:6c:2a:e0:20:02;eduroam;-69;90
5521;a4:6c:2a:e0:20:04;Free Tbaytel WiFi;-70;90
5522;d8:b1:90:df:9f:e1;LakeheadU;-74;90
5523;d8:b1:90:df:9f:e0;LU-Guest;-74;90
5524;c0:c1:c0:8e:e8:c5;unavailable;-69;90
5525;a4:6c:2a:e0:20:0f;LU-Guest;-77;90
5526;a4:6c:2a:e0:20:0c;LU-Events;-78;90
5527;a4:6c:2a:e0:20:0b;Free Tbaytel WiFi;-78;90
5528;a4:6c:2a:e0:20:0e;LakeheadU;-79;90
5529;a4:6c:2a:e0:20:0d;eduroam;-79;90
5530;06:56:78:d0:60:49;EBF06ED2;-86;90
5531;80:e0:1d:c2:b7:f1;LakeheadU;-81;90
5532;80:e0:1d:c2:b7:f4;Free Tbaytel WiFi;-81;90
5533;80:e0:1d:c2:b7:ff;LU-Guest;-93;90
5534;a4:6c:2a:d3:f4:d0;LU-Guest;-84;90
5535;80:e0:1d:ee:40:50;LU-Guest;-70;90
5536;80:e0:1d:ee:40:52;eduroam;-71;90
5537;80:e0:1d:ee:40:51;LakeheadU;-71;90
5538;80:e0:1d:ee:40:54;Free Tbaytel WiFi;-71;90
5539;80:e0:1d:ee:40:53;LU-Events;-71;90
5540;d8:b1:90:e1:26:a0;LU-Guest;-83;90
5541;d8:b1:90:e1:26:a4;Free Tbaytel WiFi;-83;90
5542;d8:b1:90:e1:26:a3;LU-Events;-82;90
5543;80:e0:1d:f0:90:d3;Free Tbaytel WiFi;-83;90
5544;80:e0:1d:f0:90:d1;LU-Guest;-82;90
5545;ba:5a:b0:3d:73:b1;;-84;90
5546;a6:d7:3c:91:f4:6a;DIRECT-1E4P4AT2020-EPL530UGUtE;-81;90
5547;d8:b1:90:e1:26:ab;Free Tbaytel WiFi;-91;90
5548;d8:b1:90:e1:26:ac;LU-Events;-92;90
5549;80:e0:1d:ee:40:5b;Free Tbaytel WiFi;-81;90
5550;80:e0:1d:c1:ea:ac;LU-Events;-91;90
5551;80:e0:1d:ee:40:5d;eduroam;-82;90
5552;80:e0:1d:ee:40:5c;LU-Events;-82;90
5553;80:e0:1d:ee:40:5f;LU-Guest;-79;90
5554;80:e0:1d:ee:40:5e;LakeheadU;-82;90
5555;a4:6c:2a:d4:ba:53;LU-Events;-46;90
5556;a4:6c:2a:d4:ba:54;Free Tbaytel WiFi;-48;90
5557;a4:6c:2a:d4:ba:50;LU-Guest;-47;90
5558;a4:6c:2a:d4:ba:51;LakeheadU;-47;90
5559;a4:6c:2a:d4:ba:52;eduroam;-47;90
5560;80:e0:1d:c1:ea:a3;LU-Events;-84;90
5561;80:e0:1d:c1:ea:a0;LU-Guest;-86;90
5562;a4:6c:2a:d4:ba:5c;LU-Events;-60;90
5563;a4:6c:2a:d4:ba:5d;eduroam;-60;90
5564;a4:6c:2a:d4:ba:5e;LakeheadU;-61;90
5565;a4:6c:2a:d4:ba:5f;LU-Guest;-60;90
5566;a4:6c:2a:d4:ba:5b;Free Tbaytel WiFi;-63;90
5567;80:e0:1d:ee:3f:60;LakeheadU;-86;90
5568;a4:6c:2a:d4:bf:1f;LU-Guest;-86;90
5569;a4:6c:2a:d4:bf:1d;eduroam;-85;90
5570;a4:6c:2a:d4:bf:1b;Free Tbaytel WiFi;-85;90
5571;00:42:68:59:8b:f1;LakeheadU;-76;90
5572;00:42:68:59:8b:f3;LU-Events;-76;90
5573;00:42:68:59:8b:f2;eduroam;-83;90
5574;00:42:68:59:8b:f4;Free Tbaytel WiFi;-77;90
5575;80:e0:1d:d9:e8:33;Free Tbaytel WiFi;-88;90
5576;80:e0:1d:d9:e8:34;eduroam;-87;90
5577;6c:5a:b0:3d:73:bf;Quanser_UVS-5G;-84;90
5578;6c:5a:b0:3d:73:c0;Quanser_UVS-5G;-79;90
5579;6c:5a:b0:3d:73:c1;Quanser_UVS;-76;90
5580;a4:6c:2a:e0:1f:b3;LU-Events;-76;90
5581;a4:6c:2a:e0:1f:b1;LakeheadU;-77;90
5582;a4:6c:2a:d4:bf:14;Free Tbaytel WiFi;-73;90
5583;a4:6c:2a:d4:bf:13;LU-Events;-72;90
5584;a4:6c:2a:d4:bf:11;LakeheadU;-73;90
5585;fa:25:51:6b:06:3c;DIRECT-1C4L1EB8840EAGOSb;-86;90
5586;a4:6c:2a:e0:1f:bc;LU-Events;-85;90
5587;a4:6c:2a:e0:1f:bd;eduroam;-85;90
5588;a4:6c:2a:e0:1f:be;LakeheadU;-86;90
5589;a4:6c:2a:e0:1f:bf;LU-Guest;-85;90
5590;a4:6c:2a:e0:1f:bb;Free Tbaytel WiFi;-85;90
5591;a4:6c:2a:d4:ba:53;LU-Events;-46;91
5592;a4:6c:2a:d4:ba:52;eduroam;-47;91
5593;a4:6c:2a:d4:ba:51;LakeheadU;-47;91
5594;a4:6c:2a:d4:ba:50;LU-Guest;-47;91
5595;a4:6c:2a:d4:ba:54;Free Tbaytel WiFi;-48;91
5596;a4:6c:2a:d4:ba:5d;eduroam;-60;91
5597;a4:6c:2a:d4:ba:5f;LU-Guest;-60;91
5598;a4:6c:2a:d4:ba:5c;LU-Events;-60;91
5599;a4:6c:2a:d4:ba:5e;LakeheadU;-61;91
5600;a4:6c:2a:d4:ba:5b;Free Tbaytel WiFi;-63;91
5601;a4:6c:2a:e0:20:01;LakeheadU;-69;91
5602;a4:6c:2a:e0:20:02;eduroam;-69;91
5603;a4:6c:2a:e0:20:03;LU-Events;-69;91
5604;c0:c1:c0:8e:e8:c5;unavailable;-69;91
5605;a4:6c:2a:e0:20:00;LU-Guest;-70;91
5606;a4:6c:2a:e0:20:04;Free Tbaytel WiFi;-70;91
5607;80:e0:1d:ee:40:50;LU-Guest;-70;91
5608;80:e0:1d:ee:40:54;Free Tbaytel WiFi;-71;91
5609;80:e0:1d:ee:40:52;eduroam;-71;91
5610;80:e0:1d:ee:40:51;LakeheadU;-71;91
5611;80:e0:1d:ee:40:53;LU-Events;-71;91
5612;a4:6c:2a:d4:bf:13;LU-Events;-72;91
5613;80:e0:1d:e6:7b:33;LU-Events;-72;91
5614;a4:6c:2a:d4:bf:11;LakeheadU;-73;91
5615;a4:6c:2a:d4:bf:14;Free Tbaytel WiFi;-73;91
5616;d8:b1:90:df:9f:e4;Free Tbaytel WiFi;-74;91
5617;80:e0:1d:e6:7b:34;Free Tbaytel WiFi;-74;91
5618;d8:b1:90:df:9f:e2;eduroam;-74;91
5619;d8:b1:90:df:9f:e1;LakeheadU;-74;91
5620;80:e0:1d:e6:7b:32;eduroam;-74;91
5621;80:e0:1d:e6:7b:31;LakeheadU;-74;91
5622;d8:b1:90:df:9f:e0;LU-Guest;-74;91
5623;d8:b1:90:df:9f:e3;LU-Events;-75;91
5624;a4:6c:2a:e0:1f:b3;LU-Events;-76;91
5625;00:42:68:59:8b:f1;LakeheadU;-76;91
5626;00:42:68:59:8b:f3;LU-Events;-76;91
5627;6c:5a:b0:3d:73:c1;Quanser_UVS;-76;91
5628;a4:6c:2a:e0:20:0f;LU-Guest;-77;91
5629;a4:6c:2a:e0:1f:b1;LakeheadU;-77;91
5630;00:42:68:59:8b:f4;Free Tbaytel WiFi;-77;91
5631;a4:6c:2a:e0:20:0b;Free Tbaytel WiFi;-78;91
5632;a4:6c:2a:e0:20:0c;LU-Events;-78;91
5633;6c:5a:b0:3d:73:c0;Quanser_UVS-5G;-79;91
5634;80:e0:1d:ee:40:5f;LU-Guest;-79;91
5635;a4:6c:2a:e0:20:0d;eduroam;-79;91
5636;a4:6c:2a:e0:20:0e;LakeheadU;-79;91
5637;80:e0:1d:ee:40:5b;Free Tbaytel WiFi;-81;91
5638;80:e0:1d:c2:b3:91;LakeheadU;-81;91
5639;80:e0:1d:c2:b7:f1;LakeheadU;-81;91
5640;80:e0:1d:c2:b7:f4;Free Tbaytel WiFi;-81;91
5641;a6:d7:3c:91:f4:6a;DIRECT-1E4P4AT2020-EPL530UGUtE;-81;91
5642;80:e0:1d:ee:40:5c;LU-Events;-82;91
5643;80:e0:1d:f0:90:d1;LU-Guest;-82;91
5644;d8:b1:90:e1:26:a3;LU-Events;-82;91
5645;80:e0:1d:ee:40:5d;eduroam;-82;91
5646;80:e0:1d:ee:40:5e;LakeheadU;-82;91
5647;80:e0:1d:f0:90:d3;Free Tbaytel WiFi;-83;91
5648;00:42:68:59:8b:f2;eduroam;-83;91
5649;d8:b1:90:e1:26:a0;LU-Guest;-83;91
5650;d8:b1:90:e1:26:a4;Free Tbaytel WiFi;-83;91
5651;6c:5a:b0:3d:73:bf;Quanser_UVS-5G;-84;91
5652;a4:6c:2a:d3:f4:d0;LU-Guest;-84;91
5653;ba:5a:b0:3d:73:b1;;-84;91
5654;80:e0:1d:c1:ea:a3;LU-Events;-84;91
5655;a4:6c:2a:d4:bf:1b;Free Tbaytel WiFi;-85;91
5656;a4:6c:2a:d4:bf:1d;eduroam;-85;91
5657;a4:6c:2a:e0:1f:bb;Free Tbaytel WiFi;-85;91
5658;a4:6c:2a:e0:1f:bc;LU-Events;-85;91
5659;80:e0:1d:e6:7b:3f;LU-Guest;-85;91
5660;80:e0:1d:e6:7b:3c;LU-Events;-85;91
5661;80:e0:1d:e6:7b:3e;LakeheadU;-85;91
5662;a4:6c:2a:e0:1f:bf;LU-Guest;-85;91
5663;a4:6c:2a:e0:1f:bd;eduroam;-85;91
5664;a4:6c:2a:d4:bf:1f;LU-Guest;-86;91
5665;a4:6c:2a:e0:1f:be;LakeheadU;-86;91
5666;ac:7a:56:c8:62:01;LU-Events;-86;91
5667;80:e0:1d:c1:ea:a0;LU-Guest;-86;91
5668;06:56:78:d0:60:49;EBF06ED2;-86;91
5669;80:e0:1d:ee:3f:60;LakeheadU;-86;91
5670;fa:25:51:6b:06:3c;DIRECT-1C4L1EB8840EAGOSb;-86;91
5671;80:e0:1d:d9:e8:34;eduroam;-87;91
5672;80:e0:1d:d9:e8:33;Free Tbaytel WiFi;-88;91
5673;00:42:68:59:8b:fe;LakeheadU;-89;91
5674;00:42:68:59:8b:fb;Free Tbaytel WiFi;-90;91
5675;d8:b1:90:e1:26:ab;Free Tbaytel WiFi;-91;91
5676;d8:b1:90:df:9f:ec;LU-Events;-91;91
5677;80:e0:1d:c1:ea:ac;LU-Events;-91;91
5678;80:e0:1d:af:1e:cc;Free Tbaytel WiFi;-91;91
5679;d8:b1:90:e1:26:ac;LU-Events;-92;91
5680;d8:b1:90:df:9f:ee;LakeheadU;-92;91
5681;d8:b1:90:df:9f:eb;Free Tbaytel WiFi;-92;91
5682;d8:b1:90:df:9f:ef;LU-Guest;-92;91
5683;80:e0:1d:c2:b7:ff;LU-Guest;-93;91
5684;80:e0:1d:af:1e:cd;LU-Events;-93;91
5685;80:e0:1d:e6:7b:30;LU-Guest;-76;92
5686;80:e0:1d:e6:7b:31;LakeheadU;-76;92
5687;80:e0:1d:e6:7b:34;Free Tbaytel WiFi;-75;92
5688;ac:7a:56:c8:62:08;eduroam;-90;92
5689;80:e0:1d:e6:7b:3c;LU-Events;-86;92
5690;80:e0:1d:e6:7b:3f;LU-Guest;-87;92
5691;80:e0:1d:e6:7b:3e;LakeheadU;-86;92
5692;d8:b1:90:df:9f:ee;LakeheadU;-88;92
5693;d8:b1:90:df:9f:ed;eduroam;-88;92
5694;d8:b1:90:df:9f:ec;LU-Events;-87;92
5695;d8:b1:90:df:9f:eb;Free Tbaytel WiFi;-88;92
5696;d8:b1:90:df:9f:ef;LU-Guest;-88;92
5697;80:e0:1d:e6:7b:3b;Free Tbaytel WiFi;-87;92
5698;d8:b1:90:df:9f:e4;Free Tbaytel WiFi;-73;92
5699;d8:b1:90:df:9f:e3;LU-Events;-73;92
5700;d8:b1:90:df:9f:e2;eduroam;-73;92
5701;a4:6c:2a:e0:20:01;LakeheadU;-66;92
5702;a4:6c:2a:e0:20:00;LU-Guest;-67;92
5703;a4:6c:2a:e0:20:03;LU-Events;-66;92
5704;a4:6c:2a:e0:20:02;eduroam;-66;92
5705;d8:b1:90:df:9f:e1;LakeheadU;-73;92
5706;d8:b1:90:df:9f:e0;LU-Guest;-73;92
5707;ca:5a:b0:3d:73:c3;;-73;92
5708;c0:c1:c0:8e:e8:c5;unavailable;-61;92
5709;a4:6c:2a:e0:20:0f;LU-Guest;-76;92
5710;a4:6c:2a:e0:20:0c;LU-Events;-75;92
5711;a4:6c:2a:e0:20:0b;Free Tbaytel WiFi;-76;92
5712;a4:6c:2a:e0:20:0e;LakeheadU;-75;92
5713;a4:6c:2a:e0:20:0d;eduroam;-76;92
5714;80:e0:1d:c2:b7:f4;Free Tbaytel WiFi;-77;92
5715;80:e0:1d:c2:b7:ff;LU-Guest;-88;92
5716;80:e0:1d:c2:b7:fc;LU-Events;-90;92
5717;80:e0:1d:c2:b7:fd;eduroam;-89;92
5718;80:e0:1d:c2:b7:fe;LakeheadU;-88;92
5719;80:e0:1d:d9:e9:2d;eduroam;-92;92
5720;80:e0:1d:d9:e9:2f;LU-Guest;-92;92
5721;80:e0:1d:d9:e9:2b;Free Tbaytel WiFi;-91;92
5722;80:e0:1d:d9:e9:23;LU-Events;-87;92
5723;80:e0:1d:ee:40:50;LU-Guest;-74;92
5724;80:e0:1d:ee:40:52;eduroam;-74;92
5725;80:e0:1d:ee:40:51;LakeheadU;-74;92
5726;80:e0:1d:ee:40:54;Free Tbaytel WiFi;-74;92
5727;80:e0:1d:ee:40:53;LU-Events;-76;92
5728;d8:b1:90:e1:26:a0;LU-Guest;-85;92
5729;80:e0:1d:f0:90:d3;Free Tbaytel WiFi;-82;92
5730;ba:5a:b0:3d:73:b1;;-88;92
5731;a6:d7:3c:91:f4:6a;DIRECT-1E4P4AT2020-EPL530UGUtE;-81;92
5732;d8:b1:90:e1:26:ab;Free Tbaytel WiFi;-92;92
5733;d8:b1:90:e1:26:af;LU-Guest;-91;92
5734;80:e0:1d:c1:ea:ab;Free Tbaytel WiFi;-93;92
5735;80:e0:1d:ee:40:5c;LU-Events;-85;92
5736;80:e0:1d:ee:40:5f;LU-Guest;-88;92
5737;a4:6c:2a:d4:ba:53;LU-Events;-62;92
5738;a4:6c:2a:d4:ba:54;Free Tbaytel WiFi;-75;92
5739;a4:6c:2a:d4:ba:50;LU-Guest;-62;92
5740;a4:6c:2a:d4:ba:51;LakeheadU;-62;92
5741;a4:6c:2a:d4:ba:52;eduroam;-61;92
5742;a4:6c:2a:d4:ba:5c;LU-Events;-72;92
5743;a4:6c:2a:d4:ba:5d;eduroam;-74;92
5744;a4:6c:2a:d4:ba:5e;LakeheadU;-72;92
5745;a4:6c:2a:d4:ba:5f;LU-Guest;-72;92
5746;a4:6c:2a:d4:ba:5b;Free Tbaytel WiFi;-67;92
5747;00:42:68:59:8b:f2;eduroam;-87;92
5748;80:e0:1d:d9:e8:33;Free Tbaytel WiFi;-84;92
5749;80:e0:1d:d9:e8:30;LakeheadU;-85;92
5750;6c:5a:b0:3d:73:bf;Quanser_UVS-5G;-88;92
5751;6c:5a:b0:3d:73:c0;Quanser_UVS-5G;-78;92
5752;6c:5a:b0:3d:73:c1;Quanser_UVS;-72;92
5753;a4:6c:2a:e0:1f:b3;LU-Events;-75;92
5754;a4:6c:2a:e0:1f:b0;LU-Guest;-75;92
5755;a4:6c:2a:e0:1f:bc;LU-Events;-84;92
5756;a4:6c:2a:e0:1f:bd;eduroam;-85;92
5757;a4:6c:2a:e0:1f:be;LakeheadU;-85;92
5758;a4:6c:2a:e0:1f:bf;LU-Guest;-85;92
5759;a4:6c:2a:e0:1f:bb;Free Tbaytel WiFi;-84;92
5760;80:e0:1d:e6:7b:30;LU-Guest;-76;93
5761;80:e0:1d:e6:7b:31;LakeheadU;-76;93
5762;80:e0:1d:e6:7b:34;Free Tbaytel WiFi;-75;93
5763;ac:7a:56:c8:62:08;eduroam;-90;93
5764;80:e0:1d:e6:7b:3c;LU-Events;-86;93
5765;80:e0:1d:e6:7b:3f;LU-Guest;-87;93
5766;80:e0:1d:e6:7b:3e;LakeheadU;-86;93
5767;d8:b1:90:df:9f:ee;LakeheadU;-88;93
5768;d8:b1:90:df:9f:ed;eduroam;-88;93
5769;d8:b1:90:df:9f:ec;LU-Events;-87;93
5770;d8:b1:90:df:9f:eb;Free Tbaytel WiFi;-88;93
5771;d8:b1:90:df:9f:ef;LU-Guest;-88;93
5772;80:e0:1d:e6:7b:3b;Free Tbaytel WiFi;-87;93
5773;d8:b1:90:df:9f:e4;Free Tbaytel WiFi;-73;93
5774;d8:b1:90:df:9f:e3;LU-Events;-73;93
5775;d8:b1:90:df:9f:e2;eduroam;-73;93
5776;a4:6c:2a:e0:20:01;LakeheadU;-66;93
5777;a4:6c:2a:e0:20:00;LU-Guest;-67;93
5778;a4:6c:2a:e0:20:03;LU-Events;-66;93
5779;a4:6c:2a:e0:20:02;eduroam;-66;93
5780;d8:b1:90:df:9f:e1;LakeheadU;-73;93
5781;d8:b1:90:df:9f:e0;LU-Guest;-73;93
5782;ca:5a:b0:3d:73:c3;;-73;93
5783;c0:c1:c0:8e:e8:c5;unavailable;-61;93
5784;a4:6c:2a:e0:20:0f;LU-Guest;-76;93
5785;a4:6c:2a:e0:20:0c;LU-Events;-75;93
5786;a4:6c:2a:e0:20:0b;Free Tbaytel WiFi;-76;93
5787;a4:6c:2a:e0:20:0e;LakeheadU;-75;93
5788;a4:6c:2a:e0:20:0d;eduroam;-76;93
5789;80:e0:1d:c2:b7:f4;Free Tbaytel WiFi;-77;93
5790;80:e0:1d:c2:b7:ff;LU-Guest;-88;93
5791;80:e0:1d:c2:b7:fc;LU-Events;-90;93
5792;80:e0:1d:c2:b7:fd;eduroam;-89;93
5793;80:e0:1d:c2:b7:fe;LakeheadU;-88;93
5794;80:e0:1d:d9:e9:2d;eduroam;-92;93
5795;80:e0:1d:d9:e9:2f;LU-Guest;-92;93
5796;80:e0:1d:d9:e9:2b;Free Tbaytel WiFi;-91;93
5797;80:e0:1d:d9:e9:23;LU-Events;-87;93
5798;80:e0:1d:ee:40:50;LU-Guest;-74;93
5799;80:e0:1d:ee:40:52;eduroam;-74;93
5800;80:e0:1d:ee:40:51;LakeheadU;-74;93
5801;80:e0:1d:ee:40:54;Free Tbaytel WiFi;-74;93
5802;80:e0:1d:ee:40:53;LU-Events;-76;93
5803;d8:b1:90:e1:26:a0;LU-Guest;-85;93
5804;80:e0:1d:f0:90:d3;Free Tbaytel WiFi;-82;93
5805;ba:5a:b0:3d:73:b1;;-88;93
5806;a6:d7:3c:91:f4:6a;DIRECT-1E4P4AT2020-EPL530UGUtE;-81;93
5807;d8:b1:90:e1:26:ab;Free Tbaytel WiFi;-92;93
5808;d8:b1:90:e1:26:af;LU-Guest;-91;93
5809;80:e0:1d:c1:ea:ab;Free Tbaytel WiFi;-93;93
5810;80:e0:1d:ee:40:5c;LU-Events;-85;93
5811;80:e0:1d:ee:40:5f;LU-Guest;-88;93
5812;a4:6c:2a:d4:ba:53;LU-Events;-62;93
5813;a4:6c:2a:d4:ba:54;Free Tbaytel WiFi;-75;93
5814;a4:6c:2a:d4:ba:50;LU-Guest;-62;93
5815;a4:6c:2a:d4:ba:51;LakeheadU;-62;93
5816;a4:6c:2a:d4:ba:52;eduroam;-61;93
5817;a4:6c:2a:d4:ba:5c;LU-Events;-72;93
5818;a4:6c:2a:d4:ba:5d;eduroam;-74;93
5819;a4:6c:2a:d4:ba:5e;LakeheadU;-72;93
5820;a4:6c:2a:d4:ba:5f;LU-Guest;-72;93
5821;a4:6c:2a:d4:ba:5b;Free Tbaytel WiFi;-67;93
5822;00:42:68:59:8b:f2;eduroam;-87;93
5823;80:e0:1d:d9:e8:33;Free Tbaytel WiFi;-84;93
5824;80:e0:1d:d9:e8:30;LakeheadU;-85;93
5825;6c:5a:b0:3d:73:bf;Quanser_UVS-5G;-88;93
5826;6c:5a:b0:3d:73:c0;Quanser_UVS-5G;-78;93
5827;6c:5a:b0:3d:73:c1;Quanser_UVS;-72;93
5828;a4:6c:2a:e0:1f:b3;LU-Events;-75;93
5829;a4:6c:2a:e0:1f:b0;LU-Guest;-75;93
5830;a4:6c:2a:e0:1f:bc;LU-Events;-84;93
5831;a4:6c:2a:e0:1f:bd;eduroam;-85;93
5832;a4:6c:2a:e0:1f:be;LakeheadU;-85;93
5833;a4:6c:2a:e0:1f:bf;LU-Guest;-85;93
5834;a4:6c:2a:e0:1f:bb;Free Tbaytel WiFi;-84;93
5835;ac:7a:56:c8:62:07;Free Tbaytel WiFi;-84;94
5836;80:e0:1d:e6:7b:3f;LU-Guest;-85;94
5837;d8:b1:90:df:9f:ee;LakeheadU;-86;94
5838;d8:b1:90:df:9f:ec;LU-Events;-87;94
5839;d8:b1:90:df:9f:eb;Free Tbaytel WiFi;-87;94
5840;80:e0:1d:e6:7b:3b;Free Tbaytel WiFi;-86;94
5841;d8:b1:90:df:9f:e4;Free Tbaytel WiFi;-71;94
5842;a4:6c:2a:e0:20:03;LU-Events;-61;94
5843;a4:6c:2a:e0:20:04;Free Tbaytel WiFi;-61;94
5844;a4:6c:2a:e0:20:0f;LU-Guest;-76;94
5845;a4:6c:2a:e0:20:0c;LU-Events;-74;94
5846;a4:6c:2a:e0:20:0b;Free Tbaytel WiFi;-75;94
5847;80:e0:1d:c2:b7:f2;eduroam;-78;94
5848;80:e0:1d:c2:b7:f4;Free Tbaytel WiFi;-79;94
5849;80:e0:1d:da:42:2b;Free Tbaytel WiFi;-88;94
5850;80:e0:1d:da:42:2d;eduroam;-88;94
5851;80:e0:1d:da:42:2f;LU-Guest;-88;94
5852;80:e0:1d:c2:b7:fc;LU-Events;-86;94
5853;80:e0:1d:e6:9b:f2;eduroam;-86;94
5854;80:e0:1d:d9:e9:2c;LU-Events;-90;94
5855;a4:6c:2a:d3:f4:d4;Free Tbaytel WiFi;-83;94
5856;a4:6c:2a:d3:f4:d2;eduroam;-81;94
5857;80:e0:1d:d9:e9:21;LakeheadU;-81;94
5858;80:e0:1d:ee:40:50;LU-Guest;-77;94
5859;d8:b1:90:e1:26:a2;eduroam;-79;94
5860;80:e0:1d:af:21:11;LakeheadU;-88;94
5861;80:e0:1d:f0:90:d2;LU-Events;-82;94
5862;ba:5a:b0:3d:73:b1;;-87;94
5863;d8:b1:90:e1:26:ae;LakeheadU;-92;94
5864;a4:6c:2a:d4:ba:54;Free Tbaytel WiFi;-63;94
5865;a4:6c:2a:d4:ba:50;LU-Guest;-63;94
5866;a4:6c:2a:d4:ba:5f;LU-Guest;-83;94
5867;80:e0:1d:d9:e8:33;Free Tbaytel WiFi;-85;94
5868;80:e0:1d:d9:e8:32;LU-Events;-83;94
5869;6c:5a:b0:3d:73:bf;Quanser_UVS-5G;-86;94
5870;a4:6c:2a:e0:1f:b4;Free Tbaytel WiFi;-72;94
5871;a4:6c:2a:e0:1f:b2;eduroam;-72;94
5872;a4:6c:2a:d4:bf:14;Free Tbaytel WiFi;-84;94
5873;a4:6c:2a:d4:bf:11;LakeheadU;-82;94
5874;a4:6c:2a:e0:1f:bc;LU-Events;-87;94
5875;a4:6c:2a:e0:1f:bf;LU-Guest;-88;94
5876;a4:6c:2a:e0:1f:bb;Free Tbaytel WiFi;-88;94
5877;ac:7a:56:c8:62:07;Free Tbaytel WiFi;-84;95
5878;80:e0:1d:e6:7b:3f;LU-Guest;-85;95
5879;d8:b1:90:df:9f:ee;LakeheadU;-86;95
5880;d8:b1:90:df:9f:ec;LU-Events;-87;95
5881;d8:b1:90:df:9f:eb;Free Tbaytel WiFi;-87;95
5882;80:e0:1d:e6:7b:3b;Free Tbaytel WiFi;-86;95
5883;d8:b1:90:df:9f:e4;Free Tbaytel WiFi;-71;95
5884;a4:6c:2a:e0:20:03;LU-Events;-61;95
5885;a4:6c:2a:e0:20:04;Free Tbaytel WiFi;-61;95
5886;a4:6c:2a:e0:20:0f;LU-Guest;-76;95
5887;a4:6c:2a:e0:20:0c;LU-Events;-74;95
5888;a4:6c:2a:e0:20:0b;Free Tbaytel WiFi;-75;95
5889;80:e0:1d:c2:b7:f2;eduroam;-78;95
5890;80:e0:1d:c2:b7:f4;Free Tbaytel WiFi;-79;95
5891;80:e0:1d:da:42:2b;Free Tbaytel WiFi;-88;95
5892;80:e0:1d:da:42:2d;eduroam;-88;95
5893;80:e0:1d:da:42:2f;LU-Guest;-88;95
5894;80:e0:1d:c2:b7:fc;LU-Events;-86;95
5895;80:e0:1d:e6:9b:f2;eduroam;-86;95
5896;80:e0:1d:d9:e9:2c;LU-Events;-90;95
5897;a4:6c:2a:d3:f4:d4;Free Tbaytel WiFi;-83;95
5898;a4:6c:2a:d3:f4:d2;eduroam;-81;95
5899;80:e0:1d:d9:e9:21;LakeheadU;-81;95
5900;80:e0:1d:ee:40:50;LU-Guest;-77;95
5901;d8:b1:90:e1:26:a2;eduroam;-79;95
5902;80:e0:1d:af:21:11;LakeheadU;-88;95
5903;80:e0:1d:f0:90:d2;LU-Events;-82;95
5904;ba:5a:b0:3d:73:b1;;-87;95
5905;d8:b1:90:e1:26:ae;LakeheadU;-92;95
5906;a4:6c:2a:d4:ba:54;Free Tbaytel WiFi;-63;95
5907;a4:6c:2a:d4:ba:50;LU-Guest;-63;95
5908;a4:6c:2a:d4:ba:5f;LU-Guest;-83;95
5909;80:e0:1d:d9:e8:33;Free Tbaytel WiFi;-85;95
5910;80:e0:1d:d9:e8:32;LU-Events;-83;95
5911;6c:5a:b0:3d:73:bf;Quanser_UVS-5G;-86;95
5912;a4:6c:2a:e0:1f:b4;Free Tbaytel WiFi;-72;95
5913;a4:6c:2a:e0:1f:b2;eduroam;-72;95
5914;a4:6c:2a:d4:bf:14;Free Tbaytel WiFi;-84;95
5915;a4:6c:2a:d4:bf:11;LakeheadU;-82;95
5916;a4:6c:2a:e0:1f:bc;LU-Events;-87;95
5917;a4:6c:2a:e0:1f:bf;LU-Guest;-88;95
5918;a4:6c:2a:e0:1f:bb;Free Tbaytel WiFi;-88;95
5919;ac:7a:56:c8:62:04;;-84;96
5920;ac:7a:56:c8:62:03;LU-Guest;-85;96
5921;80:e0:1d:e6:7b:32;eduroam;-77;96
5922;80:e0:1d:e6:7b:31;LakeheadU;-78;96
5923;80:e0:1d:e6:7b:3d;eduroam;-89;96
5924;80:e0:1d:e6:7b:3c;LU-Events;-87;96
5925;80:e0:1d:e6:7b:3f;LU-Guest;-88;96
5926;80:e0:1d:e6:7b:3e;LakeheadU;-88;96
5927;d8:b1:90:df:9f:ee;LakeheadU;-84;96
5928;d8:b1:90:df:9f:ed;eduroam;-84;96
5929;d8:b1:90:df:9f:ec;LU-Events;-84;96
5930;d8:b1:90:df:9f:eb;Free Tbaytel WiFi;-84;96
5931;d8:b1:90:df:9f:ef;LU-Guest;-85;96
5932;80:e0:1d:e6:7b:3b;Free Tbaytel WiFi;-88;96
5933;d8:b1:90:df:9f:e4;Free Tbaytel WiFi;-71;96
5934;d8:b1:90:df:9f:e3;LU-Events;-72;96
5935;d8:b1:90:df:9f:e2;eduroam;-72;96
5936;a4:6c:2a:e0:20:01;LakeheadU;-64;96
5937;a4:6c:2a:e0:20:00;LU-Guest;-64;96
5938;a4:6c:2a:e0:20:03;LU-Events;-63;96
5939;a4:6c:2a:e0:20:02;eduroam;-64;96
5940;a4:6c:2a:e0:20:04;Free Tbaytel WiFi;-62;96
5941;00:1f:33:bd:d5:34;Lab1012;-77;96
5942;d8:b1:90:df:9f:e1;LakeheadU;-72;96
5943;d8:b1:90:df:9f:e0;LU-Guest;-71;96
5944;c0:c1:c0:8e:e8:c5;unavailable;-72;96
5945;a4:6c:2a:e0:20:0f;LU-Guest;-67;96
5946;a4:6c:2a:e0:20:0c;LU-Events;-66;96
5947;a4:6c:2a:e0:20:0b;Free Tbaytel WiFi;-67;96
5948;a4:6c:2a:e0:20:0e;LakeheadU;-67;96
5949;a4:6c:2a:e0:20:0d;eduroam;-66;96
5950;80:e0:1d:c2:b7:f0;LU-Guest;-76;96
5951;80:e0:1d:c2:b7:f1;LakeheadU;-74;96
5952;80:e0:1d:c2:b7:f2;eduroam;-75;96
5953;80:e0:1d:c2:b7:f3;LU-Events;-75;96
5954;80:e0:1d:da:42:2d;eduroam;-90;96
5955;80:e0:1d:c2:b7:fc;LU-Events;-82;96
5956;a2:53:22:40:4e:05;NOSMSecure;-92;96
5957;7e:a7:b0:c5:e9:67;DIRECT-cfLexmark Cheetah M-67e9;-78;96
5958;80:e0:1d:d9:e9:2c;LU-Events;-92;96
5959;a4:6c:2a:d3:f4:d2;eduroam;-87;96
5960;d8:b1:90:e1:26:a0;LU-Guest;-77;96
5961;d8:b1:90:e1:26:a2;eduroam;-76;96
5962;d8:b1:90:e1:26:a1;LakeheadU;-77;96
5963;d8:b1:90:e1:26:a4;Free Tbaytel WiFi;-76;96
5964;d8:b1:90:e1:26:a3;LU-Events;-77;96
5965;ba:5a:b0:3d:73:b1;;-80;96
5966;d8:b1:90:e1:26:ac;LU-Events;-88;96
5967;a4:6c:2a:d4:bb:0b;Free Tbaytel WiFi;-92;96
5968;80:e0:1d:ee:40:5b;Free Tbaytel WiFi;-84;96
5969;80:e0:1d:ee:40:5d;eduroam;-83;96
5970;80:e0:1d:ee:40:5c;LU-Events;-85;96
5971;80:e0:1d:ee:40:5f;LU-Guest;-86;96
5972;a4:6c:2a:d4:ba:53;LU-Events;-65;96
5973;a4:6c:2a:d4:ba:54;Free Tbaytel WiFi;-67;96
5974;a4:6c:2a:d4:ba:50;LU-Guest;-67;96
5975;a4:6c:2a:d4:ba:51;LakeheadU;-67;96
5976;a4:6c:2a:d4:ba:52;eduroam;-67;96
5977;a4:6c:2a:d4:ba:5c;LU-Events;-77;96
5978;a4:6c:2a:d4:ba:5f;LU-Guest;-82;96
5979;a4:6c:2a:d4:ba:5b;Free Tbaytel WiFi;-82;96
5980;80:e0:1d:ee:3f:63;Free Tbaytel WiFi;-75;96
5981;80:e0:1d:ee:3f:60;LakeheadU;-75;96
5982;80:e0:1d:ee:3f:61;LU-Guest;-75;96
5983;80:e0:1d:ee:3f:6d;LU-Events;-93;96
5984;80:e0:1d:ee:3f:6e;LU-Guest;-91;96
5985;9c:53:22:40:4e:05;TBAYTech;-92;96
5986;6c:5a:b0:3d:73:bf;Quanser_UVS-5G;-80;96
5987;aa:53:22:40:4e:05;NOSMConnect;-92;96
5988;6c:5a:b0:3d:73:c0;Quanser_UVS-5G;-67;96
5989;6c:5a:b0:3d:73:c1;Quanser_UVS;-68;96
5990;a4:6c:2a:e0:1f:b3;LU-Events;-73;96
5991;a4:6c:2a:e0:1f:b0;LU-Guest;-72;96
5992;a4:6c:2a:d4:bf:14;Free Tbaytel WiFi;-85;96
5993;fa:25:51:6b:06:3c;DIRECT-1C4L1EB8840EAGOSb;-81;96
5994;a4:6c:2a:e0:1f:bc;LU-Events;-84;96
5995;a4:6c:2a:e0:1f:bd;eduroam;-85;96
5996;a4:6c:2a:e0:1f:be;LakeheadU;-84;96
5997;a4:6c:2a:e0:1f:bf;LU-Guest;-85;96
5998;a4:6c:2a:e0:1f:bb;Free Tbaytel WiFi;-85;96
5999;ac:7a:56:c8:62:04;;-84;97
6000;ac:7a:56:c8:62:03;LU-Guest;-85;97
6001;80:e0:1d:e6:7b:32;eduroam;-77;97
6002;80:e0:1d:e6:7b:31;LakeheadU;-78;97
6003;80:e0:1d:e6:7b:3d;eduroam;-89;97
6004;80:e0:1d:e6:7b:3c;LU-Events;-87;97
6005;80:e0:1d:e6:7b:3f;LU-Guest;-88;97
6006;80:e0:1d:e6:7b:3e;LakeheadU;-88;97
6007;d8:b1:90:df:9f:ee;LakeheadU;-84;97
6008;d8:b1:90:df:9f:ed;eduroam;-84;97
6009;d8:b1:90:df:9f:ec;LU-Events;-84;97
6010;d8:b1:90:df:9f:eb;Free Tbaytel WiFi;-84;97
6011;d8:b1:90:df:9f:ef;LU-Guest;-85;97
6012;80:e0:1d:e6:7b:3b;Free Tbaytel WiFi;-88;97
6013;d8:b1:90:df:9f:e4;Free Tbaytel WiFi;-71;97
6014;d8:b1:90:df:9f:e3;LU-Events;-72;97
6015;d8:b1:90:df:9f:e2;eduroam;-72;97
6016;a4:6c:2a:e0:20:01;LakeheadU;-64;97
6017;a4:6c:2a:e0:20:00;LU-Guest;-64;97
6018;a4:6c:2a:e0:20:03;LU-Events;-63;97
6019;a4:6c:2a:e0:20:02;eduroam;-64;97
6020;a4:6c:2a:e0:20:04;Free Tbaytel WiFi;-62;97
6021;00:1f:33:bd:d5:34;Lab1012;-77;97
6022;d8:b1:90:df:9f:e1;LakeheadU;-72;97
6023;d8:b1:90:df:9f:e0;LU-Guest;-71;97
6024;c0:c1:c0:8e:e8:c5;unavailable;-72;97
6025;a4:6c:2a:e0:20:0f;LU-Guest;-67;97
6026;a4:6c:2a:e0:20:0c;LU-Events;-66;97
6027;a4:6c:2a:e0:20:0b;Free Tbaytel WiFi;-67;97
6028;a4:6c:2a:e0:20:0e;LakeheadU;-67;97
6029;a4:6c:2a:e0:20:0d;eduroam;-66;97
6030;80:e0:1d:c2:b7:f0;LU-Guest;-76;97
6031;80:e0:1d:c2:b7:f1;LakeheadU;-74;97
6032;80:e0:1d:c2:b7:f2;eduroam;-75;97
6033;80:e0:1d:c2:b7:f3;LU-Events;-75;97
6034;80:e0:1d:da:42:2d;eduroam;-90;97
6035;80:e0:1d:c2:b7:fc;LU-Events;-82;97
6036;a2:53:22:40:4e:05;NOSMSecure;-92;97
6037;7e:a7:b0:c5:e9:67;DIRECT-cfLexmark Cheetah M-67e9;-78;97
6038;80:e0:1d:d9:e9:2c;LU-Events;-92;97
6039;a4:6c:2a:d3:f4:d2;eduroam;-87;97
6040;d8:b1:90:e1:26:a0;LU-Guest;-77;97
6041;d8:b1:90:e1:26:a2;eduroam;-76;97
6042;d8:b1:90:e1:26:a1;LakeheadU;-77;97
6043;d8:b1:90:e1:26:a4;Free Tbaytel WiFi;-76;97
6044;d8:b1:90:e1:26:a3;LU-Events;-77;97
6045;ba:5a:b0:3d:73:b1;;-80;97
6046;d8:b1:90:e1:26:ac;LU-Events;-88;97
6047;a4:6c:2a:d4:bb:0b;Free Tbaytel WiFi;-92;97
6048;80:e0:1d:ee:40:5b;Free Tbaytel WiFi;-84;97
6049;80:e0:1d:ee:40:5d;eduroam;-83;97
6050;80:e0:1d:ee:40:5c;LU-Events;-85;97
6051;80:e0:1d:ee:40:5f;LU-Guest;-86;97
6052;a4:6c:2a:d4:ba:53;LU-Events;-65;97
6053;a4:6c:2a:d4:ba:54;Free Tbaytel WiFi;-67;97
6054;a4:6c:2a:d4:ba:50;LU-Guest;-67;97
6055;a4:6c:2a:d4:ba:51;LakeheadU;-67;97
6056;a4:6c:2a:d4:ba:52;eduroam;-67;97
6057;a4:6c:2a:d4:ba:5c;LU-Events;-77;97
6058;a4:6c:2a:d4:ba:5f;LU-Guest;-82;97
6059;a4:6c:2a:d4:ba:5b;Free Tbaytel WiFi;-82;97
6060;80:e0:1d:ee:3f:63;Free Tbaytel WiFi;-75;97
6061;80:e0:1d:ee:3f:60;LakeheadU;-75;97
6062;80:e0:1d:ee:3f:61;LU-Guest;-75;97
6063;80:e0:1d:ee:3f:6d;LU-Events;-93;97
6064;80:e0:1d:ee:3f:6e;LU-Guest;-91;97
6065;9c:53:22:40:4e:05;TBAYTech;-92;97
6066;6c:5a:b0:3d:73:bf;Quanser_UVS-5G;-80;97
6067;aa:53:22:40:4e:05;NOSMConnect;-92;97
6068;6c:5a:b0:3d:73:c0;Quanser_UVS-5G;-67;97
6069;6c:5a:b0:3d:73:c1;Quanser_UVS;-68;97
6070;a4:6c:2a:e0:1f:b3;LU-Events;-73;97
6071;a4:6c:2a:e0:1f:b0;LU-Guest;-72;97
6072;a4:6c:2a:d4:bf:14;Free Tbaytel WiFi;-85;97
6073;fa:25:51:6b:06:3c;DIRECT-1C4L1EB8840EAGOSb;-81;97
6074;a4:6c:2a:e0:1f:bc;LU-Events;-84;97
6075;a4:6c:2a:e0:1f:bd;eduroam;-85;97
6076;a4:6c:2a:e0:1f:be;LakeheadU;-84;97
6077;a4:6c:2a:e0:1f:bf;LU-Guest;-85;97
6078;a4:6c:2a:e0:1f:bb;Free Tbaytel WiFi;-85;97
6079;80:e0:1d:af:1e:cc;Free Tbaytel WiFi;-93;98
6080;80:e0:1d:e6:7b:30;LU-Guest;-77;98
6081;80:e0:1d:e6:7b:33;LU-Events;-77;98
6082;80:e0:1d:e6:7b:3d;eduroam;-88;98
6083;80:e0:1d:e6:7b:3c;LU-Events;-89;98
6084;80:e0:1d:e6:7b:3f;LU-Guest;-88;98
6085;80:e0:1d:e6:7b:3e;LakeheadU;-88;98
6086;80:e0:1d:c2:b3:94;Free Tbaytel WiFi;-85;98
6087;d8:b1:90:df:9f:ee;LakeheadU;-86;98
6088;d8:b1:90:df:9f:ec;LU-Events;-86;98
6089;d8:b1:90:df:9f:eb;Free Tbaytel WiFi;-85;98
6090;d8:b1:90:df:9f:ef;LU-Guest;-86;98
6091;80:e0:1d:e6:7b:3b;Free Tbaytel WiFi;-88;98
6092;d8:b1:90:df:9f:e4;Free Tbaytel WiFi;-73;98
6093;d8:b1:90:df:9f:e3;LU-Events;-73;98
6094;d8:b1:90:df:9f:e2;eduroam;-73;98
6095;a4:6c:2a:e0:20:01;LakeheadU;-63;98
6096;a4:6c:2a:e0:20:00;LU-Guest;-63;98
6097;a4:6c:2a:e0:20:03;LU-Events;-64;98
6098;a4:6c:2a:e0:20:02;eduroam;-64;98
6099;a4:6c:2a:e0:20:04;Free Tbaytel WiFi;-59;98
6100;00:1f:33:bd:d5:34;Lab1012;-82;98
6101;d8:b1:90:df:9f:e1;LakeheadU;-75;98
6102;d8:b1:90:df:9f:e0;LU-Guest;-73;98
6103;ca:5a:b0:3d:73:c3;;-62;98
6104;a4:6c:2a:e0:20:0f;LU-Guest;-61;98
6105;a4:6c:2a:e0:20:0c;LU-Events;-60;98
6106;a4:6c:2a:e0:20:0b;Free Tbaytel WiFi;-60;98
6107;a4:6c:2a:e0:20:0e;LakeheadU;-61;98
6108;a4:6c:2a:e0:20:0d;eduroam;-61;98
6109;d8:b1:90:e1:12:b3;LU-Events;-86;98
6110;a4:6c:2a:d4:bb:04;Free Tbaytel WiFi;-78;98
6111;80:e0:1d:c2:b7:f2;eduroam;-75;98
6112;80:e0:1d:c2:b7:f4;Free Tbaytel WiFi;-75;98
6113;80:e0:1d:c2:b7:fc;LU-Events;-80;98
6114;80:e0:1d:c2:b7:fe;LakeheadU;-79;98
6115;7e:a7:b0:c5:e9:67;DIRECT-cfLexmark Cheetah M-67e9;-71;98
6116;80:e0:1d:d9:e9:2c;LU-Events;-85;98
6117;80:e0:1d:d9:e9:2e;LakeheadU;-84;98
6118;80:e0:1d:d9:e9:2b;Free Tbaytel WiFi;-84;98
6119;a4:6c:2a:d3:f4:d1;LakeheadU;-82;98
6120;a4:6c:2a:d3:f4:d4;Free Tbaytel WiFi;-83;98
6121;a4:6c:2a:d3:f4:d3;LU-Events;-84;98
6122;d8:b1:90:e1:26:a0;LU-Guest;-77;98
6123;d8:b1:90:e1:26:a2;eduroam;-78;98
6124;d8:b1:90:e1:26:a1;LakeheadU;-76;98
6125;d8:b1:90:e1:26:a4;Free Tbaytel WiFi;-76;98
6126;d8:b1:90:e1:26:a3;LU-Events;-75;98
6127;80:e0:1d:f0:90:d3;Free Tbaytel WiFi;-85;98
6128;a4:6c:2a:d4:bb:0c;LU-Events;-91;98
6129;a6:d7:3c:91:f4:6a;DIRECT-1E4P4AT2020-EPL530UGUtE;-73;98
6130;a4:6c:2a:d4:bb:0f;LU-Guest;-89;98
6131;d8:b1:90:e1:26:ac;LU-Events;-85;98
6132;d8:b1:90:e1:26:ae;LakeheadU;-86;98
6133;80:e0:1d:ee:40:5b;Free Tbaytel WiFi;-89;98
6134;80:e0:1d:ee:40:5d;eduroam;-89;98
6135;a4:6c:2a:d4:ba:53;LU-Events;-76;98
6136;a4:6c:2a:d4:ba:5f;LU-Guest;-81;98
6137;a4:6c:2a:d4:ba:5b;Free Tbaytel WiFi;-82;98
6138;80:e0:1d:ee:3f:63;Free Tbaytel WiFi;-82;98
6139;80:e0:1d:ee:3f:60;LakeheadU;-83;98
6140;80:e0:1d:c2:bb:0d;eduroam;-91;98
6141;6c:5a:b0:3d:73:bf;Quanser_UVS-5G;-85;98
6142;6c:5a:b0:3d:73:c0;Quanser_UVS-5G;-70;98
6143;6c:5a:b0:3d:73:c1;Quanser_UVS;-63;98
6144;a4:6c:2a:e0:1f:b4;Free Tbaytel WiFi;-79;98
6145;a4:6c:2a:e0:1f:bc;LU-Events;-87;98
6146;a4:6c:2a:e0:1f:bd;eduroam;-87;98
6147;a4:6c:2a:e0:1f:bf;LU-Guest;-87;98
6148;a4:6c:2a:e0:1f:bb;Free Tbaytel WiFi;-87;98
6149;80:e0:1d:af:1e:cc;Free Tbaytel WiFi;-93;99
6150;80:e0:1d:e6:7b:30;LU-Guest;-77;99
6151;80:e0:1d:e6:7b:33;LU-Events;-77;99
6152;80:e0:1d:e6:7b:3d;eduroam;-88;99
6153;80:e0:1d:e6:7b:3c;LU-Events;-89;99
6154;80:e0:1d:e6:7b:3f;LU-Guest;-88;99
6155;80:e0:1d:e6:7b:3e;LakeheadU;-88;99
6156;80:e0:1d:c2:b3:94;Free Tbaytel WiFi;-85;99
6157;d8:b1:90:df:9f:ee;LakeheadU;-86;99
6158;d8:b1:90:df:9f:ec;LU-Events;-86;99
6159;d8:b1:90:df:9f:eb;Free Tbaytel WiFi;-85;99
6160;d8:b1:90:df:9f:ef;LU-Guest;-86;99
6161;80:e0:1d:e6:7b:3b;Free Tbaytel WiFi;-88;99
6162;d8:b1:90:df:9f:e4;Free Tbaytel WiFi;-73;99
6163;d8:b1:90:df:9f:e3;LU-Events;-73;99
6164;d8:b1:90:df:9f:e2;eduroam;-73;99
6165;a4:6c:2a:e0:20:01;LakeheadU;-63;99
6166;a4:6c:2a:e0:20:00;LU-Guest;-63;99
6167;a4:6c:2a:e0:20:03;LU-Events;-64;99
6168;a4:6c:2a:e0:20:02;eduroam;-64;99
6169;a4:6c:2a:e0:20:04;Free Tbaytel WiFi;-59;99
6170;00:1f:33:bd:d5:34;Lab1012;-82;99
6171;d8:b1:90:df:9f:e1;LakeheadU;-75;99
6172;d8:b1:90:df:9f:e0;LU-Guest;-73;99
6173;ca:5a:b0:3d:73:c3;;-62;99
6174;a4:6c:2a:e0:20:0f;LU-Guest;-61;99
6175;a4:6c:2a:e0:20:0c;LU-Events;-60;99
6176;a4:6c:2a:e0:20:0b;Free Tbaytel WiFi;-60;99
6177;a4:6c:2a:e0:20:0e;LakeheadU;-61;99
6178;a4:6c:2a:e0:20:0d;eduroam;-61;99
6179;d8:b1:90:e1:12:b3;LU-Events;-86;99
6180;a4:6c:2a:d4:bb:04;Free Tbaytel WiFi;-78;99
6181;80:e0:1d:c2:b7:f2;eduroam;-75;99
6182;80:e0:1d:c2:b7:f4;Free Tbaytel WiFi;-75;99
6183;80:e0:1d:c2:b7:fc;LU-Events;-80;99
6184;80:e0:1d:c2:b7:fe;LakeheadU;-79;99
6185;7e:a7:b0:c5:e9:67;DIRECT-cfLexmark Cheetah M-67e9;-71;99
6186;80:e0:1d:d9:e9:2c;LU-Events;-85;99
6187;80:e0:1d:d9:e9:2e;LakeheadU;-84;99
6188;80:e0:1d:d9:e9:2b;Free Tbaytel WiFi;-84;99
6189;a4:6c:2a:d3:f4:d1;LakeheadU;-82;99
6190;a4:6c:2a:d3:f4:d4;Free Tbaytel WiFi;-83;99
6191;a4:6c:2a:d3:f4:d3;LU-Events;-84;99
6192;d8:b1:90:e1:26:a0;LU-Guest;-77;99
6193;d8:b1:90:e1:26:a2;eduroam;-78;99
6194;d8:b1:90:e1:26:a1;LakeheadU;-76;99
6195;d8:b1:90:e1:26:a4;Free Tbaytel WiFi;-76;99
6196;d8:b1:90:e1:26:a3;LU-Events;-75;99
6197;80:e0:1d:f0:90:d3;Free Tbaytel WiFi;-85;99
6198;a4:6c:2a:d4:bb:0c;LU-Events;-91;99
6199;a6:d7:3c:91:f4:6a;DIRECT-1E4P4AT2020-EPL530UGUtE;-73;99
6200;a4:6c:2a:d4:bb:0f;LU-Guest;-89;99
6201;d8:b1:90:e1:26:ac;LU-Events;-85;99
6202;d8:b1:90:e1:26:ae;LakeheadU;-86;99
6203;80:e0:1d:ee:40:5b;Free Tbaytel WiFi;-89;99
6204;80:e0:1d:ee:40:5d;eduroam;-89;99
6205;a4:6c:2a:d4:ba:53;LU-Events;-76;99
6206;a4:6c:2a:d4:ba:5f;LU-Guest;-81;99
6207;a4:6c:2a:d4:ba:5b;Free Tbaytel WiFi;-82;99
6208;80:e0:1d:ee:3f:63;Free Tbaytel WiFi;-82;99
6209;80:e0:1d:ee:3f:60;LakeheadU;-83;99
6210;80:e0:1d:c2:bb:0d;eduroam;-91;99
6211;6c:5a:b0:3d:73:bf;Quanser_UVS-5G;-85;99
6212;6c:5a:b0:3d:73:c0;Quanser_UVS-5G;-70;99
6213;6c:5a:b0:3d:73:c1;Quanser_UVS;-63;99
6214;a4:6c:2a:e0:1f:b4;Free Tbaytel WiFi;-79;99
6215;a4:6c:2a:e0:1f:bc;LU-Events;-87;99
6216;a4:6c:2a:e0:1f:bd;eduroam;-87;99
6217;a4:6c:2a:e0:1f:bf;LU-Guest;-87;99
6218;a4:6c:2a:e0:1f:bb;Free Tbaytel WiFi;-87;99
6219;ac:7a:56:c8:62:0a;;-91;100
6220;ac:7a:56:c8:62:0d;;-92;100
6221;80:e0:1d:af:1e:cc;Free Tbaytel WiFi;-92;100
6222;ac:7a:56:c8:62:04;;-80;100
6223;ac:7a:56:c8:62:05;;-80;100
6224;80:e0:1d:e6:7b:32;eduroam;-78;100
6225;80:e0:1d:e6:7b:31;LakeheadU;-78;100
6226;80:e0:1d:e6:7b:3d;eduroam;-91;100
6227;80:e0:1d:e6:7b:3c;LU-Events;-92;100
6228;80:e0:1d:e6:7b:3f;LU-Guest;-92;100
6229;d8:b1:90:df:9f:ee;LakeheadU;-87;100
6230;80:e0:1d:c2:b3:92;eduroam;-86;100
6231;d8:b1:90:df:9f:ec;LU-Events;-87;100
6232;80:e0:1d:e6:7b:3b;Free Tbaytel WiFi;-92;100
6233;d8:b1:90:df:9f:e4;Free Tbaytel WiFi;-68;100
6234;d8:b1:90:df:9f:e3;LU-Events;-67;100
6235;d8:b1:90:df:9f:e2;eduroam;-66;100
6236;a4:6c:2a:e0:20:01;LakeheadU;-67;100
6237;a4:6c:2a:e0:20:00;LU-Guest;-49;100
6238;a4:6c:2a:e0:20:03;LU-Events;-49;100
6239;a4:6c:2a:e0:20:02;eduroam;-49;100
6240;a4:6c:2a:e0:20:04;Free Tbaytel WiFi;-53;100
6241;00:1f:33:bd:d5:34;Lab1012;-73;100
6242;d8:b1:90:df:9f:e1;LakeheadU;-67;100
6243;d8:b1:90:df:9f:e0;LU-Guest;-67;100
6244;c0:c1:c0:8e:e8:c5;unavailable;-64;100
6245;a4:6c:2a:e0:20:0f;LU-Guest;-59;100
6246;a4:6c:2a:e0:20:0c;LU-Events;-59;100
6247;a4:6c:2a:e0:20:0b;Free Tbaytel WiFi;-59;100
6248;a4:6c:2a:e0:20:0e;LakeheadU;-59;100
6249;a4:6c:2a:e0:20:0d;eduroam;-59;100
6250;a4:6c:2a:d4:bb:03;LU-Events;-76;100
6251;a4:6c:2a:d4:bb:00;LU-Guest;-76;100
6252;80:e0:1d:c2:b7:f0;LU-Guest;-75;100
6253;a4:6c:2a:d4:bb:02;eduroam;-76;100
6254;80:e0:1d:c2:b7:f4;Free Tbaytel WiFi;-75;100
6255;80:e0:1d:af:1e:c1;LU-Guest;-88;100
6256;80:e0:1d:c2:b7:fc;LU-Events;-83;100
6257;80:e0:1d:c2:b7:fe;LakeheadU;-82;100
6258;80:e0:1d:e6:9b:f1;LakeheadU;-84;100
6259;7e:a7:b0:c5:e9:67;DIRECT-cfLexmark Cheetah M-67e9;-71;100
6260;80:e0:1d:d9:e9:2c;LU-Events;-87;100
6261;80:e0:1d:d9:e9:2e;LakeheadU;-86;100
6262;a4:6c:2a:d3:f4:d1;LakeheadU;-82;100
6263;5a:d3:ae:c6:79:d8;茉莉喵的布偶猫爪🐱;-93;100
6264;a4:6c:2a:d3:f4:d4;Free Tbaytel WiFi;-81;100
6265;a4:6c:2a:d3:f4:d2;eduroam;-82;100
6266;a4:6c:2a:d3:f4:d3;LU-Events;-82;100
6267;80:e0:1d:af:21:10;LU-Guest;-87;100
6268;80:e0:1d:ee:40:54;Free Tbaytel WiFi;-80;100
6269;d8:b1:90:e1:26:a0;LU-Guest;-72;100
6270;d8:b1:90:e1:26:a2;eduroam;-73;100
6271;d8:b1:90:e1:26:a1;LakeheadU;-75;100
6272;d8:b1:90:e1:26:a4;Free Tbaytel WiFi;-71;100
6273;d8:b1:90:e1:26:a3;LU-Events;-74;100
6274;06:31:47:b2:5e:66;EBF1E5E6;-86;100
6275;a4:6c:2a:d4:bb:0e;LakeheadU;-89;100
6276;d8:b1:90:e1:26:ae;LakeheadU;-85;100
6277;a4:6c:2a:d4:ba:53;LU-Events;-72;100
6278;a4:6c:2a:d4:ba:54;Free Tbaytel WiFi;-70;100
6279;a4:6c:2a:d4:ba:50;LU-Guest;-72;100
6280;a4:6c:2a:d4:ba:52;eduroam;-70;100
6281;a4:6c:2a:d4:ba:5f;LU-Guest;-80;100
6282;a4:6c:2a:d4:ba:5b;Free Tbaytel WiFi;-82;100
6283;a6:d7:3c:91:01:1c;DIRECT-1E48vEB2448B9GO7D;-78;100
6284;80:e0:1d:ee:3f:63;Free Tbaytel WiFi;-84;100
6285;d8:b1:90:e1:2d:a3;LU-Events;-90;100
6286;80:e0:1d:d9:e8:33;Free Tbaytel WiFi;-80;100
6287;80:e0:1d:d9:e8:31;LU-Guest;-79;100
6288;80:e0:1d:d9:e8:32;LU-Events;-81;100
6289;6c:5a:b0:3d:73:bf;Quanser_UVS-5G;-80;100
6290;6c:5a:b0:3d:73:c0;Quanser_UVS-5G;-66;100
6291;6c:5a:b0:3d:73:c1;Quanser_UVS;-68;100
6292;a4:6c:2a:e0:1f:b0;LU-Guest;-79;100
6293;a4:6c:2a:e0:1f:bc;LU-Events;-90;100
6294;a4:6c:2a:e0:1f:be;LakeheadU;-89;100
6295;a4:6c:2a:e0:1f:bf;LU-Guest;-90;100
6296;a4:6c:2a:e0:1f:bb;Free Tbaytel WiFi;-89;100
6297;ac:7a:56:c8:62:0a;;-91;101
6298;ac:7a:56:c8:62:0d;;-92;101
6299;80:e0:1d:af:1e:cc;Free Tbaytel WiFi;-92;101
6300;ac:7a:56:c8:62:04;;-80;101
6301;ac:7a:56:c8:62:05;;-80;101
6302;80:e0:1d:e6:7b:32;eduroam;-78;101
6303;80:e0:1d:e6:7b:31;LakeheadU;-78;101
6304;80:e0:1d:e6:7b:3d;eduroam;-91;101
6305;80:e0:1d:e6:7b:3c;LU-Events;-92;101
6306;80:e0:1d:e6:7b:3f;LU-Guest;-92;101
6307;d8:b1:90:df:9f:ee;LakeheadU;-87;101
6308;80:e0:1d:c2:b3:92;eduroam;-86;101
6309;d8:b1:90:df:9f:ec;LU-Events;-87;101
6310;80:e0:1d:e6:7b:3b;Free Tbaytel WiFi;-92;101
6311;d8:b1:90:df:9f:e4;Free Tbaytel WiFi;-68;101
6312;d8:b1:90:df:9f:e3;LU-Events;-67;101
6313;d8:b1:90:df:9f:e2;eduroam;-66;101
6314;a4:6c:2a:e0:20:01;LakeheadU;-67;101
6315;a4:6c:2a:e0:20:00;LU-Guest;-49;101
6316;a4:6c:2a:e0:20:03;LU-Events;-49;101
6317;a4:6c:2a:e0:20:02;eduroam;-49;101
6318;a4:6c:2a:e0:20:04;Free Tbaytel WiFi;-53;101
6319;00:1f:33:bd:d5:34;Lab1012;-73;101
6320;d8:b1:90:df:9f:e1;LakeheadU;-67;101
6321;d8:b1:90:df:9f:e0;LU-Guest;-67;101
6322;c0:c1:c0:8e:e8:c5;unavailable;-64;101
6323;a4:6c:2a:e0:20:0f;LU-Guest;-59;101
6324;a4:6c:2a:e0:20:0c;LU-Events;-59;101
6325;a4:6c:2a:e0:20:0b;Free Tbaytel WiFi;-59;101
6326;a4:6c:2a:e0:20:0e;LakeheadU;-59;101
6327;a4:6c:2a:e0:20:0d;eduroam;-59;101
6328;a4:6c:2a:d4:bb:03;LU-Events;-76;101
6329;a4:6c:2a:d4:bb:00;LU-Guest;-76;101
6330;80:e0:1d:c2:b7:f0;LU-Guest;-75;101
6331;a4:6c:2a:d4:bb:02;eduroam;-76;101
6332;80:e0:1d:c2:b7:f4;Free Tbaytel WiFi;-75;101
6333;80:e0:1d:af:1e:c1;LU-Guest;-88;101
6334;80:e0:1d:c2:b7:fc;LU-Events;-83;101
6335;80:e0:1d:c2:b7:fe;LakeheadU;-82;101
6336;80:e0:1d:e6:9b:f1;LakeheadU;-84;101
6337;7e:a7:b0:c5:e9:67;DIRECT-cfLexmark Cheetah M-67e9;-71;101
6338;80:e0:1d:d9:e9:2c;LU-Events;-87;101
6339;80:e0:1d:d9:e9:2e;LakeheadU;-86;101
6340;a4:6c:2a:d3:f4:d1;LakeheadU;-82;101
6341;5a:d3:ae:c6:79:d8;茉莉喵的布偶猫爪🐱;-93;101
6342;a4:6c:2a:d3:f4:d4;Free Tbaytel WiFi;-81;101
6343;a4:6c:2a:d3:f4:d2;eduroam;-82;101
6344;a4:6c:2a:d3:f4:d3;LU-Events;-82;101
6345;80:e0:1d:af:21:10;LU-Guest;-87;101
6346;80:e0:1d:ee:40:54;Free Tbaytel WiFi;-80;101
6347;d8:b1:90:e1:26:a0;LU-Guest;-72;101
6348;d8:b1:90:e1:26:a2;eduroam;-73;101
6349;d8:b1:90:e1:26:a1;LakeheadU;-75;101
6350;d8:b1:90:e1:26:a4;Free Tbaytel WiFi;-71;101
6351;d8:b1:90:e1:26:a3;LU-Events;-74;101
6352;06:31:47:b2:5e:66;EBF1E5E6;-86;101
6353;a4:6c:2a:d4:bb:0e;LakeheadU;-89;101
6354;d8:b1:90:e1:26:ae;LakeheadU;-85;101
6355;a4:6c:2a:d4:ba:53;LU-Events;-72;101
6356;a4:6c:2a:d4:ba:54;Free Tbaytel WiFi;-70;101
6357;a4:6c:2a:d4:ba:50;LU-Guest;-72;101
6358;a4:6c:2a:d4:ba:52;eduroam;-70;101
6359;a4:6c:2a:d4:ba:5f;LU-Guest;-80;101
6360;a4:6c:2a:d4:ba:5b;Free Tbaytel WiFi;-82;101
6361;a6:d7:3c:91:01:1c;DIRECT-1E48vEB2448B9GO7D;-78;101
6362;80:e0:1d:ee:3f:63;Free Tbaytel WiFi;-84;101
6363;d8:b1:90:e1:2d:a3;LU-Events;-90;101
6364;80:e0:1d:d9:e8:33;Free Tbaytel WiFi;-80;101
6365;80:e0:1d:d9:e8:31;LU-Guest;-79;101
6366;80:e0:1d:d9:e8:32;LU-Events;-81;101
6367;6c:5a:b0:3d:73:bf;Quanser_UVS-5G;-80;101
6368;6c:5a:b0:3d:73:c0;Quanser_UVS-5G;-66;101
6369;6c:5a:b0:3d:73:c1;Quanser_UVS;-68;101
6370;a4:6c:2a:e0:1f:b0;LU-Guest;-79;101
6371;a4:6c:2a:e0:1f:bc;LU-Events;-90;101
6372;a4:6c:2a:e0:1f:be;LakeheadU;-89;101
6373;a4:6c:2a:e0:1f:bf;LU-Guest;-90;101
6374;a4:6c:2a:e0:1f:bb;Free Tbaytel WiFi;-89;101
6375;ac:7a:56:c8:62:0f;LakeheadU;-89;102
6376;ac:7a:56:c8:62:0a;;-91;102
6377;ac:7a:56:c8:62:0d;;-92;102
6378;d8:b1:90:e1:29:dc;LU-Events;-91;102
6379;d8:b1:90:e1:29:df;LU-Guest;-91;102
6380;80:e0:1d:af:1e:cc;Free Tbaytel WiFi;-92;102
6381;80:e0:1d:af:1e:cb;eduroam;-91;102
6382;ac:7a:56:c8:62:04;;-80;102
6383;80:e0:1d:af:1e:cd;LU-Events;-89;102
6384;ac:7a:56:c8:62:05;;-80;102
6385;80:e0:1d:e6:7b:32;eduroam;-78;102
6386;80:e0:1d:e6:7b:31;LakeheadU;-78;102
6387;80:e0:1d:e6:7b:34;Free Tbaytel WiFi;-77;102
6388;80:e0:1d:e6:7b:3d;eduroam;-91;102
6389;80:e0:1d:e6:7b:3c;LU-Events;-92;102
6390;80:e0:1d:e6:7b:3f;LU-Guest;-92;102
6391;d8:b1:90:df:9f:ee;LakeheadU;-77;102
6392;d8:b1:90:df:9f:ed;eduroam;-78;102
6393;80:e0:1d:c2:b3:92;eduroam;-86;102
6394;d8:b1:90:df:9f:ec;LU-Events;-79;102
6395;d8:b1:90:df:9f:eb;Free Tbaytel WiFi;-78;102
6396;d8:b1:90:df:9f:ef;LU-Guest;-77;102
6397;80:e0:1d:e6:7b:3b;Free Tbaytel WiFi;-92;102
6398;d8:b1:90:df:9f:e4;Free Tbaytel WiFi;-66;102
6399;d8:b1:90:df:9f:e3;LU-Events;-65;102
6400;d8:b1:90:df:9f:e2;eduroam;-65;102
6401;a4:6c:2a:e0:20:01;LakeheadU;-44;102
6402;a4:6c:2a:e0:20:00;LU-Guest;-44;102
6403;a4:6c:2a:e0:20:03;LU-Events;-40;102
6404;a4:6c:2a:e0:20:02;eduroam;-43;102
6405;a4:6c:2a:e0:20:04;Free Tbaytel WiFi;-40;102
6406;00:1f:33:bd:d5:34;Lab1012;-78;102
6407;d8:b1:90:df:9f:e1;LakeheadU;-65;102
6408;d8:b1:90:df:9f:e0;LU-Guest;-65;102
6409;ca:5a:b0:3d:73:c3;;-67;102
6410;c0:c1:c0:8e:e8:c5;unavailable;-63;102
6411;a4:6c:2a:e0:20:0f;LU-Guest;-53;102
6412;a4:6c:2a:e0:20:0c;LU-Events;-54;102
6413;a4:6c:2a:e0:20:0b;Free Tbaytel WiFi;-54;102
6414;a4:6c:2a:e0:20:0e;LakeheadU;-53;102
6415;a4:6c:2a:e0:20:0d;eduroam;-55;102
6416;d8:b1:90:e1:12:b3;LU-Events;-86;102
6417;a4:6c:2a:d4:bb:03;LU-Events;-77;102
6418;a4:6c:2a:d4:bb:04;Free Tbaytel WiFi;-76;102
6419;ae:53:22:40:4e:04;NOSMConnect24;-87;102
6420;a4:6c:2a:d4:bb:00;LU-Guest;-77;102
6421;80:e0:1d:c2:b7:f0;LU-Guest;-70;102
6422;a4:6c:2a:d4:bb:01;LakeheadU;-78;102
6423;80:e0:1d:c2:b7:f1;LakeheadU;-73;102
6424;a4:6c:2a:d4:bb:02;eduroam;-77;102
6425;80:e0:1d:c2:b7:f2;eduroam;-73;102
6426;80:e0:1d:c2:b7:f3;LU-Events;-72;102
6427;80:e0:1d:c2:b7:f4;Free Tbaytel WiFi;-73;102
6428;80:e0:1d:af:1e:c1;LU-Guest;-88;102
6429;80:e0:1d:af:1e:c4;eduroam;-83;102
6430;80:e0:1d:c2:b7:fc;LU-Events;-82;102
6431;80:e0:1d:c2:b7:fe;LakeheadU;-83;102
6432;80:e0:1d:e6:9b:f1;LakeheadU;-84;102
6433;80:e0:1d:e6:9b:f2;eduroam;-86;102
6434;a4:6c:2a:d3:f4:df;LU-Guest;-93;102
6435;a4:6c:2a:d3:f4:db;Free Tbaytel WiFi;-90;102
6436;a4:6c:2a:d3:f4:dc;LU-Events;-91;102
6437;7e:a7:b0:c5:e9:67;DIRECT-cfLexmark Cheetah M-67e9;-75;102
6438;80:e0:1d:d9:e9:2c;LU-Events;-89;102
6439;80:e0:1d:d9:e9:2e;LakeheadU;-89;102
6440;a4:6c:2a:d3:f4:d0;LU-Guest;-84;102
6441;a4:6c:2a:d3:f4:d1;LakeheadU;-84;102
6442;5a:d3:ae:c6:79:d8;茉莉喵的布偶猫爪🐱;-85;102
6443;a4:6c:2a:d3:f4:d4;Free Tbaytel WiFi;-81;102
6444;a4:6c:2a:d3:f4:d2;eduroam;-83;102
6445;a4:6c:2a:d3:f4:d3;LU-Events;-85;102
6446;80:e0:1d:d9:e9:23;LU-Events;-82;102
6447;80:e0:1d:af:21:10;LU-Guest;-87;102
6448;80:e0:1d:d9:e8:3c;Free Tbaytel WiFi;-88;102
6449;80:e0:1d:d9:e8:3d;LU-Events;-88;102
6450;80:e0:1d:d9:e8:3e;LU-Guest;-88;102
6451;80:e0:1d:ee:40:54;Free Tbaytel WiFi;-80;102
6452;d8:b1:90:e1:26:a0;LU-Guest;-72;102
6453;d8:b1:90:e1:26:a2;eduroam;-74;102
6454;d8:b1:90:e1:26:a1;LakeheadU;-75;102
6455;d8:b1:90:e1:26:a4;Free Tbaytel WiFi;-73;102
6456;d8:b1:90:e1:26:a3;LU-Events;-73;102
6457;06:31:47:b2:5e:66;EBF1E5E6;-86;102
6458;80:e0:1d:f0:90:d2;LU-Events;-86;102
6459;a4:6c:2a:d4:bb:0c;LU-Events;-86;102
6460;a4:6c:2a:d4:bb:0e;LakeheadU;-89;102
6461;d8:b1:90:e1:26:af;LU-Guest;-84;102
6462;d8:b1:90:e1:26:ae;LakeheadU;-86;102
6463;80:e0:1d:ee:40:5d;eduroam;-92;102
6464;a4:6c:2a:d4:ba:53;LU-Events;-72;102
6465;a4:6c:2a:d4:ba:54;Free Tbaytel WiFi;-70;102
6466;a4:6c:2a:d4:ba:50;LU-Guest;-72;102
6467;a4:6c:2a:d4:ba:52;eduroam;-70;102
6468;a4:6c:2a:d4:ba:5f;LU-Guest;-80;102
6469;a4:6c:2a:d4:ba:5b;Free Tbaytel WiFi;-84;102
6470;a6:d7:3c:91:01:1c;DIRECT-1E48vEB2448B9GO7D;-78;102
6471;80:e0:1d:ee:3f:63;Free Tbaytel WiFi;-84;102
6472;80:e0:1d:e6:79:d1;LakeheadU;-85;102
6473;80:e0:1d:e6:79:d3;LU-Events;-84;102
6474;d8:b1:90:e1:2d:a3;LU-Events;-90;102
6475;80:e0:1d:d9:e8:33;Free Tbaytel WiFi;-78;102
6476;80:e0:1d:d9:e8:34;eduroam;-79;102
6477;80:e0:1d:d9:e8:31;LU-Guest;-77;102
6478;80:e0:1d:d9:e8:32;LU-Events;-78;102
6479;6c:5a:b0:3d:73:bf;Quanser_UVS-5G;-80;102
6480;6c:5a:b0:3d:73:c0;Quanser_UVS-5G;-64;102
6481;6c:5a:b0:3d:73:c1;Quanser_UVS;-62;102
6482;a4:6c:2a:e0:1f:b0;LU-Guest;-79;102
6483;a4:6c:2a:e0:1f:bc;LU-Events;-91;102
6484;a4:6c:2a:e0:1f:be;LakeheadU;-91;102
6485;a4:6c:2a:e0:1f:bf;LU-Guest;-92;102
6486;a4:6c:2a:e0:1f:bb;Free Tbaytel WiFi;-91;102
6487;ac:7a:56:c8:62:0f;LakeheadU;-89;103
6488;d8:b1:90:e1:29:dc;LU-Events;-91;103
6489;d8:b1:90:e1:29:df;LU-Guest;-91;103
6490;80:e0:1d:af:1e:cc;Free Tbaytel WiFi;-92;103
6491;80:e0:1d:af:1e:cb;eduroam;-91;103
6492;80:e0:1d:af:1e:cd;LU-Events;-89;103
6493;80:e0:1d:e6:7b:34;Free Tbaytel WiFi;-77;103
6494;d8:b1:90:df:9f:ee;LakeheadU;-77;103
6495;d8:b1:90:df:9f:ed;eduroam;-78;103
6496;d8:b1:90:df:9f:ec;LU-Events;-79;103
6497;d8:b1:90:df:9f:eb;Free Tbaytel WiFi;-78;103
6498;d8:b1:90:df:9f:ef;LU-Guest;-77;103
6499;d8:b1:90:df:9f:e4;Free Tbaytel WiFi;-66;103
6500;d8:b1:90:df:9f:e3;LU-Events;-65;103
6501;d8:b1:90:df:9f:e2;eduroam;-65;103
6502;a4:6c:2a:e0:20:01;LakeheadU;-44;103
6503;a4:6c:2a:e0:20:00;LU-Guest;-44;103
6504;a4:6c:2a:e0:20:03;LU-Events;-40;103
6505;a4:6c:2a:e0:20:02;eduroam;-43;103
6506;a4:6c:2a:e0:20:04;Free Tbaytel WiFi;-40;103
6507;00:1f:33:bd:d5:34;Lab1012;-78;103
6508;d8:b1:90:df:9f:e1;LakeheadU;-65;103
6509;d8:b1:90:df:9f:e0;LU-Guest;-65;103
6510;ca:5a:b0:3d:73:c3;;-67;103
6511;c0:c1:c0:8e:e8:c5;unavailable;-63;103
6512;a4:6c:2a:e0:20:0f;LU-Guest;-53;103
6513;a4:6c:2a:e0:20:0c;LU-Events;-54;103
6514;a4:6c:2a:e0:20:0b;Free Tbaytel WiFi;-54;103
6515;a4:6c:2a:e0:20:0e;LakeheadU;-53;103
6516;a4:6c:2a:e0:20:0d;eduroam;-55;103
6517;d8:b1:90:e1:12:b3;LU-Events;-86;103
6518;a4:6c:2a:d4:bb:03;LU-Events;-77;103
6519;a4:6c:2a:d4:bb:04;Free Tbaytel WiFi;-76;103
6520;ae:53:22:40:4e:04;NOSMConnect24;-87;103
6521;a4:6c:2a:d4:bb:00;LU-Guest;-77;103
6522;80:e0:1d:c2:b7:f0;LU-Guest;-70;103
6523;a4:6c:2a:d4:bb:01;LakeheadU;-78;103
6524;80:e0:1d:c2:b7:f1;LakeheadU;-73;103
6525;a4:6c:2a:d4:bb:02;eduroam;-77;103
6526;80:e0:1d:c2:b7:f2;eduroam;-73;103
6527;80:e0:1d:c2:b7:f3;LU-Events;-72;103
6528;80:e0:1d:c2:b7:f4;Free Tbaytel WiFi;-73;103
6529;80:e0:1d:af:1e:c4;eduroam;-83;103
6530;80:e0:1d:c2:b7:fc;LU-Events;-82;103
6531;80:e0:1d:c2:b7:fe;LakeheadU;-83;103
6532;80:e0:1d:e6:9b:f2;eduroam;-86;103
6533;a4:6c:2a:d3:f4:df;LU-Guest;-93;103
6534;a4:6c:2a:d3:f4:db;Free Tbaytel WiFi;-90;103
6535;a4:6c:2a:d3:f4:dc;LU-Events;-91;103
6536;7e:a7:b0:c5:e9:67;DIRECT-cfLexmark Cheetah M-67e9;-75;103
6537;80:e0:1d:d9:e9:2c;LU-Events;-89;103
6538;80:e0:1d:d9:e9:2e;LakeheadU;-89;103
6539;a4:6c:2a:d3:f4:d0;LU-Guest;-84;103
6540;a4:6c:2a:d3:f4:d1;LakeheadU;-84;103
6541;5a:d3:ae:c6:79:d8;茉莉喵的布偶猫爪🐱;-85;103
6542;a4:6c:2a:d3:f4:d2;eduroam;-83;103
6543;a4:6c:2a:d3:f4:d3;LU-Events;-85;103
6544;80:e0:1d:d9:e9:23;LU-Events;-82;103
6545;80:e0:1d:d9:e8:3c;Free Tbaytel WiFi;-88;103
6546;80:e0:1d:d9:e8:3d;LU-Events;-88;103
6547;80:e0:1d:d9:e8:3e;LU-Guest;-88;103
6548;d8:b1:90:e1:26:a2;eduroam;-74;103
6549;d8:b1:90:e1:26:a1;LakeheadU;-75;103
6550;d8:b1:90:e1:26:a4;Free Tbaytel WiFi;-73;103
6551;d8:b1:90:e1:26:a3;LU-Events;-73;103
6552;80:e0:1d:f0:90:d2;LU-Events;-86;103
6553;a4:6c:2a:d4:bb:0c;LU-Events;-86;103
6554;a4:6c:2a:d4:bb:0e;LakeheadU;-89;103
6555;d8:b1:90:e1:26:af;LU-Guest;-84;103
6556;d8:b1:90:e1:26:ae;LakeheadU;-86;103
6557;80:e0:1d:ee:40:5d;eduroam;-92;103
6558;a4:6c:2a:d4:ba:5b;Free Tbaytel WiFi;-84;103
6559;80:e0:1d:e6:79:d1;LakeheadU;-85;103
6560;80:e0:1d:e6:79:d3;LU-Events;-84;103
6561;80:e0:1d:d9:e8:33;Free Tbaytel WiFi;-78;103
6562;80:e0:1d:d9:e8:34;eduroam;-79;103
6563;80:e0:1d:d9:e8:31;LU-Guest;-77;103
6564;80:e0:1d:d9:e8:32;LU-Events;-78;103
6565;6c:5a:b0:3d:73:bf;Quanser_UVS-5G;-80;103
6566;6c:5a:b0:3d:73:c0;Quanser_UVS-5G;-64;103
6567;6c:5a:b0:3d:73:c1;Quanser_UVS;-62;103
6568;a4:6c:2a:e0:1f:bc;LU-Events;-91;103
6569;a4:6c:2a:e0:1f:be;LakeheadU;-91;103
6570;a4:6c:2a:e0:1f:bf;LU-Guest;-92;103
6571;a4:6c:2a:e0:1f:bb;Free Tbaytel WiFi;-91;103
6572;ac:7a:56:c8:62:0f;LakeheadU;-89;104
6573;d8:b1:90:e1:29:dc;LU-Events;-91;104
6574;d8:b1:90:e1:29:df;LU-Guest;-91;104
6575;80:e0:1d:af:1e:cc;Free Tbaytel WiFi;-92;104
6576;80:e0:1d:af:1e:cb;eduroam;-91;104
6577;80:e0:1d:af:1e:cd;LU-Events;-89;104
6578;80:e0:1d:e6:7b:34;Free Tbaytel WiFi;-77;104
6579;d8:b1:90:df:9f:ee;LakeheadU;-77;104
6580;d8:b1:90:df:9f:ed;eduroam;-78;104
6581;d8:b1:90:df:9f:ec;LU-Events;-79;104
6582;d8:b1:90:df:9f:eb;Free Tbaytel WiFi;-78;104
6583;d8:b1:90:df:9f:ef;LU-Guest;-77;104
6584;d8:b1:90:df:9f:e4;Free Tbaytel WiFi;-66;104
6585;d8:b1:90:df:9f:e3;LU-Events;-65;104
6586;d8:b1:90:df:9f:e2;eduroam;-65;104
6587;a4:6c:2a:e0:20:01;LakeheadU;-44;104
6588;a4:6c:2a:e0:20:00;LU-Guest;-44;104
6589;a4:6c:2a:e0:20:03;LU-Events;-40;104
6590;a4:6c:2a:e0:20:02;eduroam;-43;104
6591;a4:6c:2a:e0:20:04;Free Tbaytel WiFi;-40;104
6592;00:1f:33:bd:d5:34;Lab1012;-78;104
6593;d8:b1:90:df:9f:e1;LakeheadU;-65;104
6594;d8:b1:90:df:9f:e0;LU-Guest;-65;104
6595;ca:5a:b0:3d:73:c3;;-67;104
6596;c0:c1:c0:8e:e8:c5;unavailable;-63;104
6597;a4:6c:2a:e0:20:0f;LU-Guest;-53;104
6598;a4:6c:2a:e0:20:0c;LU-Events;-54;104
6599;a4:6c:2a:e0:20:0b;Free Tbaytel WiFi;-54;104
6600;a4:6c:2a:e0:20:0e;LakeheadU;-53;104
6601;a4:6c:2a:e0:20:0d;eduroam;-55;104
6602;d8:b1:90:e1:12:b3;LU-Events;-86;104
6603;a4:6c:2a:d4:bb:03;LU-Events;-77;104
6604;a4:6c:2a:d4:bb:04;Free Tbaytel WiFi;-76;104
6605;ae:53:22:40:4e:04;NOSMConnect24;-87;104
6606;a4:6c:2a:d4:bb:00;LU-Guest;-77;104
6607;80:e0:1d:c2:b7:f0;LU-Guest;-70;104
6608;a4:6c:2a:d4:bb:01;LakeheadU;-78;104
6609;80:e0:1d:c2:b7:f1;LakeheadU;-73;104
6610;a4:6c:2a:d4:bb:02;eduroam;-77;104
6611;80:e0:1d:c2:b7:f2;eduroam;-73;104
6612;80:e0:1d:c2:b7:f3;LU-Events;-72;104
6613;80:e0:1d:c2:b7:f4;Free Tbaytel WiFi;-73;104
6614;80:e0:1d:af:1e:c4;eduroam;-83;104
6615;80:e0:1d:c2:b7:fc;LU-Events;-82;104
6616;80:e0:1d:c2:b7:fe;LakeheadU;-83;104
6617;80:e0:1d:e6:9b:f2;eduroam;-86;104
6618;a4:6c:2a:d3:f4:df;LU-Guest;-93;104
6619;a4:6c:2a:d3:f4:db;Free Tbaytel WiFi;-90;104
6620;a4:6c:2a:d3:f4:dc;LU-Events;-91;104
6621;7e:a7:b0:c5:e9:67;DIRECT-cfLexmark Cheetah M-67e9;-75;104
6622;80:e0:1d:d9:e9:2c;LU-Events;-89;104
6623;80:e0:1d:d9:e9:2e;LakeheadU;-89;104
6624;a4:6c:2a:d3:f4:d0;LU-Guest;-84;104
6625;a4:6c:2a:d3:f4:d1;LakeheadU;-84;104
6626;5a:d3:ae:c6:79:d8;茉莉喵的布偶猫爪🐱;-85;104
6627;a4:6c:2a:d3:f4:d2;eduroam;-83;104
6628;a4:6c:2a:d3:f4:d3;LU-Events;-85;104
6629;80:e0:1d:d9:e9:23;LU-Events;-82;104
6630;80:e0:1d:d9:e8:3c;Free Tbaytel WiFi;-88;104
6631;80:e0:1d:d9:e8:3d;LU-Events;-88;104
6632;80:e0:1d:d9:e8:3e;LU-Guest;-88;104
6633;d8:b1:90:e1:26:a2;eduroam;-74;104
6634;d8:b1:90:e1:26:a1;LakeheadU;-75;104
6635;d8:b1:90:e1:26:a4;Free Tbaytel WiFi;-73;104
6636;d8:b1:90:e1:26:a3;LU-Events;-73;104
6637;80:e0:1d:f0:90:d2;LU-Events;-86;104
6638;a4:6c:2a:d4:bb:0c;LU-Events;-86;104
6639;a4:6c:2a:d4:bb:0e;LakeheadU;-89;104
6640;d8:b1:90:e1:26:af;LU-Guest;-84;104
6641;d8:b1:90:e1:26:ae;LakeheadU;-86;104
6642;80:e0:1d:ee:40:5d;eduroam;-92;104
6643;a4:6c:2a:d4:ba:5b;Free Tbaytel WiFi;-84;104
6644;80:e0:1d:e6:79:d1;LakeheadU;-85;104
6645;80:e0:1d:e6:79:d3;LU-Events;-84;104
6646;80:e0:1d:d9:e8:33;Free Tbaytel WiFi;-78;104
6647;80:e0:1d:d9:e8:34;eduroam;-79;104
6648;80:e0:1d:d9:e8:31;LU-Guest;-77;104
6649;80:e0:1d:d9:e8:32;LU-Events;-78;104
6650;6c:5a:b0:3d:73:bf;Quanser_UVS-5G;-80;104
6651;6c:5a:b0:3d:73:c0;Quanser_UVS-5G;-64;104
6652;6c:5a:b0:3d:73:c1;Quanser_UVS;-62;104
6653;a4:6c:2a:e0:1f:bc;LU-Events;-91;104
6654;a4:6c:2a:e0:1f:be;LakeheadU;-91;104
6655;a4:6c:2a:e0:1f:bf;LU-Guest;-92;104
6656;a4:6c:2a:e0:1f:bb;Free Tbaytel WiFi;-91;104
6657;ac:7a:56:c8:62:00;LakeheadU;-72;105
6658;ac:7a:56:c8:62:03;LU-Guest;-73;105
6659;ac:7a:56:c8:62:07;Free Tbaytel WiFi;-73;105
6660;d8:b1:90:df:9f:ec;LU-Events;-79;105
6661;d8:b1:90:df:9f:eb;Free Tbaytel WiFi;-79;105
6662;d8:b1:90:df:9f:ef;LU-Guest;-80;105
6663;d8:b1:90:df:9f:e4;Free Tbaytel WiFi;-62;105
6664;d8:b1:90:df:9f:e3;LU-Events;-64;105
6665;d8:b1:90:df:9f:e2;eduroam;-62;105
6666;a4:6c:2a:e0:20:01;LakeheadU;-52;105
6667;a4:6c:2a:e0:20:00;LU-Guest;-52;105
6668;a4:6c:2a:e0:20:03;LU-Events;-53;105
6669;a4:6c:2a:e0:20:02;eduroam;-53;105
6670;a4:6c:2a:e0:20:04;Free Tbaytel WiFi;-51;105
6671;00:1f:33:bd:d5:34;Lab1012;-74;105
6672;d8:b1:90:df:9f:e1;LakeheadU;-62;105
6673;d8:b1:90:df:9f:e0;LU-Guest;-62;105
6674;ae:53:22:40:4f:7a;NOSMConnect24;-84;105
6675;c0:c1:c0:8e:e8:c5;unavailable;-68;105
6676;a4:6c:2a:e0:20:0f;LU-Guest;-64;105
6677;a4:6c:2a:e0:20:0c;LU-Events;-63;105
6678;a4:6c:2a:e0:20:0b;Free Tbaytel WiFi;-64;105
6679;a4:6c:2a:e0:20:0e;LakeheadU;-64;105
6680;a4:6c:2a:e0:20:0d;eduroam;-65;105
6681;80:e0:1d:c2:b7:f0;LU-Guest;-69;105
6682;80:e0:1d:c2:b7:f1;LakeheadU;-68;105
6683;a4:6c:2a:d4:bb:02;eduroam;-77;105
6684;80:e0:1d:c2:b7:f3;LU-Events;-67;105
6685;80:e0:1d:c2:b7:ff;LU-Guest;-82;105
6686;80:e0:1d:c2:b7:fc;LU-Events;-81;105
6687;80:e0:1d:c2:b7:fe;LakeheadU;-80;105
6688;a4:6c:2a:d3:f4:df;LU-Guest;-91;105
6689;a4:6c:2a:d3:f4:db;Free Tbaytel WiFi;-89;105
6690;7e:a7:b0:c5:e9:67;DIRECT-cfLexmark Cheetah M-67e9;-65;105
6691;80:e0:1d:d9:e9:2f;LU-Guest;-92;105
6692;80:e0:1d:d9:e8:3c;Free Tbaytel WiFi;-88;105
6693;80:e0:1d:d9:e8:3f;LakeheadU;-88;105
6694;80:e0:1d:ee:40:50;LU-Guest;-82;105
6695;d8:b1:90:e1:26:a0;LU-Guest;-75;105
6696;d8:b1:90:e1:26:a2;eduroam;-77;105
6697;d8:b1:90:e1:26:a1;LakeheadU;-75;105
6698;d8:b1:90:e1:26:a4;Free Tbaytel WiFi;-76;105
6699;d8:b1:90:e1:26:a3;LU-Events;-76;105
6700;ba:5a:b0:3d:73:b1;;-73;105
6701;a4:6c:2a:d4:bb:0c;LU-Events;-83;105
6702;a4:6c:2a:d4:bb:0f;LU-Guest;-83;105
6703;d8:b1:90:e1:26:ac;LU-Events;-87;105
6704;d8:b1:90:e1:26:af;LU-Guest;-86;105
6705;a4:6c:2a:d4:ba:5d;eduroam;-92;105
6706;80:e0:1d:e6:79:d2;eduroam;-70;105
6707;80:e0:1d:e6:79:d1;LakeheadU;-70;105
6708;80:e0:1d:e6:79:d0;LU-Guest;-71;105
6709;80:e0:1d:e6:79:d4;Free Tbaytel WiFi;-71;105
6710;80:e0:1d:e6:79:d3;LU-Events;-71;105
6711;80:e0:1d:e6:79:df;LU-Guest;-80;105
6712;80:e0:1d:e6:79:de;LakeheadU;-79;105
6713;80:e0:1d:e6:79:dc;LU-Events;-79;105
6714;80:e0:1d:d9:e8:33;Free Tbaytel WiFi;-82;105
6715;80:e0:1d:d9:e8:31;LU-Guest;-82;105
6716;6c:5a:b0:3d:73:bf;Quanser_UVS-5G;-73;105
6717;6c:5a:b0:3d:73:c0;Quanser_UVS-5G;-61;105
6718;6c:5a:b0:3d:73:c1;Quanser_UVS;-60;105
6719;fa:25:51:6b:06:3c;DIRECT-1C4L1EB8840EAGOSb;-88;105
6720;d8:b1:90:e1:29:d3;LU-Events;-83;105
6721;ac:7a:56:c8:62:00;LakeheadU;-72;106
6722;ac:7a:56:c8:62:03;LU-Guest;-73;106
6723;ac:7a:56:c8:62:07;Free Tbaytel WiFi;-73;106
6724;d8:b1:90:df:9f:ec;LU-Events;-79;106
6725;d8:b1:90:df:9f:eb;Free Tbaytel WiFi;-79;106
6726;d8:b1:90:df:9f:ef;LU-Guest;-80;106
6727;d8:b1:90:df:9f:e4;Free Tbaytel WiFi;-62;106
6728;d8:b1:90:df:9f:e3;LU-Events;-64;106
6729;d8:b1:90:df:9f:e2;eduroam;-62;106
6730;a4:6c:2a:e0:20:01;LakeheadU;-52;106
6731;a4:6c:2a:e0:20:00;LU-Guest;-52;106
6732;a4:6c:2a:e0:20:03;LU-Events;-53;106
6733;a4:6c:2a:e0:20:02;eduroam;-53;106
6734;a4:6c:2a:e0:20:04;Free Tbaytel WiFi;-51;106
6735;00:1f:33:bd:d5:34;Lab1012;-74;106
6736;d8:b1:90:df:9f:e1;LakeheadU;-62;106
6737;d8:b1:90:df:9f:e0;LU-Guest;-62;106
6738;ae:53:22:40:4f:7a;NOSMConnect24;-84;106
6739;c0:c1:c0:8e:e8:c5;unavailable;-68;106
6740;a4:6c:2a:e0:20:0f;LU-Guest;-64;106
6741;a4:6c:2a:e0:20:0c;LU-Events;-63;106
6742;a4:6c:2a:e0:20:0b;Free Tbaytel WiFi;-64;106
6743;a4:6c:2a:e0:20:0e;LakeheadU;-64;106
6744;a4:6c:2a:e0:20:0d;eduroam;-65;106
6745;80:e0:1d:c2:b7:f0;LU-Guest;-69;106
6746;80:e0:1d:c2:b7:f1;LakeheadU;-68;106
6747;a4:6c:2a:d4:bb:02;eduroam;-77;106
6748;80:e0:1d:c2:b7:f3;LU-Events;-67;106
6749;80:e0:1d:c2:b7:ff;LU-Guest;-82;106
6750;80:e0:1d:c2:b7:fc;LU-Events;-81;106
6751;80:e0:1d:c2:b7:fe;LakeheadU;-80;106
6752;a4:6c:2a:d3:f4:df;LU-Guest;-91;106
6753;a4:6c:2a:d3:f4:db;Free Tbaytel WiFi;-89;106
6754;7e:a7:b0:c5:e9:67;DIRECT-cfLexmark Cheetah M-67e9;-65;106
6755;80:e0:1d:d9:e9:2f;LU-Guest;-92;106
6756;80:e0:1d:d9:e8:3c;Free Tbaytel WiFi;-88;106
6757;80:e0:1d:d9:e8:3f;LakeheadU;-88;106
6758;80:e0:1d:ee:40:50;LU-Guest;-82;106
6759;d8:b1:90:e1:26:a0;LU-Guest;-75;106
6760;d8:b1:90:e1:26:a2;eduroam;-77;106
6761;d8:b1:90:e1:26:a1;LakeheadU;-75;106
6762;d8:b1:90:e1:26:a4;Free Tbaytel WiFi;-76;106
6763;d8:b1:90:e1:26:a3;LU-Events;-76;106
6764;ba:5a:b0:3d:73:b1;;-73;106
6765;a4:6c:2a:d4:bb:0c;LU-Events;-83;106
6766;a4:6c:2a:d4:bb:0f;LU-Guest;-83;106
6767;d8:b1:90:e1:26:ac;LU-Events;-87;106
6768;d8:b1:90:e1:26:af;LU-Guest;-86;106
6769;a4:6c:2a:d4:ba:5d;eduroam;-92;106
6770;80:e0:1d:e6:79:d2;eduroam;-70;106
6771;80:e0:1d:e6:79:d1;LakeheadU;-70;106
6772;80:e0:1d:e6:79:d0;LU-Guest;-71;106
6773;80:e0:1d:e6:79:d4;Free Tbaytel WiFi;-71;106
6774;80:e0:1d:e6:79:d3;LU-Events;-71;106
6775;80:e0:1d:e6:79:df;LU-Guest;-80;106
6776;80:e0:1d:e6:79:de;LakeheadU;-79;106
6777;80:e0:1d:e6:79:dc;LU-Events;-79;106
6778;80:e0:1d:d9:e8:33;Free Tbaytel WiFi;-82;106
6779;80:e0:1d:d9:e8:31;LU-Guest;-82;106
6780;6c:5a:b0:3d:73:bf;Quanser_UVS-5G;-73;106
6781;6c:5a:b0:3d:73:c0;Quanser_UVS-5G;-61;106
6782;6c:5a:b0:3d:73:c1;Quanser_UVS;-60;106
6783;fa:25:51:6b:06:3c;DIRECT-1C4L1EB8840EAGOSb;-88;106
6784;d8:b1:90:e1:29:d3;LU-Events;-83;106
6785;ac:7a:56:c8:62:00;LakeheadU;-72;107
6786;ac:7a:56:c8:62:03;LU-Guest;-73;107
6787;ac:7a:56:c8:62:07;Free Tbaytel WiFi;-73;107
6788;d8:b1:90:df:9f:ec;LU-Events;-79;107
6789;d8:b1:90:df:9f:eb;Free Tbaytel WiFi;-79;107
6790;d8:b1:90:df:9f:ef;LU-Guest;-80;107
6791;d8:b1:90:df:9f:e4;Free Tbaytel WiFi;-62;107
6792;d8:b1:90:df:9f:e3;LU-Events;-64;107
6793;d8:b1:90:df:9f:e2;eduroam;-62;107
6794;a4:6c:2a:e0:20:01;LakeheadU;-52;107
6795;a4:6c:2a:e0:20:00;LU-Guest;-52;107
6796;a4:6c:2a:e0:20:03;LU-Events;-53;107
6797;a4:6c:2a:e0:20:02;eduroam;-53;107
6798;a4:6c:2a:e0:20:04;Free Tbaytel WiFi;-51;107
6799;00:1f:33:bd:d5:34;Lab1012;-74;107
6800;d8:b1:90:df:9f:e1;LakeheadU;-62;107
6801;d8:b1:90:df:9f:e0;LU-Guest;-62;107
6802;ae:53:22:40:4f:7a;NOSMConnect24;-84;107
6803;c0:c1:c0:8e:e8:c5;unavailable;-68;107
6804;a4:6c:2a:e0:20:0f;LU-Guest;-64;107
6805;a4:6c:2a:e0:20:0c;LU-Events;-63;107
6806;a4:6c:2a:e0:20:0b;Free Tbaytel WiFi;-64;107
6807;a4:6c:2a:e0:20:0e;LakeheadU;-64;107
6808;a4:6c:2a:e0:20:0d;eduroam;-65;107
6809;80:e0:1d:c2:b7:f0;LU-Guest;-69;107
6810;80:e0:1d:c2:b7:f1;LakeheadU;-68;107
6811;a4:6c:2a:d4:bb:02;eduroam;-77;107
6812;80:e0:1d:c2:b7:f3;LU-Events;-67;107
6813;80:e0:1d:c2:b7:ff;LU-Guest;-82;107
6814;80:e0:1d:c2:b7:fc;LU-Events;-81;107
6815;80:e0:1d:c2:b7:fe;LakeheadU;-80;107
6816;a4:6c:2a:d3:f4:df;LU-Guest;-91;107
6817;a4:6c:2a:d3:f4:db;Free Tbaytel WiFi;-89;107
6818;7e:a7:b0:c5:e9:67;DIRECT-cfLexmark Cheetah M-67e9;-65;107
6819;80:e0:1d:d9:e9:2f;LU-Guest;-92;107
6820;80:e0:1d:d9:e8:3c;Free Tbaytel WiFi;-88;107
6821;80:e0:1d:d9:e8:3f;LakeheadU;-88;107
6822;80:e0:1d:ee:40:50;LU-Guest;-82;107
6823;d8:b1:90:e1:26:a0;LU-Guest;-75;107
6824;d8:b1:90:e1:26:a2;eduroam;-77;107
6825;d8:b1:90:e1:26:a1;LakeheadU;-75;107
6826;d8:b1:90:e1:26:a4;Free Tbaytel WiFi;-76;107
6827;d8:b1:90:e1:26:a3;LU-Events;-76;107
6828;ba:5a:b0:3d:73:b1;;-73;107
6829;a4:6c:2a:d4:bb:0c;LU-Events;-83;107
6830;a4:6c:2a:d4:bb:0f;LU-Guest;-83;107
6831;d8:b1:90:e1:26:ac;LU-Events;-87;107
6832;d8:b1:90:e1:26:af;LU-Guest;-86;107
6833;a4:6c:2a:d4:ba:5d;eduroam;-92;107
6834;80:e0:1d:e6:79:d2;eduroam;-70;107
6835;80:e0:1d:e6:79:d1;LakeheadU;-70;107
6836;80:e0:1d:e6:79:d0;LU-Guest;-71;107
6837;80:e0:1d:e6:79:d4;Free Tbaytel WiFi;-71;107
6838;80:e0:1d:e6:79:d3;LU-Events;-71;107
6839;80:e0:1d:e6:79:df;LU-Guest;-80;107
6840;80:e0:1d:e6:79:de;LakeheadU;-79;107
6841;80:e0:1d:e6:79:dc;LU-Events;-79;107
6842;80:e0:1d:d9:e8:33;Free Tbaytel WiFi;-82;107
6843;80:e0:1d:d9:e8:31;LU-Guest;-82;107
6844;6c:5a:b0:3d:73:bf;Quanser_UVS-5G;-73;107
6845;6c:5a:b0:3d:73:c0;Quanser_UVS-5G;-61;107
6846;6c:5a:b0:3d:73:c1;Quanser_UVS;-60;107
6847;fa:25:51:6b:06:3c;DIRECT-1C4L1EB8840EAGOSb;-88;107
6848;d8:b1:90:e1:29:d3;LU-Events;-83;107
6849;ac:7a:56:c8:62:0d;;-91;108
6850;ac:7a:56:c8:62:0c;LU-Guest;-90;108
6851;d8:b1:90:e1:29:dc;LU-Events;-83;108
6852;d8:b1:90:e1:29:dd;eduroam;-82;108
6853;d8:b1:90:e1:29:db;Free Tbaytel WiFi;-83;108
6854;d8:b1:90:e1:29:df;LU-Guest;-82;108
6855;80:e0:1d:af:1e:cc;Free Tbaytel WiFi;-88;108
6856;ac:7a:56:c8:62:05;;-71;108
6857;ac:7a:56:c8:62:03;LU-Guest;-73;108
6858;80:e0:1d:af:1e:cf;LakeheadU;-89;108
6859;ac:7a:56:c8:62:08;Free Tbaytel WiFi;-90;108
6860;ac:7a:56:c8:62:07;eduroam;-92;108
6861;d8:b1:90:df:9f:ee;LakeheadU;-78;108
6862;d8:b1:90:df:9f:ed;eduroam;-78;108
6863;d8:b1:90:df:9f:ec;LU-Events;-77;108
6864;d8:b1:90:df:9f:eb;Free Tbaytel WiFi;-78;108
6865;d8:b1:90:df:9f:ef;LU-Guest;-79;108
6866;d8:b1:90:df:9f:e4;Free Tbaytel WiFi;-65;108
6867;d8:b1:90:df:9f:e3;LU-Events;-66;108
6868;d8:b1:90:df:9f:e2;eduroam;-65;108
6869;a4:6c:2a:e0:20:01;LakeheadU;-60;108
6870;a4:6c:2a:e0:20:00;LU-Guest;-61;108
6871;a4:6c:2a:e0:20:03;LU-Events;-64;108
6872;a4:6c:2a:e0:20:02;eduroam;-62;108
6873;a4:6c:2a:e0:20:04;Free Tbaytel WiFi;-60;108
6874;00:1f:33:bd:d5:34;Lab1012;-57;108
6875;d8:b1:90:df:9f:e1;LakeheadU;-65;108
6876;d8:b1:90:df:9f:e0;LU-Guest;-65;108
6877;ae:53:22:40:4f:7a;NOSMConnect24;-76;108
6878;aa:53:22:40:4f:7a;NOSMConnect;-76;108
6879;ca:5a:b0:3d:73:c3;;-47;108
6880;a4:6c:2a:e0:20:0f;LU-Guest;-70;108
6881;a4:6c:2a:e0:20:0c;LU-Events;-71;108
6882;a4:6c:2a:e0:20:0b;Free Tbaytel WiFi;-76;108
6883;a4:6c:2a:e0:20:0e;LakeheadU;-71;108
6884;a4:6c:2a:e0:20:0d;eduroam;-71;108
6885;d8:b1:90:e1:12:b4;Free Tbaytel WiFi;-85;108
6886;a4:6c:2a:d4:bb:04;Free Tbaytel WiFi;-79;108
6887;a4:6c:2a:d4:bb:01;LakeheadU;-78;108
6888;a4:6c:2a:d4:bb:02;eduroam;-79;108
6889;80:e0:1d:c2:b7:f2;eduroam;-73;108
6890;80:e0:1d:c2:b7:f3;LU-Events;-74;108
6891;80:e0:1d:c2:b7:ff;LU-Guest;-82;108
6892;80:e0:1d:c2:b7:fb;Free Tbaytel WiFi;-79;108
6893;80:e0:1d:c2:b7:fc;LU-Events;-81;108
6894;80:e0:1d:c2:b7:fd;eduroam;-82;108
6895;80:e0:1d:c2:b7:fe;LakeheadU;-81;108
6896;d8:b1:90:e1:12:bc;LU-Events;-91;108
6897;80:e0:1d:e6:9b:f1;LakeheadU;-87;108
6898;d8:b1:90:e1:12:bf;LU-Guest;-89;108
6899;a4:6c:2a:d3:f4:dd;eduroam;-84;108
6900;a4:6c:2a:d3:f4:de;LakeheadU;-86;108
6901;a4:6c:2a:d3:f4:db;Free Tbaytel WiFi;-86;108
6902;a4:6c:2a:d3:f4:dc;LU-Events;-86;108
6903;7e:a7:b0:c5:e9:67;DIRECT-cfLexmark Cheetah M-67e9;-54;108
6904;a6:53:22:40:4f:7a;eduroam;-77;108
6905;a4:6c:2a:d3:f4:d0;LU-Guest;-70;108
6906;a4:6c:2a:d3:f4:d1;LakeheadU;-72;108
6907;5a:d3:ae:c6:79:d8;茉莉喵的布偶猫爪🐱;-92;108
6908;a4:6c:2a:d3:f4:d4;Free Tbaytel WiFi;-71;108
6909;a4:6c:2a:d3:f4:d2;eduroam;-71;108
6910;a4:6c:2a:d3:f4:d3;LU-Events;-73;108
6911;80:e0:1d:d9:e9:23;LU-Events;-89;108
6912;80:e0:1d:ee:40:52;eduroam;-82;108
6913;d8:b1:90:e1:26:a3;LU-Events;-80;108
6914;a4:6c:2a:d4:bb:0c;LU-Events;-89;108
6915;a4:6c:2a:d4:bb:0d;eduroam;-88;108
6916;a4:6c:2a:d4:bb:0f;LU-Guest;-90;108
6917;d8:b1:90:e1:26:af;LU-Guest;-89;108
6918;a4:6c:2a:d4:bb:0b;Free Tbaytel WiFi;-88;108
6919;a4:6c:2a:d4:ba:50;LU-Guest;-85;108
6920;a4:6c:2a:d4:ba:5e;LakeheadU;-93;108
6921;80:e0:1d:e6:79:d2;eduroam;-66;108
6922;80:e0:1d:e6:79:d1;LakeheadU;-66;108
6923;80:e0:1d:e6:79:d0;LU-Guest;-78;108
6924;80:e0:1d:e6:79:d4;Free Tbaytel WiFi;-67;108
6925;80:e0:1d:e6:79:d3;LU-Events;-66;108
6926;80:e0:1d:e6:79:db;Free Tbaytel WiFi;-76;108
6927;80:e0:1d:e6:79:df;LU-Guest;-76;108
6928;80:e0:1d:e6:79:de;LakeheadU;-76;108
6929;80:e0:1d:e6:79:dd;eduroam;-76;108
6930;6c:5a:b0:3d:73:bf;Quanser_UVS-5G;-59;108
6931;80:e0:1d:e3:ca:32;LU-Events;-86;108
6932;6c:5a:b0:3d:73:c0;Quanser_UVS-5G;-51;108
6933;6c:5a:b0:3d:73:c1;Quanser_UVS;-48;108
6934;d8:b1:90:e1:29:d0;LU-Guest;-77;108
6935;d8:b1:90:e1:29:d3;LU-Events;-79;108
6936;d8:b1:90:e1:29:d4;Free Tbaytel WiFi;-78;108
6937;d8:b1:90:e1:29:d1;LakeheadU;-78;108
6938;d8:b1:90:e1:29:d2;eduroam;-77;108
6939;ca:5a:b0:3d:73:c3;;-47;109
6940;6c:5a:b0:3d:73:c1;Quanser_UVS;-48;109
6941;6c:5a:b0:3d:73:c0;Quanser_UVS-5G;-51;109
6942;7e:a7:b0:c5:e9:67;DIRECT-cfLexmark Cheetah M-67e9;-54;109
6943;00:1f:33:bd:d5:34;Lab1012;-57;109
6944;6c:5a:b0:3d:73:bf;Quanser_UVS-5G;-59;109
6945;a4:6c:2a:e0:20:04;Free Tbaytel WiFi;-60;109
6946;a4:6c:2a:e0:20:01;LakeheadU;-60;109
6947;a4:6c:2a:e0:20:00;LU-Guest;-61;109
6948;a4:6c:2a:e0:20:02;eduroam;-62;109
6949;a4:6c:2a:e0:20:03;LU-Events;-64;109
6950;d8:b1:90:df:9f:e4;Free Tbaytel WiFi;-65;109
6951;d8:b1:90:df:9f:e1;LakeheadU;-65;109
6952;d8:b1:90:df:9f:e0;LU-Guest;-65;109
6953;d8:b1:90:df:9f:e2;eduroam;-65;109
6954;d8:b1:90:df:9f:e3;LU-Events;-66;109
6955;80:e0:1d:e6:79:d1;LakeheadU;-66;109
6956;80:e0:1d:e6:79:d3;LU-Events;-66;109
6957;80:e0:1d:e6:79:d2;eduroam;-66;109
6958;80:e0:1d:e6:79:d4;Free Tbaytel WiFi;-67;109
6959;a4:6c:2a:e0:20:0f;LU-Guest;-70;109
6960;ac:7a:56:c8:62:07;Free Tbaytel WiFi;-70;109
6961;a4:6c:2a:d3:f4:d0;LU-Guest;-70;109
6962;a4:6c:2a:e0:20:0c;LU-Events;-71;109
6963;a4:6c:2a:e0:20:0d;eduroam;-71;109
6964;a4:6c:2a:e0:20:0e;LakeheadU;-71;109
6965;ac:7a:56:c8:62:05;;-71;109
6966;a4:6c:2a:d3:f4:d2;eduroam;-71;109
6967;a4:6c:2a:d3:f4:d4;Free Tbaytel WiFi;-71;109
6968;a4:6c:2a:d3:f4:d1;LakeheadU;-72;109
6969;ac:7a:56:c8:62:03;LU-Guest;-73;109
6970;80:e0:1d:c2:b7:f2;eduroam;-73;109
6971;a4:6c:2a:d3:f4:d3;LU-Events;-73;109
6972;80:e0:1d:c2:b7:f3;LU-Events;-74;109
6973;a4:6c:2a:e0:20:0b;Free Tbaytel WiFi;-76;109
6974;ae:53:22:40:4f:7a;NOSMConnect24;-76;109
6975;80:e0:1d:e6:79:de;LakeheadU;-76;109
6976;80:e0:1d:e6:79:df;LU-Guest;-76;109
6977;aa:53:22:40:4f:7a;NOSMConnect;-76;109
6978;80:e0:1d:e6:79:db;Free Tbaytel WiFi;-76;109
6979;80:e0:1d:e6:79:dd;eduroam;-76;109
6980;d8:b1:90:df:9f:ec;LU-Events;-77;109
6981;a6:53:22:40:4f:7a;eduroam;-77;109
6982;d8:b1:90:e1:29:d0;LU-Guest;-77;109
6983;d8:b1:90:e1:29:d2;eduroam;-77;109
6984;d8:b1:90:df:9f:eb;Free Tbaytel WiFi;-78;109
6985;80:e0:1d:e6:79:d0;LU-Guest;-78;109
6986;a4:6c:2a:d4:bb:01;LakeheadU;-78;109
6987;d8:b1:90:e1:29:d1;LakeheadU;-78;109
6988;d8:b1:90:e1:29:d4;Free Tbaytel WiFi;-78;109
6989;d8:b1:90:df:9f:ed;eduroam;-78;109
6990;d8:b1:90:df:9f:ee;LakeheadU;-78;109
6991;a4:6c:2a:d4:bb:02;eduroam;-79;109
6992;d8:b1:90:df:9f:ef;LU-Guest;-79;109
6993;d8:b1:90:e1:29:d3;LU-Events;-79;109
6994;a4:6c:2a:d4:bb:04;Free Tbaytel WiFi;-79;109
6995;80:e0:1d:c2:b7:fb;Free Tbaytel WiFi;-79;109
6996;d8:b1:90:e1:26:a3;LU-Events;-80;109
6997;80:e0:1d:c2:b7:fc;LU-Events;-81;109
6998;80:e0:1d:c2:b7:fe;LakeheadU;-81;109
6999;80:e0:1d:c2:b7:ff;LU-Guest;-82;109
7000;80:e0:1d:ee:40:52;eduroam;-82;109
7001;80:e0:1d:c2:b7:fd;eduroam;-82;109
7002;d8:b1:90:e1:29:df;LU-Guest;-82;109
7003;d8:b1:90:e1:29:dd;eduroam;-82;109
7004;d8:b1:90:e1:29:db;Free Tbaytel WiFi;-83;109
7005;d8:b1:90:e1:29:dc;LU-Events;-83;109
7006;a4:6c:2a:d3:f4:dd;eduroam;-84;109
7007;a4:6c:2a:d4:ba:50;LU-Guest;-85;109
7008;d8:b1:90:e1:12:b4;Free Tbaytel WiFi;-85;109
7009;a4:6c:2a:d3:f4:db;Free Tbaytel WiFi;-86;109
7010;80:e0:1d:e3:ca:32;LU-Events;-86;109
7011;a4:6c:2a:d3:f4:de;LakeheadU;-86;109
7012;a4:6c:2a:d3:f4:dc;LU-Events;-86;109
7013;80:e0:1d:e6:9b:f1;LakeheadU;-87;109
7014;80:e0:1d:af:1e:cc;Free Tbaytel WiFi;-88;109
7015;a4:6c:2a:d4:bb:0b;Free Tbaytel WiFi;-88;109
7016;a4:6c:2a:d4:bb:0d;eduroam;-88;109
7017;d8:b1:90:e1:26:af;LU-Guest;-89;109
7018;a4:6c:2a:d4:bb:0c;LU-Events;-89;109
7019;80:e0:1d:d9:e9:23;LU-Events;-89;109
7020;80:e0:1d:af:1e:cf;LakeheadU;-89;109
7021;d8:b1:90:e1:12:bf;LU-Guest;-89;109
7022;a4:6c:2a:d4:bb:0f;LU-Guest;-90;109
7023;ac:7a:56:c8:62:0c;LU-Guest;-90;109
7024;ac:7a:56:c8:62:08;Free Tbaytel WiFi;-90;109
7025;ac:7a:56:c8:62:0d;;-91;109
7026;d8:b1:90:e1:12:bc;LU-Events;-91;109
7027;5a:d3:ae:c6:79:d8;茉莉喵的布偶猫爪🐱;-92;109
7028;ac:7a:56:c8:62:07;eduroam;-92;109
7029;a4:6c:2a:d4:ba:5e;LakeheadU;-93;109
7030;d8:b1:90:e1:29:dc;LU-Events;-81;110
7031;d8:b1:90:e1:29:dd;eduroam;-80;110
7032;d8:b1:90:e1:29:db;Free Tbaytel WiFi;-80;110
7033;d8:b1:90:e1:29:de;LakeheadU;-81;110
7034;d8:b1:90:e1:29:df;LU-Guest;-80;110
7035;80:e0:1d:af:1e:ce;LU-Guest;-91;110
7036;ac:7a:56:c8:62:03;LU-Guest;-80;110
7037;d8:b1:90:df:9f:ee;LakeheadU;-84;110
7038;d8:b1:90:df:9f:ed;eduroam;-84;110
7039;d8:b1:90:df:9f:ec;LU-Events;-83;110
7040;d8:b1:90:df:9f:eb;Free Tbaytel WiFi;-83;110
7041;d8:b1:90:df:9f:ef;LU-Guest;-83;110
7042;d8:b1:90:df:9f:e4;Free Tbaytel WiFi;-64;110
7043;d8:b1:90:df:9f:e3;LU-Events;-63;110
7044;d8:b1:90:df:9f:e2;eduroam;-64;110
7045;a4:6c:2a:e0:20:01;LakeheadU;-63;110
7046;a4:6c:2a:e0:20:00;LU-Guest;-62;110
7047;a4:6c:2a:e0:20:03;LU-Events;-63;110
7048;a4:6c:2a:e0:20:02;eduroam;-62;110
7049;a4:6c:2a:e0:20:04;Free Tbaytel WiFi;-62;110
7050;00:1f:33:bd:d5:34;Lab1012;-55;110
7051;d8:b1:90:df:9f:e1;LakeheadU;-64;110
7052;d8:b1:90:df:9f:e0;LU-Guest;-64;110
7053;ae:53:22:40:4f:7a;NOSMConnect24;-74;110
7054;aa:53:22:40:4f:7a;NOSMConnect;-75;110
7055;a4:6c:2a:e0:20:0c;LU-Events;-78;110
7056;a4:6c:2a:e0:20:0e;LakeheadU;-77;110
7057;80:e0:1d:c2:b7:f0;LU-Guest;-79;110
7058;80:e0:1d:c2:b7:f1;LakeheadU;-64;110
7059;80:e0:1d:c2:b7:f2;eduroam;-64;110
7060;80:e0:1d:c2:b7:f3;LU-Events;-63;110
7061;80:e0:1d:c2:b7:f4;Free Tbaytel WiFi;-64;110
7062;80:e0:1d:e6:9b:f4;Free Tbaytel WiFi;-84;110
7063;d8:b1:90:e1:12:bb;Free Tbaytel WiFi;-89;110
7064;d8:b1:90:e1:12:bd;eduroam;-89;110
7065;80:e0:1d:e6:9b:f2;eduroam;-85;110
7066;a4:6c:2a:d3:f4:df;LU-Guest;-81;110
7067;a4:6c:2a:d3:f4:dd;eduroam;-82;110
7068;a4:6c:2a:d3:f4:de;LakeheadU;-82;110
7069;a4:6c:2a:d3:f4:db;Free Tbaytel WiFi;-81;110
7070;a4:6c:2a:d3:f4:dc;LU-Events;-82;110
7071;7e:a7:b0:c5:e9:67;DIRECT-cfLexmark Cheetah M-67e9;-51;110
7072;9c:53:22:40:4f:7a;TBAYTech;-74;110
7073;a6:53:22:40:4f:7a;eduroam;-76;110
7074;a4:6c:2a:d3:f4:d0;LU-Guest;-66;110
7075;a4:6c:2a:d3:f4:d1;LakeheadU;-74;110
7076;5a:d3:ae:c6:79:d8;茉莉喵的布偶猫爪🐱;-84;110
7077;a4:6c:2a:d3:f4:d4;Free Tbaytel WiFi;-74;110
7078;a4:6c:2a:d3:f4:d2;eduroam;-74;110
7079;a4:6c:2a:d3:f4:d3;LU-Events;-74;110
7080;80:e0:1d:ee:40:50;LU-Guest;-87;110
7081;d8:b1:90:e1:26:a4;Free Tbaytel WiFi;-83;110
7082;d8:b1:90:e1:26:a3;LU-Events;-83;110
7083;a4:6c:2a:d4:ba:4c;LU-Events;-93;110
7084;a4:6c:2a:d4:bb:0f;LU-Guest;-93;110
7085;a4:6c:2a:d4:bb:0b;Free Tbaytel WiFi;-92;110
7086;80:e0:1d:e6:79:d2;eduroam;-65;110
7087;80:e0:1d:e6:79:d1;LakeheadU;-62;110
7088;80:e0:1d:e6:79:d0;LU-Guest;-63;110
7089;80:e0:1d:e6:79:d4;Free Tbaytel WiFi;-61;110
7090;80:e0:1d:e6:79:d3;LU-Events;-63;110
7091;80:e0:1d:e6:79:db;Free Tbaytel WiFi;-75;110
7092;80:e0:1d:e6:79:df;LU-Guest;-74;110
7093;80:e0:1d:e6:79:dc;LU-Events;-76;110
7094;6c:5a:b0:3d:73:bf;Quanser_UVS-5G;-64;110
7095;6c:5a:b0:3d:73:c0;Quanser_UVS-5G;-47;110
7096;6c:5a:b0:3d:73:c1;Quanser_UVS;-40;110
7097;d8:b1:90:e1:29:d0;LU-Guest;-78;110
7098;d8:b1:90:e1:29:d3;LU-Events;-77;110
7099;d8:b1:90:e1:29:d4;Free Tbaytel WiFi;-77;110
7100;d8:b1:90:e1:29:dc;LU-Events;-81;111
7101;d8:b1:90:e1:29:dd;eduroam;-80;111
7102;d8:b1:90:e1:29:db;Free Tbaytel WiFi;-80;111
7103;d8:b1:90:e1:29:de;LakeheadU;-81;111
7104;d8:b1:90:e1:29:df;LU-Guest;-80;111
7105;80:e0:1d:af:1e:ce;LU-Guest;-91;111
7106;ac:7a:56:c8:62:03;LU-Guest;-80;111
7107;d8:b1:90:df:9f:ee;LakeheadU;-84;111
7108;d8:b1:90:df:9f:ed;eduroam;-84;111
7109;d8:b1:90:df:9f:ec;LU-Events;-83;111
7110;d8:b1:90:df:9f:eb;Free Tbaytel WiFi;-83;111
7111;d8:b1:90:df:9f:ef;LU-Guest;-83;111
7112;d8:b1:90:df:9f:e4;Free Tbaytel WiFi;-64;111
7113;d8:b1:90:df:9f:e3;LU-Events;-63;111
7114;d8:b1:90:df:9f:e2;eduroam;-64;111
7115;a4:6c:2a:e0:20:01;LakeheadU;-63;111
7116;a4:6c:2a:e0:20:00;LU-Guest;-62;111
7117;a4:6c:2a:e0:20:03;LU-Events;-63;111
7118;a4:6c:2a:e0:20:02;eduroam;-62;111
7119;a4:6c:2a:e0:20:04;Free Tbaytel WiFi;-62;111
7120;00:1f:33:bd:d5:34;Lab1012;-55;111
7121;d8:b1:90:df:9f:e1;LakeheadU;-64;111
7122;d8:b1:90:df:9f:e0;LU-Guest;-64;111
7123;ae:53:22:40:4f:7a;NOSMConnect24;-74;111
7124;aa:53:22:40:4f:7a;NOSMConnect;-75;111
7125;a4:6c:2a:e0:20:0c;LU-Events;-78;111
7126;a4:6c:2a:e0:20:0e;LakeheadU;-77;111
7127;80:e0:1d:c2:b7:f0;LU-Guest;-79;111
7128;80:e0:1d:c2:b7:f1;LakeheadU;-64;111
7129;80:e0:1d:c2:b7:f2;eduroam;-64;111
7130;80:e0:1d:c2:b7:f3;LU-Events;-63;111
7131;80:e0:1d:c2:b7:f4;Free Tbaytel WiFi;-64;111
7132;80:e0:1d:e6:9b:f4;Free Tbaytel WiFi;-84;111
7133;d8:b1:90:e1:12:bb;Free Tbaytel WiFi;-89;111
7134;d8:b1:90:e1:12:bd;eduroam;-89;111
7135;80:e0:1d:e6:9b:f2;eduroam;-85;111
7136;a4:6c:2a:d3:f4:df;LU-Guest;-81;111
7137;a4:6c:2a:d3:f4:dd;eduroam;-82;111
7138;a4:6c:2a:d3:f4:de;LakeheadU;-82;111
7139;a4:6c:2a:d3:f4:db;Free Tbaytel WiFi;-81;111
7140;a4:6c:2a:d3:f4:dc;LU-Events;-82;111
7141;7e:a7:b0:c5:e9:67;DIRECT-cfLexmark Cheetah M-67e9;-51;111
7142;9c:53:22:40:4f:7a;TBAYTech;-74;111
7143;a6:53:22:40:4f:7a;eduroam;-76;111
7144;a4:6c:2a:d3:f4:d0;LU-Guest;-66;111
7145;a4:6c:2a:d3:f4:d1;LakeheadU;-74;111
7146;5a:d3:ae:c6:79:d8;茉莉喵的布偶猫爪🐱;-84;111
7147;a4:6c:2a:d3:f4:d4;Free Tbaytel WiFi;-74;111
7148;a4:6c:2a:d3:f4:d2;eduroam;-74;111
7149;a4:6c:2a:d3:f4:d3;LU-Events;-74;111
7150;80:e0:1d:ee:40:50;LU-Guest;-87;111
7151;d8:b1:90:e1:26:a4;Free Tbaytel WiFi;-83;111
7152;d8:b1:90:e1:26:a3;LU-Events;-83;111
7153;a4:6c:2a:d4:ba:4c;LU-Events;-93;111
7154;a4:6c:2a:d4:bb:0f;LU-Guest;-93;111
7155;a4:6c:2a:d4:bb:0b;Free Tbaytel WiFi;-92;111
7156;80:e0:1d:e6:79:d2;eduroam;-65;111
7157;80:e0:1d:e6:79:d1;LakeheadU;-62;111
7158;80:e0:1d:e6:79:d0;LU-Guest;-63;111
7159;80:e0:1d:e6:79:d4;Free Tbaytel WiFi;-61;111
7160;80:e0:1d:e6:79:d3;LU-Events;-63;111
7161;80:e0:1d:e6:79:db;Free Tbaytel WiFi;-75;111
7162;80:e0:1d:e6:79:df;LU-Guest;-74;111
7163;80:e0:1d:e6:79:dc;LU-Events;-76;111
7164;6c:5a:b0:3d:73:bf;Quanser_UVS-5G;-64;111
7165;6c:5a:b0:3d:73:c0;Quanser_UVS-5G;-47;111
7166;6c:5a:b0:3d:73:c1;Quanser_UVS;-40;111
7167;d8:b1:90:e1:29:d0;LU-Guest;-78;111
7168;d8:b1:90:e1:29:d3;LU-Events;-77;111
7169;d8:b1:90:e1:29:d4;Free Tbaytel WiFi;-77;111
7170;6c:5a:b0:3d:73:c1;Quanser_UVS;-40;112
7171;6c:5a:b0:3d:73:c0;Quanser_UVS-5G;-47;112
7172;7e:a7:b0:c5:e9:67;DIRECT-cfLexmark Cheetah M-67e9;-51;112
7173;00:1f:33:bd:d5:34;Lab1012;-55;112
7174;80:e0:1d:e6:79:d4;Free Tbaytel WiFi;-61;112
7175;a4:6c:2a:e0:20:04;Free Tbaytel WiFi;-62;112
7176;a4:6c:2a:e0:20:02;eduroam;-62;112
7177;a4:6c:2a:e0:20:00;LU-Guest;-62;112
7178;80:e0:1d:e6:79:d1;LakeheadU;-62;112
7179;a4:6c:2a:e0:20:03;LU-Events;-63;112
7180;d8:b1:90:df:9f:e3;LU-Events;-63;112
7181;a4:6c:2a:e0:20:01;LakeheadU;-63;112
7182;80:e0:1d:c2:b7:f3;LU-Events;-63;112
7183;80:e0:1d:e6:79:d3;LU-Events;-63;112
7184;80:e0:1d:e6:79:d0;LU-Guest;-63;112
7185;6c:5a:b0:3d:73:bf;Quanser_UVS-5G;-64;112
7186;d8:b1:90:df:9f:e4;Free Tbaytel WiFi;-64;112
7187;d8:b1:90:df:9f:e1;LakeheadU;-64;112
7188;d8:b1:90:df:9f:e0;LU-Guest;-64;112
7189;d8:b1:90:df:9f:e2;eduroam;-64;112
7190;80:e0:1d:c2:b7:f2;eduroam;-64;112
7191;80:e0:1d:c2:b7:f4;Free Tbaytel WiFi;-64;112
7192;80:e0:1d:c2:b7:f1;LakeheadU;-64;112
7193;80:e0:1d:e6:79:d2;eduroam;-65;112
7194;a4:6c:2a:d3:f4:d0;LU-Guest;-66;112
7195;ae:53:22:40:4f:7a;NOSMConnect24;-74;112
7196;80:e0:1d:e6:79:df;LU-Guest;-74;112
7197;a4:6c:2a:d3:f4:d2;eduroam;-74;112
7198;a4:6c:2a:d3:f4:d1;LakeheadU;-74;112
7199;a4:6c:2a:d3:f4:d3;LU-Events;-74;112
7200;a4:6c:2a:d3:f4:d4;Free Tbaytel WiFi;-74;112
7201;9c:53:22:40:4f:7a;TBAYTech;-74;112
7202;aa:53:22:40:4f:7a;NOSMConnect;-75;112
7203;80:e0:1d:e6:79:db;Free Tbaytel WiFi;-75;112
7204;a6:53:22:40:4f:7a;eduroam;-76;112
7205;80:e0:1d:e6:79:dc;LU-Events;-76;112
7206;a4:6c:2a:e0:20:0e;LakeheadU;-77;112
7207;d8:b1:90:e1:29:d3;LU-Events;-77;112
7208;d8:b1:90:e1:29:d4;Free Tbaytel WiFi;-77;112
7209;a4:6c:2a:e0:20:0c;LU-Events;-78;112
7210;d8:b1:90:e1:29:d0;LU-Guest;-78;112
7211;80:e0:1d:c2:b7:f0;LU-Guest;-79;112
7212;ac:7a:56:c8:62:03;LU-Guest;-80;112
7213;d8:b1:90:e1:29:df;LU-Guest;-80;112
7214;d8:b1:90:e1:29:db;Free Tbaytel WiFi;-80;112
7215;d8:b1:90:e1:29:dd;eduroam;-80;112
7216;a4:6c:2a:d3:f4:db;Free Tbaytel WiFi;-81;112
7217;d8:b1:90:e1:29:dc;LU-Events;-81;112
7218;a4:6c:2a:d3:f4:df;LU-Guest;-81;112
7219;d8:b1:90:e1:29:de;LakeheadU;-81;112
7220;a4:6c:2a:d3:f4:dd;eduroam;-82;112
7221;a4:6c:2a:d3:f4:de;LakeheadU;-82;112
7222;a4:6c:2a:d3:f4:dc;LU-Events;-82;112
7223;d8:b1:90:df:9f:ec;LU-Events;-83;112
7224;d8:b1:90:e1:26:a3;LU-Events;-83;112
7225;d8:b1:90:df:9f:ef;LU-Guest;-83;112
7226;d8:b1:90:df:9f:eb;Free Tbaytel WiFi;-83;112
7227;d8:b1:90:e1:26:a4;Free Tbaytel WiFi;-83;112
7228;5a:d3:ae:c6:79:d8;茉莉喵的布偶猫爪🐱;-84;112
7229;d8:b1:90:df:9f:ed;eduroam;-84;112
7230;d8:b1:90:df:9f:ee;LakeheadU;-84;112
7231;80:e0:1d:e6:9b:f4;Free Tbaytel WiFi;-84;112
7232;80:e0:1d:e6:9b:f2;eduroam;-85;112
7233;80:e0:1d:ee:40:50;LU-Guest;-87;112
7234;d8:b1:90:e1:12:bb;Free Tbaytel WiFi;-89;112
7235;d8:b1:90:e1:12:bd;eduroam;-89;112
7236;80:e0:1d:af:1e:ce;LU-Guest;-91;112
7237;a4:6c:2a:d4:bb:0b;Free Tbaytel WiFi;-92;112
7238;a4:6c:2a:d4:bb:0f;LU-Guest;-93;112
7239;a4:6c:2a:d4:ba:4c;LU-Events;-93;112
7240;a4:6c:2a:d3:f2:8c;LU-Events;-88;113
7241;a4:6c:2a:d3:f2:8b;Free Tbaytel WiFi;-88;113
7242;a4:6c:2a:d3:f2:8e;LakeheadU;-87;113
7243;a4:6c:2a:d3:f2:8d;eduroam;-89;113
7244;a4:6c:2a:d3:f2:8f;LU-Guest;-89;113
7245;d8:b1:90:e1:29:dc;LU-Events;-85;113
7246;d8:b1:90:e1:29:df;LU-Guest;-86;113
7247;a4:6c:2a:d3:f2:81;LakeheadU;-77;113
7248;a4:6c:2a:d3:f2:80;LU-Guest;-76;113
7249;a4:6c:2a:d3:f2:83;LU-Events;-77;113
7250;a4:6c:2a:d3:f2:82;eduroam;-77;113
7251;80:e0:1d:af:1e:cb;eduroam;-89;113
7252;d8:b1:90:df:9f:ee;LakeheadU;-81;113
7253;d8:b1:90:df:9f:ed;eduroam;-83;113
7254;d8:b1:90:df:9f:ec;LU-Events;-82;113
7255;d8:b1:90:df:9f:eb;Free Tbaytel WiFi;-82;113
7256;d8:b1:90:df:9f:ef;LU-Guest;-81;113
7257;d8:b1:90:df:9f:e4;Free Tbaytel WiFi;-67;113
7258;d8:b1:90:df:9f:e3;LU-Events;-67;113
7259;d8:b1:90:df:9f:e2;eduroam;-67;113
7260;a4:6c:2a:e0:20:01;LakeheadU;-67;113
7261;a4:6c:2a:e0:20:00;LU-Guest;-68;113
7262;a4:6c:2a:e0:20:03;LU-Events;-67;113
7263;a4:6c:2a:e0:20:02;eduroam;-68;113
7264;a4:6c:2a:e0:20:04;Free Tbaytel WiFi;-75;113
7265;00:1f:33:bd:d5:34;Lab1012;-72;113
7266;d8:b1:90:df:9f:e1;LakeheadU;-68;113
7267;d8:b1:90:df:9f:e0;LU-Guest;-67;113
7268;ae:53:22:40:4f:7a;NOSMConnect24;-72;113
7269;ca:5a:b0:3d:73:c3;;-48;113
7270;c0:c1:c0:8e:e8:c5;unavailable;-87;113
7271;a4:6c:2a:e0:20:0f;LU-Guest;-73;113
7272;a4:6c:2a:e0:20:0c;LU-Events;-73;113
7273;a4:6c:2a:e0:20:0b;Free Tbaytel WiFi;-73;113
7274;a4:6c:2a:e0:20:0e;LakeheadU;-72;113
7275;a4:6c:2a:e0:20:0d;eduroam;-73;113
7276;a4:6c:2a:d4:ba:40;LU-Guest;-83;113
7277;d8:b1:90:e1:12:b1;LakeheadU;-73;113
7278;80:e0:1d:c2:b7:f4;Free Tbaytel WiFi;-73;113
7279;80:e0:1d:c2:b7:ff;LU-Guest;-84;113
7280;80:e0:1d:c2:b7:fb;Free Tbaytel WiFi;-84;113
7281;80:e0:1d:c2:b7:fc;LU-Events;-84;113
7282;80:e0:1d:c2:b7:fd;eduroam;-84;113
7283;80:e0:1d:c2:b7:fe;LakeheadU;-85;113
7284;d8:b1:90:e1:12:bb;Free Tbaytel WiFi;-86;113
7285;d8:b1:90:e1:12:bd;eduroam;-86;113
7286;d8:b1:90:e1:12:bf;LU-Guest;-87;113
7287;7e:a7:b0:c5:e9:67;DIRECT-cfLexmark Cheetah M-67e9;-61;113
7288;a4:6c:2a:d3:f4:d0;LU-Guest;-60;113
7289;a4:6c:2a:d3:f4:d1;LakeheadU;-60;113
7290;a4:6c:2a:d3:f4:d4;Free Tbaytel WiFi;-64;113
7291;a4:6c:2a:d3:f4:d2;eduroam;-61;113
7292;a4:6c:2a:d3:f4:d3;LU-Events;-61;113
7293;80:e0:1d:af:21:10;LU-Guest;-80;113
7294;80:e0:1d:ee:40:50;LU-Guest;-82;113
7295;80:e0:1d:ee:40:53;LU-Events;-82;113
7296;d8:b1:90:e1:26:a2;eduroam;-84;113
7297;d8:b1:90:e1:26:a3;LU-Events;-84;113
7298;80:e0:1d:af:21:14;Free Tbaytel WiFi;-79;113
7299;80:e0:1d:af:21:13;LU-Events;-79;113
7300;80:e0:1d:af:21:12;eduroam;-79;113
7301;80:e0:1d:af:21:11;LakeheadU;-79;113
7302;80:e0:1d:e3:c3:e1;LakeheadU;-82;113
7303;80:e0:1d:e6:79:d2;eduroam;-64;113
7304;80:e0:1d:e6:79:d1;LakeheadU;-68;113
7305;80:e0:1d:e6:79:d0;LU-Guest;-65;113
7306;80:e0:1d:e6:79:d4;Free Tbaytel WiFi;-66;113
7307;80:e0:1d:e6:79:d3;LU-Events;-65;113
7308;80:e0:1d:e6:79:de;LakeheadU;-79;113
7309;80:e0:1d:ac:8b:02;eduroam;-78;113
7310;6c:5a:b0:3d:73:bf;Quanser_UVS-5G;-73;113
7311;6c:5a:b0:3d:73:c0;Quanser_UVS-5G;-58;113
7312;6c:5a:b0:3d:73:c1;Quanser_UVS;-46;113
7313;a4:6c:2a:d3:f2:8c;LU-Events;-88;114
7314;a4:6c:2a:d3:f2:8b;Free Tbaytel WiFi;-88;114
7315;a4:6c:2a:d3:f2:8e;LakeheadU;-87;114
7316;a4:6c:2a:d3:f2:8d;eduroam;-89;114
7317;a4:6c:2a:d3:f2:8f;LU-Guest;-89;114
7318;d8:b1:90:e1:29:dc;LU-Events;-85;114
7319;d8:b1:90:e1:29:df;LU-Guest;-86;114
7320;a4:6c:2a:d3:f2:81;LakeheadU;-77;114
7321;a4:6c:2a:d3:f2:80;LU-Guest;-76;114
7322;a4:6c:2a:d3:f2:83;LU-Events;-77;114
7323;a4:6c:2a:d3:f2:82;eduroam;-77;114
7324;80:e0:1d:af:1e:cb;eduroam;-89;114
7325;d8:b1:90:df:9f:ee;LakeheadU;-81;114
7326;d8:b1:90:df:9f:ed;eduroam;-83;114
7327;d8:b1:90:df:9f:ec;LU-Events;-82;114
7328;d8:b1:90:df:9f:eb;Free Tbaytel WiFi;-82;114
7329;d8:b1:90:df:9f:ef;LU-Guest;-81;114
7330;a4:6c:2a:e0:20:04;Free Tbaytel WiFi;-75;114
7331;c0:c1:c0:8e:e8:c5;unavailable;-87;114
7332;a4:6c:2a:e0:20:0f;LU-Guest;-73;114
7333;a4:6c:2a:e0:20:0c;LU-Events;-73;114
7334;a4:6c:2a:e0:20:0b;Free Tbaytel WiFi;-73;114
7335;a4:6c:2a:e0:20:0e;LakeheadU;-72;114
7336;a4:6c:2a:e0:20:0d;eduroam;-73;114
7337;80:e0:1d:c2:b7:ff;LU-Guest;-84;114
7338;80:e0:1d:c2:b7:fb;Free Tbaytel WiFi;-84;114
7339;80:e0:1d:c2:b7:fc;LU-Events;-84;114
7340;80:e0:1d:c2:b7:fd;eduroam;-84;114
7341;80:e0:1d:c2:b7:fe;LakeheadU;-85;114
7342;d8:b1:90:e1:12:bb;Free Tbaytel WiFi;-86;114
7343;d8:b1:90:e1:12:bd;eduroam;-86;114
7344;d8:b1:90:e1:12:bf;LU-Guest;-87;114
7345;80:e0:1d:ee:40:50;LU-Guest;-82;114
7346;80:e0:1d:ee:40:53;LU-Events;-82;114
7347;80:e0:1d:e6:79:d2;eduroam;-64;114
7348;80:e0:1d:e6:79:d1;LakeheadU;-68;114
7349;80:e0:1d:e6:79:d0;LU-Guest;-65;114
7350;80:e0:1d:e6:79:d4;Free Tbaytel WiFi;-66;114
7351;80:e0:1d:e6:79:d3;LU-Events;-65;114
7352;80:e0:1d:e6:79:de;LakeheadU;-79;114
7353;6c:5a:b0:3d:73:bf;Quanser_UVS-5G;-73;114
7354;6c:5a:b0:3d:73:c0;Quanser_UVS-5G;-58;114
7355;d8:b1:90:e1:29:dc;LU-Events;-85;115
7356;d8:b1:90:e1:29:dd;eduroam;-86;115
7357;d8:b1:90:e1:29:db;Free Tbaytel WiFi;-85;115
7358;d8:b1:90:e1:29:df;LU-Guest;-85;115
7359;80:e0:1d:af:1e:cb;eduroam;-91;115
7360;d8:b1:90:df:9f:ee;LakeheadU;-83;115
7361;d8:b1:90:df:9f:ec;LU-Events;-84;115
7362;a4:6c:2a:e0:20:04;Free Tbaytel WiFi;-76;115
7363;a4:6c:2a:e0:20:0f;LU-Guest;-72;115
7364;a4:6c:2a:e0:20:0c;LU-Events;-72;115
7365;a4:6c:2a:e0:20:0b;Free Tbaytel WiFi;-73;115
7366;a4:6c:2a:e0:20:0e;LakeheadU;-73;115
7367;a4:6c:2a:e0:20:0d;eduroam;-74;115
7368;d8:b1:90:e1:12:bb;Free Tbaytel WiFi;-85;115
7369;d8:b1:90:e1:12:bd;eduroam;-84;115
7370;d8:b1:90:e1:12:bc;LU-Events;-84;115
7371;d8:b1:90:e1:12:bf;LU-Guest;-84;115
7372;d8:b1:90:e1:12:be;LakeheadU;-85;115
7373;a4:6c:2a:d3:f4:df;LU-Guest;-61;115
7374;a4:6c:2a:d3:f4:dd;eduroam;-62;115
7375;a4:6c:2a:d3:f4:de;LakeheadU;-64;115
7376;a4:6c:2a:d3:f4:db;Free Tbaytel WiFi;-61;115
7377;a4:6c:2a:d3:f4:dc;LU-Events;-61;115
7378;a4:6c:2a:d4:bb:0e;LakeheadU;-92;115
7379;80:e0:1d:ac:8b:0d;eduroam;-84;115
7380;a4:6c:2a:d3:f2:8c;LU-Events;-81;116
7381;a4:6c:2a:d3:f2:8b;Free Tbaytel WiFi;-81;116
7382;a4:6c:2a:d3:f2:8e;LakeheadU;-81;116
7383;a4:6c:2a:d3:f2:8d;eduroam;-81;116
7384;a4:6c:2a:d3:f2:8f;LU-Guest;-80;116
7385;d8:b1:90:e1:29:dc;LU-Events;-88;116
7386;d8:b1:90:e1:29:db;Free Tbaytel WiFi;-88;116
7387;d8:b1:90:e1:29:de;LakeheadU;-86;116
7388;a4:6c:2a:d3:f2:81;LakeheadU;-72;116
7389;a4:6c:2a:d3:f2:80;LU-Guest;-70;116
7390;a4:6c:2a:d3:f2:83;LU-Events;-67;116
7391;a4:6c:2a:d3:f2:82;eduroam;-70;116
7392;a4:6c:2a:d3:f2:84;Free Tbaytel WiFi;-69;116
7393;d8:b1:90:df:9f:eb;Free Tbaytel WiFi;-86;116
7394;d8:b1:90:df:9f:ef;LU-Guest;-87;116
7395;d8:b1:90:df:9f:e4;Free Tbaytel WiFi;-66;116
7396;d8:b1:90:df:9f:e3;LU-Events;-65;116
7397;d8:b1:90:df:9f:e2;eduroam;-66;116
7398;a4:6c:2a:e0:20:01;LakeheadU;-62;116
7399;a4:6c:2a:e0:20:00;LU-Guest;-61;116
7400;a4:6c:2a:e0:20:03;LU-Events;-62;116
7401;a4:6c:2a:e0:20:02;eduroam;-62;116
7402;a4:6c:2a:e0:20:04;Free Tbaytel WiFi;-63;116
7403;00:1f:33:bd:d5:34;Lab1012;-67;116
7404;d8:b1:90:df:9f:e1;LakeheadU;-66;116
7405;d8:b1:90:df:9f:e0;LU-Guest;-65;116
7406;c0:c1:c0:8e:e8:c5;unavailable;-82;116
7407;a4:6c:2a:e0:20:0f;LU-Guest;-78;116
7408;a4:6c:2a:e0:20:0c;LU-Events;-79;116
7409;a4:6c:2a:e0:20:0b;Free Tbaytel WiFi;-78;116
7410;a4:6c:2a:e0:20:0e;LakeheadU;-77;116
7411;a4:6c:2a:e0:20:0d;eduroam;-79;116
7412;a4:6c:2a:d4:ba:43;LU-Events;-77;116
7413;a4:6c:2a:d4:ba:44;Free Tbaytel WiFi;-76;116
7414;a4:6c:2a:d4:ba:40;LU-Guest;-76;116
7415;a4:6c:2a:d4:ba:41;LakeheadU;-77;116
7416;d8:b1:90:e1:12:b3;LU-Events;-75;116
7417;80:e0:1d:c2:b7:f1;LakeheadU;-72;116
7418;80:e0:1d:c2:b7:f3;LU-Events;-72;116
7419;80:e0:1d:c2:b7:f4;Free Tbaytel WiFi;-73;116
7420;80:e0:1d:af:1e:c2;LU-Events;-75;116
7421;80:e0:1d:af:1e:c4;eduroam;-75;116
7422;80:e0:1d:c2:b7:ff;LU-Guest;-85;116
7423;80:e0:1d:c2:b7:fb;Free Tbaytel WiFi;-85;116
7424;80:e0:1d:c2:b7:fc;LU-Events;-85;116
7425;80:e0:1d:c2:b7:fd;eduroam;-86;116
7426;80:e0:1d:c2:b7:fe;LakeheadU;-85;116
7427;d8:b1:90:e1:12:bb;Free Tbaytel WiFi;-85;116
7428;d8:b1:90:e1:12:bd;eduroam;-86;116
7429;d8:b1:90:e1:12:be;LakeheadU;-85;116
7430;a4:6c:2a:d3:f4:df;LU-Guest;-57;116
7431;a4:6c:2a:d3:f4:dd;eduroam;-59;116
7432;a4:6c:2a:d3:f4:de;LakeheadU;-58;116
7433;a4:6c:2a:d3:f4:db;Free Tbaytel WiFi;-58;116
7434;a4:6c:2a:d3:f4:dc;LU-Events;-58;116
7435;7e:a7:b0:c5:e9:67;DIRECT-cfLexmark Cheetah M-67e9;-68;116
7436;a4:6c:2a:d3:f4:d0;LU-Guest;-53;116
7437;a4:6c:2a:d3:f4:d1;LakeheadU;-53;116
7438;a4:6c:2a:d3:f4:d4;Free Tbaytel WiFi;-53;116
7439;a4:6c:2a:d3:f4:d2;eduroam;-54;116
7440;a4:6c:2a:d3:f4:d3;LU-Events;-53;116
7441;80:e0:1d:ee:40:50;LU-Guest;-80;116
7442;80:e0:1d:af:21:13;LU-Events;-77;116
7443;80:e0:1d:af:21:12;eduroam;-78;116
7444;80:e0:1d:af:21:11;LakeheadU;-77;116
7445;80:e0:1d:e6:79:d2;eduroam;-73;116
7446;80:e0:1d:e6:79:d1;LakeheadU;-74;116
7447;80:e0:1d:e6:79:d0;LU-Guest;-72;116
7448;80:e0:1d:e6:79:d4;Free Tbaytel WiFi;-72;116
7449;10:8c:cf:44:26:b3;LU-Events;-89;116
7450;80:e0:1d:e6:79:dc;LU-Events;-87;116
7451;80:e0:1d:ac:8b:04;Free Tbaytel WiFi;-78;116
7452;80:e0:1d:ac:8b:01;LakeheadU;-77;116
7453;6c:5a:b0:3d:73:bf;Quanser_UVS-5G;-73;116
7454;80:e0:1d:ac:8b:0c;LU-Events;-87;116
7455;6c:5a:b0:3d:73:c0;Quanser_UVS-5G;-62;116
7456;6c:5a:b0:3d:73:c1;Quanser_UVS;-63;116
7457;80:e0:1d:ac:8b:0f;LU-Guest;-86;116
7458;d8:b1:90:e1:29:d0;LU-Guest;-73;116
7459;d8:b1:90:e1:29:d3;LU-Events;-72;116
7460;d8:b1:90:e1:29:d4;Free Tbaytel WiFi;-74;116
7461;d8:b1:90:e1:29:d1;LakeheadU;-73;116
7462;d8:b1:90:e1:29:d2;eduroam;-73;116
7463;a4:6c:2a:d3:f4:d1;LakeheadU;-53;117
7464;a4:6c:2a:d3:f4:d3;LU-Events;-53;117
7465;a4:6c:2a:d3:f4:d0;LU-Guest;-53;117
7466;a4:6c:2a:d3:f4:d4;Free Tbaytel WiFi;-53;117
7467;a4:6c:2a:d3:f4:d2;eduroam;-54;117
7468;a4:6c:2a:d3:f4:df;LU-Guest;-57;117
7469;a4:6c:2a:d3:f4:db;Free Tbaytel WiFi;-58;117
7470;a4:6c:2a:d3:f4:de;LakeheadU;-58;117
7471;a4:6c:2a:d3:f4:dc;LU-Events;-58;117
7472;a4:6c:2a:d3:f4:dd;eduroam;-59;117
7473;a4:6c:2a:e0:20:00;LU-Guest;-61;117
7474;a4:6c:2a:e0:20:03;LU-Events;-62;117
7475;a4:6c:2a:e0:20:02;eduroam;-62;117
7476;a4:6c:2a:e0:20:01;LakeheadU;-62;117
7477;6c:5a:b0:3d:73:c0;Quanser_UVS-5G;-62;117
7478;a4:6c:2a:e0:20:04;Free Tbaytel WiFi;-63;117
7479;6c:5a:b0:3d:73:c1;Quanser_UVS;-63;117
7480;d8:b1:90:df:9f:e0;LU-Guest;-65;117
7481;d8:b1:90:df:9f:e3;LU-Events;-65;117
7482;d8:b1:90:df:9f:e4;Free Tbaytel WiFi;-66;117
7483;d8:b1:90:df:9f:e1;LakeheadU;-66;117
7484;d8:b1:90:df:9f:e2;eduroam;-66;117
7485;00:1f:33:bd:d5:34;Lab1012;-67;117
7486;a4:6c:2a:d3:f2:83;LU-Events;-67;117
7487;7e:a7:b0:c5:e9:67;DIRECT-cfLexmark Cheetah M-67e9;-68;117
7488;a4:6c:2a:d3:f2:84;Free Tbaytel WiFi;-69;117
7489;a4:6c:2a:d3:f2:80;LU-Guest;-70;117
7490;a4:6c:2a:d3:f2:82;eduroam;-70;117
7491;80:e0:1d:e6:79:d0;LU-Guest;-72;117
7492;80:e0:1d:e6:79:d4;Free Tbaytel WiFi;-72;117
7493;a4:6c:2a:d3:f2:81;LakeheadU;-72;117
7494;80:e0:1d:c2:b7:f1;LakeheadU;-72;117
7495;80:e0:1d:c2:b7:f3;LU-Events;-72;117
7496;d8:b1:90:e1:29:d3;LU-Events;-72;117
7497;6c:5a:b0:3d:73:bf;Quanser_UVS-5G;-73;117
7498;80:e0:1d:e6:79:d2;eduroam;-73;117
7499;80:e0:1d:c2:b7:f4;Free Tbaytel WiFi;-73;117
7500;d8:b1:90:e1:29:d2;eduroam;-73;117
7501;d8:b1:90:e1:29:d1;LakeheadU;-73;117
7502;d8:b1:90:e1:29:d0;LU-Guest;-73;117
7503;80:e0:1d:e6:79:d1;LakeheadU;-74;117
7504;d8:b1:90:e1:29:d4;Free Tbaytel WiFi;-74;117
7505;d8:b1:90:e1:12:b3;LU-Events;-75;117
7506;80:e0:1d:af:1e:c4;eduroam;-75;117
7507;80:e0:1d:af:1e:c2;LU-Events;-75;117
7508;a4:6c:2a:d4:ba:40;LU-Guest;-76;117
7509;a4:6c:2a:d4:ba:44;Free Tbaytel WiFi;-76;117
7510;a4:6c:2a:e0:20:0e;LakeheadU;-77;117
7511;80:e0:1d:af:21:11;LakeheadU;-77;117
7512;80:e0:1d:af:21:13;LU-Events;-77;117
7513;80:e0:1d:ac:8b:01;LakeheadU;-77;117
7514;a4:6c:2a:d4:ba:43;LU-Events;-77;117
7515;a4:6c:2a:d4:ba:41;LakeheadU;-77;117
7516;a4:6c:2a:e0:20:0f;LU-Guest;-78;117
7517;a4:6c:2a:e0:20:0b;Free Tbaytel WiFi;-78;117
7518;80:e0:1d:ac:8b:04;Free Tbaytel WiFi;-78;117
7519;80:e0:1d:af:21:12;eduroam;-78;117
7520;a4:6c:2a:e0:20:0c;LU-Events;-79;117
7521;a4:6c:2a:e0:20:0d;eduroam;-79;117
7522;80:e0:1d:ee:40:50;LU-Guest;-80;117
7523;a4:6c:2a:d3:f2:8f;LU-Guest;-80;117
7524;a4:6c:2a:d3:f2:8b;Free Tbaytel WiFi;-81;117
7525;a4:6c:2a:d3:f2:8d;eduroam;-81;117
7526;a4:6c:2a:d3:f2:8e;LakeheadU;-81;117
7527;a4:6c:2a:d3:f2:8c;LU-Events;-81;117
7528;c0:c1:c0:8e:e8:c5;unavailable;-82;117
7529;d8:b1:90:e1:12:bb;Free Tbaytel WiFi;-85;117
7530;80:e0:1d:c2:b7:fe;LakeheadU;-85;117
7531;80:e0:1d:c2:b7:ff;LU-Guest;-85;117
7532;80:e0:1d:c2:b7:fb;Free Tbaytel WiFi;-85;117
7533;80:e0:1d:c2:b7:fc;LU-Events;-85;117
7534;d8:b1:90:e1:12:be;LakeheadU;-85;117
7535;d8:b1:90:e1:12:bd;eduroam;-86;117
7536;80:e0:1d:c2:b7:fd;eduroam;-86;117
7537;d8:b1:90:e1:29:de;LakeheadU;-86;117
7538;80:e0:1d:ac:8b:0f;LU-Guest;-86;117
7539;d8:b1:90:df:9f:eb;Free Tbaytel WiFi;-86;117
7540;80:e0:1d:e6:79:dc;LU-Events;-87;117
7541;80:e0:1d:ac:8b:0c;LU-Events;-87;117
7542;d8:b1:90:df:9f:ef;LU-Guest;-87;117
7543;d8:b1:90:e1:29:dc;LU-Events;-88;117
7544;d8:b1:90:e1:29:db;Free Tbaytel WiFi;-88;117
7545;10:8c:cf:44:26:b3;LU-Events;-89;117
7546;6c:5a:b0:3d:73:c1;Quanser_UVS;-63;118
7547;6c:5a:b0:3d:73:c0;Quanser_UVS-5G;-64;118
7548;a4:6c:2a:d3:f4:d1;LakeheadU;-65;118
7549;a4:6c:2a:d3:f4:d3;LU-Events;-65;118
7550;a4:6c:2a:d3:f4:d2;eduroam;-66;118
7551;a4:6c:2a:d3:f4:d0;LU-Guest;-66;118
7552;a4:6c:2a:d3:f4:d4;Free Tbaytel WiFi;-66;118
7553;a4:6c:2a:e0:20:04;Free Tbaytel WiFi;-70;118
7554;a4:6c:2a:e0:20:03;LU-Events;-73;118
7555;a4:6c:2a:e0:20:00;LU-Guest;-73;118
7556;a4:6c:2a:e0:20:02;eduroam;-74;118
7557;a4:6c:2a:e0:20:01;LakeheadU;-74;118
7558;6c:5a:b0:3d:73:bf;Quanser_UVS-5G;-75;118
7559;ba:5a:b0:3d:73:b1;;-75;118
7560;a4:6c:2a:e0:20:0c;LU-Events;-76;118
7561;a4:6c:2a:e0:20:0b;Free Tbaytel WiFi;-76;118
7562;7e:a7:b0:c5:e9:67;DIRECT-cfLexmark Cheetah M-67e9;-77;118
7563;d8:b1:90:df:9f:e1;LakeheadU;-77;118
7564;d8:b1:90:df:9f:e0;LU-Guest;-77;118
7565;d8:b1:90:df:9f:e2;eduroam;-77;118
7566;d8:b1:90:df:9f:e3;LU-Events;-77;118
7567;a4:6c:2a:e0:20:0e;LakeheadU;-77;118
7568;a4:6c:2a:e0:20:0d;eduroam;-77;118
7569;a4:6c:2a:d3:f4:df;LU-Guest;-77;118
7570;a4:6c:2a:d3:f4:dd;eduroam;-77;118
7571;a4:6c:2a:d3:f2:84;Free Tbaytel WiFi;-77;118
7572;a4:6c:2a:d3:f2:80;LU-Guest;-78;118
7573;a4:6c:2a:d3:f2:81;LakeheadU;-78;118
7574;a4:6c:2a:d3:f2:83;LU-Events;-78;118
7575;a4:6c:2a:d3:f4:db;Free Tbaytel WiFi;-78;118
7576;a4:6c:2a:d3:f4:dc;LU-Events;-78;118
7577;00:1f:33:bd:d5:34;Lab1012;-79;118
7578;a4:6c:2a:d3:f2:82;eduroam;-79;118
7579;a4:6c:2a:d3:f4:de;LakeheadU;-79;118
7580;80:e0:1d:c2:b7:f4;Free Tbaytel WiFi;-82;118
7581;80:e0:1d:c2:b7:f3;LU-Events;-82;118
7582;d8:b1:90:e1:12:b4;Free Tbaytel WiFi;-82;118
7583;d8:b1:90:e1:12:b0;LU-Guest;-82;118
7584;80:e0:1d:ac:8b:00;LU-Guest;-83;118
7585;d8:b1:90:e1:12:b2;eduroam;-83;118
7586;d8:b1:90:e1:12:b1;LakeheadU;-83;118
7587;80:e0:1d:e6:79:d3;LU-Events;-83;118
7588;d8:b1:90:e1:12:b3;LU-Events;-84;118
7589;d8:b1:90:e1:29:d0;LU-Guest;-84;118
7590;d8:b1:90:e1:29:d4;Free Tbaytel WiFi;-84;118
7591;80:e0:1d:e6:79:d4;Free Tbaytel WiFi;-85;118
7592;d8:b1:90:e1:29:d3;LU-Events;-86;118
7593;80:e0:1d:af:1e:c4;eduroam;-86;118
7594;80:e0:1d:af:1e:c1;LU-Guest;-86;118
7595;80:e0:1d:af:1e:c3;Free Tbaytel WiFi;-86;118
7596;80:e0:1d:af:1e:c0;LakeheadU;-87;118
7597;80:e0:1d:af:1e:c2;LU-Events;-88;118
7598;c0:c1:c0:8e:e8:c5;unavailable;-91;118
7599;a4:6c:2a:e0:20:0f;LU-Guest;-92;118
7600;80:e0:1d:e6:79:dc;LU-Events;-92;118
7601;a4:6c:2a:d3:f2:8c;LU-Events;-76;119
7602;a4:6c:2a:d3:f2:8b;Free Tbaytel WiFi;-76;119
7603;a4:6c:2a:d3:f2:8e;LakeheadU;-75;119
7604;a4:6c:2a:d3:f2:8d;eduroam;-76;119
7605;a4:6c:2a:d3:f2:8f;LU-Guest;-76;119
7606;d8:b1:90:e1:29:dc;LU-Events;-90;119
7607;d8:b1:90:e1:29:db;Free Tbaytel WiFi;-89;119
7608;d8:b1:90:e1:29:de;LakeheadU;-90;119
7609;d8:b1:90:e1:29:df;LU-Guest;-89;119
7610;a4:6c:2a:d3:f2:81;LakeheadU;-56;119
7611;a4:6c:2a:d3:f2:80;LU-Guest;-56;119
7612;a4:6c:2a:d3:f2:83;LU-Events;-56;119
7613;a4:6c:2a:d3:f2:82;eduroam;-59;119
7614;a4:6c:2a:d3:f2:84;Free Tbaytel WiFi;-56;119
7615;aa:53:22:40:4f:e8;NOSMConnect;-93;119
7616;d8:b1:90:df:9f:e3;LU-Events;-77;119
7617;d8:b1:90:df:9f:e2;eduroam;-75;119
7618;a4:6c:2a:e0:20:01;LakeheadU;-79;119
7619;a4:6c:2a:e0:20:03;LU-Events;-79;119
7620;a4:6c:2a:e0:20:02;eduroam;-80;119
7621;a4:6c:2a:e0:20:04;Free Tbaytel WiFi;-80;119
7622;00:1f:33:bd:d5:34;Lab1012;-65;119
7623;d8:b1:90:df:9f:e1;LakeheadU;-77;119
7624;d8:b1:90:df:9f:e0;LU-Guest;-77;119
7625;ca:5a:b0:3d:73:c3;;-54;119
7626;a4:6c:2a:e0:20:0d;eduroam;-91;119
7627;a4:6c:2a:d4:ba:42;eduroam;-78;119
7628;a4:6c:2a:d4:ba:43;LU-Events;-79;119
7629;a4:6c:2a:d4:ba:44;Free Tbaytel WiFi;-78;119
7630;a4:6c:2a:d4:ba:40;LU-Guest;-79;119
7631;a4:6c:2a:d4:ba:41;LakeheadU;-77;119
7632;d8:b1:90:e1:12:b2;eduroam;-69;119
7633;d8:b1:90:e1:12:b1;LakeheadU;-69;119
7634;d8:b1:90:e1:12:b4;Free Tbaytel WiFi;-69;119
7635;d8:b1:90:e1:12:b3;LU-Events;-69;119
7636;d8:b1:90:e1:12:bb;Free Tbaytel WiFi;-78;119
7637;d8:b1:90:e1:12:bd;eduroam;-78;119
7638;d8:b1:90:e1:12:bc;LU-Events;-78;119
7639;d8:b1:90:e1:12:bf;LU-Guest;-78;119
7640;d8:b1:90:e1:12:be;LakeheadU;-80;119
7641;a4:6c:2a:d3:f4:df;LU-Guest;-60;119
7642;a4:6c:2a:d3:f4:dd;eduroam;-60;119
7643;a4:6c:2a:d3:f4:de;LakeheadU;-60;119
7644;a4:6c:2a:d3:f4:db;Free Tbaytel WiFi;-60;119
7645;a4:6c:2a:d3:f4:dc;LU-Events;-60;119
7646;7e:a7:b0:c5:e9:67;DIRECT-cfLexmark Cheetah M-67e9;-65;119
7647;a6:53:22:40:4f:7a;eduroam;-83;119
7648;a4:6c:2a:d3:f4:d0;LU-Guest;-46;119
7649;a4:6c:2a:d3:f4:d1;LakeheadU;-45;119
7650;5a:d3:ae:c6:79:d8;茉莉喵的布偶猫爪🐱;-93;119
7651;a4:6c:2a:d3:f4:d4;Free Tbaytel WiFi;-48;119
7652;a4:6c:2a:d3:f4:d2;eduroam;-44;119
7653;a4:6c:2a:d3:f4:d3;LU-Events;-45;119
7654;80:e0:1d:af:21:10;LU-Guest;-81;119
7655;80:e0:1d:af:21:12;eduroam;-83;119
7656;80:e0:1d:af:21:11;LakeheadU;-80;119
7657;a4:6c:2a:d4:bb:0d;eduroam;-85;119
7658;a4:6c:2a:d4:bb:0f;LU-Guest;-86;119
7659;80:e0:1d:ac:8b:04;Free Tbaytel WiFi;-59;119
7660;80:e0:1d:ac:8b:03;LU-Events;-58;119
7661;80:e0:1d:ac:8b:02;eduroam;-59;119
7662;80:e0:1d:ac:8b:01;LakeheadU;-60;119
7663;80:e0:1d:ac:8b:00;LU-Guest;-59;119
7664;6c:5a:b0:3d:73:bf;Quanser_UVS-5G;-61;119
7665;80:e0:1d:ac:8b:0e;LakeheadU;-79;119
7666;80:e0:1d:ac:8b:0c;LU-Events;-77;119
7667;6c:5a:b0:3d:73:c0;Quanser_UVS-5G;-53;119
7668;6c:5a:b0:3d:73:c1;Quanser_UVS;-52;119
7669;80:e0:1d:ac:8b:0f;LU-Guest;-79;119
7670;d8:b1:90:e1:29:d0;LU-Guest;-73;119
7671;d8:b1:90:e1:29:d3;LU-Events;-73;119
7672;d8:b1:90:e1:29:d4;Free Tbaytel WiFi;-73;119
7673;d8:b1:90:e1:29:d1;LakeheadU;-73;119
7674;d8:b1:90:e1:29:d2;eduroam;-74;119
7675;a4:6c:2a:d3:f2:8c;LU-Events;-76;120
7676;a4:6c:2a:d3:f2:8b;Free Tbaytel WiFi;-76;120
7677;a4:6c:2a:d3:f2:8e;LakeheadU;-75;120
7678;a4:6c:2a:d3:f2:8d;eduroam;-76;120
7679;a4:6c:2a:d3:f2:8f;LU-Guest;-76;120
7680;d8:b1:90:e1:29:dc;LU-Events;-90;120
7681;d8:b1:90:e1:29:db;Free Tbaytel WiFi;-89;120
7682;d8:b1:90:e1:29:de;LakeheadU;-90;120
7683;d8:b1:90:e1:29:df;LU-Guest;-89;120
7684;a4:6c:2a:d3:f2:81;LakeheadU;-56;120
7685;a4:6c:2a:d3:f2:80;LU-Guest;-56;120
7686;a4:6c:2a:d3:f2:83;LU-Events;-56;120
7687;a4:6c:2a:d3:f2:82;eduroam;-59;120
7688;a4:6c:2a:d3:f2:84;Free Tbaytel WiFi;-56;120
7689;aa:53:22:40:4f:e8;NOSMConnect;-93;120
7690;d8:b1:90:df:9f:e3;LU-Events;-77;120
7691;d8:b1:90:df:9f:e2;eduroam;-75;120
7692;a4:6c:2a:e0:20:01;LakeheadU;-79;120
7693;a4:6c:2a:e0:20:03;LU-Events;-79;120
7694;a4:6c:2a:e0:20:02;eduroam;-80;120
7695;a4:6c:2a:e0:20:04;Free Tbaytel WiFi;-80;120
7696;00:1f:33:bd:d5:34;Lab1012;-65;120
7697;d8:b1:90:df:9f:e1;LakeheadU;-77;120
7698;d8:b1:90:df:9f:e0;LU-Guest;-77;120
7699;ca:5a:b0:3d:73:c3;;-54;120
7700;a4:6c:2a:e0:20:0d;eduroam;-91;120
7701;a4:6c:2a:d4:ba:42;eduroam;-78;120
7702;a4:6c:2a:d4:ba:43;LU-Events;-79;120
7703;a4:6c:2a:d4:ba:44;Free Tbaytel WiFi;-78;120
7704;a4:6c:2a:d4:ba:40;LU-Guest;-79;120
7705;a4:6c:2a:d4:ba:41;LakeheadU;-77;120
7706;d8:b1:90:e1:12:b2;eduroam;-69;120
7707;d8:b1:90:e1:12:b1;LakeheadU;-69;120
7708;d8:b1:90:e1:12:b4;Free Tbaytel WiFi;-69;120
7709;d8:b1:90:e1:12:b3;LU-Events;-69;120
7710;d8:b1:90:e1:12:bb;Free Tbaytel WiFi;-78;120
7711;d8:b1:90:e1:12:bd;eduroam;-78;120
7712;d8:b1:90:e1:12:bc;LU-Events;-78;120
7713;d8:b1:90:e1:12:bf;LU-Guest;-78;120
7714;d8:b1:90:e1:12:be;LakeheadU;-80;120
7715;a4:6c:2a:d3:f4:df;LU-Guest;-60;120
7716;a4:6c:2a:d3:f4:dd;eduroam;-60;120
7717;a4:6c:2a:d3:f4:de;LakeheadU;-60;120
7718;a4:6c:2a:d3:f4:db;Free Tbaytel WiFi;-60;120
7719;a4:6c:2a:d3:f4:dc;LU-Events;-60;120
7720;7e:a7:b0:c5:e9:67;DIRECT-cfLexmark Cheetah M-67e9;-65;120
7721;a6:53:22:40:4f:7a;eduroam;-83;120
7722;a4:6c:2a:d3:f4:d0;LU-Guest;-46;120
7723;a4:6c:2a:d3:f4:d1;LakeheadU;-45;120
7724;5a:d3:ae:c6:79:d8;茉莉喵的布偶猫爪🐱;-93;120
7725;a4:6c:2a:d3:f4:d4;Free Tbaytel WiFi;-48;120
7726;a4:6c:2a:d3:f4:d2;eduroam;-44;120
7727;a4:6c:2a:d3:f4:d3;LU-Events;-45;120
7728;80:e0:1d:af:21:10;LU-Guest;-81;120
7729;80:e0:1d:af:21:12;eduroam;-83;120
7730;80:e0:1d:af:21:11;LakeheadU;-80;120
7731;a4:6c:2a:d4:bb:0d;eduroam;-85;120
7732;a4:6c:2a:d4:bb:0f;LU-Guest;-86;120
7733;80:e0:1d:ac:8b:04;Free Tbaytel WiFi;-59;120
7734;80:e0:1d:ac:8b:03;LU-Events;-58;120
7735;80:e0:1d:ac:8b:02;eduroam;-59;120
7736;80:e0:1d:ac:8b:01;LakeheadU;-60;120
7737;80:e0:1d:ac:8b:00;LU-Guest;-59;120
7738;6c:5a:b0:3d:73:bf;Quanser_UVS-5G;-61;120
7739;80:e0:1d:ac:8b:0e;LakeheadU;-79;120
7740;80:e0:1d:ac:8b:0c;LU-Events;-77;120
7741;6c:5a:b0:3d:73:c0;Quanser_UVS-5G;-53;120
7742;6c:5a:b0:3d:73:c1;Quanser_UVS;-52;120
7743;80:e0:1d:ac:8b:0f;LU-Guest;-79;120
7744;d8:b1:90:e1:29:d0;LU-Guest;-73;120
7745;d8:b1:90:e1:29:d3;LU-Events;-73;120
7746;d8:b1:90:e1:29:d4;Free Tbaytel WiFi;-73;120
7747;d8:b1:90:e1:29:d1;LakeheadU;-73;120
7748;d8:b1:90:e1:29:d2;eduroam;-74;120
7749;a4:6c:2a:d3:f4:d4;Free Tbaytel WiFi;-42;121
7750;a4:6c:2a:d3:f4:d2;eduroam;-45;121
7751;a4:6c:2a:d3:f4:d1;LakeheadU;-46;121
7752;a4:6c:2a:d3:f4:d3;LU-Events;-46;121
7753;a4:6c:2a:d3:f4:d0;LU-Guest;-46;121
7754;a4:6c:2a:d3:f4:db;Free Tbaytel WiFi;-50;121
7755;a4:6c:2a:d3:f4:dc;LU-Events;-51;121
7756;a4:6c:2a:d3:f4:df;LU-Guest;-53;121
7757;a4:6c:2a:d3:f4:dd;eduroam;-53;121
7758;a4:6c:2a:d3:f4:de;LakeheadU;-53;121
7759;6c:5a:b0:3d:73:c1;Quanser_UVS;-56;121
7760;ca:5a:b0:3d:73:c3;;-57;121
7761;6c:5a:b0:3d:73:c0;Quanser_UVS-5G;-58;121
7762;d8:b1:90:e1:12:b3;LU-Events;-58;121
7763;d8:b1:90:e1:12:b1;LakeheadU;-58;121
7764;80:e0:1d:ac:8b:03;LU-Events;-58;121
7765;80:e0:1d:ac:8b:00;LU-Guest;-59;121
7766;80:e0:1d:ac:8b:04;Free Tbaytel WiFi;-59;121
7767;80:e0:1d:ac:8b:01;LakeheadU;-59;121
7768;d8:b1:90:e1:12:b0;LU-Guest;-59;121
7769;a4:6c:2a:d3:f2:83;LU-Events;-60;121
7770;80:e0:1d:ac:8b:02;eduroam;-60;121
7771;a4:6c:2a:d3:f2:82;eduroam;-61;121
7772;a4:6c:2a:d3:f2:81;LakeheadU;-61;121
7773;a4:6c:2a:d3:f2:84;Free Tbaytel WiFi;-61;121
7774;d8:b1:90:e1:12:b2;eduroam;-61;121
7775;00:1f:33:bd:d5:34;Lab1012;-62;121
7776;a4:6c:2a:d3:f2:80;LU-Guest;-62;121
7777;d8:b1:90:e1:12:b4;Free Tbaytel WiFi;-62;121
7778;7e:a7:b0:c5:e9:67;DIRECT-cfLexmark Cheetah M-67e9;-66;121
7779;6c:5a:b0:3d:73:bf;Quanser_UVS-5G;-69;121
7780;d8:b1:90:e1:29:d3;LU-Events;-74;121
7781;d8:b1:90:e1:29:d0;LU-Guest;-74;121
7782;d8:b1:90:e1:29:d4;Free Tbaytel WiFi;-74;121
7783;d8:b1:90:e1:29:d1;LakeheadU;-74;121
7784;d8:b1:90:e1:29:d2;eduroam;-75;121
7785;a4:6c:2a:d3:f2:8d;eduroam;-76;121
7786;a4:6c:2a:d3:f2:8f;LU-Guest;-77;121
7787;a4:6c:2a:d3:f2:8b;Free Tbaytel WiFi;-77;121
7788;a4:6c:2a:d3:f2:8e;LakeheadU;-77;121
7789;a4:6c:2a:d3:f2:8c;LU-Events;-77;121
7790;c0:c1:c0:8e:e8:c5;unavailable;-77;121
7791;a4:6c:2a:d4:ba:43;LU-Events;-79;121
7792;80:e0:1d:ac:8b:0e;LakeheadU;-79;121
7793;80:e0:1d:af:21:14;Free Tbaytel WiFi;-79;121
7794;a4:6c:2a:d4:ba:44;Free Tbaytel WiFi;-80;121
7795;a4:6c:2a:d4:ba:42;eduroam;-80;121
7796;a4:6c:2a:d4:ba:41;LakeheadU;-80;121
7797;80:e0:1d:af:21:12;eduroam;-80;121
7798;80:e0:1d:af:21:11;LakeheadU;-80;121
7799;d8:b1:90:e1:12:bf;LU-Guest;-80;121
7800;d8:b1:90:e1:12:bd;eduroam;-80;121
7801;d8:b1:90:e1:12:bc;LU-Events;-80;121
7802;a4:6c:2a:d4:bb:00;LU-Guest;-80;121
7803;80:e0:1d:af:21:13;LU-Events;-80;121
7804;80:e0:1d:ac:8b:0d;eduroam;-80;121
7805;80:e0:1d:ac:8b:0b;Free Tbaytel WiFi;-80;121
7806;d8:b1:90:e1:12:be;LakeheadU;-81;121
7807;a6:53:22:40:4f:7a;eduroam;-82;121
7808;aa:53:22:40:4f:7a;NOSMConnect;-83;121
7809;a4:6c:2a:e0:20:03;LU-Events;-84;121
7810;a4:6c:2a:e0:20:02;eduroam;-84;121
7811;a4:6c:2a:d4:bb:0e;LakeheadU;-84;121
7812;a4:6c:2a:e0:20:01;LakeheadU;-85;121
7813;a4:6c:2a:d4:bb:0c;LU-Events;-85;121
7814;10:8c:cf:44:26:b3;LU-Events;-86;121
7815;d8:b1:90:e1:29:db;Free Tbaytel WiFi;-88;121
7816;d8:b1:90:e1:29:df;LU-Guest;-88;121
7817;d8:b1:90:e1:29:dd;eduroam;-88;121
7818;d8:b1:90:e1:29:dc;LU-Events;-89;121
7819;5a:d3:ae:c6:79:d8;茉莉喵的布偶猫爪🐱;-90;121
7820;a4:6c:2a:d4:ba:4f;LU-Guest;-91;121
7821;a4:6c:2a:d4:ba:4b;Free Tbaytel WiFi;-91;121
7822;a4:6c:2a:d4:ba:4c;LU-Events;-92;121
7823;a4:6c:2a:d4:ba:4d;eduroam;-92;121
7824;a4:6c:2a:d3:f2:8c;LU-Events;-71;122
7825;a4:6c:2a:d3:f2:8b;Free Tbaytel WiFi;-71;122
7826;a4:6c:2a:d3:f2:8e;LakeheadU;-71;122
7827;a4:6c:2a:d3:f2:8d;eduroam;-71;122
7828;a4:6c:2a:d3:f2:8f;LU-Guest;-72;122
7829;a4:6c:2a:d3:f2:81;LakeheadU;-56;122
7830;a4:6c:2a:d3:f2:80;LU-Guest;-56;122
7831;a4:6c:2a:d3:f2:83;LU-Events;-56;122
7832;a4:6c:2a:d3:f2:82;eduroam;-59;122
7833;a4:6c:2a:d3:f2:84;Free Tbaytel WiFi;-56;122
7834;aa:53:22:40:4f:e8;NOSMConnect;-89;122
7835;9c:53:22:40:4f:e8;TBAYTech;-85;122
7836;a4:6c:2a:e0:20:03;LU-Events;-87;122
7837;00:1f:33:bd:d5:34;Lab1012;-60;122
7838;ca:5a:b0:3d:73:c3;;-55;122
7839;c0:c1:c0:8e:e8:c5;unavailable;-81;122
7840;a4:6c:2a:d4:ba:42;eduroam;-75;122
7841;a4:6c:2a:d4:ba:43;LU-Events;-76;122
7842;a4:6c:2a:d4:ba:44;Free Tbaytel WiFi;-75;122
7843;a4:6c:2a:d4:ba:40;LU-Guest;-75;122
7844;a4:6c:2a:d4:ba:41;LakeheadU;-74;122
7845;d8:b1:90:e1:12:b0;LU-Guest;-60;122
7846;d8:b1:90:e1:12:b2;eduroam;-60;122
7847;d8:b1:90:e1:12:b1;LakeheadU;-64;122
7848;d8:b1:90:e1:12:b4;Free Tbaytel WiFi;-61;122
7849;d8:b1:90:e1:12:b3;LU-Events;-60;122
7850;a4:6c:2a:d4:bb:03;LU-Events;-75;122
7851;a4:6c:2a:d4:bb:04;Free Tbaytel WiFi;-74;122
7852;a4:6c:2a:d4:bb:00;LU-Guest;-75;122
7853;a4:6c:2a:d4:bb:02;eduroam;-75;122
7854;80:e0:1d:c2:b7:f2;eduroam;-86;122
7855;d8:b1:90:e1:12:bb;Free Tbaytel WiFi;-86;122
7856;d8:b1:90:e1:12:bd;eduroam;-86;122
7857;d8:b1:90:e1:12:bc;LU-Events;-86;122
7858;d8:b1:90:e1:12:bf;LU-Guest;-86;122
7859;d8:b1:90:e1:12:be;LakeheadU;-86;122
7860;a4:6c:2a:d3:f4:df;LU-Guest;-60;122
7861;a4:6c:2a:d3:f4:dd;eduroam;-60;122
7862;a4:6c:2a:d3:f4:de;LakeheadU;-60;122
7863;a4:6c:2a:d3:f4:db;Free Tbaytel WiFi;-60;122
7864;a4:6c:2a:d3:f4:dc;LU-Events;-60;122
7865;7e:a7:b0:c5:e9:67;DIRECT-cfLexmark Cheetah M-67e9;-64;122
7866;a4:6c:2a:d3:f4:d0;LU-Guest;-47;122
7867;a4:6c:2a:d3:f4:d1;LakeheadU;-46;122
7868;a4:6c:2a:d3:f4:d4;Free Tbaytel WiFi;-45;122
7869;a4:6c:2a:d3:f4:d2;eduroam;-46;122
7870;a4:6c:2a:d3:f4:d3;LU-Events;-46;122
7871;80:e0:1d:ee:3f:00;LU-Guest;-78;122
7872;80:e0:1d:ee:3f:01;LakeheadU;-77;122
7873;80:e0:1d:ee:3f:02;eduroam;-80;122
7874;80:e0:1d:ee:3f:03;LU-Events;-77;122
7875;80:e0:1d:ee:3f:04;Free Tbaytel WiFi;-77;122
7876;80:e0:1d:e3:c9:61;LakeheadU;-81;122
7877;80:e0:1d:af:21:14;Free Tbaytel WiFi;-81;122
7878;80:e0:1d:af:21:13;LU-Events;-81;122
7879;06:31:47:b2:5e:66;EBF1E5E6;-76;122
7880;80:e0:1d:af:21:12;eduroam;-81;122
7881;80:e0:1d:af:21:11;LakeheadU;-82;122
7882;a4:6c:2a:d4:bb:0c;LU-Events;-83;122
7883;a4:6c:2a:d4:bb:0f;LU-Guest;-85;122
7884;a4:6c:2a:d4:bb:0b;Free Tbaytel WiFi;-83;122
7885;10:8c:cf:44:26:b0;LU-Guest;-78;122
7886;10:8c:cf:44:26:b4;Free Tbaytel WiFi;-78;122
7887;10:8c:cf:44:26:b3;LU-Events;-79;122
7888;80:e0:1d:ac:8b:04;Free Tbaytel WiFi;-62;122
7889;80:e0:1d:ac:8b:03;LU-Events;-29;122
7890;80:e0:1d:ac:8b:02;eduroam;-62;122
7891;80:e0:1d:ac:8b:01;LakeheadU;-61;122
7892;80:e0:1d:ac:8b:00;LU-Guest;-66;122
7893;6c:5a:b0:3d:73:bf;Quanser_UVS-5G;-75;122
7894;80:e0:1d:ac:8b:0b;Free Tbaytel WiFi;-83;122
7895;6c:5a:b0:3d:73:c0;Quanser_UVS-5G;-58;122
7896;6c:5a:b0:3d:73:c1;Quanser_UVS;-55;122
7897;80:e0:1d:ac:8b:0f;LU-Guest;-83;122
7898;d8:b1:90:e1:29:d0;LU-Guest;-82;122
7899;d8:b1:90:e1:29:d3;LU-Events;-80;122
7900;d8:b1:90:e1:29:d4;Free Tbaytel WiFi;-83;122
7901;d8:b1:90:e1:29:d1;LakeheadU;-82;122
7902;d8:b1:90:e1:29:d2;eduroam;-82;122
7903;a4:6c:2a:d3:f2:8c;LU-Events;-71;123
7904;a4:6c:2a:d3:f2:8b;Free Tbaytel WiFi;-71;123
7905;a4:6c:2a:d3:f2:8e;LakeheadU;-71;123
7906;a4:6c:2a:d3:f2:8d;eduroam;-71;123
7907;a4:6c:2a:d3:f2:8f;LU-Guest;-72;123
7908;a4:6c:2a:d3:f2:81;LakeheadU;-56;123
7909;a4:6c:2a:d3:f2:80;LU-Guest;-56;123
7910;a4:6c:2a:d3:f2:83;LU-Events;-56;123
7911;a4:6c:2a:d3:f2:82;eduroam;-59;123
7912;a4:6c:2a:d3:f2:84;Free Tbaytel WiFi;-56;123
7913;aa:53:22:40:4f:e8;NOSMConnect;-89;123
7914;9c:53:22:40:4f:e8;TBAYTech;-85;123
7915;a4:6c:2a:e0:20:03;LU-Events;-87;123
7916;00:1f:33:bd:d5:34;Lab1012;-60;123
7917;ca:5a:b0:3d:73:c3;;-55;123
7918;c0:c1:c0:8e:e8:c5;unavailable;-81;123
7919;a4:6c:2a:d4:ba:42;eduroam;-75;123
7920;a4:6c:2a:d4:ba:43;LU-Events;-76;123
7921;a4:6c:2a:d4:ba:44;Free Tbaytel WiFi;-75;123
7922;a4:6c:2a:d4:ba:40;LU-Guest;-75;123
7923;a4:6c:2a:d4:ba:41;LakeheadU;-74;123
7924;d8:b1:90:e1:12:b0;LU-Guest;-60;123
7925;d8:b1:90:e1:12:b2;eduroam;-60;123
7926;d8:b1:90:e1:12:b1;LakeheadU;-64;123
7927;d8:b1:90:e1:12:b4;Free Tbaytel WiFi;-61;123
7928;d8:b1:90:e1:12:b3;LU-Events;-60;123
7929;a4:6c:2a:d4:bb:03;LU-Events;-75;123
7930;a4:6c:2a:d4:bb:04;Free Tbaytel WiFi;-74;123
7931;a4:6c:2a:d4:bb:00;LU-Guest;-75;123
7932;a4:6c:2a:d4:bb:02;eduroam;-75;123
7933;80:e0:1d:c2:b7:f2;eduroam;-86;123
7934;d8:b1:90:e1:12:bb;Free Tbaytel WiFi;-86;123
7935;d8:b1:90:e1:12:bd;eduroam;-86;123
7936;d8:b1:90:e1:12:bc;LU-Events;-86;123
7937;d8:b1:90:e1:12:bf;LU-Guest;-86;123
7938;d8:b1:90:e1:12:be;LakeheadU;-86;123
7939;a4:6c:2a:d3:f4:df;LU-Guest;-60;123
7940;a4:6c:2a:d3:f4:dd;eduroam;-60;123
7941;a4:6c:2a:d3:f4:de;LakeheadU;-60;123
7942;a4:6c:2a:d3:f4:db;Free Tbaytel WiFi;-60;123
7943;a4:6c:2a:d3:f4:dc;LU-Events;-60;123
7944;7e:a7:b0:c5:e9:67;DIRECT-cfLexmark Cheetah M-67e9;-64;123
7945;a4:6c:2a:d3:f4:d0;LU-Guest;-47;123
7946;a4:6c:2a:d3:f4:d1;LakeheadU;-46;123
7947;a4:6c:2a:d3:f4:d4;Free Tbaytel WiFi;-45;123
7948;a4:6c:2a:d3:f4:d2;eduroam;-46;123
7949;a4:6c:2a:d3:f4:d3;LU-Events;-46;123
7950;80:e0:1d:ee:3f:00;LU-Guest;-78;123
7951;80:e0:1d:ee:3f:01;LakeheadU;-77;123
7952;80:e0:1d:ee:3f:02;eduroam;-80;123
7953;80:e0:1d:ee:3f:03;LU-Events;-77;123
7954;80:e0:1d:ee:3f:04;Free Tbaytel WiFi;-77;123
7955;80:e0:1d:e3:c9:61;LakeheadU;-81;123
7956;80:e0:1d:af:21:14;Free Tbaytel WiFi;-81;123
7957;80:e0:1d:af:21:13;LU-Events;-81;123
7958;06:31:47:b2:5e:66;EBF1E5E6;-76;123
7959;80:e0:1d:af:21:12;eduroam;-81;123
7960;80:e0:1d:af:21:11;LakeheadU;-82;123
7961;a4:6c:2a:d4:bb:0c;LU-Events;-83;123
7962;a4:6c:2a:d4:bb:0f;LU-Guest;-85;123
7963;a4:6c:2a:d4:bb:0b;Free Tbaytel WiFi;-83;123
7964;10:8c:cf:44:26:b0;LU-Guest;-78;123
7965;10:8c:cf:44:26:b4;Free Tbaytel WiFi;-78;123
7966;10:8c:cf:44:26:b3;LU-Events;-79;123
7967;80:e0:1d:ac:8b:04;Free Tbaytel WiFi;-62;123
7968;80:e0:1d:ac:8b:03;LU-Events;-29;123
7969;80:e0:1d:ac:8b:02;eduroam;-62;123
7970;80:e0:1d:ac:8b:01;LakeheadU;-61;123
7971;80:e0:1d:ac:8b:00;LU-Guest;-66;123
7972;6c:5a:b0:3d:73:bf;Quanser_UVS-5G;-75;123
7973;80:e0:1d:ac:8b:0b;Free Tbaytel WiFi;-83;123
7974;6c:5a:b0:3d:73:c0;Quanser_UVS-5G;-58;123
7975;6c:5a:b0:3d:73:c1;Quanser_UVS;-55;123
7976;80:e0:1d:ac:8b:0f;LU-Guest;-83;123
7977;d8:b1:90:e1:29:d0;LU-Guest;-82;123
7978;d8:b1:90:e1:29:d3;LU-Events;-80;123
7979;d8:b1:90:e1:29:d4;Free Tbaytel WiFi;-83;123
7980;d8:b1:90:e1:29:d1;LakeheadU;-82;123
7981;d8:b1:90:e1:29:d2;eduroam;-82;123
7982;a4:6c:2a:d3:f2:8c;LU-Events;-71;124
7983;a4:6c:2a:d3:f2:8b;Free Tbaytel WiFi;-71;124
7984;a4:6c:2a:d3:f2:8e;LakeheadU;-71;124
7985;a4:6c:2a:d3:f2:8d;eduroam;-71;124
7986;a4:6c:2a:d3:f2:8f;LU-Guest;-72;124
7987;a4:6c:2a:d3:f2:81;LakeheadU;-56;124
7988;a4:6c:2a:d3:f2:80;LU-Guest;-56;124
7989;a4:6c:2a:d3:f2:83;LU-Events;-56;124
7990;a4:6c:2a:d3:f2:82;eduroam;-59;124
7991;a4:6c:2a:d3:f2:84;Free Tbaytel WiFi;-56;124
7992;aa:53:22:40:4f:e8;NOSMConnect;-89;124
7993;9c:53:22:40:4f:e8;TBAYTech;-85;124
7994;a4:6c:2a:e0:20:03;LU-Events;-87;124
7995;00:1f:33:bd:d5:34;Lab1012;-60;124
7996;ca:5a:b0:3d:73:c3;;-55;124
7997;c0:c1:c0:8e:e8:c5;unavailable;-81;124
7998;a4:6c:2a:d4:ba:42;eduroam;-75;124
7999;a4:6c:2a:d4:ba:43;LU-Events;-76;124
8000;a4:6c:2a:d4:ba:44;Free Tbaytel WiFi;-75;124
8001;a4:6c:2a:d4:ba:40;LU-Guest;-75;124
8002;a4:6c:2a:d4:ba:41;LakeheadU;-74;124
8003;d8:b1:90:e1:12:b0;LU-Guest;-60;124
8004;d8:b1:90:e1:12:b2;eduroam;-60;124
8005;d8:b1:90:e1:12:b1;LakeheadU;-64;124
8006;d8:b1:90:e1:12:b4;Free Tbaytel WiFi;-61;124
8007;d8:b1:90:e1:12:b3;LU-Events;-60;124
8008;a4:6c:2a:d4:bb:03;LU-Events;-75;124
8009;a4:6c:2a:d4:bb:04;Free Tbaytel WiFi;-74;124
8010;a4:6c:2a:d4:bb:00;LU-Guest;-75;124
8011;a4:6c:2a:d4:bb:02;eduroam;-75;124
8012;80:e0:1d:c2:b7:f2;eduroam;-86;124
8013;d8:b1:90:e1:12:bb;Free Tbaytel WiFi;-86;124
8014;d8:b1:90:e1:12:bd;eduroam;-86;124
8015;d8:b1:90:e1:12:bc;LU-Events;-86;124
8016;d8:b1:90:e1:12:bf;LU-Guest;-86;124
8017;d8:b1:90:e1:12:be;LakeheadU;-86;124
8018;a4:6c:2a:d3:f4:df;LU-Guest;-60;124
8019;a4:6c:2a:d3:f4:dd;eduroam;-60;124
8020;a4:6c:2a:d3:f4:de;LakeheadU;-60;124
8021;a4:6c:2a:d3:f4:db;Free Tbaytel WiFi;-60;124
8022;a4:6c:2a:d3:f4:dc;LU-Events;-60;124
8023;7e:a7:b0:c5:e9:67;DIRECT-cfLexmark Cheetah M-67e9;-64;124
8024;a4:6c:2a:d3:f4:d0;LU-Guest;-47;124
8025;a4:6c:2a:d3:f4:d1;LakeheadU;-46;124
8026;a4:6c:2a:d3:f4:d4;Free Tbaytel WiFi;-45;124
8027;a4:6c:2a:d3:f4:d2;eduroam;-46;124
8028;a4:6c:2a:d3:f4:d3;LU-Events;-46;124
8029;80:e0:1d:ee:3f:00;LU-Guest;-78;124
8030;80:e0:1d:ee:3f:01;LakeheadU;-77;124
8031;80:e0:1d:ee:3f:02;eduroam;-80;124
8032;80:e0:1d:ee:3f:03;LU-Events;-77;124
8033;80:e0:1d:ee:3f:04;Free Tbaytel WiFi;-77;124
8034;80:e0:1d:e3:c9:61;LakeheadU;-81;124
8035;80:e0:1d:af:21:14;Free Tbaytel WiFi;-81;124
8036;80:e0:1d:af:21:13;LU-Events;-81;124
8037;06:31:47:b2:5e:66;EBF1E5E6;-76;124
8038;80:e0:1d:af:21:12;eduroam;-81;124
8039;80:e0:1d:af:21:11;LakeheadU;-82;124
8040;a4:6c:2a:d4:bb:0c;LU-Events;-83;124
8041;a4:6c:2a:d4:bb:0f;LU-Guest;-85;124
8042;a4:6c:2a:d4:bb:0b;Free Tbaytel WiFi;-83;124
8043;10:8c:cf:44:26:b0;LU-Guest;-78;124
8044;10:8c:cf:44:26:b4;Free Tbaytel WiFi;-78;124
8045;10:8c:cf:44:26:b3;LU-Events;-79;124
8046;80:e0:1d:ac:8b:04;Free Tbaytel WiFi;-62;124
8047;80:e0:1d:ac:8b:03;LU-Events;-29;124
8048;80:e0:1d:ac:8b:02;eduroam;-62;124
8049;80:e0:1d:ac:8b:01;LakeheadU;-61;124
8050;80:e0:1d:ac:8b:00;LU-Guest;-66;124
8051;6c:5a:b0:3d:73:bf;Quanser_UVS-5G;-75;124
8052;80:e0:1d:ac:8b:0b;Free Tbaytel WiFi;-83;124
8053;6c:5a:b0:3d:73:c0;Quanser_UVS-5G;-58;124
8054;6c:5a:b0:3d:73:c1;Quanser_UVS;-55;124
8055;80:e0:1d:ac:8b:0f;LU-Guest;-83;124
8056;d8:b1:90:e1:29:d0;LU-Guest;-82;124
8057;d8:b1:90:e1:29:d3;LU-Events;-80;124
8058;d8:b1:90:e1:29:d4;Free Tbaytel WiFi;-83;124
8059;d8:b1:90:e1:29:d1;LakeheadU;-82;124
8060;d8:b1:90:e1:29:d2;eduroam;-82;124
8061;a4:6c:2a:d3:f2:8c;LU-Events;-66;125
8062;a4:6c:2a:d3:f2:8b;Free Tbaytel WiFi;-67;125
8063;a4:6c:2a:d3:f2:8e;LakeheadU;-67;125
8064;a4:6c:2a:d3:f2:8d;eduroam;-67;125
8065;a4:6c:2a:d3:f2:8f;LU-Guest;-66;125
8066;a4:6c:2a:d3:f2:81;LakeheadU;-47;125
8067;a4:6c:2a:d3:f2:80;LU-Guest;-48;125
8068;a4:6c:2a:d3:f2:83;LU-Events;-47;125
8069;a4:6c:2a:d3:f2:82;eduroam;-48;125
8070;a4:6c:2a:d3:f2:84;Free Tbaytel WiFi;-47;125
8071;00:1f:33:bd:d5:34;Lab1012;-77;125
8072;ca:5a:b0:3d:73:c3;;-51;125
8073;c0:c1:c0:8e:e8:c5;unavailable;-69;125
8074;80:e0:1d:f6:a5:13;LU-Events;-82;125
8075;80:e0:1d:f6:a5:14;Free Tbaytel WiFi;-83;125
8076;a4:6c:2a:d4:ba:42;eduroam;-64;125
8077;a4:6c:2a:d4:ba:43;LU-Events;-65;125
8078;a4:6c:2a:d4:ba:44;Free Tbaytel WiFi;-64;125
8079;a4:6c:2a:d4:ba:40;LU-Guest;-68;125
8080;a4:6c:2a:d4:ba:41;LakeheadU;-64;125
8081;d8:b1:90:e1:12:b1;LakeheadU;-76;125
8082;d8:b1:90:e1:12:b3;LU-Events;-75;125
8083;a4:6c:2a:d4:bb:03;LU-Events;-67;125
8084;a4:6c:2a:d4:bb:04;Free Tbaytel WiFi;-66;125
8085;a4:6c:2a:d4:bb:00;LU-Guest;-67;125
8086;a4:6c:2a:d4:bb:01;LakeheadU;-67;125
8087;a4:6c:2a:d4:bb:02;eduroam;-64;125
8088;d8:b1:90:e1:12:bc;LU-Events;-88;125
8089;d8:b1:90:e1:12:be;LakeheadU;-85;125
8090;a4:6c:2a:d3:f4:df;LU-Guest;-65;125
8091;a4:6c:2a:d3:f4:dd;eduroam;-65;125
8092;a4:6c:2a:d3:f4:de;LakeheadU;-65;125
8093;a4:6c:2a:d3:f4:db;Free Tbaytel WiFi;-65;125
8094;a4:6c:2a:d3:f4:dc;LU-Events;-65;125
8095;a4:6c:2a:d3:f4:d0;LU-Guest;-52;125
8096;a4:6c:2a:d3:f4:d1;LakeheadU;-55;125
8097;a4:6c:2a:d3:f4:d4;Free Tbaytel WiFi;-52;125
8098;a4:6c:2a:d3:f4:d2;eduroam;-52;125
8099;a4:6c:2a:d3:f4:d3;LU-Events;-53;125
8100;80:e0:1d:ee:3f:00;LU-Guest;-64;125
8101;80:e0:1d:ee:3f:01;LakeheadU;-64;125
8102;80:e0:1d:ee:3f:02;eduroam;-65;125
8103;80:e0:1d:ee:3f:03;LU-Events;-64;125
8104;80:e0:1d:ee:3f:04;Free Tbaytel WiFi;-64;125
8105;80:e0:1d:e3:c9:61;LakeheadU;-75;125
8106;80:e0:1d:e3:c9:63;LU-Events;-74;125
8107;06:31:47:b2:5e:66;EBF1E5E6;-71;125
8108;a4:6c:2a:d4:ba:4f;LU-Guest;-78;125
8109;a4:6c:2a:d4:ba:4b;Free Tbaytel WiFi;-78;125
8110;a4:6c:2a:d4:ba:4c;LU-Events;-78;125
8111;a4:6c:2a:d4:ba:4d;eduroam;-79;125
8112;a4:6c:2a:d4:ba:4e;LakeheadU;-78;125
8113;a4:6c:2a:d4:bb:0c;LU-Events;-72;125
8114;a4:6c:2a:d4:bb:0d;eduroam;-73;125
8115;a4:6c:2a:d4:bb:0e;LakeheadU;-71;125
8116;a4:6c:2a:d4:bb:0f;LU-Guest;-71;125
8117;a4:6c:2a:d4:bb:0b;Free Tbaytel WiFi;-72;125
8118;80:e0:1d:ee:3f:0e;LakeheadU;-88;125
8119;80:e0:1d:ee:3f:0f;LU-Guest;-90;125
8120;80:e0:1d:ee:3f:0c;LU-Events;-89;125
8121;10:8c:cf:44:26:b2;eduroam;-74;125
8122;10:8c:cf:44:26:b1;LakeheadU;-76;125
8123;10:8c:cf:44:26:b0;LU-Guest;-75;125
8124;10:8c:cf:44:26:b4;Free Tbaytel WiFi;-75;125
8125;10:8c:cf:44:26:b3;LU-Events;-76;125
8126;10:8c:cf:44:26:bb;Free Tbaytel WiFi;-93;125
8127;d8:b1:90:e1:2d:a3;LU-Events;-86;125
8128;10:8c:cf:44:26:bf;LU-Guest;-93;125
8129;10:8c:cf:44:26:bd;eduroam;-90;125
8130;10:8c:cf:44:26:bc;LU-Events;-91;125
8131;80:e0:1d:f6:a4:d2;eduroam;-83;125
8132;80:e0:1d:f6:a4:d1;LakeheadU;-81;125
8133;80:e0:1d:f6:a4:d3;LU-Events;-82;125
8134;6c:5a:b0:3d:73:bf;Quanser_UVS-5G;-73;125
8135;80:e0:1d:ac:8b:0d;eduroam;-91;125
8136;80:e0:1d:ac:8b:0b;Free Tbaytel WiFi;-90;125
8137;6c:5a:b0:3d:73:c0;Quanser_UVS-5G;-68;125
8138;6c:5a:b0:3d:73:c1;Quanser_UVS;-52;125
8139;d8:b1:90:e1:29:d3;LU-Events;-87;125
8140;a4:6c:2a:d3:f2:83;LU-Events;-41;126
8141;a4:6c:2a:d3:f2:82;eduroam;-42;126
8142;a4:6c:2a:d3:f2:81;LakeheadU;-42;126
8143;a4:6c:2a:d3:f2:80;LU-Guest;-44;126
8144;a4:6c:2a:d3:f4:d0;LU-Guest;-56;126
8145;a4:6c:2a:d3:f4:d2;eduroam;-57;126
8146;a4:6c:2a:d3:f4:d1;LakeheadU;-57;126
8147;a4:6c:2a:d3:f4:d3;LU-Events;-57;126
8148;a4:6c:2a:d3:f2:8b;Free Tbaytel WiFi;-58;126
8149;a4:6c:2a:d3:f2:8d;eduroam;-58;126
8150;a4:6c:2a:d3:f2:8e;LakeheadU;-58;126
8151;a4:6c:2a:d3:f2:8c;LU-Events;-58;126
8152;a4:6c:2a:d3:f2:8f;LU-Guest;-59;126
8153;80:e0:1d:ee:3f:04;Free Tbaytel WiFi;-60;126
8154;80:e0:1d:ee:3f:01;LakeheadU;-60;126
8155;6c:5a:b0:3d:73:c1;Quanser_UVS;-61;126
8156;a4:6c:2a:d3:f4:d4;Free Tbaytel WiFi;-61;126
8157;80:e0:1d:ee:3f:00;LU-Guest;-61;126
8158;80:e0:1d:ee:3f:02;eduroam;-61;126
8159;80:e0:1d:ee:3f:03;LU-Events;-61;126
8160;a4:6c:2a:d4:ba:42;eduroam;-62;126
8161;a4:6c:2a:d4:ba:43;LU-Events;-62;126
8162;ca:5a:b0:3d:73:c3;;-62;126
8163;a4:6c:2a:d4:ba:40;LU-Guest;-62;126
8164;6c:5a:b0:3d:73:c0;Quanser_UVS-5G;-63;126
8165;a4:6c:2a:d4:ba:44;Free Tbaytel WiFi;-63;126
8166;c0:c1:c0:8e:e8:c5;unavailable;-64;126
8167;a4:6c:2a:d3:f4:df;LU-Guest;-65;126
8168;a4:6c:2a:d3:f4:dd;eduroam;-65;126
8169;a4:6c:2a:d3:f4:de;LakeheadU;-65;126
8170;a4:6c:2a:d3:f4:dc;LU-Events;-65;126
8171;a4:6c:2a:d4:bb:01;LakeheadU;-65;126
8172;a4:6c:2a:d3:f4:db;Free Tbaytel WiFi;-66;126
8173;a4:6c:2a:d4:ba:41;LakeheadU;-66;126
8174;a4:6c:2a:d4:bb:02;eduroam;-66;126
8175;a4:6c:2a:d4:bb:04;Free Tbaytel WiFi;-66;126
8176;a4:6c:2a:d4:bb:03;LU-Events;-66;126
8177;00:1f:33:bd:d5:34;Lab1012;-67;126
8178;a4:6c:2a:d3:f2:84;Free Tbaytel WiFi;-67;126
8179;a4:6c:2a:d4:bb:00;LU-Guest;-67;126
8180;10:8c:cf:44:26:b3;LU-Events;-70;126
8181;10:8c:cf:44:26:b4;Free Tbaytel WiFi;-70;126
8182;10:8c:cf:44:26:b0;LU-Guest;-71;126
8183;10:8c:cf:44:26:b1;LakeheadU;-72;126
8184;a4:6c:2a:d4:bb:0c;LU-Events;-73;126
8185;80:e0:1d:ac:8b:03;LU-Events;-74;126
8186;d8:b1:90:e1:12:b3;LU-Events;-75;126
8187;d8:b1:90:e1:12:b1;LakeheadU;-75;126
8188;a4:6c:2a:d4:bb:0f;LU-Guest;-75;126
8189;a4:6c:2a:d4:ba:4f;LU-Guest;-75;126
8190;a4:6c:2a:d4:ba:4b;Free Tbaytel WiFi;-75;126
8191;a4:6c:2a:d4:ba:4c;LU-Events;-75;126
8192;d8:b1:90:e1:12:b0;LU-Guest;-75;126
8193;d8:b1:90:e1:12:b4;Free Tbaytel WiFi;-75;126
8194;80:e0:1d:ac:8b:02;eduroam;-75;126
8195;a4:6c:2a:d4:bb:0b;Free Tbaytel WiFi;-76;126
8196;a4:6c:2a:d4:bb:0d;eduroam;-76;126
8197;a4:6c:2a:d4:bb:0e;LakeheadU;-76;126
8198;d8:b1:90:e1:12:b2;eduroam;-76;126
8199;7e:a7:b0:c5:e9:67;DIRECT-cfLexmark Cheetah M-67e9;-76;126
8200;6c:5a:b0:3d:73:bf;Quanser_UVS-5G;-77;126
8201;80:e0:1d:e3:c9:63;LU-Events;-77;126
8202;10:8c:cf:44:26:b2;eduroam;-77;126
8203;a4:6c:2a:d4:ba:4e;LakeheadU;-77;126
8204;a4:6c:2a:d4:ba:4d;eduroam;-77;126
8205;80:e0:1d:e3:c9:61;LakeheadU;-78;126
8206;80:e0:1d:e3:c9:60;LU-Guest;-78;126
8207;9c:53:22:40:4f:e8;TBAYTech;-79;126
8208;a6:53:22:40:4f:e8;eduroam;-79;126
8209;ae:53:22:40:4f:e8;NOSMConnect24;-79;126
8210;a2:53:22:40:4f:e8;NOSMSecure;-79;126
8211;aa:53:22:40:4f:e8;NOSMConnect;-80;126
8212;80:e0:1d:ee:3f:0c;LU-Events;-81;126
8213;80:e0:1d:ee:3f:0e;LakeheadU;-81;126
8214;80:e0:1d:ee:3f:0f;LU-Guest;-81;126
8215;80:e0:1d:e3:c9:62;eduroam;-81;126
8216;80:e0:1d:ee:3f:0d;eduroam;-81;126
8217;80:e0:1d:ee:3f:0b;Free Tbaytel WiFi;-82;126
8218;06:56:78:d0:60:49;EBF06ED2;-83;126
8219;d8:b1:90:e1:2d:a1;LakeheadU;-83;126
8220;a4:6c:2a:e0:1f:bb;Free Tbaytel WiFi;-84;126
8221;a4:6c:2a:e0:1f:bd;eduroam;-84;126
8222;a4:6c:2a:e0:1f:bc;LU-Events;-84;126
8223;a4:6c:2a:e0:1f:b3;LU-Events;-85;126
8224;a4:6c:2a:e0:1f:bf;LU-Guest;-85;126
8225;a4:6c:2a:e0:1f:be;LakeheadU;-85;126
8226;d8:b1:90:e1:2d:a3;LU-Events;-86;126
8227;a4:6c:2a:e0:1f:b1;LakeheadU;-86;126
8228;80:e0:1d:f6:a5:13;LU-Events;-87;126
8229;80:e0:1d:ac:8b:0c;LU-Events;-87;126
8230;80:e0:1d:ac:8b:0d;eduroam;-89;126
8231;80:e0:1d:ac:8b:0b;Free Tbaytel WiFi;-90;126
8232;80:e0:1d:ac:8b:0f;LU-Guest;-90;126
8233;10:8c:cf:44:26:bc;LU-Events;-91;126
8234;a4:6c:2a:d3:f2:8c;LU-Events;-61;127
8235;a4:6c:2a:d3:f2:8b;Free Tbaytel WiFi;-61;127
8236;a4:6c:2a:d3:f2:8e;LakeheadU;-61;127
8237;a4:6c:2a:d3:f2:8d;eduroam;-61;127
8238;a4:6c:2a:d3:f2:8f;LU-Guest;-61;127
8239;a4:6c:2a:d3:f2:81;LakeheadU;-43;127
8240;a4:6c:2a:d3:f2:80;LU-Guest;-44;127
8241;a4:6c:2a:d3:f2:83;LU-Events;-43;127
8242;a4:6c:2a:d3:f2:82;eduroam;-44;127
8243;a4:6c:2a:d3:f2:84;Free Tbaytel WiFi;-44;127
8244;00:1f:33:bd:d5:34;Lab1012;-74;127
8245;c0:c1:c0:8e:e8:c5;unavailable;-69;127
8246;06:56:78:d0:60:49;EBF06ED2;-86;127
8247;a4:6c:2a:d4:ba:42;eduroam;-63;127
8248;a4:6c:2a:d4:ba:43;LU-Events;-62;127
8249;a4:6c:2a:d4:ba:44;Free Tbaytel WiFi;-62;127
8250;a4:6c:2a:d4:ba:40;LU-Guest;-63;127
8251;a4:6c:2a:d4:ba:41;LakeheadU;-62;127
8252;d8:b1:90:e1:12:b2;eduroam;-86;127
8253;d8:b1:90:e1:12:b1;LakeheadU;-85;127
8254;a4:6c:2a:d4:bb:03;LU-Events;-69;127
8255;a4:6c:2a:d4:bb:04;Free Tbaytel WiFi;-68;127
8256;a4:6c:2a:d4:bb:00;LU-Guest;-68;127
8257;a4:6c:2a:d4:bb:01;LakeheadU;-69;127
8258;a4:6c:2a:d4:bb:02;eduroam;-67;127
8259;a4:6c:2a:d3:f4:df;LU-Guest;-67;127
8260;a4:6c:2a:d3:f4:dd;eduroam;-67;127
8261;a4:6c:2a:d3:f4:de;LakeheadU;-67;127
8262;a4:6c:2a:d3:f4:db;Free Tbaytel WiFi;-67;127
8263;a4:6c:2a:d3:f4:dc;LU-Events;-67;127
8264;7e:a7:b0:c5:e9:67;DIRECT-cfLexmark Cheetah M-67e9;-70;127
8265;a4:6c:2a:d3:f4:d0;LU-Guest;-60;127
8266;a4:6c:2a:d3:f4:d1;LakeheadU;-60;127
8267;a4:6c:2a:d3:f4:d4;Free Tbaytel WiFi;-60;127
8268;a4:6c:2a:d3:f4:d2;eduroam;-60;127
8269;a4:6c:2a:d3:f4:d3;LU-Events;-60;127
8270;80:e0:1d:ee:3f:00;LU-Guest;-61;127
8271;80:e0:1d:ee:3f:01;LakeheadU;-61;127
8272;80:e0:1d:ee:3f:02;eduroam;-61;127
8273;80:e0:1d:ee:3f:03;LU-Events;-61;127
8274;80:e0:1d:ee:3f:04;Free Tbaytel WiFi;-61;127
8275;80:e0:1d:e3:c9:61;LakeheadU;-79;127
8276;80:e0:1d:e3:c9:62;eduroam;-78;127
8277;80:e0:1d:e3:c9:63;LU-Events;-78;127
8278;06:31:47:b2:5e:66;EBF1E5E6;-70;127
8279;a4:6c:2a:d4:ba:4b;Free Tbaytel WiFi;-87;127
8280;a4:6c:2a:d4:ba:4c;LU-Events;-86;127
8281;a4:6c:2a:d4:ba:4d;eduroam;-87;127
8282;a4:6c:2a:d4:ba:4e;LakeheadU;-87;127
8283;a4:6c:2a:d4:bb:0c;LU-Events;-78;127
8284;a4:6c:2a:d4:bb:0d;eduroam;-79;127
8285;a4:6c:2a:d4:bb:0e;LakeheadU;-79;127
8286;a4:6c:2a:d4:bb:0f;LU-Guest;-78;127
8287;a4:6c:2a:d4:bb:0b;Free Tbaytel WiFi;-79;127
8288;80:e0:1d:ee:3f:0e;LakeheadU;-85;127
8289;80:e0:1d:ee:3f:0f;LU-Guest;-85;127
8290;80:e0:1d:ee:3f:0b;Free Tbaytel WiFi;-85;127
8291;80:e0:1d:ee:3f:0c;LU-Events;-86;127
8292;80:e0:1d:ee:3f:0d;eduroam;-85;127
8293;10:8c:cf:44:26:b2;eduroam;-79;127
8294;10:8c:cf:44:26:b1;LakeheadU;-78;127
8295;10:8c:cf:44:26:b0;LU-Guest;-78;127
8296;10:8c:cf:44:26:b4;Free Tbaytel WiFi;-79;127
8297;10:8c:cf:44:26:b3;LU-Events;-77;127
8298;d8:b1:90:e1:2d:a0;LU-Guest;-84;127
8299;d8:b1:90:e1:2d:a3;LU-Events;-83;127
8300;d8:b1:90:e1:2d:a4;Free Tbaytel WiFi;-85;127
8301;d8:b1:90:e1:2d:a2;eduroam;-85;127
8302;80:e0:1d:ac:8b:03;LU-Events;-78;127
8303;80:e0:1d:ac:8b:02;eduroam;-77;127
8304;80:e0:1d:ac:8b:01;LakeheadU;-78;127
8305;80:e0:1d:ac:8b:00;LU-Guest;-76;127
8306;80:e0:1d:f6:a4:d0;LU-Guest;-86;127
8307;80:e0:1d:f6:a4:d2;eduroam;-85;127
8308;80:e0:1d:f6:a4:d1;LakeheadU;-85;127
8309;80:e0:1d:f6:a4:d4;Free Tbaytel WiFi;-86;127
8310;80:e0:1d:f6:a4:d3;LU-Events;-85;127
8311;6c:5a:b0:3d:73:bf;Quanser_UVS-5G;-76;127
8312;80:e0:1d:ac:8b:0c;LU-Events;-89;127
8313;6c:5a:b0:3d:73:c0;Quanser_UVS-5G;-67;127
8314;6c:5a:b0:3d:73:c1;Quanser_UVS;-56;127
8315;a4:6c:2a:e0:1f:b3;LU-Events;-84;127
8316;a4:6c:2a:e0:1f:b1;LakeheadU;-83;127
8317;a4:6c:2a:e0:1f:bc;LU-Events;-90;127
8318;a4:6c:2a:e0:1f:be;LakeheadU;-91;127
8319;a4:6c:2a:e0:1f:bb;Free Tbaytel WiFi;-90;127
8320;a4:6c:2a:d3:f4:d4;Free Tbaytel WiFi;-60;128
8321;a4:6c:2a:d4:bb:0c;LU-Events;-78;128
8322;a4:6c:2a:d4:bb:0d;eduroam;-79;128
8323;a4:6c:2a:d4:bb:0e;LakeheadU;-79;128
8324;a4:6c:2a:d4:bb:0f;LU-Guest;-78;128
8325;a4:6c:2a:d4:bb:0b;Free Tbaytel WiFi;-79;128
8326;80:e0:1d:ee:3f:0f;LU-Guest;-85;128
8327;80:e0:1d:ac:8b:0c;LU-Events;-89;128
8328;a4:6c:2a:d3:f2:8c;LU-Events;-66;129
8329;a4:6c:2a:d3:f2:8b;Free Tbaytel WiFi;-66;129
8330;a4:6c:2a:d3:f2:8e;LakeheadU;-66;129
8331;a4:6c:2a:d3:f2:8d;eduroam;-66;129
8332;a4:6c:2a:d3:f2:8f;LU-Guest;-66;129
8333;a4:6c:2a:d3:f2:81;LakeheadU;-49;129
8334;a4:6c:2a:d3:f2:80;LU-Guest;-49;129
8335;a4:6c:2a:d3:f2:83;LU-Events;-49;129
8336;a4:6c:2a:d3:f2:82;eduroam;-49;129
8337;a4:6c:2a:d3:f2:84;Free Tbaytel WiFi;-49;129
8338;c0:c1:c0:8e:e8:c5;unavailable;-81;129
8339;a4:6c:2a:d4:ba:42;eduroam;-67;129
8340;a4:6c:2a:d4:ba:43;LU-Events;-66;129
8341;a4:6c:2a:d4:ba:44;Free Tbaytel WiFi;-66;129
8342;a4:6c:2a:d4:ba:40;LU-Guest;-66;129
8343;a4:6c:2a:d4:ba:41;LakeheadU;-66;129
8344;d8:b1:90:e1:12:b1;LakeheadU;-82;129
8345;d8:b1:90:e1:12:b4;Free Tbaytel WiFi;-81;129
8346;d8:b1:90:e1:12:b3;LU-Events;-82;129
8347;a4:6c:2a:d4:bb:03;LU-Events;-79;129
8348;a4:6c:2a:d4:bb:01;LakeheadU;-79;129
8349;a4:6c:2a:d4:bb:02;eduroam;-80;129
8350;a4:6c:2a:d3:f4:dd;eduroam;-67;129
8351;a4:6c:2a:d3:f4:de;LakeheadU;-67;129
8352;7e:a7:b0:c5:e9:67;DIRECT-cfLexmark Cheetah M-67e9;-85;129
8353;a4:6c:2a:d3:f4:d0;LU-Guest;-61;129
8354;a4:6c:2a:d3:f4:d1;LakeheadU;-60;129
8355;a4:6c:2a:d3:f4:d4;Free Tbaytel WiFi;-65;129
8356;a4:6c:2a:d3:f4:d2;eduroam;-60;129
8357;a4:6c:2a:d3:f4:d3;LU-Events;-60;129
8358;80:e0:1d:ee:3f:01;LakeheadU;-78;129
8359;80:e0:1d:ee:3f:02;eduroam;-76;129
8360;80:e0:1d:ee:3f:03;LU-Events;-77;129
8361;80:e0:1d:ee:3f:04;Free Tbaytel WiFi;-78;129
8362;80:e0:1d:e3:c9:60;LU-Guest;-83;129
8363;80:e0:1d:e3:c9:63;LU-Events;-81;129
8364;06:31:47:b2:5e:66;EBF1E5E6;-71;129
8365;a4:6c:2a:d4:ba:4f;LU-Guest;-92;129
8366;a4:6c:2a:d4:ba:4b;Free Tbaytel WiFi;-91;129
8367;a4:6c:2a:d4:ba:4c;LU-Events;-90;129
8368;a4:6c:2a:d4:ba:4d;eduroam;-89;129
8369;a4:6c:2a:d4:bb:0c;LU-Events;-81;129
8370;a4:6c:2a:d4:bb:0d;eduroam;-83;129
8371;a4:6c:2a:d4:bb:0e;LakeheadU;-82;129
8372;a4:6c:2a:d4:bb:0f;LU-Guest;-81;129
8373;a4:6c:2a:d4:bb:0b;Free Tbaytel WiFi;-81;129
8374;80:e0:1d:ee:3f:0f;LU-Guest;-92;129
8375;80:e0:1d:ee:3f:0b;Free Tbaytel WiFi;-91;129
8376;10:8c:cf:44:26:b2;eduroam;-72;129
8377;10:8c:cf:44:26:b1;LakeheadU;-72;129
8378;10:8c:cf:44:26:b0;LU-Guest;-73;129
8379;10:8c:cf:44:26:b4;Free Tbaytel WiFi;-72;129
8380;10:8c:cf:44:26:b3;LU-Events;-72;129
8381;d8:b1:90:e1:2d:a3;LU-Events;-87;129
8382;80:e0:1d:ac:8b:04;Free Tbaytel WiFi;-77;129
8383;80:e0:1d:ac:8b:03;LU-Events;-77;129
8384;80:e0:1d:ac:8b:02;eduroam;-77;129
8385;80:e0:1d:ac:8b:01;LakeheadU;-76;129
8386;80:e0:1d:ac:8b:00;LU-Guest;-77;129
8387;6c:5a:b0:3d:73:bf;Quanser_UVS-5G;-81;129
8388;6c:5a:b0:3d:73:c0;Quanser_UVS-5G;-66;129
8389;6c:5a:b0:3d:73:c1;Quanser_UVS;-69;129
8390;a4:6c:2a:e0:1f:b3;LU-Events;-80;129
8391;a4:6c:2a:e0:1f:b1;LakeheadU;-80;129
8392;a4:6c:2a:e0:1f:bc;LU-Events;-90;129
8393;a4:6c:2a:e0:1f:bd;eduroam;-90;129
8394;a4:6c:2a:e0:1f:be;LakeheadU;-89;129
8395;a4:6c:2a:e0:1f:bf;LU-Guest;-90;129
8396;a4:6c:2a:e0:1f:bb;Free Tbaytel WiFi;-90;129
8397;a4:6c:2a:d3:f2:8c;LU-Events;-65;130
8398;a4:6c:2a:d3:f2:8b;Free Tbaytel WiFi;-65;130
8399;a4:6c:2a:d3:f2:8e;LakeheadU;-65;130
8400;a4:6c:2a:d3:f2:8d;eduroam;-65;130
8401;a4:6c:2a:d3:f2:8f;LU-Guest;-65;130
8402;a4:6c:2a:d3:f2:81;LakeheadU;-51;130
8403;a4:6c:2a:d3:f2:80;LU-Guest;-52;130
8404;a4:6c:2a:d3:f2:83;LU-Events;-52;130
8405;a4:6c:2a:d3:f2:82;eduroam;-52;130
8406;a4:6c:2a:d3:f2:84;Free Tbaytel WiFi;-51;130
8407;9c:53:22:40:4f:e8;TBAYTech;-86;130
8408;00:1f:33:bd:d5:34;Lab1012;-71;130
8409;ca:5a:b0:3d:73:c3;;-55;130
8410;c0:c1:c0:8e:e8:c5;unavailable;-81;130
8411;c8:d7:19:24:c6:d5;LINKSYS-750;-88;130
8412;06:56:78:d0:60:49;EBF06ED2;-89;130
8413;a4:6c:2a:d4:ba:42;eduroam;-74;130
8414;a4:6c:2a:d4:ba:43;LU-Events;-74;130
8415;a4:6c:2a:d4:ba:40;LU-Guest;-70;130
8416;a4:6c:2a:d4:ba:41;LakeheadU;-75;130
8417;d8:b1:90:e1:12:b1;LakeheadU;-86;130
8418;d8:b1:90:e1:12:b4;Free Tbaytel WiFi;-85;130
8419;a4:6c:2a:d4:bb:03;LU-Events;-70;130
8420;a4:6c:2a:d4:bb:04;Free Tbaytel WiFi;-70;130
8421;a4:6c:2a:d4:bb:00;LU-Guest;-69;130
8422;a4:6c:2a:d4:bb:01;LakeheadU;-70;130
8423;a4:6c:2a:d4:bb:02;eduroam;-70;130
8424;a4:6c:2a:d3:f4:df;LU-Guest;-81;130
8425;a4:6c:2a:d3:f4:dd;eduroam;-81;130
8426;a4:6c:2a:d3:f4:de;LakeheadU;-80;130
8427;a4:6c:2a:d3:f4:db;Free Tbaytel WiFi;-81;130
8428;a4:6c:2a:d3:f4:dc;LU-Events;-81;130
8429;7e:a7:b0:c5:e9:67;DIRECT-cfLexmark Cheetah M-67e9;-77;130
8430;a4:6c:2a:d3:f4:d0;LU-Guest;-65;130
8431;a4:6c:2a:d3:f4:d1;LakeheadU;-66;130
8432;a4:6c:2a:d3:f4:d4;Free Tbaytel WiFi;-68;130
8433;a4:6c:2a:d3:f4:d2;eduroam;-67;130
8434;a4:6c:2a:d3:f4:d3;LU-Events;-66;130
8435;80:e0:1d:ee:3f:00;LU-Guest;-75;130
8436;80:e0:1d:ee:3f:01;LakeheadU;-74;130
8437;80:e0:1d:ee:3f:03;LU-Events;-76;130
8438;80:e0:1d:ee:3f:04;Free Tbaytel WiFi;-75;130
8439;80:e0:1d:e3:c9:63;LU-Events;-88;130
8440;a4:6c:2a:d4:ba:4f;LU-Guest;-93;130
8441;a4:6c:2a:d4:ba:4b;Free Tbaytel WiFi;-91;130
8442;a4:6c:2a:d4:ba:4c;LU-Events;-92;130
8443;a4:6c:2a:d4:ba:4d;eduroam;-91;130
8444;ba:5a:b0:3d:73:b1;;-78;130
8445;a4:6c:2a:d4:bb:0c;LU-Events;-75;130
8446;a4:6c:2a:d4:bb:0d;eduroam;-75;130
8447;a4:6c:2a:d4:bb:0e;LakeheadU;-75;130
8448;a4:6c:2a:d4:bb:0f;LU-Guest;-74;130
8449;a4:6c:2a:d4:bb:0b;Free Tbaytel WiFi;-75;130
8450;80:e0:1d:ee:3f:0e;LakeheadU;-93;130
8451;80:e0:1d:ee:3f:0c;LU-Events;-91;130
8452;80:e0:1d:ee:3f:0d;eduroam;-91;130
8453;10:8c:cf:44:26:b2;eduroam;-72;130
8454;10:8c:cf:44:26:b1;LakeheadU;-73;130
8455;10:8c:cf:44:26:b0;LU-Guest;-74;130
8456;10:8c:cf:44:26:b4;Free Tbaytel WiFi;-74;130
8457;10:8c:cf:44:26:b3;LU-Events;-74;130
8458;d8:b1:90:e1:2d:a0;LU-Guest;-86;130
8459;d8:b1:90:e1:2d:a3;LU-Events;-85;130
8460;d8:b1:90:e1:2d:a4;Free Tbaytel WiFi;-86;130
8461;80:e0:1d:ac:8b:03;LU-Events;-76;130
8462;80:e0:1d:ac:8b:02;eduroam;-75;130
8463;80:e0:1d:ac:8b:01;LakeheadU;-76;130
8464;80:e0:1d:ac:8b:00;LU-Guest;-76;130
8465;6c:5a:b0:3d:73:bf;Quanser_UVS-5G;-77;130
8466;ce:d7:19:24:c6:d5;LINKSYS-750-guest;-90;130
8467;6c:5a:b0:3d:73:c0;Quanser_UVS-5G;-63;130
8468;6c:5a:b0:3d:73:c1;Quanser_UVS;-56;130
8469;a4:6c:2a:e0:1f:b3;LU-Events;-82;130
8470;a4:6c:2a:e0:1f:b1;LakeheadU;-84;130
8471;a4:6c:2a:e0:1f:b2;eduroam;-82;130
8472;a4:6c:2a:e0:1f:bc;LU-Events;-89;130
8473;a4:6c:2a:e0:1f:bd;eduroam;-90;130
8474;a4:6c:2a:e0:1f:be;LakeheadU;-89;130
8475;a4:6c:2a:e0:1f:bf;LU-Guest;-89;130
8476;a4:6c:2a:e0:1f:bb;Free Tbaytel WiFi;-88;130
8477;a4:6c:2a:d3:f2:81;LakeheadU;-51;131
8478;a4:6c:2a:d3:f2:84;Free Tbaytel WiFi;-51;131
8479;a4:6c:2a:d3:f2:80;LU-Guest;-52;131
8480;a4:6c:2a:d3:f2:82;eduroam;-52;131
8481;a4:6c:2a:d3:f2:83;LU-Events;-52;131
8482;ca:5a:b0:3d:73:c3;;-55;131
8483;6c:5a:b0:3d:73:c1;Quanser_UVS;-56;131
8484;6c:5a:b0:3d:73:c0;Quanser_UVS-5G;-63;131
8485;a4:6c:2a:d3:f4:d0;LU-Guest;-65;131
8486;a4:6c:2a:d3:f2:8f;LU-Guest;-65;131
8487;a4:6c:2a:d3:f2:8b;Free Tbaytel WiFi;-65;131
8488;a4:6c:2a:d3:f2:8d;eduroam;-65;131
8489;a4:6c:2a:d3:f2:8e;LakeheadU;-65;131
8490;a4:6c:2a:d3:f2:8c;LU-Events;-65;131
8491;a4:6c:2a:d3:f4:d1;LakeheadU;-66;131
8492;a4:6c:2a:d3:f4:d3;LU-Events;-66;131
8493;a4:6c:2a:d3:f4:d2;eduroam;-67;131
8494;a4:6c:2a:d3:f4:d4;Free Tbaytel WiFi;-68;131
8495;a4:6c:2a:d4:bb:00;LU-Guest;-69;131
8496;a4:6c:2a:d4:bb:02;eduroam;-70;131
8497;a4:6c:2a:d4:bb:03;LU-Events;-70;131
8498;a4:6c:2a:d4:ba:40;LU-Guest;-70;131
8499;a4:6c:2a:d4:bb:01;LakeheadU;-70;131
8500;a4:6c:2a:d4:bb:04;Free Tbaytel WiFi;-70;131
8501;00:1f:33:bd:d5:34;Lab1012;-71;131
8502;10:8c:cf:44:26:b2;eduroam;-72;131
8503;10:8c:cf:44:26:b1;LakeheadU;-73;131
8504;a4:6c:2a:d4:ba:42;eduroam;-74;131
8505;a4:6c:2a:d4:ba:43;LU-Events;-74;131
8506;10:8c:cf:44:26:b3;LU-Events;-74;131
8507;80:e0:1d:ee:3f:01;LakeheadU;-74;131
8508;10:8c:cf:44:26:b0;LU-Guest;-74;131
8509;10:8c:cf:44:26:b4;Free Tbaytel WiFi;-74;131
8510;a4:6c:2a:d4:bb:0f;LU-Guest;-74;131
8511;a4:6c:2a:d4:ba:41;LakeheadU;-75;131
8512;a4:6c:2a:d4:bb:0c;LU-Events;-75;131
8513;80:e0:1d:ee:3f:04;Free Tbaytel WiFi;-75;131
8514;a4:6c:2a:d4:bb:0b;Free Tbaytel WiFi;-75;131
8515;a4:6c:2a:d4:bb:0d;eduroam;-75;131
8516;a4:6c:2a:d4:bb:0e;LakeheadU;-75;131
8517;80:e0:1d:ac:8b:02;eduroam;-75;131
8518;80:e0:1d:ee:3f:00;LU-Guest;-75;131
8519;80:e0:1d:ee:3f:03;LU-Events;-76;131
8520;80:e0:1d:ac:8b:03;LU-Events;-76;131
8521;80:e0:1d:ac:8b:01;LakeheadU;-76;131
8522;80:e0:1d:ac:8b:00;LU-Guest;-76;131
8523;6c:5a:b0:3d:73:bf;Quanser_UVS-5G;-77;131
8524;7e:a7:b0:c5:e9:67;DIRECT-cfLexmark Cheetah M-67e9;-77;131
8525;ba:5a:b0:3d:73:b1;;-78;131
8526;a4:6c:2a:d3:f4:de;LakeheadU;-80;131
8527;a4:6c:2a:d3:f4:dd;eduroam;-81;131
8528;c0:c1:c0:8e:e8:c5;unavailable;-81;131
8529;a4:6c:2a:d3:f4:dc;LU-Events;-81;131
8530;a4:6c:2a:d3:f4:df;LU-Guest;-81;131
8531;a4:6c:2a:d3:f4:db;Free Tbaytel WiFi;-81;131
8532;a4:6c:2a:e0:1f:b3;LU-Events;-82;131
8533;a4:6c:2a:e0:1f:b2;eduroam;-82;131
8534;a4:6c:2a:e0:1f:b1;LakeheadU;-84;131
8535;d8:b1:90:e1:2d:a3;LU-Events;-85;131
8536;d8:b1:90:e1:12:b4;Free Tbaytel WiFi;-85;131
8537;d8:b1:90:e1:12:b1;LakeheadU;-86;131
8538;d8:b1:90:e1:2d:a4;Free Tbaytel WiFi;-86;131
8539;d8:b1:90:e1:2d:a0;LU-Guest;-86;131
8540;9c:53:22:40:4f:e8;TBAYTech;-86;131
8541;80:e0:1d:e3:c9:63;LU-Events;-88;131
8542;a4:6c:2a:e0:1f:bb;Free Tbaytel WiFi;-88;131
8543;c8:d7:19:24:c6:d5;LINKSYS-750;-88;131
8544;a4:6c:2a:e0:1f:be;LakeheadU;-89;131
8545;a4:6c:2a:e0:1f:bc;LU-Events;-89;131
8546;a4:6c:2a:e0:1f:bf;LU-Guest;-89;131
8547;06:56:78:d0:60:49;EBF06ED2;-89;131
8548;a4:6c:2a:e0:1f:bd;eduroam;-90;131
8549;ce:d7:19:24:c6:d5;LINKSYS-750-guest;-90;131
8550;a4:6c:2a:d4:ba:4b;Free Tbaytel WiFi;-91;131
8551;a4:6c:2a:d4:ba:4d;eduroam;-91;131
8552;80:e0:1d:ee:3f:0d;eduroam;-91;131
8553;80:e0:1d:ee:3f:0c;LU-Events;-91;131
8554;a4:6c:2a:d4:ba:4c;LU-Events;-92;131
8555;a4:6c:2a:d4:ba:4f;LU-Guest;-93;131
8556;80:e0:1d:ee:3f:0e;LakeheadU;-93;131
8557;a4:6c:2a:d3:f2:8c;LU-Events;-81;132
8558;a4:6c:2a:d3:f2:8b;Free Tbaytel WiFi;-81;132
8559;a4:6c:2a:d3:f2:8e;LakeheadU;-81;132
8560;a4:6c:2a:d3:f2:8d;eduroam;-81;132
8561;a4:6c:2a:d3:f2:8f;LU-Guest;-81;132
8562;a4:6c:2a:d3:f2:81;LakeheadU;-56;132
8563;a4:6c:2a:d3:f2:80;LU-Guest;-56;132
8564;a4:6c:2a:d3:f2:83;LU-Events;-59;132
8565;a4:6c:2a:d3:f2:82;eduroam;-56;132
8566;a4:6c:2a:d3:f2:84;Free Tbaytel WiFi;-61;132
8567;aa:53:22:40:4f:e8;NOSMConnect;-85;132
8568;a6:53:22:40:4f:e8;eduroam;-83;132
8569;9c:53:22:40:4f:e8;TBAYTech;-83;132
8570;00:1f:33:bd:d5:34;Lab1012;-62;132
8571;c0:c1:c0:8e:e8:c5;unavailable;-59;132
8572;80:e0:1d:f6:a5:13;LU-Events;-87;132
8573;80:e0:1d:f6:a5:14;Free Tbaytel WiFi;-86;132
8574;a4:6c:2a:d4:ba:42;eduroam;-77;132
8575;a4:6c:2a:d4:ba:43;LU-Events;-80;132
8576;a4:6c:2a:d4:ba:44;Free Tbaytel WiFi;-78;132
8577;a4:6c:2a:d4:ba:40;LU-Guest;-89;132
8578;a4:6c:2a:d4:ba:41;LakeheadU;-78;132
8579;a4:6c:2a:d4:bb:03;LU-Events;-64;132
8580;a4:6c:2a:d4:bb:04;Free Tbaytel WiFi;-64;132
8581;a4:6c:2a:d4:bb:00;LU-Guest;-76;132
8582;a4:6c:2a:d4:bb:01;LakeheadU;-64;132
8583;a4:6c:2a:d4:bb:02;eduroam;-61;132
8584;a4:6c:2a:d3:f4:df;LU-Guest;-89;132
8585;a4:6c:2a:d3:f4:dd;eduroam;-87;132
8586;a4:6c:2a:d3:f4:db;Free Tbaytel WiFi;-88;132
8587;a4:6c:2a:d3:f4:dc;LU-Events;-88;132
8588;7e:a7:b0:c5:e9:67;DIRECT-cfLexmark Cheetah M-67e9;-64;132
8589;a4:6c:2a:d3:f4:d0;LU-Guest;-80;132
8590;a4:6c:2a:d3:f4:d4;Free Tbaytel WiFi;-80;132
8591;a4:6c:2a:d3:f4:d2;eduroam;-80;132
8592;80:e0:1d:ee:3f:00;LU-Guest;-75;132
8593;80:e0:1d:ee:3f:01;LakeheadU;-75;132
8594;80:e0:1d:ee:3f:02;eduroam;-77;132
8595;80:e0:1d:ee:3f:03;LU-Events;-76;132
8596;80:e0:1d:ee:3f:04;Free Tbaytel WiFi;-74;132
8597;06:31:47:b2:5e:66;EBF1E5E6;-72;132
8598;a4:6c:2a:d4:bb:0c;LU-Events;-68;132
8599;a4:6c:2a:d4:bb:0d;eduroam;-67;132
8600;a4:6c:2a:d4:bb:0e;LakeheadU;-68;132
8601;a4:6c:2a:d4:bb:0f;LU-Guest;-68;132
8602;a4:6c:2a:d4:bb:0b;Free Tbaytel WiFi;-68;132
8603;80:e0:1d:ee:3f:0b;Free Tbaytel WiFi;-90;132
8604;80:e0:1d:ee:3f:0d;eduroam;-90;132
8605;a2:53:22:40:4f:e8;NOSMSecure;-83;132
8606;10:8c:cf:44:26:b1;LakeheadU;-78;132
8607;10:8c:cf:44:26:b4;Free Tbaytel WiFi;-78;132
8608;10:8c:cf:44:26:b3;LU-Events;-77;132
8609;d8:b1:90:e1:2d:a0;LU-Guest;-82;132
8610;d8:b1:90:e1:2d:a3;LU-Events;-81;132
8611;d8:b1:90:e1:2d:a4;Free Tbaytel WiFi;-81;132
8612;d8:b1:90:e1:2d:a2;eduroam;-82;132
8613;80:e0:1d:f6:a4:d3;LU-Events;-84;132
8614;6c:5a:b0:3d:73:bf;Quanser_UVS-5G;-67;132
8615;ce:d7:19:24:c6:d5;LINKSYS-750-guest;-91;132
8616;ae:53:22:40:4f:e8;NOSMConnect24;-84;132
8617;6c:5a:b0:3d:73:c0;Quanser_UVS-5G;-56;132
8618;6c:5a:b0:3d:73:c1;Quanser_UVS;-54;132
8619;a4:6c:2a:e0:1f:b3;LU-Events;-84;132
8620;a4:6c:2a:e0:1f:b4;Free Tbaytel WiFi;-80;132
8621;a4:6c:2a:e0:1f:b0;LU-Guest;-84;132
8622;a4:6c:2a:e0:1f:b1;LakeheadU;-82;132
8623;a4:6c:2a:e0:1f:b2;eduroam;-84;132
8624;a4:6c:2a:e0:1f:bc;LU-Events;-87;132
8625;a4:6c:2a:e0:1f:bd;eduroam;-88;132
8626;a4:6c:2a:e0:1f:be;LakeheadU;-87;132
8627;a4:6c:2a:e0:1f:bf;LU-Guest;-87;132
8628;a4:6c:2a:e0:1f:bb;Free Tbaytel WiFi;-87;132
8629;a4:6c:2a:d3:f2:8c;LU-Events;-81;133
8630;a4:6c:2a:d3:f2:8b;Free Tbaytel WiFi;-81;133
8631;a4:6c:2a:d3:f2:8e;LakeheadU;-81;133
8632;a4:6c:2a:d3:f2:8d;eduroam;-81;133
8633;a4:6c:2a:d3:f2:8f;LU-Guest;-81;133
8634;a4:6c:2a:d3:f2:81;LakeheadU;-56;133
8635;a4:6c:2a:d3:f2:80;LU-Guest;-56;133
8636;a4:6c:2a:d3:f2:83;LU-Events;-59;133
8637;a4:6c:2a:d3:f2:82;eduroam;-56;133
8638;a4:6c:2a:d3:f2:84;Free Tbaytel WiFi;-61;133
8639;aa:53:22:40:4f:e8;NOSMConnect;-85;133
8640;a6:53:22:40:4f:e8;eduroam;-83;133
8641;9c:53:22:40:4f:e8;TBAYTech;-83;133
8642;00:1f:33:bd:d5:34;Lab1012;-62;133
8643;c0:c1:c0:8e:e8:c5;unavailable;-59;133
8644;80:e0:1d:f6:a5:13;LU-Events;-87;133
8645;80:e0:1d:f6:a5:14;Free Tbaytel WiFi;-86;133
8646;a4:6c:2a:d4:ba:42;eduroam;-77;133
8647;a4:6c:2a:d4:ba:43;LU-Events;-80;133
8648;a4:6c:2a:d4:ba:44;Free Tbaytel WiFi;-78;133
8649;a4:6c:2a:d4:ba:40;LU-Guest;-89;133
8650;a4:6c:2a:d4:ba:41;LakeheadU;-78;133
8651;a4:6c:2a:d4:bb:03;LU-Events;-64;133
8652;a4:6c:2a:d4:bb:04;Free Tbaytel WiFi;-64;133
8653;a4:6c:2a:d4:bb:00;LU-Guest;-76;133
8654;a4:6c:2a:d4:bb:01;LakeheadU;-64;133
8655;a4:6c:2a:d4:bb:02;eduroam;-61;133
8656;a4:6c:2a:d3:f4:df;LU-Guest;-89;133
8657;a4:6c:2a:d3:f4:db;Free Tbaytel WiFi;-88;133
8658;a4:6c:2a:d3:f4:dc;LU-Events;-88;133
8659;7e:a7:b0:c5:e9:67;DIRECT-cfLexmark Cheetah M-67e9;-64;133
8660;a4:6c:2a:d3:f4:d0;LU-Guest;-80;133
8661;a4:6c:2a:d3:f4:d4;Free Tbaytel WiFi;-80;133
8662;a4:6c:2a:d3:f4:d2;eduroam;-80;133
8663;80:e0:1d:ee:3f:00;LU-Guest;-75;133
8664;80:e0:1d:ee:3f:01;LakeheadU;-75;133
8665;80:e0:1d:ee:3f:02;eduroam;-77;133
8666;80:e0:1d:ee:3f:03;LU-Events;-76;133
8667;80:e0:1d:ee:3f:04;Free Tbaytel WiFi;-74;133
8668;06:31:47:b2:5e:66;EBF1E5E6;-72;133
8669;a4:6c:2a:d4:bb:0c;LU-Events;-68;133
8670;a4:6c:2a:d4:bb:0d;eduroam;-67;133
8671;a4:6c:2a:d4:bb:0e;LakeheadU;-68;133
8672;a4:6c:2a:d4:bb:0f;LU-Guest;-68;133
8673;a4:6c:2a:d4:bb:0b;Free Tbaytel WiFi;-68;133
8674;a2:53:22:40:4f:e8;NOSMSecure;-83;133
8675;10:8c:cf:44:26:b1;LakeheadU;-78;133
8676;10:8c:cf:44:26:b4;Free Tbaytel WiFi;-78;133
8677;10:8c:cf:44:26:b3;LU-Events;-77;133
8678;d8:b1:90:e1:2d:a0;LU-Guest;-82;133
8679;d8:b1:90:e1:2d:a3;LU-Events;-81;133
8680;d8:b1:90:e1:2d:a4;Free Tbaytel WiFi;-81;133
8681;d8:b1:90:e1:2d:a2;eduroam;-82;133
8682;80:e0:1d:f6:a4:d3;LU-Events;-84;133
8683;6c:5a:b0:3d:73:bf;Quanser_UVS-5G;-67;133
8684;ce:d7:19:24:c6:d5;LINKSYS-750-guest;-91;133
8685;ae:53:22:40:4f:e8;NOSMConnect24;-84;133
8686;6c:5a:b0:3d:73:c0;Quanser_UVS-5G;-56;133
8687;6c:5a:b0:3d:73:c1;Quanser_UVS;-54;133
8688;a4:6c:2a:e0:1f:b3;LU-Events;-84;133
8689;a4:6c:2a:e0:1f:b0;LU-Guest;-84;133
8690;a4:6c:2a:e0:1f:b1;LakeheadU;-82;133
8691;a4:6c:2a:e0:1f:b2;eduroam;-84;133
8692;a4:6c:2a:e0:1f:bc;LU-Events;-87;133
8693;a4:6c:2a:e0:1f:be;LakeheadU;-87;133
8694;a4:6c:2a:e0:1f:bf;LU-Guest;-87;133
8695;a4:6c:2a:e0:1f:bb;Free Tbaytel WiFi;-87;133
8696;a4:6c:2a:d3:f2:8c;LU-Events;-86;134
8697;a4:6c:2a:d3:f2:8b;Free Tbaytel WiFi;-85;134
8698;a4:6c:2a:d3:f2:8e;LakeheadU;-86;134
8699;a4:6c:2a:d3:f2:8d;eduroam;-86;134
8700;a4:6c:2a:d3:f2:8f;LU-Guest;-85;134
8701;a4:6c:2a:d3:f2:81;LakeheadU;-67;134
8702;a4:6c:2a:d3:f2:80;LU-Guest;-68;134
8703;a4:6c:2a:d3:f2:83;LU-Events;-67;134
8704;a4:6c:2a:d3:f2:82;eduroam;-67;134
8705;a4:6c:2a:d3:f2:84;Free Tbaytel WiFi;-67;134
8706;a4:6c:2a:e0:20:00;LU-Guest;-88;134
8707;00:1f:33:bd:d5:34;Lab1012;-65;134
8708;ca:5a:b0:3d:73:c3;;-53;134
8709;c0:c1:c0:8e:e8:c5;unavailable;-63;134
8710;c8:d7:19:24:c6:d5;LINKSYS-750;-83;134
8711;80:e0:1d:f6:a5:14;Free Tbaytel WiFi;-80;134
8712;a4:6c:2a:d4:ba:44;Free Tbaytel WiFi;-82;134
8713;a4:6c:2a:d4:ba:40;LU-Guest;-81;134
8714;a4:6c:2a:d4:bb:03;LU-Events;-64;134
8715;a4:6c:2a:d4:bb:04;Free Tbaytel WiFi;-64;134
8716;a4:6c:2a:d4:bb:00;LU-Guest;-62;134
8717;a4:6c:2a:d4:bb:01;LakeheadU;-64;134
8718;a4:6c:2a:d4:bb:02;eduroam;-67;134
8719;a4:6c:2a:d3:f4:df;LU-Guest;-92;134
8720;a4:6c:2a:d3:f4:dd;eduroam;-91;134
8721;a4:6c:2a:d3:f4:db;Free Tbaytel WiFi;-91;134
8722;a4:6c:2a:d3:f4:dc;LU-Events;-92;134
8723;7e:a7:b0:c5:e9:67;DIRECT-cfLexmark Cheetah M-67e9;-72;134
8724;a4:6c:2a:d3:f4:d0;LU-Guest;-81;134
8725;a4:6c:2a:d3:f4:d1;LakeheadU;-84;134
8726;a4:6c:2a:d3:f4:d4;Free Tbaytel WiFi;-82;134
8727;a4:6c:2a:d3:f4:d2;eduroam;-81;134
8728;a4:6c:2a:d3:f4:d3;LU-Events;-84;134
8729;80:e0:1d:ee:3f:00;LU-Guest;-78;134
8730;80:e0:1d:ee:3f:01;LakeheadU;-78;134
8731;80:e0:1d:ee:3f:02;eduroam;-78;134
8732;80:e0:1d:ee:3f:03;LU-Events;-78;134
8733;80:e0:1d:ee:3f:04;Free Tbaytel WiFi;-78;134
8734;06:31:47:b2:5e:66;EBF1E5E6;-81;134
8735;a4:6c:2a:d4:bb:0c;LU-Events;-64;134
8736;a4:6c:2a:d4:bb:0d;eduroam;-64;134
8737;a4:6c:2a:d4:bb:0e;LakeheadU;-64;134
8738;a4:6c:2a:d4:bb:0f;LU-Guest;-64;134
8739;a4:6c:2a:d4:bb:0b;Free Tbaytel WiFi;-64;134
8740;10:8c:cf:44:26:b0;LU-Guest;-77;134
8741;10:8c:cf:44:26:b4;Free Tbaytel WiFi;-77;134
8742;10:8c:cf:44:26:b3;LU-Events;-79;134
8743;d8:b1:90:e1:2d:a0;LU-Guest;-85;134
8744;d8:b1:90:e1:2d:a3;LU-Events;-87;134
8745;d8:b1:90:e1:2d:a1;LakeheadU;-86;134
8746;d8:b1:90:e1:2d:a2;eduroam;-89;134
8747;80:e0:1d:f6:a4:d0;LU-Guest;-83;134
8748;80:e0:1d:f6:a4:d2;eduroam;-85;134
8749;80:e0:1d:f6:a4:d1;LakeheadU;-83;134
8750;80:e0:1d:f6:a4:d3;LU-Events;-84;134
8751;6c:5a:b0:3d:73:bf;Quanser_UVS-5G;-69;134
8752;80:e0:1d:f8:49:43;LU-Events;-87;134
8753;ce:d7:19:24:c6:d5;LINKSYS-750-guest;-81;134
8754;6c:5a:b0:3d:73:c0;Quanser_UVS-5G;-58;134
8755;6c:5a:b0:3d:73:c1;Quanser_UVS;-56;134
8756;a4:6c:2a:e0:1f:b3;LU-Events;-78;134
8757;a4:6c:2a:e0:1f:b4;Free Tbaytel WiFi;-78;134
8758;a4:6c:2a:e0:1f:b1;LakeheadU;-78;134
8759;a4:6c:2a:e0:1f:bc;LU-Events;-84;134
8760;a4:6c:2a:e0:1f:bd;eduroam;-83;134
8761;a4:6c:2a:e0:1f:be;LakeheadU;-84;134
8762;a4:6c:2a:e0:1f:bf;LU-Guest;-84;134
8763;a4:6c:2a:e0:1f:bb;Free Tbaytel WiFi;-84;134
8764;a4:6c:2a:d3:f2:8c;LU-Events;-86;135
8765;a4:6c:2a:d3:f2:8b;Free Tbaytel WiFi;-85;135
8766;a4:6c:2a:d3:f2:8e;LakeheadU;-86;135
8767;a4:6c:2a:d3:f2:8d;eduroam;-86;135
8768;a4:6c:2a:d3:f2:8f;LU-Guest;-85;135
8769;a4:6c:2a:d3:f2:81;LakeheadU;-67;135
8770;a4:6c:2a:d3:f2:80;LU-Guest;-68;135
8771;a4:6c:2a:d3:f2:83;LU-Events;-67;135
8772;a4:6c:2a:d3:f2:82;eduroam;-67;135
8773;a4:6c:2a:d3:f2:84;Free Tbaytel WiFi;-67;135
8774;a4:6c:2a:e0:20:00;LU-Guest;-88;135
8775;00:1f:33:bd:d5:34;Lab1012;-65;135
8776;ca:5a:b0:3d:73:c3;;-53;135
8777;c0:c1:c0:8e:e8:c5;unavailable;-63;135
8778;c8:d7:19:24:c6:d5;LINKSYS-750;-83;135
8779;80:e0:1d:f6:a5:14;Free Tbaytel WiFi;-80;135
8780;a4:6c:2a:d4:ba:44;Free Tbaytel WiFi;-82;135
8781;a4:6c:2a:d4:ba:40;LU-Guest;-81;135
8782;a4:6c:2a:d4:bb:03;LU-Events;-64;135
8783;a4:6c:2a:d4:bb:04;Free Tbaytel WiFi;-64;135
8784;a4:6c:2a:d4:bb:00;LU-Guest;-62;135
8785;a4:6c:2a:d4:bb:01;LakeheadU;-64;135
8786;a4:6c:2a:d4:bb:02;eduroam;-67;135
8787;a4:6c:2a:d3:f4:df;LU-Guest;-92;135
8788;a4:6c:2a:d3:f4:dd;eduroam;-91;135
8789;a4:6c:2a:d3:f4:db;Free Tbaytel WiFi;-91;135
8790;a4:6c:2a:d3:f4:dc;LU-Events;-92;135
8791;7e:a7:b0:c5:e9:67;DIRECT-cfLexmark Cheetah M-67e9;-72;135
8792;a4:6c:2a:d3:f4:d0;LU-Guest;-81;135
8793;a4:6c:2a:d3:f4:d1;LakeheadU;-84;135
8794;a4:6c:2a:d3:f4:d4;Free Tbaytel WiFi;-82;135
8795;a4:6c:2a:d3:f4:d2;eduroam;-81;135
8796;a4:6c:2a:d3:f4:d3;LU-Events;-84;135
8797;80:e0:1d:ee:3f:00;LU-Guest;-78;135
8798;80:e0:1d:ee:3f:01;LakeheadU;-78;135
8799;80:e0:1d:ee:3f:02;eduroam;-78;135
8800;80:e0:1d:ee:3f:03;LU-Events;-78;135
8801;80:e0:1d:ee:3f:04;Free Tbaytel WiFi;-78;135
8802;06:31:47:b2:5e:66;EBF1E5E6;-81;135
8803;a4:6c:2a:d4:bb:0c;LU-Events;-64;135
8804;a4:6c:2a:d4:bb:0d;eduroam;-64;135
8805;a4:6c:2a:d4:bb:0e;LakeheadU;-64;135
8806;a4:6c:2a:d4:bb:0f;LU-Guest;-64;135
8807;a4:6c:2a:d4:bb:0b;Free Tbaytel WiFi;-64;135
8808;10:8c:cf:44:26:b0;LU-Guest;-77;135
8809;10:8c:cf:44:26:b4;Free Tbaytel WiFi;-77;135
8810;10:8c:cf:44:26:b3;LU-Events;-79;135
8811;d8:b1:90:e1:2d:a0;LU-Guest;-85;135
8812;d8:b1:90:e1:2d:a3;LU-Events;-87;135
8813;d8:b1:90:e1:2d:a1;LakeheadU;-86;135
8814;d8:b1:90:e1:2d:a2;eduroam;-89;135
8815;80:e0:1d:f6:a4:d0;LU-Guest;-83;135
8816;80:e0:1d:f6:a4:d2;eduroam;-85;135
8817;80:e0:1d:f6:a4:d1;LakeheadU;-83;135
8818;80:e0:1d:f6:a4:d3;LU-Events;-84;135
8819;6c:5a:b0:3d:73:bf;Quanser_UVS-5G;-69;135
8820;80:e0:1d:f8:49:43;LU-Events;-87;135
8821;ce:d7:19:24:c6:d5;LINKSYS-750-guest;-81;135
8822;6c:5a:b0:3d:73:c0;Quanser_UVS-5G;-58;135
8823;6c:5a:b0:3d:73:c1;Quanser_UVS;-56;135
8824;a4:6c:2a:e0:1f:b3;LU-Events;-78;135
8825;a4:6c:2a:e0:1f:b4;Free Tbaytel WiFi;-78;135
8826;a4:6c:2a:e0:1f:b1;LakeheadU;-78;135
8827;a4:6c:2a:e0:1f:bc;LU-Events;-84;135
8828;a4:6c:2a:e0:1f:bd;eduroam;-83;135
8829;a4:6c:2a:e0:1f:be;LakeheadU;-84;135
8830;a4:6c:2a:e0:1f:bf;LU-Guest;-84;135
8831;a4:6c:2a:e0:1f:bb;Free Tbaytel WiFi;-84;135
8832;a4:6c:2a:d3:f2:8c;LU-Events;-86;136
8833;a4:6c:2a:d3:f2:8b;Free Tbaytel WiFi;-86;136
8834;a4:6c:2a:d3:f2:8e;LakeheadU;-84;136
8835;a4:6c:2a:d3:f2:8d;eduroam;-86;136
8836;a4:6c:2a:d3:f2:8f;LU-Guest;-86;136
8837;a4:6c:2a:d3:f2:81;LakeheadU;-68;136
8838;a4:6c:2a:d3:f2:80;LU-Guest;-68;136
8839;a4:6c:2a:d3:f2:83;LU-Events;-68;136
8840;a4:6c:2a:d3:f2:82;eduroam;-67;136
8841;a4:6c:2a:d3:f2:84;Free Tbaytel WiFi;-67;136
8842;80:e0:1d:e6:7a:63;LU-Events;-86;136
8843;00:1f:33:bd:d5:34;Lab1012;-67;136
8844;c0:c1:c0:8e:e8:c5;unavailable;-67;136
8845;80:e0:1d:f6:a5:11;LakeheadU;-79;136
8846;80:e0:1d:f6:a5:12;eduroam;-78;136
8847;80:e0:1d:f6:a5:10;LU-Guest;-79;136
8848;80:e0:1d:f6:a5:13;LU-Events;-79;136
8849;80:e0:1d:f6:a5:14;Free Tbaytel WiFi;-81;136
8850;06:56:78:d0:60:49;EBF06ED2;-81;136
8851;a4:6c:2a:d4:ba:42;eduroam;-82;136
8852;a4:6c:2a:d4:ba:43;LU-Events;-79;136
8853;a4:6c:2a:d4:bb:03;LU-Events;-55;136
8854;a4:6c:2a:d4:bb:04;Free Tbaytel WiFi;-59;136
8855;a4:6c:2a:d4:bb:00;LU-Guest;-58;136
8856;a4:6c:2a:d4:bb:01;LakeheadU;-56;136
8857;a4:6c:2a:d4:bb:02;eduroam;-55;136
8858;7e:a7:b0:c5:e9:67;DIRECT-cfLexmark Cheetah M-67e9;-69;136
8859;a4:6c:2a:d3:f4:d3;LU-Events;-83;136
8860;80:e0:1d:ee:3f:00;LU-Guest;-80;136
8861;80:e0:1d:ee:3f:02;eduroam;-80;136
8862;80:e0:1d:ee:3f:04;Free Tbaytel WiFi;-80;136
8863;06:31:47:b2:5e:66;EBF1E5E6;-69;136
8864;ba:5a:b0:3d:73:b1;;-77;136
8865;a4:6c:2a:d4:bb:0c;LU-Events;-65;136
8866;a4:6c:2a:d4:bb:0d;eduroam;-65;136
8867;a4:6c:2a:d4:bb:0e;LakeheadU;-65;136
8868;a4:6c:2a:d4:bb:0f;LU-Guest;-65;136
8869;a4:6c:2a:d4:bb:0b;Free Tbaytel WiFi;-65;136
8870;10:8c:cf:44:26:b2;eduroam;-84;136
8871;10:8c:cf:44:26:b0;LU-Guest;-81;136
8872;10:8c:cf:44:26:b4;Free Tbaytel WiFi;-82;136
8873;10:8c:cf:44:26:b3;LU-Events;-82;136
8874;d8:b1:90:e1:2d:a0;LU-Guest;-75;136
8875;d8:b1:90:e1:2d:a3;LU-Events;-76;136
8876;d8:b1:90:e1:2d:a4;Free Tbaytel WiFi;-76;136
8877;d8:b1:90:e1:2d:a1;LakeheadU;-76;136
8878;d8:b1:90:e1:2d:a2;eduroam;-76;136
8879;80:e0:1d:f6:a4:d1;LakeheadU;-83;136
8880;6c:5a:b0:3d:73:bf;Quanser_UVS-5G;-76;136
8881;80:e0:1d:f8:49:44;Free Tbaytel WiFi;-87;136
8882;6c:5a:b0:3d:73:c0;Quanser_UVS-5G;-60;136
8883;a4:6c:2a:e0:1f:b3;LU-Events;-80;136
8884;a4:6c:2a:e0:1f:b4;Free Tbaytel WiFi;-80;136
8885;a4:6c:2a:e0:1f:b0;LU-Guest;-79;136
8886;a4:6c:2a:e0:1f:b1;LakeheadU;-80;136
8887;a4:6c:2a:e0:1f:b2;eduroam;-79;136
8888;a4:6c:2a:e0:1f:bc;LU-Events;-85;136
8889;a4:6c:2a:e0:1f:bd;eduroam;-85;136
8890;a4:6c:2a:e0:1f:be;LakeheadU;-85;136
8891;a4:6c:2a:e0:1f:bf;LU-Guest;-84;136
8892;a4:6c:2a:e0:1f:bb;Free Tbaytel WiFi;-84;136
8893;a4:6c:2a:d3:f2:8c;LU-Events;-86;137
8894;a4:6c:2a:d3:f2:8b;Free Tbaytel WiFi;-86;137
8895;a4:6c:2a:d3:f2:8e;LakeheadU;-84;137
8896;a4:6c:2a:d3:f2:8d;eduroam;-86;137
8897;a4:6c:2a:d3:f2:8f;LU-Guest;-86;137
8898;a4:6c:2a:d3:f2:81;LakeheadU;-68;137
8899;a4:6c:2a:d3:f2:80;LU-Guest;-68;137
8900;a4:6c:2a:d3:f2:83;LU-Events;-68;137
8901;a4:6c:2a:d3:f2:82;eduroam;-67;137
8902;a4:6c:2a:d3:f2:84;Free Tbaytel WiFi;-67;137
8903;80:e0:1d:e6:7a:63;LU-Events;-86;137
8904;00:1f:33:bd:d5:34;Lab1012;-67;137
8905;c0:c1:c0:8e:e8:c5;unavailable;-67;137
8906;80:e0:1d:f6:a5:11;LakeheadU;-79;137
8907;80:e0:1d:f6:a5:12;eduroam;-78;137
8908;80:e0:1d:f6:a5:10;LU-Guest;-79;137
8909;80:e0:1d:f6:a5:13;LU-Events;-79;137
8910;80:e0:1d:f6:a5:14;Free Tbaytel WiFi;-81;137
8911;06:56:78:d0:60:49;EBF06ED2;-81;137
8912;a4:6c:2a:d4:ba:42;eduroam;-82;137
8913;a4:6c:2a:d4:ba:43;LU-Events;-79;137
8914;a4:6c:2a:d4:bb:03;LU-Events;-55;137
8915;a4:6c:2a:d4:bb:04;Free Tbaytel WiFi;-59;137
8916;a4:6c:2a:d4:bb:00;LU-Guest;-58;137
8917;a4:6c:2a:d4:bb:01;LakeheadU;-56;137
8918;a4:6c:2a:d4:bb:02;eduroam;-55;137
8919;7e:a7:b0:c5:e9:67;DIRECT-cfLexmark Cheetah M-67e9;-69;137
8920;a4:6c:2a:d3:f4:d3;LU-Events;-83;137
8921;80:e0:1d:ee:3f:00;LU-Guest;-80;137
8922;80:e0:1d:ee:3f:02;eduroam;-80;137
8923;80:e0:1d:ee:3f:04;Free Tbaytel WiFi;-80;137
8924;06:31:47:b2:5e:66;EBF1E5E6;-69;137
8925;ba:5a:b0:3d:73:b1;;-77;137
8926;a4:6c:2a:d4:bb:0c;LU-Events;-65;137
8927;a4:6c:2a:d4:bb:0d;eduroam;-65;137
8928;a4:6c:2a:d4:bb:0e;LakeheadU;-65;137
8929;a4:6c:2a:d4:bb:0f;LU-Guest;-65;137
8930;a4:6c:2a:d4:bb:0b;Free Tbaytel WiFi;-65;137
8931;10:8c:cf:44:26:b2;eduroam;-84;137
8932;10:8c:cf:44:26:b0;LU-Guest;-81;137
8933;10:8c:cf:44:26:b4;Free Tbaytel WiFi;-82;137
8934;10:8c:cf:44:26:b3;LU-Events;-82;137
8935;d8:b1:90:e1:2d:a0;LU-Guest;-75;137
8936;d8:b1:90:e1:2d:a3;LU-Events;-76;137
8937;d8:b1:90:e1:2d:a4;Free Tbaytel WiFi;-76;137
8938;d8:b1:90:e1:2d:a1;LakeheadU;-76;137
8939;d8:b1:90:e1:2d:a2;eduroam;-76;137
8940;80:e0:1d:f6:a4:d1;LakeheadU;-83;137
8941;6c:5a:b0:3d:73:bf;Quanser_UVS-5G;-76;137
8942;80:e0:1d:f8:49:44;Free Tbaytel WiFi;-87;137
8943;6c:5a:b0:3d:73:c0;Quanser_UVS-5G;-60;137
8944;a4:6c:2a:e0:1f:b3;LU-Events;-80;137
8945;a4:6c:2a:e0:1f:b4;Free Tbaytel WiFi;-80;137
8946;a4:6c:2a:e0:1f:b0;LU-Guest;-79;137
8947;a4:6c:2a:e0:1f:b1;LakeheadU;-80;137
8948;a4:6c:2a:e0:1f:b2;eduroam;-79;137
8949;a4:6c:2a:e0:1f:bc;LU-Events;-85;137
8950;a4:6c:2a:e0:1f:bd;eduroam;-85;137
8951;a4:6c:2a:e0:1f:be;LakeheadU;-85;137
8952;a4:6c:2a:e0:1f:bf;LU-Guest;-84;137
8953;a4:6c:2a:e0:1f:bb;Free Tbaytel WiFi;-84;137
8954;a4:6c:2a:d3:f2:8c;LU-Events;-86;138
8955;a4:6c:2a:d3:f2:8b;Free Tbaytel WiFi;-86;138
8956;a4:6c:2a:d3:f2:8e;LakeheadU;-84;138
8957;a4:6c:2a:d3:f2:8d;eduroam;-86;138
8958;a4:6c:2a:d3:f2:8f;LU-Guest;-86;138
8959;a4:6c:2a:d3:f2:81;LakeheadU;-68;138
8960;a4:6c:2a:d3:f2:80;LU-Guest;-68;138
8961;a4:6c:2a:d3:f2:83;LU-Events;-68;138
8962;a4:6c:2a:d3:f2:82;eduroam;-67;138
8963;a4:6c:2a:d3:f2:84;Free Tbaytel WiFi;-67;138
8964;80:e0:1d:e6:7a:63;LU-Events;-86;138
8965;00:1f:33:bd:d5:34;Lab1012;-67;138
8966;c0:c1:c0:8e:e8:c5;unavailable;-67;138
8967;80:e0:1d:f6:a5:11;LakeheadU;-79;138
8968;80:e0:1d:f6:a5:12;eduroam;-78;138
8969;80:e0:1d:f6:a5:10;LU-Guest;-79;138
8970;80:e0:1d:f6:a5:13;LU-Events;-79;138
8971;80:e0:1d:f6:a5:14;Free Tbaytel WiFi;-81;138
8972;06:56:78:d0:60:49;EBF06ED2;-81;138
8973;a4:6c:2a:d4:ba:42;eduroam;-82;138
8974;a4:6c:2a:d4:ba:43;LU-Events;-79;138
8975;a4:6c:2a:d4:bb:03;LU-Events;-55;138
8976;a4:6c:2a:d4:bb:04;Free Tbaytel WiFi;-59;138
8977;a4:6c:2a:d4:bb:00;LU-Guest;-58;138
8978;a4:6c:2a:d4:bb:01;LakeheadU;-56;138
8979;a4:6c:2a:d4:bb:02;eduroam;-55;138
8980;7e:a7:b0:c5:e9:67;DIRECT-cfLexmark Cheetah M-67e9;-69;138
8981;a4:6c:2a:d3:f4:d3;LU-Events;-83;138
8982;80:e0:1d:ee:3f:00;LU-Guest;-80;138
8983;80:e0:1d:ee:3f:02;eduroam;-80;138
8984;80:e0:1d:ee:3f:04;Free Tbaytel WiFi;-80;138
8985;06:31:47:b2:5e:66;EBF1E5E6;-69;138
8986;ba:5a:b0:3d:73:b1;;-77;138
8987;a4:6c:2a:d4:bb:0c;LU-Events;-65;138
8988;a4:6c:2a:d4:bb:0d;eduroam;-65;138
8989;a4:6c:2a:d4:bb:0e;LakeheadU;-65;138
8990;a4:6c:2a:d4:bb:0f;LU-Guest;-65;138
8991;a4:6c:2a:d4:bb:0b;Free Tbaytel WiFi;-65;138
8992;10:8c:cf:44:26:b2;eduroam;-84;138
8993;10:8c:cf:44:26:b0;LU-Guest;-81;138
8994;10:8c:cf:44:26:b4;Free Tbaytel WiFi;-82;138
8995;10:8c:cf:44:26:b3;LU-Events;-82;138
8996;d8:b1:90:e1:2d:a0;LU-Guest;-75;138
8997;d8:b1:90:e1:2d:a3;LU-Events;-76;138
8998;d8:b1:90:e1:2d:a4;Free Tbaytel WiFi;-76;138
8999;d8:b1:90:e1:2d:a1;LakeheadU;-76;138
9000;d8:b1:90:e1:2d:a2;eduroam;-76;138
9001;80:e0:1d:f6:a4:d1;LakeheadU;-83;138
9002;6c:5a:b0:3d:73:bf;Quanser_UVS-5G;-76;138
9003;80:e0:1d:f8:49:44;Free Tbaytel WiFi;-87;138
9004;6c:5a:b0:3d:73:c0;Quanser_UVS-5G;-60;138
9005;a4:6c:2a:e0:1f:b3;LU-Events;-80;138
9006;a4:6c:2a:e0:1f:b4;Free Tbaytel WiFi;-80;138
9007;a4:6c:2a:e0:1f:b0;LU-Guest;-79;138
9008;a4:6c:2a:e0:1f:b1;LakeheadU;-80;138
9009;a4:6c:2a:e0:1f:b2;eduroam;-79;138
9010;a4:6c:2a:e0:1f:bc;LU-Events;-85;138
9011;a4:6c:2a:e0:1f:bd;eduroam;-85;138
9012;a4:6c:2a:e0:1f:be;LakeheadU;-85;138
9013;a4:6c:2a:e0:1f:bf;LU-Guest;-84;138
9014;a4:6c:2a:e0:1f:bb;Free Tbaytel WiFi;-84;138
9015;a4:6c:2a:d3:f2:8c;LU-Events;-83;139
9016;a4:6c:2a:d3:f2:81;LakeheadU;-70;139
9017;a4:6c:2a:d3:f2:80;LU-Guest;-70;139
9018;a4:6c:2a:d3:f2:83;LU-Events;-70;139
9019;a4:6c:2a:d3:f2:82;eduroam;-69;139
9020;a4:6c:2a:d3:f2:84;Free Tbaytel WiFi;-74;139
9021;80:e0:1d:e6:7a:62;eduroam;-79;139
9022;80:e0:1d:e6:7a:61;LakeheadU;-78;139
9023;80:e0:1d:e6:7a:63;LU-Events;-79;139
9024;a4:6c:2a:e0:20:00;LU-Guest;-88;139
9025;a4:6c:2a:e0:20:03;LU-Events;-88;139
9026;e8:de:27:f8:06:78;TP-LINK_F80678_Xiaoping;-92;139
9027;c0:c1:c0:8e:e8:c5;unavailable;-60;139
9028;a4:6c:2a:e0:20:0e;LakeheadU;-92;139
9029;c8:d7:19:24:c6:d5;LINKSYS-750;-72;139
9030;80:e0:1d:f6:a5:11;LakeheadU;-76;139
9031;80:e0:1d:f6:a5:12;eduroam;-76;139
9032;80:e0:1d:f6:a5:10;LU-Guest;-76;139
9033;80:e0:1d:f6:a5:13;LU-Events;-76;139
9034;80:e0:1d:f6:a5:14;Free Tbaytel WiFi;-77;139
9035;06:56:78:d0:60:49;EBF06ED2;-83;139
9036;a4:6c:2a:d4:bb:03;LU-Events;-61;139
9037;a4:6c:2a:d4:bb:04;Free Tbaytel WiFi;-61;139
9038;a4:6c:2a:d4:bb:00;LU-Guest;-61;139
9039;a4:6c:2a:d4:bb:01;LakeheadU;-61;139
9040;a4:6c:2a:d4:bb:02;eduroam;-62;139
9041;a4:6c:2a:d3:f4:d0;LU-Guest;-83;139
9042;a4:6c:2a:d3:f4:d1;LakeheadU;-82;139
9043;a4:6c:2a:d3:f4:d4;Free Tbaytel WiFi;-84;139
9044;a4:6c:2a:d3:f4:d2;eduroam;-84;139
9045;a4:6c:2a:d3:f4:d3;LU-Events;-84;139
9046;06:31:47:b2:5e:66;EBF1E5E6;-63;139
9047;ba:5a:b0:3d:73:b1;;-81;139
9048;a4:6c:2a:d4:bb:0c;LU-Events;-73;139
9049;a4:6c:2a:d4:bb:0d;eduroam;-74;139
9050;a4:6c:2a:d4:bb:0e;LakeheadU;-74;139
9051;a4:6c:2a:d4:bb:0f;LU-Guest;-72;139
9052;a4:6c:2a:d4:bb:0b;Free Tbaytel WiFi;-74;139
9053;10:8c:cf:44:26:b4;Free Tbaytel WiFi;-84;139
9054;10:8c:cf:44:26:b3;LU-Events;-83;139
9055;d8:b1:90:e1:2d:a0;LU-Guest;-72;139
9056;d8:b1:90:e1:2d:a3;LU-Events;-69;139
9057;d8:b1:90:e1:2d:a4;Free Tbaytel WiFi;-72;139
9058;d8:b1:90:e1:2d:a1;LakeheadU;-70;139
9059;d8:b1:90:e1:2d:a2;eduroam;-70;139
9060;80:e0:1d:f6:a4:d2;eduroam;-79;139
9061;80:e0:1d:f6:a4:d1;LakeheadU;-79;139
9062;80:e0:1d:f6:a4:d4;Free Tbaytel WiFi;-79;139
9063;80:e0:1d:f6:a4:d3;LU-Events;-80;139
9064;6c:5a:b0:3d:73:bf;Quanser_UVS-5G;-80;139
9065;ce:d7:19:24:c6:d5;LINKSYS-750-guest;-78;139
9066;80:e0:1d:f8:49:41;LakeheadU;-86;139
9067;ae:53:22:40:4f:e8;NOSMConnect24;-89;139
9068;d8:b1:90:e1:2d:ac;LU-Events;-83;139
9069;6c:5a:b0:3d:73:c0;Quanser_UVS-5G;-91;139
9070;6c:5a:b0:3d:73:c1;Quanser_UVS;-56;139
9071;a4:6c:2a:e0:1f:b3;LU-Events;-77;139
9072;a4:6c:2a:e0:1f:b4;Free Tbaytel WiFi;-77;139
9073;a4:6c:2a:e0:1f:b0;LU-Guest;-76;139
9074;a4:6c:2a:e0:1f:b1;LakeheadU;-77;139
9075;a4:6c:2a:e0:1f:b2;eduroam;-77;139
9076;a4:6c:2a:e0:1f:bc;LU-Events;-85;139
9077;a4:6c:2a:e0:1f:bd;eduroam;-86;139
9078;a4:6c:2a:e0:1f:be;LakeheadU;-86;139
9079;a4:6c:2a:e0:1f:bf;LU-Guest;-85;139
9080;a4:6c:2a:e0:1f:bb;Free Tbaytel WiFi;-85;139
9081;a4:6c:2a:d3:f2:8c;LU-Events;-83;140
9082;a4:6c:2a:d3:f2:81;LakeheadU;-70;140
9083;a4:6c:2a:d3:f2:80;LU-Guest;-70;140
9084;a4:6c:2a:d3:f2:83;LU-Events;-70;140
9085;a4:6c:2a:d3:f2:82;eduroam;-69;140
9086;a4:6c:2a:d3:f2:84;Free Tbaytel WiFi;-74;140
9087;80:e0:1d:e6:7a:62;eduroam;-79;140
9088;80:e0:1d:e6:7a:61;LakeheadU;-78;140
9089;80:e0:1d:e6:7a:63;LU-Events;-79;140
9090;a4:6c:2a:e0:20:00;LU-Guest;-88;140
9091;a4:6c:2a:e0:20:03;LU-Events;-88;140
9092;e8:de:27:f8:06:78;TP-LINK_F80678_Xiaoping;-92;140
9093;c0:c1:c0:8e:e8:c5;unavailable;-60;140
9094;a4:6c:2a:e0:20:0e;LakeheadU;-92;140
9095;c8:d7:19:24:c6:d5;LINKSYS-750;-72;140
9096;80:e0:1d:f6:a5:11;LakeheadU;-76;140
9097;80:e0:1d:f6:a5:12;eduroam;-76;140
9098;80:e0:1d:f6:a5:10;LU-Guest;-76;140
9099;80:e0:1d:f6:a5:13;LU-Events;-76;140
9100;80:e0:1d:f6:a5:14;Free Tbaytel WiFi;-77;140
9101;06:56:78:d0:60:49;EBF06ED2;-83;140
9102;a4:6c:2a:d4:bb:03;LU-Events;-61;140
9103;a4:6c:2a:d4:bb:04;Free Tbaytel WiFi;-61;140
9104;a4:6c:2a:d4:bb:00;LU-Guest;-61;140
9105;a4:6c:2a:d4:bb:01;LakeheadU;-61;140
9106;a4:6c:2a:d4:bb:02;eduroam;-62;140
9107;a4:6c:2a:d3:f4:d0;LU-Guest;-83;140
9108;a4:6c:2a:d3:f4:d1;LakeheadU;-82;140
9109;a4:6c:2a:d3:f4:d4;Free Tbaytel WiFi;-84;140
9110;a4:6c:2a:d3:f4:d2;eduroam;-84;140
9111;a4:6c:2a:d3:f4:d3;LU-Events;-84;140
9112;06:31:47:b2:5e:66;EBF1E5E6;-63;140
9113;ba:5a:b0:3d:73:b1;;-81;140
9114;a4:6c:2a:d4:bb:0c;LU-Events;-73;140
9115;a4:6c:2a:d4:bb:0d;eduroam;-74;140
9116;a4:6c:2a:d4:bb:0e;LakeheadU;-74;140
9117;a4:6c:2a:d4:bb:0f;LU-Guest;-72;140
9118;a4:6c:2a:d4:bb:0b;Free Tbaytel WiFi;-74;140
9119;10:8c:cf:44:26:b4;Free Tbaytel WiFi;-84;140
9120;10:8c:cf:44:26:b3;LU-Events;-83;140
9121;d8:b1:90:e1:2d:a0;LU-Guest;-72;140
9122;d8:b1:90:e1:2d:a3;LU-Events;-69;140
9123;d8:b1:90:e1:2d:a4;Free Tbaytel WiFi;-72;140
9124;d8:b1:90:e1:2d:a1;LakeheadU;-70;140
9125;d8:b1:90:e1:2d:a2;eduroam;-70;140
9126;80:e0:1d:f6:a4:d2;eduroam;-79;140
9127;80:e0:1d:f6:a4:d1;LakeheadU;-79;140
9128;80:e0:1d:f6:a4:d4;Free Tbaytel WiFi;-79;140
9129;80:e0:1d:f6:a4:d3;LU-Events;-80;140
9130;6c:5a:b0:3d:73:bf;Quanser_UVS-5G;-80;140
9131;ce:d7:19:24:c6:d5;LINKSYS-750-guest;-78;140
9132;80:e0:1d:f8:49:41;LakeheadU;-86;140
9133;ae:53:22:40:4f:e8;NOSMConnect24;-89;140
9134;d8:b1:90:e1:2d:ac;LU-Events;-83;140
9135;6c:5a:b0:3d:73:c0;Quanser_UVS-5G;-91;140
9136;6c:5a:b0:3d:73:c1;Quanser_UVS;-56;140
9137;a4:6c:2a:e0:1f:b3;LU-Events;-77;140
9138;a4:6c:2a:e0:1f:b4;Free Tbaytel WiFi;-77;140
9139;a4:6c:2a:e0:1f:b0;LU-Guest;-76;140
9140;a4:6c:2a:e0:1f:b1;LakeheadU;-77;140
9141;a4:6c:2a:e0:1f:b2;eduroam;-77;140
9142;a4:6c:2a:e0:1f:bc;LU-Events;-85;140
9143;a4:6c:2a:e0:1f:bd;eduroam;-86;140
9144;a4:6c:2a:e0:1f:be;LakeheadU;-86;140
9145;a4:6c:2a:e0:1f:bf;LU-Guest;-85;140
9146;a4:6c:2a:e0:1f:bb;Free Tbaytel WiFi;-85;140
9147;a4:6c:2a:d4:bb:04;Free Tbaytel WiFi;-59;141
9148;a4:6c:2a:d4:bb:0c;LU-Events;-66;141
9149;a4:6c:2a:d4:bb:0d;eduroam;-67;141
9150;a4:6c:2a:d4:bb:0e;LakeheadU;-67;141
9151;a4:6c:2a:d4:bb:0f;LU-Guest;-66;141
9152;a4:6c:2a:d4:bb:0b;Free Tbaytel WiFi;-66;141
9153;a4:6c:2a:d3:f2:8c;LU-Events;-90;142
9154;a4:6c:2a:d3:f2:8e;LakeheadU;-90;142
9155;a4:6c:2a:d3:f2:8d;eduroam;-91;142
9156;a4:6c:2a:d3:f2:81;LakeheadU;-79;142
9157;a4:6c:2a:d3:f2:80;LU-Guest;-78;142
9158;a4:6c:2a:d3:f2:83;LU-Events;-79;142
9159;a4:6c:2a:d3:f2:82;eduroam;-79;142
9160;a4:6c:2a:d3:f2:84;Free Tbaytel WiFi;-80;142
9161;a4:6c:2a:e0:20:00;LU-Guest;-81;142
9162;00:1f:33:bd:d5:34;Lab1012;-77;142
9163;c0:c1:c0:8e:e8:c5;unavailable;-69;142
9164;a4:6c:2a:e0:20:0f;LU-Guest;-89;142
9165;a4:6c:2a:e0:20:0c;LU-Events;-91;142
9166;a4:6c:2a:e0:20:0b;Free Tbaytel WiFi;-91;142
9167;a4:6c:2a:e0:20:0e;LakeheadU;-91;142
9168;a4:6c:2a:e0:20:0d;eduroam;-91;142
9169;c8:d7:19:24:c6:d5;LINKSYS-750;-69;142
9170;80:e0:1d:f6:a5:10;LU-Guest;-86;142
9171;80:e0:1d:f6:a5:13;LU-Events;-86;142
9172;80:e0:1d:f6:a5:14;Free Tbaytel WiFi;-87;142
9173;06:56:78:d0:60:49;EBF06ED2;-80;142
9174;a4:6c:2a:d4:bb:03;LU-Events;-58;142
9175;a4:6c:2a:d4:bb:04;Free Tbaytel WiFi;-61;142
9176;a4:6c:2a:d4:bb:00;LU-Guest;-59;142
9177;a4:6c:2a:d4:bb:01;LakeheadU;-58;142
9178;a4:6c:2a:d4:bb:02;eduroam;-58;142
9179;7e:a7:b0:c5:e9:67;DIRECT-cfLexmark Cheetah M-67e9;-81;142
9180;ba:5a:b0:3d:73:b1;;-80;142
9181;a4:6c:2a:d4:bb:0c;LU-Events;-76;142
9182;a4:6c:2a:d4:bb:0d;eduroam;-77;142
9183;a4:6c:2a:d4:bb:0e;LakeheadU;-77;142
9184;a4:6c:2a:d4:bb:0f;LU-Guest;-76;142
9185;a4:6c:2a:d4:bb:0b;Free Tbaytel WiFi;-76;142
9186;a4:6c:2a:d4:ba:53;LU-Events;-87;142
9187;a4:6c:2a:d4:ba:50;LU-Guest;-87;142
9188;a4:6c:2a:d4:ba:51;LakeheadU;-88;142
9189;80:e0:1d:c1:ea:a4;Free Tbaytel WiFi;-88;142
9190;d8:b1:90:e1:2d:a0;LU-Guest;-75;142
9191;d8:b1:90:e1:2d:a3;LU-Events;-75;142
9192;d8:b1:90:e1:2d:a4;Free Tbaytel WiFi;-75;142
9193;d8:b1:90:e1:2d:a1;LakeheadU;-75;142
9194;d8:b1:90:e1:2d:a2;eduroam;-75;142
9195;80:e0:1d:f6:a4:d2;eduroam;-80;142
9196;80:e0:1d:f6:a4:d1;LakeheadU;-79;142
9197;80:e0:1d:f6:a4:d4;Free Tbaytel WiFi;-79;142
9198;6c:5a:b0:3d:73:bf;Quanser_UVS-5G;-79;142
9199;80:e0:1d:f8:49:43;LU-Events;-86;142
9200;ce:d7:19:24:c6:d5;LINKSYS-750-guest;-71;142
9201;80:e0:1d:f8:49:44;Free Tbaytel WiFi;-88;142
9202;6c:5a:b0:3d:73:c0;Quanser_UVS-5G;-72;142
9203;6c:5a:b0:3d:73:c1;Quanser_UVS;-71;142
9204;a4:6c:2a:e0:1f:b3;LU-Events;-70;142
9205;a4:6c:2a:e0:1f:b4;Free Tbaytel WiFi;-70;142
9206;a4:6c:2a:e0:1f:b0;LU-Guest;-70;142
9207;a4:6c:2a:e0:1f:b1;LakeheadU;-70;142
9208;a4:6c:2a:e0:1f:b2;eduroam;-70;142
9209;a4:6c:2a:e0:1f:bc;LU-Events;-80;142
9210;a4:6c:2a:e0:1f:bd;eduroam;-81;142
9211;a4:6c:2a:e0:1f:be;LakeheadU;-81;142
9212;a4:6c:2a:e0:1f:bf;LU-Guest;-80;142
9213;a4:6c:2a:e0:1f:bb;Free Tbaytel WiFi;-80;142
9214;a4:6c:2a:d3:f2:8c;LU-Events;-90;143
9215;a4:6c:2a:d3:f2:8e;LakeheadU;-90;143
9216;a4:6c:2a:d3:f2:8d;eduroam;-91;143
9217;a4:6c:2a:d3:f2:81;LakeheadU;-79;143
9218;a4:6c:2a:d3:f2:80;LU-Guest;-78;143
9219;a4:6c:2a:d3:f2:83;LU-Events;-79;143
9220;a4:6c:2a:d3:f2:82;eduroam;-79;143
9221;a4:6c:2a:d3:f2:84;Free Tbaytel WiFi;-80;143
9222;a4:6c:2a:e0:20:00;LU-Guest;-81;143
9223;00:1f:33:bd:d5:34;Lab1012;-77;143
9224;c0:c1:c0:8e:e8:c5;unavailable;-69;143
9225;a4:6c:2a:e0:20:0f;LU-Guest;-89;143
9226;a4:6c:2a:e0:20:0c;LU-Events;-91;143
9227;a4:6c:2a:e0:20:0b;Free Tbaytel WiFi;-91;143
9228;a4:6c:2a:e0:20:0e;LakeheadU;-91;143
9229;a4:6c:2a:e0:20:0d;eduroam;-91;143
9230;c8:d7:19:24:c6:d5;LINKSYS-750;-69;143
9231;80:e0:1d:f6:a5:10;LU-Guest;-86;143
9232;80:e0:1d:f6:a5:13;LU-Events;-86;143
9233;80:e0:1d:f6:a5:14;Free Tbaytel WiFi;-87;143
9234;06:56:78:d0:60:49;EBF06ED2;-80;143
9235;a4:6c:2a:d4:bb:03;LU-Events;-58;143
9236;a4:6c:2a:d4:bb:04;Free Tbaytel WiFi;-61;143
9237;a4:6c:2a:d4:bb:00;LU-Guest;-59;143
9238;a4:6c:2a:d4:bb:01;LakeheadU;-58;143
9239;a4:6c:2a:d4:bb:02;eduroam;-58;143
9240;7e:a7:b0:c5:e9:67;DIRECT-cfLexmark Cheetah M-67e9;-81;143
9241;ba:5a:b0:3d:73:b1;;-80;143
9242;a4:6c:2a:d4:bb:0c;LU-Events;-76;143
9243;a4:6c:2a:d4:bb:0d;eduroam;-77;143
9244;a4:6c:2a:d4:bb:0e;LakeheadU;-77;143
9245;a4:6c:2a:d4:bb:0f;LU-Guest;-76;143
9246;a4:6c:2a:d4:bb:0b;Free Tbaytel WiFi;-76;143
9247;a4:6c:2a:d4:ba:53;LU-Events;-87;143
9248;a4:6c:2a:d4:ba:50;LU-Guest;-87;143
9249;a4:6c:2a:d4:ba:51;LakeheadU;-88;143
9250;80:e0:1d:c1:ea:a4;Free Tbaytel WiFi;-88;143
9251;d8:b1:90:e1:2d:a0;LU-Guest;-75;143
9252;d8:b1:90:e1:2d:a3;LU-Events;-75;143
9253;d8:b1:90:e1:2d:a4;Free Tbaytel WiFi;-75;143
9254;d8:b1:90:e1:2d:a1;LakeheadU;-75;143
9255;d8:b1:90:e1:2d:a2;eduroam;-75;143
9256;80:e0:1d:f6:a4:d2;eduroam;-80;143
9257;80:e0:1d:f6:a4:d1;LakeheadU;-79;143
9258;80:e0:1d:f6:a4:d4;Free Tbaytel WiFi;-79;143
9259;6c:5a:b0:3d:73:bf;Quanser_UVS-5G;-79;143
9260;80:e0:1d:f8:49:43;LU-Events;-86;143
9261;ce:d7:19:24:c6:d5;LINKSYS-750-guest;-71;143
9262;80:e0:1d:f8:49:44;Free Tbaytel WiFi;-88;143
9263;6c:5a:b0:3d:73:c0;Quanser_UVS-5G;-72;143
9264;6c:5a:b0:3d:73:c1;Quanser_UVS;-71;143
9265;a4:6c:2a:e0:1f:b3;LU-Events;-70;143
9266;a4:6c:2a:e0:1f:b4;Free Tbaytel WiFi;-70;143
9267;a4:6c:2a:e0:1f:b0;LU-Guest;-70;143
9268;a4:6c:2a:e0:1f:b1;LakeheadU;-70;143
9269;a4:6c:2a:e0:1f:b2;eduroam;-70;143
9270;a4:6c:2a:e0:1f:bc;LU-Events;-80;143
9271;a4:6c:2a:e0:1f:bd;eduroam;-81;143
9272;a4:6c:2a:e0:1f:be;LakeheadU;-81;143
9273;a4:6c:2a:e0:1f:bf;LU-Guest;-80;143
9274;a4:6c:2a:e0:1f:bb;Free Tbaytel WiFi;-80;143
9275;a4:6c:2a:d3:f2:8c;LU-Events;-90;144
9276;a4:6c:2a:d3:f2:8e;LakeheadU;-90;144
9277;a4:6c:2a:d3:f2:8d;eduroam;-91;144
9278;a4:6c:2a:d3:f2:81;LakeheadU;-79;144
9279;a4:6c:2a:d3:f2:80;LU-Guest;-78;144
9280;a4:6c:2a:d3:f2:83;LU-Events;-79;144
9281;a4:6c:2a:d3:f2:82;eduroam;-79;144
9282;a4:6c:2a:d3:f2:84;Free Tbaytel WiFi;-80;144
9283;a4:6c:2a:e0:20:00;LU-Guest;-81;144
9284;00:1f:33:bd:d5:34;Lab1012;-77;144
9285;c0:c1:c0:8e:e8:c5;unavailable;-69;144
9286;a4:6c:2a:e0:20:0f;LU-Guest;-89;144
9287;a4:6c:2a:e0:20:0c;LU-Events;-91;144
9288;a4:6c:2a:e0:20:0b;Free Tbaytel WiFi;-91;144
9289;a4:6c:2a:e0:20:0e;LakeheadU;-91;144
9290;a4:6c:2a:e0:20:0d;eduroam;-91;144
9291;c8:d7:19:24:c6:d5;LINKSYS-750;-69;144
9292;80:e0:1d:f6:a5:10;LU-Guest;-86;144
9293;80:e0:1d:f6:a5:13;LU-Events;-86;144
9294;80:e0:1d:f6:a5:14;Free Tbaytel WiFi;-87;144
9295;06:56:78:d0:60:49;EBF06ED2;-80;144
9296;a4:6c:2a:d4:bb:03;LU-Events;-58;144
9297;a4:6c:2a:d4:bb:04;Free Tbaytel WiFi;-61;144
9298;a4:6c:2a:d4:bb:00;LU-Guest;-59;144
9299;a4:6c:2a:d4:bb:01;LakeheadU;-58;144
9300;a4:6c:2a:d4:bb:02;eduroam;-58;144
9301;7e:a7:b0:c5:e9:67;DIRECT-cfLexmark Cheetah M-67e9;-81;144
9302;ba:5a:b0:3d:73:b1;;-80;144
9303;a4:6c:2a:d4:bb:0c;LU-Events;-76;144
9304;a4:6c:2a:d4:bb:0d;eduroam;-77;144
9305;a4:6c:2a:d4:bb:0e;LakeheadU;-77;144
9306;a4:6c:2a:d4:bb:0f;LU-Guest;-76;144
9307;a4:6c:2a:d4:bb:0b;Free Tbaytel WiFi;-76;144
9308;a4:6c:2a:d4:ba:53;LU-Events;-87;144
9309;a4:6c:2a:d4:ba:50;LU-Guest;-87;144
9310;a4:6c:2a:d4:ba:51;LakeheadU;-88;144
9311;80:e0:1d:c1:ea:a4;Free Tbaytel WiFi;-88;144
9312;d8:b1:90:e1:2d:a0;LU-Guest;-75;144
9313;d8:b1:90:e1:2d:a3;LU-Events;-75;144
9314;d8:b1:90:e1:2d:a4;Free Tbaytel WiFi;-75;144
9315;d8:b1:90:e1:2d:a1;LakeheadU;-75;144
9316;d8:b1:90:e1:2d:a2;eduroam;-75;144
9317;80:e0:1d:f6:a4:d2;eduroam;-80;144
9318;80:e0:1d:f6:a4:d1;LakeheadU;-79;144
9319;80:e0:1d:f6:a4:d4;Free Tbaytel WiFi;-79;144
9320;6c:5a:b0:3d:73:bf;Quanser_UVS-5G;-79;144
9321;80:e0:1d:f8:49:43;LU-Events;-86;144
9322;ce:d7:19:24:c6:d5;LINKSYS-750-guest;-71;144
9323;80:e0:1d:f8:49:44;Free Tbaytel WiFi;-88;144
9324;6c:5a:b0:3d:73:c0;Quanser_UVS-5G;-72;144
9325;6c:5a:b0:3d:73:c1;Quanser_UVS;-71;144
9326;a4:6c:2a:e0:1f:b3;LU-Events;-70;144
9327;a4:6c:2a:e0:1f:b4;Free Tbaytel WiFi;-70;144
9328;a4:6c:2a:e0:1f:b0;LU-Guest;-70;144
9329;a4:6c:2a:e0:1f:b1;LakeheadU;-70;144
9330;a4:6c:2a:e0:1f:b2;eduroam;-70;144
9331;a4:6c:2a:e0:1f:bc;LU-Events;-80;144
9332;a4:6c:2a:e0:1f:bd;eduroam;-81;144
9333;a4:6c:2a:e0:1f:be;LakeheadU;-81;144
9334;a4:6c:2a:e0:1f:bf;LU-Guest;-80;144
9335;a4:6c:2a:e0:1f:bb;Free Tbaytel WiFi;-80;144
9336;a4:6c:2a:d3:f2:8c;LU-Events;-93;145
9337;a4:6c:2a:d3:f2:8d;eduroam;-93;145
9338;a4:6c:2a:d3:f2:81;LakeheadU;-74;145
9339;a4:6c:2a:d3:f2:80;LU-Guest;-73;145
9340;a4:6c:2a:d3:f2:83;LU-Events;-74;145
9341;a4:6c:2a:d3:f2:82;eduroam;-73;145
9342;a4:6c:2a:d3:f2:84;Free Tbaytel WiFi;-73;145
9343;a4:6c:2a:e0:20:01;LakeheadU;-87;145
9344;a4:6c:2a:e0:20:00;LU-Guest;-74;145
9345;a4:6c:2a:e0:20:03;LU-Events;-74;145
9346;a4:6c:2a:e0:20:02;eduroam;-73;145
9347;a4:6c:2a:e0:20:04;Free Tbaytel WiFi;-73;145
9348;00:1f:33:bd:d5:34;Lab1012;-78;145
9349;ca:5a:b0:3d:73:c3;;-61;145
9350;c0:c1:c0:8e:e8:c5;unavailable;-51;145
9351;a4:6c:2a:e0:20:0f;LU-Guest;-88;145
9352;a4:6c:2a:e0:20:0c;LU-Events;-89;145
9353;a4:6c:2a:e0:20:0b;Free Tbaytel WiFi;-87;145
9354;c8:d7:19:24:c6:d7;LINKSYS-750;-84;145
9355;c8:d7:19:24:c6:d5;LINKSYS-750;-68;145
9356;06:56:78:d0:60:49;EBF06ED2;-75;145
9357;a4:6c:2a:d4:bb:03;LU-Events;-67;145
9358;a4:6c:2a:d4:bb:04;Free Tbaytel WiFi;-66;145
9359;a4:6c:2a:d4:bb:00;LU-Guest;-67;145
9360;a4:6c:2a:d4:bb:01;LakeheadU;-67;145
9361;a4:6c:2a:d4:bb:02;eduroam;-67;145
9362;7e:a7:b0:c5:e9:67;DIRECT-cfLexmark Cheetah M-67e9;-84;145
9363;06:31:47:b2:5e:66;EBF1E5E6;-78;145
9364;ba:5a:b0:3d:73:b1;;-89;145
9365;a4:6c:2a:d4:bb:0c;LU-Events;-79;145
9366;a4:6c:2a:d4:bb:0d;eduroam;-80;145
9367;a4:6c:2a:d4:bb:0e;LakeheadU;-78;145
9368;a4:6c:2a:d4:bb:0f;LU-Guest;-78;145
9369;a4:6c:2a:d4:bb:0b;Free Tbaytel WiFi;-79;145
9370;a4:6c:2a:d4:ba:54;Free Tbaytel WiFi;-83;145
9371;a4:6c:2a:d4:ba:5c;LU-Events;-87;145
9372;a4:6c:2a:d4:ba:5e;LakeheadU;-87;145
9373;a4:6c:2a:d4:ba:5b;Free Tbaytel WiFi;-87;145
9374;d8:b1:90:e1:2d:a1;LakeheadU;-80;145
9375;80:e0:1d:f6:a4:d0;LU-Guest;-72;145
9376;36:27:b9:3d:93:da;Xerox;-78;145
9377;6c:5a:b0:3d:73:bf;Quanser_UVS-5G;-88;145
9378;80:e0:1d:f8:49:43;LU-Events;-80;145
9379;ce:d7:19:24:c6:d5;LINKSYS-750-guest;-68;145
9380;80:e0:1d:f8:49:41;LakeheadU;-81;145
9381;80:e0:1d:f8:49:42;eduroam;-81;145
9382;82:f2:e0:d1:f9:74;portthru;-87;145
9383;6c:5a:b0:3d:73:c0;Quanser_UVS-5G;-80;145
9384;6c:5a:b0:3d:73:c1;Quanser_UVS;-62;145
9385;a4:6c:2a:e0:1f:b3;LU-Events;-65;145
9386;a4:6c:2a:e0:1f:b4;Free Tbaytel WiFi;-64;145
9387;a4:6c:2a:e0:1f:b0;LU-Guest;-66;145
9388;a4:6c:2a:e0:1f:b1;LakeheadU;-65;145
9389;a4:6c:2a:e0:1f:b2;eduroam;-64;145
9390;80:e0:1d:f8:49:4d;eduroam;-91;145
9391;80:e0:1d:f8:49:4f;LU-Guest;-92;145
9392;a4:6c:2a:e0:1f:bc;LU-Events;-68;145
9393;a4:6c:2a:e0:1f:bd;eduroam;-68;145
9394;a4:6c:2a:e0:1f:be;LakeheadU;-68;145
9395;a4:6c:2a:e0:1f:bf;LU-Guest;-68;145
9396;a4:6c:2a:e0:1f:bb;Free Tbaytel WiFi;-68;145
9397;ae:53:22:40:4f:80;NOSMConnect24;-78;146
9398;a4:6c:2a:d3:f2:81;LakeheadU;-79;146
9399;a4:6c:2a:d3:f2:80;LU-Guest;-78;146
9400;a4:6c:2a:d3:f2:83;LU-Events;-79;146
9401;a4:6c:2a:d3:f2:82;eduroam;-78;146
9402;a4:6c:2a:d3:f2:84;Free Tbaytel WiFi;-79;146
9403;00:1f:33:bd:d5:34;Lab1012;-82;146
9404;e8:de:27:f8:06:78;TP-LINK_F80678_Xiaoping;-77;146
9405;ca:5a:b0:3d:73:c3;;-74;146
9406;c0:c1:c0:8e:e8:c5;unavailable;-53;146
9407;a4:6c:2a:e0:20:0f;LU-Guest;-90;146
9408;a4:6c:2a:e0:20:0c;LU-Events;-92;146
9409;a4:6c:2a:e0:20:0b;Free Tbaytel WiFi;-90;146
9410;a4:6c:2a:e0:20:0e;LakeheadU;-91;146
9411;c8:d7:19:24:c6:d7;LINKSYS-750;-92;146
9412;c8:d7:19:24:c6:d5;LINKSYS-750;-59;146
9413;06:56:78:d0:60:49;EBF06ED2;-61;146
9414;a4:6c:2a:d4:bb:03;LU-Events;-71;146
9415;a4:6c:2a:d4:bb:04;Free Tbaytel WiFi;-69;146
9416;a4:6c:2a:d4:bb:00;LU-Guest;-71;146
9417;a4:6c:2a:d4:bb:01;LakeheadU;-70;146
9418;a4:6c:2a:d4:bb:02;eduroam;-71;146
9419;7e:a7:b0:c5:e9:67;DIRECT-cfLexmark Cheetah M-67e9;-83;146
9420;a6:53:22:40:4f:80;eduroam;-78;146
9421;9c:53:22:40:4f:80;TBAYTech;-79;146
9422;a4:6c:2a:d4:bb:0c;LU-Events;-80;146
9423;a4:6c:2a:d4:bb:0d;eduroam;-80;146
9424;a4:6c:2a:d4:bb:0e;LakeheadU;-80;146
9425;a4:6c:2a:d4:bb:0f;LU-Guest;-80;146
9426;a4:6c:2a:d4:bb:0b;Free Tbaytel WiFi;-80;146
9427;a4:6c:2a:d4:ba:53;LU-Events;-85;146
9428;a4:6c:2a:d4:ba:54;Free Tbaytel WiFi;-83;146
9429;a4:6c:2a:d4:ba:50;LU-Guest;-84;146
9430;a4:6c:2a:d4:ba:52;eduroam;-84;146
9431;a4:6c:2a:d4:ba:5b;Free Tbaytel WiFi;-87;146
9432;a2:53:22:40:4f:80;NOSMSecure;-79;146
9433;80:e0:1d:f6:a4:d1;LakeheadU;-72;146
9434;80:e0:1d:f6:a4:d3;LU-Events;-73;146
9435;36:27:b9:3d:93:da;Xerox;-79;146
9436;6c:5a:b0:3d:73:bf;Quanser_UVS-5G;-88;146
9437;80:e0:1d:f8:49:43;LU-Events;-73;146
9438;ce:d7:19:24:c6:d5;LINKSYS-750-guest;-58;146
9439;80:e0:1d:f8:49:44;Free Tbaytel WiFi;-73;146
9440;80:e0:1d:f8:49:41;LakeheadU;-72;146
9441;80:e0:1d:f8:49:42;eduroam;-73;146
9442;80:e0:1d:f8:49:40;LU-Guest;-73;146
9443;82:f2:e0:d1:f9:74;portthru;-79;146
9444;6c:5a:b0:3d:73:c0;Quanser_UVS-5G;-75;146
9445;6c:5a:b0:3d:73:c1;Quanser_UVS;-74;146
9446;a4:6c:2a:e0:1f:b3;LU-Events;-73;146
9447;a4:6c:2a:e0:1f:b4;Free Tbaytel WiFi;-73;146
9448;a4:6c:2a:e0:1f:b0;LU-Guest;-73;146
9449;a4:6c:2a:e0:1f:b1;LakeheadU;-74;146
9450;a4:6c:2a:e0:1f:b2;eduroam;-72;146
9451;a4:6c:2a:e0:1f:bc;LU-Events;-71;146
9452;a4:6c:2a:e0:1f:bd;eduroam;-72;146
9453;a4:6c:2a:e0:1f:be;LakeheadU;-72;146
9454;a4:6c:2a:e0:1f:bf;LU-Guest;-72;146
9455;a4:6c:2a:e0:1f:bb;Free Tbaytel WiFi;-72;146
9456;ae:53:22:40:4f:80;NOSMConnect24;-78;147
9457;a4:6c:2a:d3:f2:81;LakeheadU;-79;147
9458;a4:6c:2a:d3:f2:80;LU-Guest;-78;147
9459;a4:6c:2a:d3:f2:83;LU-Events;-79;147
9460;a4:6c:2a:d3:f2:82;eduroam;-78;147
9461;a4:6c:2a:d3:f2:84;Free Tbaytel WiFi;-79;147
9462;00:1f:33:bd:d5:34;Lab1012;-82;147
9463;e8:de:27:f8:06:78;TP-LINK_F80678_Xiaoping;-77;147
9464;ca:5a:b0:3d:73:c3;;-74;147
9465;c0:c1:c0:8e:e8:c5;unavailable;-53;147
9466;a4:6c:2a:e0:20:0f;LU-Guest;-90;147
9467;a4:6c:2a:e0:20:0c;LU-Events;-92;147
9468;a4:6c:2a:e0:20:0b;Free Tbaytel WiFi;-90;147
9469;a4:6c:2a:e0:20:0e;LakeheadU;-91;147
9470;c8:d7:19:24:c6:d7;LINKSYS-750;-92;147
9471;c8:d7:19:24:c6:d5;LINKSYS-750;-59;147
9472;06:56:78:d0:60:49;EBF06ED2;-61;147
9473;a4:6c:2a:d4:bb:03;LU-Events;-71;147
9474;a4:6c:2a:d4:bb:04;Free Tbaytel WiFi;-69;147
9475;a4:6c:2a:d4:bb:00;LU-Guest;-71;147
9476;a4:6c:2a:d4:bb:01;LakeheadU;-70;147
9477;a4:6c:2a:d4:bb:02;eduroam;-71;147
9478;7e:a7:b0:c5:e9:67;DIRECT-cfLexmark Cheetah M-67e9;-83;147
9479;a6:53:22:40:4f:80;eduroam;-78;147
9480;9c:53:22:40:4f:80;TBAYTech;-79;147
9481;a4:6c:2a:d4:bb:0c;LU-Events;-80;147
9482;a4:6c:2a:d4:bb:0d;eduroam;-80;147
9483;a4:6c:2a:d4:bb:0e;LakeheadU;-80;147
9484;a4:6c:2a:d4:bb:0f;LU-Guest;-80;147
9485;a4:6c:2a:d4:bb:0b;Free Tbaytel WiFi;-80;147
9486;a4:6c:2a:d4:ba:53;LU-Events;-85;147
9487;a4:6c:2a:d4:ba:54;Free Tbaytel WiFi;-83;147
9488;a4:6c:2a:d4:ba:50;LU-Guest;-84;147
9489;a4:6c:2a:d4:ba:52;eduroam;-84;147
9490;a4:6c:2a:d4:ba:5b;Free Tbaytel WiFi;-87;147
9491;a2:53:22:40:4f:80;NOSMSecure;-79;147
9492;80:e0:1d:f6:a4:d1;LakeheadU;-72;147
9493;80:e0:1d:f6:a4:d3;LU-Events;-73;147
9494;36:27:b9:3d:93:da;Xerox;-79;147
9495;6c:5a:b0:3d:73:bf;Quanser_UVS-5G;-88;147
9496;80:e0:1d:f8:49:43;LU-Events;-73;147
9497;ce:d7:19:24:c6:d5;LINKSYS-750-guest;-58;147
9498;80:e0:1d:f8:49:44;Free Tbaytel WiFi;-73;147
9499;80:e0:1d:f8:49:41;LakeheadU;-72;147
9500;80:e0:1d:f8:49:42;eduroam;-73;147
9501;80:e0:1d:f8:49:40;LU-Guest;-73;147
9502;82:f2:e0:d1:f9:74;portthru;-79;147
9503;6c:5a:b0:3d:73:c0;Quanser_UVS-5G;-75;147
9504;6c:5a:b0:3d:73:c1;Quanser_UVS;-74;147
9505;a4:6c:2a:e0:1f:b3;LU-Events;-73;147
9506;a4:6c:2a:e0:1f:b4;Free Tbaytel WiFi;-73;147
9507;a4:6c:2a:e0:1f:b0;LU-Guest;-73;147
9508;a4:6c:2a:e0:1f:b1;LakeheadU;-74;147
9509;a4:6c:2a:e0:1f:b2;eduroam;-72;147
9510;a4:6c:2a:e0:1f:bc;LU-Events;-71;147
9511;a4:6c:2a:e0:1f:bd;eduroam;-72;147
9512;a4:6c:2a:e0:1f:be;LakeheadU;-72;147
9513;a4:6c:2a:e0:1f:bf;LU-Guest;-72;147
9514;a4:6c:2a:e0:1f:bb;Free Tbaytel WiFi;-72;147
9515;ae:53:22:40:4f:80;NOSMConnect24;-78;148
9516;a4:6c:2a:d3:f2:83;LU-Events;-84;148
9517;a4:6c:2a:d3:f2:84;Free Tbaytel WiFi;-80;148
9518;80:e0:1d:e6:7b:31;LakeheadU;-87;148
9519;80:e0:1d:e6:7b:33;LU-Events;-88;148
9520;a4:6c:2a:e0:20:00;LU-Guest;-86;148
9521;e8:de:27:f8:06:78;TP-LINK_F80678_Xiaoping;-69;148
9522;c0:c1:c0:8e:e8:c5;unavailable;-52;148
9523;a4:6c:2a:e0:20:0f;LU-Guest;-93;148
9524;a4:6c:2a:e0:20:0c;LU-Events;-92;148
9525;a4:6c:2a:e0:20:0b;Free Tbaytel WiFi;-91;148
9526;a4:6c:2a:e0:20:0e;LakeheadU;-93;148
9527;a4:6c:2a:e0:20:0d;eduroam;-92;148
9528;c8:d7:19:24:c6:d5;LINKSYS-750;-69;148
9529;06:56:78:d0:60:49;EBF06ED2;-63;148
9530;a4:6c:2a:d4:bb:03;LU-Events;-73;148
9531;a4:6c:2a:d4:bb:04;Free Tbaytel WiFi;-76;148
9532;a4:6c:2a:d4:bb:01;LakeheadU;-74;148
9533;a4:6c:2a:d4:bb:02;eduroam;-76;148
9534;7e:a7:b0:c5:e9:67;DIRECT-cfLexmark Cheetah M-67e9;-86;148
9535;9c:53:22:40:4f:80;TBAYTech;-79;148
9536;06:31:47:b2:5e:66;EBF1E5E6;-75;148
9537;ba:5a:b0:3d:73:b1;;-91;148
9538;a4:6c:2a:d4:bb:0c;LU-Events;-79;148
9539;a4:6c:2a:d4:bb:0d;eduroam;-80;148
9540;a4:6c:2a:d4:bb:0e;LakeheadU;-78;148
9541;a4:6c:2a:d4:bb:0f;LU-Guest;-78;148
9542;a4:6c:2a:d4:bb:0b;Free Tbaytel WiFi;-80;148
9543;a4:6c:2a:d4:ba:54;Free Tbaytel WiFi;-82;148
9544;a4:6c:2a:d4:ba:51;LakeheadU;-80;148
9545;a4:6c:2a:d4:ba:52;eduroam;-81;148
9546;80:e0:1d:c1:ea:a3;LU-Events;-89;148
9547;80:e0:1d:c1:ea:a4;Free Tbaytel WiFi;-89;148
9548;a4:6c:2a:d4:ba:5c;LU-Events;-90;148
9549;a4:6c:2a:d4:ba:5f;LU-Guest;-90;148
9550;a4:6c:2a:d4:ba:5b;Free Tbaytel WiFi;-91;148
9551;80:e0:1d:ee:3f:64;eduroam;-89;148
9552;80:e0:1d:f6:a4:d2;eduroam;-86;148
9553;80:e0:1d:f6:a4:d4;Free Tbaytel WiFi;-86;148
9554;80:e0:1d:f6:a4:d3;LU-Events;-84;148
9555;36:27:b9:3d:93:da;Xerox;-70;148
9556;80:e0:1d:f8:49:43;LU-Events;-75;148
9557;ce:d7:19:24:c6:d5;LINKSYS-750-guest;-68;148
9558;80:e0:1d:f8:49:44;Free Tbaytel WiFi;-75;148
9559;80:e0:1d:f8:49:41;LakeheadU;-75;148
9560;80:e0:1d:f8:49:42;eduroam;-75;148
9561;80:e0:1d:f8:49:40;LU-Guest;-74;148
9562;82:f2:e0:d1:f9:74;portthru;-76;148
9563;6c:5a:b0:3d:73:c0;Quanser_UVS-5G;-86;148
9564;6c:5a:b0:3d:73:c1;Quanser_UVS;-79;148
9565;a4:6c:2a:e0:1f:b3;LU-Events;-51;148
9566;a4:6c:2a:e0:1f:b4;Free Tbaytel WiFi;-52;148
9567;a4:6c:2a:e0:1f:b0;LU-Guest;-55;148
9568;a4:6c:2a:e0:1f:b1;LakeheadU;-52;148
9569;a4:6c:2a:e0:1f:b2;eduroam;-52;148
9570;80:e0:1d:f8:49:4d;eduroam;-88;148
9571;80:e0:1d:f8:49:4b;Free Tbaytel WiFi;-88;148
9572;a4:6c:2a:e0:1f:bc;LU-Events;-64;148
9573;a4:6c:2a:e0:1f:bd;eduroam;-64;148
9574;a4:6c:2a:e0:1f:be;LakeheadU;-64;148
9575;a4:6c:2a:e0:1f:bf;LU-Guest;-64;148
9576;a4:6c:2a:d4:be:31;LakeheadU;-79;148
9577;a4:6c:2a:d4:be:32;eduroam;-83;148
9578;a4:6c:2a:e0:1f:bb;Free Tbaytel WiFi;-64;148
9579;ae:53:22:40:4f:80;NOSMConnect24;-78;149
9580;a4:6c:2a:d3:f2:83;LU-Events;-84;149
9581;a4:6c:2a:d3:f2:84;Free Tbaytel WiFi;-80;149
9582;80:e0:1d:e6:7b:31;LakeheadU;-87;149
9583;80:e0:1d:e6:7b:33;LU-Events;-88;149
9584;a4:6c:2a:e0:20:00;LU-Guest;-86;149
9585;e8:de:27:f8:06:78;TP-LINK_F80678_Xiaoping;-69;149
9586;c0:c1:c0:8e:e8:c5;unavailable;-52;149
9587;a4:6c:2a:e0:20:0f;LU-Guest;-93;149
9588;a4:6c:2a:e0:20:0c;LU-Events;-92;149
9589;a4:6c:2a:e0:20:0b;Free Tbaytel WiFi;-91;149
9590;a4:6c:2a:e0:20:0e;LakeheadU;-93;149
9591;a4:6c:2a:e0:20:0d;eduroam;-92;149
9592;c8:d7:19:24:c6:d5;LINKSYS-750;-69;149
9593;06:56:78:d0:60:49;EBF06ED2;-63;149
9594;a4:6c:2a:d4:bb:03;LU-Events;-73;149
9595;a4:6c:2a:d4:bb:04;Free Tbaytel WiFi;-76;149
9596;a4:6c:2a:d4:bb:01;LakeheadU;-74;149
9597;a4:6c:2a:d4:bb:02;eduroam;-76;149
9598;7e:a7:b0:c5:e9:67;DIRECT-cfLexmark Cheetah M-67e9;-86;149
9599;9c:53:22:40:4f:80;TBAYTech;-79;149
9600;06:31:47:b2:5e:66;EBF1E5E6;-75;149
9601;ba:5a:b0:3d:73:b1;;-91;149
9602;a4:6c:2a:d4:bb:0c;LU-Events;-79;149
9603;a4:6c:2a:d4:bb:0d;eduroam;-80;149
9604;a4:6c:2a:d4:bb:0e;LakeheadU;-78;149
9605;a4:6c:2a:d4:bb:0f;LU-Guest;-78;149
9606;a4:6c:2a:d4:bb:0b;Free Tbaytel WiFi;-80;149
9607;a4:6c:2a:d4:ba:54;Free Tbaytel WiFi;-82;149
9608;a4:6c:2a:d4:ba:51;LakeheadU;-80;149
9609;a4:6c:2a:d4:ba:52;eduroam;-81;149
9610;80:e0:1d:c1:ea:a3;LU-Events;-89;149
9611;80:e0:1d:c1:ea:a4;Free Tbaytel WiFi;-89;149
9612;a4:6c:2a:d4:ba:5c;LU-Events;-90;149
9613;a4:6c:2a:d4:ba:5f;LU-Guest;-90;149
9614;a4:6c:2a:d4:ba:5b;Free Tbaytel WiFi;-91;149
9615;80:e0:1d:ee:3f:64;eduroam;-89;149
9616;80:e0:1d:f6:a4:d2;eduroam;-86;149
9617;80:e0:1d:f6:a4:d4;Free Tbaytel WiFi;-86;149
9618;80:e0:1d:f6:a4:d3;LU-Events;-84;149
9619;36:27:b9:3d:93:da;Xerox;-70;149
9620;80:e0:1d:f8:49:43;LU-Events;-75;149
9621;ce:d7:19:24:c6:d5;LINKSYS-750-guest;-68;149
9622;80:e0:1d:f8:49:44;Free Tbaytel WiFi;-75;149
9623;80:e0:1d:f8:49:41;LakeheadU;-75;149
9624;80:e0:1d:f8:49:42;eduroam;-75;149
9625;80:e0:1d:f8:49:40;LU-Guest;-74;149
9626;82:f2:e0:d1:f9:74;portthru;-76;149
9627;6c:5a:b0:3d:73:c0;Quanser_UVS-5G;-86;149
9628;6c:5a:b0:3d:73:c1;Quanser_UVS;-79;149
9629;a4:6c:2a:e0:1f:b3;LU-Events;-51;149
9630;a4:6c:2a:e0:1f:b4;Free Tbaytel WiFi;-52;149
9631;a4:6c:2a:e0:1f:b0;LU-Guest;-55;149
9632;a4:6c:2a:e0:1f:b1;LakeheadU;-52;149
9633;a4:6c:2a:e0:1f:b2;eduroam;-52;149
9634;80:e0:1d:f8:49:4d;eduroam;-88;149
9635;80:e0:1d:f8:49:4b;Free Tbaytel WiFi;-88;149
9636;a4:6c:2a:e0:1f:bc;LU-Events;-64;149
9637;a4:6c:2a:e0:1f:bd;eduroam;-64;149
9638;a4:6c:2a:e0:1f:be;LakeheadU;-64;149
9639;a4:6c:2a:e0:1f:bf;LU-Guest;-64;149
9640;a4:6c:2a:d4:be:31;LakeheadU;-79;149
9641;a4:6c:2a:d4:be:32;eduroam;-83;149
9642;a4:6c:2a:e0:1f:bb;Free Tbaytel WiFi;-64;149
9643;ae:53:22:40:4f:80;NOSMConnect24;-78;150
9644;a4:6c:2a:d3:f2:81;LakeheadU;-83;150
9645;a4:6c:2a:d3:f2:80;LU-Guest;-82;150
9646;a4:6c:2a:d3:f2:83;LU-Events;-83;150
9647;a4:6c:2a:d3:f2:84;Free Tbaytel WiFi;-84;150
9648;80:e0:1d:e6:7b:31;LakeheadU;-87;150
9649;80:e0:1d:e6:7b:33;LU-Events;-86;150
9650;e8:de:27:f8:06:78;TP-LINK_F80678_Xiaoping;-66;150
9651;c0:c1:c0:8e:e8:c5;unavailable;-59;150
9652;a4:6c:2a:e0:20:0f;LU-Guest;-93;150
9653;a4:6c:2a:e0:20:0c;LU-Events;-92;150
9654;a4:6c:2a:e0:20:0b;Free Tbaytel WiFi;-91;150
9655;a4:6c:2a:e0:20:0e;LakeheadU;-93;150
9656;a4:6c:2a:e0:20:0d;eduroam;-92;150
9657;c8:d7:19:24:c6:d5;LINKSYS-750;-75;150
9658;06:56:78:d0:60:49;EBF06ED2;-71;150
9659;a4:6c:2a:d4:bb:03;LU-Events;-76;150
9660;a4:6c:2a:d4:bb:04;Free Tbaytel WiFi;-77;150
9661;a4:6c:2a:d4:bb:00;LU-Guest;-78;150
9662;a4:6c:2a:d4:bb:01;LakeheadU;-76;150
9663;a4:6c:2a:d4:bb:02;eduroam;-76;150
9664;7e:a7:b0:c5:e9:67;DIRECT-cfLexmark Cheetah M-67e9;-86;150
9665;9c:53:22:40:4f:80;TBAYTech;-79;150
9666;06:31:47:b2:5e:66;EBF1E5E6;-80;150
9667;a4:6c:2a:d4:bb:0c;LU-Events;-90;150
9668;a4:6c:2a:d4:bb:0d;eduroam;-90;150
9669;a4:6c:2a:d4:bb:0e;LakeheadU;-89;150
9670;a4:6c:2a:d4:bb:0f;LU-Guest;-78;150
9671;a4:6c:2a:d4:bb:0b;Free Tbaytel WiFi;-90;150
9672;a4:6c:2a:d4:ba:53;LU-Events;-76;150
9673;a4:6c:2a:d4:ba:54;Free Tbaytel WiFi;-75;150
9674;a4:6c:2a:d4:ba:50;LU-Guest;-75;150
9675;a4:6c:2a:d4:ba:51;LakeheadU;-75;150
9676;a4:6c:2a:d4:ba:52;eduroam;-76;150
9677;80:e0:1d:c1:ea:a2;eduroam;-80;150
9678;80:e0:1d:c1:ea:a3;LU-Events;-89;150
9679;80:e0:1d:c1:ea:a4;Free Tbaytel WiFi;-80;150
9680;80:e0:1d:c1:ea:a0;LU-Guest;-79;150
9681;a4:6c:2a:d4:ba:5c;LU-Events;-80;150
9682;a4:6c:2a:d4:ba:5d;eduroam;-80;150
9683;a4:6c:2a:d4:ba:5e;LakeheadU;-80;150
9684;a4:6c:2a:d4:ba:5f;LU-Guest;-80;150
9685;a4:6c:2a:d4:ba:5b;Free Tbaytel WiFi;-91;150
9686;80:e0:1d:f6:a4:d2;eduroam;-86;150
9687;80:e0:1d:f6:a4:d4;Free Tbaytel WiFi;-86;150
9688;36:27:b9:3d:93:da;Xerox;-83;150
9689;80:e0:1d:f8:49:43;LU-Events;-72;150
9690;ce:d7:19:24:c6:d5;LINKSYS-750-guest;-79;150
9691;80:e0:1d:f8:49:44;Free Tbaytel WiFi;-71;150
9692;80:e0:1d:f8:49:41;LakeheadU;-71;150
9693;80:e0:1d:f8:49:42;eduroam;-71;150
9694;80:e0:1d:f8:49:40;LU-Guest;-71;150
9695;82:f2:e0:d1:f9:74;portthru;-84;150
9696;6c:5a:b0:3d:73:c0;Quanser_UVS-5G;-81;150
9697;6c:5a:b0:3d:73:c1;Quanser_UVS;-80;150
9698;a4:6c:2a:e0:1f:b3;LU-Events;-53;150
9699;a4:6c:2a:e0:1f:b4;Free Tbaytel WiFi;-44;150
9700;a4:6c:2a:e0:1f:b0;LU-Guest;-52;150
9701;a4:6c:2a:e0:1f:b1;LakeheadU;-52;150
9702;a4:6c:2a:e0:1f:b2;eduroam;-52;150
9703;80:e0:1d:f8:49:4b;Free Tbaytel WiFi;-86;150
9704;80:e0:1d:f8:49:4f;LU-Guest;-85;150
9705;a4:6c:2a:d4:be:30;LU-Guest;-77;150
9706;a4:6c:2a:e0:1f:bc;LU-Events;-64;150
9707;a4:6c:2a:e0:1f:bd;eduroam;-64;150
9708;a4:6c:2a:e0:1f:be;LakeheadU;-64;150
9709;a4:6c:2a:e0:1f:bf;LU-Guest;-64;150
9710;a4:6c:2a:d4:be:34;Free Tbaytel WiFi;-75;150
9711;a4:6c:2a:d4:be:32;eduroam;-83;150
9712;a4:6c:2a:e0:1f:bb;Free Tbaytel WiFi;-64;150
9713;a4:6c:2a:d3:f2:81;LakeheadU;-83;151
9714;a4:6c:2a:d3:f2:80;LU-Guest;-82;151
9715;a4:6c:2a:d3:f2:83;LU-Events;-83;151
9716;a4:6c:2a:d3:f2:84;Free Tbaytel WiFi;-84;151
9717;80:e0:1d:e6:7b:33;LU-Events;-86;151
9718;e8:de:27:f8:06:78;TP-LINK_F80678_Xiaoping;-66;151
9719;c0:c1:c0:8e:e8:c5;unavailable;-59;151
9720;c8:d7:19:24:c6:d5;LINKSYS-750;-75;151
9721;06:56:78:d0:60:49;EBF06ED2;-71;151
9722;a4:6c:2a:d4:bb:03;LU-Events;-76;151
9723;a4:6c:2a:d4:bb:04;Free Tbaytel WiFi;-77;151
9724;a4:6c:2a:d4:bb:00;LU-Guest;-78;151
9725;a4:6c:2a:d4:bb:01;LakeheadU;-76;151
9726;a4:6c:2a:d4:bb:02;eduroam;-76;151
9727;06:31:47:b2:5e:66;EBF1E5E6;-80;151
9728;a4:6c:2a:d4:bb:0c;LU-Events;-90;151
9729;a4:6c:2a:d4:bb:0d;eduroam;-90;151
9730;a4:6c:2a:d4:bb:0e;LakeheadU;-89;151
9731;a4:6c:2a:d4:bb:0b;Free Tbaytel WiFi;-90;151
9732;a4:6c:2a:d4:ba:53;LU-Events;-76;151
9733;a4:6c:2a:d4:ba:54;Free Tbaytel WiFi;-75;151
9734;a4:6c:2a:d4:ba:50;LU-Guest;-75;151
9735;a4:6c:2a:d4:ba:51;LakeheadU;-75;151
9736;a4:6c:2a:d4:ba:52;eduroam;-76;151
9737;80:e0:1d:c1:ea:a2;eduroam;-80;151
9738;80:e0:1d:c1:ea:a4;Free Tbaytel WiFi;-80;151
9739;80:e0:1d:c1:ea:a0;LU-Guest;-79;151
9740;a4:6c:2a:d4:ba:5c;LU-Events;-80;151
9741;a4:6c:2a:d4:ba:5d;eduroam;-80;151
9742;a4:6c:2a:d4:ba:5e;LakeheadU;-80;151
9743;a4:6c:2a:d4:ba:5f;LU-Guest;-80;151
9744;36:27:b9:3d:93:da;Xerox;-83;151
9745;80:e0:1d:f8:49:43;LU-Events;-72;151
9746;ce:d7:19:24:c6:d5;LINKSYS-750-guest;-79;151
9747;80:e0:1d:f8:49:44;Free Tbaytel WiFi;-71;151
9748;80:e0:1d:f8:49:41;LakeheadU;-71;151
9749;80:e0:1d:f8:49:42;eduroam;-71;151
9750;80:e0:1d:f8:49:40;LU-Guest;-71;151
9751;82:f2:e0:d1:f9:74;portthru;-84;151
9752;6c:5a:b0:3d:73:c0;Quanser_UVS-5G;-81;151
9753;6c:5a:b0:3d:73:c1;Quanser_UVS;-80;151
9754;a4:6c:2a:e0:1f:b3;LU-Events;-53;151
9755;a4:6c:2a:e0:1f:b4;Free Tbaytel WiFi;-44;151
9756;a4:6c:2a:e0:1f:b0;LU-Guest;-52;151
9757;a4:6c:2a:e0:1f:b1;LakeheadU;-52;151
9758;a4:6c:2a:e0:1f:b2;eduroam;-52;151
9759;80:e0:1d:f8:49:4b;Free Tbaytel WiFi;-86;151
9760;80:e0:1d:f8:49:4f;LU-Guest;-85;151
9761;a4:6c:2a:d4:be:30;LU-Guest;-77;151
9762;a4:6c:2a:e0:1f:bc;LU-Events;-64;151
9763;a4:6c:2a:e0:1f:bd;eduroam;-64;151
9764;a4:6c:2a:e0:1f:be;LakeheadU;-64;151
9765;a4:6c:2a:e0:1f:bf;LU-Guest;-64;151
9766;a4:6c:2a:d4:be:34;Free Tbaytel WiFi;-75;151
9767;a4:6c:2a:e0:1f:bb;Free Tbaytel WiFi;-64;151
9768;a4:6c:2a:d3:f2:81;LakeheadU;-83;152
9769;a4:6c:2a:d3:f2:80;LU-Guest;-82;152
9770;a4:6c:2a:d3:f2:83;LU-Events;-83;152
9771;a4:6c:2a:d3:f2:84;Free Tbaytel WiFi;-84;152
9772;80:e0:1d:e6:7b:33;LU-Events;-86;152
9773;e8:de:27:f8:06:78;TP-LINK_F80678_Xiaoping;-66;152
9774;c0:c1:c0:8e:e8:c5;unavailable;-59;152
9775;c8:d7:19:24:c6:d5;LINKSYS-750;-75;152
9776;06:56:78:d0:60:49;EBF06ED2;-71;152
9777;a4:6c:2a:d4:bb:03;LU-Events;-76;152
9778;a4:6c:2a:d4:bb:04;Free Tbaytel WiFi;-77;152
9779;a4:6c:2a:d4:bb:00;LU-Guest;-78;152
9780;a4:6c:2a:d4:bb:01;LakeheadU;-76;152
9781;a4:6c:2a:d4:bb:02;eduroam;-76;152
9782;06:31:47:b2:5e:66;EBF1E5E6;-80;152
9783;a4:6c:2a:d4:bb:0c;LU-Events;-90;152
9784;a4:6c:2a:d4:bb:0d;eduroam;-90;152
9785;a4:6c:2a:d4:bb:0e;LakeheadU;-89;152
9786;a4:6c:2a:d4:bb:0b;Free Tbaytel WiFi;-90;152
9787;a4:6c:2a:d4:ba:53;LU-Events;-76;152
9788;a4:6c:2a:d4:ba:54;Free Tbaytel WiFi;-75;152
9789;a4:6c:2a:d4:ba:50;LU-Guest;-75;152
9790;a4:6c:2a:d4:ba:51;LakeheadU;-75;152
9791;a4:6c:2a:d4:ba:52;eduroam;-76;152
9792;80:e0:1d:c1:ea:a2;eduroam;-80;152
9793;80:e0:1d:c1:ea:a4;Free Tbaytel WiFi;-80;152
9794;80:e0:1d:c1:ea:a0;LU-Guest;-79;152
9795;a4:6c:2a:d4:ba:5c;LU-Events;-80;152
9796;a4:6c:2a:d4:ba:5d;eduroam;-80;152
9797;a4:6c:2a:d4:ba:5e;LakeheadU;-80;152
9798;a4:6c:2a:d4:ba:5f;LU-Guest;-80;152
9799;36:27:b9:3d:93:da;Xerox;-83;152
9800;80:e0:1d:f8:49:43;LU-Events;-72;152
9801;ce:d7:19:24:c6:d5;LINKSYS-750-guest;-79;152
9802;80:e0:1d:f8:49:44;Free Tbaytel WiFi;-71;152
9803;80:e0:1d:f8:49:41;LakeheadU;-71;152
9804;80:e0:1d:f8:49:42;eduroam;-71;152
9805;80:e0:1d:f8:49:40;LU-Guest;-71;152
9806;82:f2:e0:d1:f9:74;portthru;-84;152
9807;6c:5a:b0:3d:73:c0;Quanser_UVS-5G;-81;152
9808;6c:5a:b0:3d:73:c1;Quanser_UVS;-80;152
9809;a4:6c:2a:e0:1f:b3;LU-Events;-53;152
9810;a4:6c:2a:e0:1f:b4;Free Tbaytel WiFi;-44;152
9811;a4:6c:2a:e0:1f:b0;LU-Guest;-52;152
9812;a4:6c:2a:e0:1f:b1;LakeheadU;-52;152
9813;a4:6c:2a:e0:1f:b2;eduroam;-52;152
9814;80:e0:1d:f8:49:4b;Free Tbaytel WiFi;-86;152
9815;80:e0:1d:f8:49:4f;LU-Guest;-85;152
9816;a4:6c:2a:d4:be:30;LU-Guest;-77;152
9817;a4:6c:2a:e0:1f:bc;LU-Events;-64;152
9818;a4:6c:2a:e0:1f:bd;eduroam;-64;152
9819;a4:6c:2a:e0:1f:be;LakeheadU;-64;152
9820;a4:6c:2a:e0:1f:bf;LU-Guest;-64;152
9821;a4:6c:2a:d4:be:34;Free Tbaytel WiFi;-75;152
9822;a4:6c:2a:e0:1f:bb;Free Tbaytel WiFi;-64;152
9823;a4:6c:2a:d3:f2:81;LakeheadU;-88;153
9824;c8:d7:19:24:c6:d5;LINKSYS-750;-84;153
9825;06:56:78:d0:60:49;EBF06ED2;-77;153
9826;a4:6c:2a:d4:bb:03;LU-Events;-84;153
9827;a4:6c:2a:d4:bb:04;Free Tbaytel WiFi;-84;153
9828;a4:6c:2a:d4:bb:00;LU-Guest;-85;153
9829;a4:6c:2a:d4:bb:01;LakeheadU;-85;153
9830;a4:6c:2a:d4:bb:02;eduroam;-84;153
9831;a6:53:22:40:4f:80;eduroam;-87;153
9832;06:31:47:b2:5e:66;EBF1E5E6;-80;153
9833;a4:6c:2a:d4:bb:0d;eduroam;-90;153
9834;a4:6c:2a:d4:bb:0f;LU-Guest;-91;153
9835;a4:6c:2a:d4:bb:0b;Free Tbaytel WiFi;-90;153
9836;80:e0:1d:c1:ea:af;LU-Guest;-89;153
9837;80:e0:1d:c1:ea:ab;Free Tbaytel WiFi;-89;153
9838;80:e0:1d:c1:ea:ac;LU-Events;-90;153
9839;80:e0:1d:c1:ea:ad;eduroam;-90;153
9840;a4:6c:2a:d4:ba:53;LU-Events;-72;153
9841;a4:6c:2a:d4:ba:54;Free Tbaytel WiFi;-73;153
9842;a4:6c:2a:d4:ba:50;LU-Guest;-72;153
9843;a4:6c:2a:d4:ba:51;LakeheadU;-73;153
9844;a4:6c:2a:d4:ba:52;eduroam;-73;153
9845;80:e0:1d:c1:ea:a1;LakeheadU;-75;153
9846;80:e0:1d:c1:ea:a2;eduroam;-75;153
9847;80:e0:1d:c1:ea:a3;LU-Events;-74;153
9848;80:e0:1d:c1:ea:a4;Free Tbaytel WiFi;-75;153
9849;80:e0:1d:c1:ea:a0;LU-Guest;-74;153
9850;a4:6c:2a:d4:ba:5c;LU-Events;-78;153
9851;a4:6c:2a:d4:ba:5d;eduroam;-79;153
9852;a4:6c:2a:d4:ba:5e;LakeheadU;-78;153
9853;a4:6c:2a:d4:ba:5f;LU-Guest;-78;153
9854;a4:6c:2a:d4:ba:5b;Free Tbaytel WiFi;-79;153
9855;aa:53:22:40:4f:80;NOSMConnect;-85;153
9856;a2:53:22:40:4f:80;NOSMSecure;-85;153
9857;6c:5a:b0:3d:73:c0;Quanser_UVS-5G;-88;153
9858;a4:6c:2a:e0:1f:b3;LU-Events;-57;153
9859;a4:6c:2a:e0:1f:b4;Free Tbaytel WiFi;-62;153
9860;a4:6c:2a:e0:1f:b0;LU-Guest;-56;153
9861;a4:6c:2a:e0:1f:b1;LakeheadU;-57;153
9862;a4:6c:2a:e0:1f:b2;eduroam;-57;153
9863;80:e0:1d:f8:49:4b;Free Tbaytel WiFi;-90;153
9864;80:e0:1d:f8:49:4f;LU-Guest;-90;153
9865;a4:6c:2a:d4:be:30;LU-Guest;-74;153
9866;a4:6c:2a:e0:1f:bc;LU-Events;-64;153
9867;a4:6c:2a:e0:1f:bd;eduroam;-64;153
9868;a4:6c:2a:e0:1f:be;LakeheadU;-64;153
9869;a4:6c:2a:e0:1f:bf;LU-Guest;-64;153
9870;a4:6c:2a:e0:1f:bb;Free Tbaytel WiFi;-64;153
9871;a4:6c:2a:d3:f2:81;LakeheadU;-85;154
9872;80:e0:1d:e6:7a:51;LakeheadU;-85;154
9873;a4:6c:2a:d3:f2:80;LU-Guest;-83;154
9874;a4:6c:2a:d3:f2:83;LU-Events;-85;154
9875;a4:6c:2a:d3:f2:84;Free Tbaytel WiFi;-85;154
9876;00:42:68:59:8b:ff;LU-Guest;-86;154
9877;00:42:68:59:8b:fc;LU-Events;-87;154
9878;00:42:68:59:8b:fb;Free Tbaytel WiFi;-86;154
9879;e8:de:27:f8:06:78;TP-LINK_F80678_Xiaoping;-84;154
9880;c0:c1:c0:8e:e8:c5;unavailable;-67;154
9881;a4:6c:2a:d4:bb:03;LU-Events;-84;154
9882;a4:6c:2a:d4:bb:04;Free Tbaytel WiFi;-84;154
9883;a4:6c:2a:d4:bb:00;LU-Guest;-85;154
9884;a6:53:22:40:4f:80;eduroam;-87;154
9885;06:31:47:b2:5e:66;EBF1E5E6;-87;154
9886;a4:6c:2a:d4:bb:0e;LakeheadU;-92;154
9887;80:e0:1d:c1:ea:ae;LakeheadU;-84;154
9888;80:e0:1d:c1:ea:af;LU-Guest;-87;154
9889;80:e0:1d:c1:ea:ab;Free Tbaytel WiFi;-86;154
9890;80:e0:1d:c1:ea:ac;LU-Events;-87;154
9891;80:e0:1d:c1:ea:ad;eduroam;-88;154
9892;a4:6c:2a:d4:ba:53;LU-Events;-73;154
9893;a4:6c:2a:d4:ba:54;Free Tbaytel WiFi;-73;154
9894;a4:6c:2a:d4:ba:50;LU-Guest;-73;154
9895;a4:6c:2a:d4:ba:51;LakeheadU;-73;154
9896;a4:6c:2a:d4:ba:52;eduroam;-73;154
9897;80:e0:1d:c1:ea:a1;LakeheadU;-77;154
9898;80:e0:1d:c1:ea:a2;eduroam;-77;154
9899;80:e0:1d:c1:ea:a3;LU-Events;-76;154
9900;80:e0:1d:c1:ea:a4;Free Tbaytel WiFi;-78;154
9901;80:e0:1d:c1:ea:a0;LU-Guest;-76;154
9902;a4:6c:2a:d4:ba:5c;LU-Events;-89;154
9903;a4:6c:2a:d4:ba:5f;LU-Guest;-89;154
9904;aa:53:22:40:4f:80;NOSMConnect;-90;154
9905;00:42:68:59:8b:f1;LakeheadU;-83;154
9906;00:42:68:59:8b:f3;LU-Events;-82;154
9907;00:42:68:59:8b:f2;eduroam;-83;154
9908;00:42:68:59:8b:f4;Free Tbaytel WiFi;-81;154
9909;36:27:b9:3d:93:da;Xerox;-85;154
9910;80:e0:1d:f8:49:44;Free Tbaytel WiFi;-72;154
9911;80:e0:1d:f8:49:41;LakeheadU;-74;154
9912;80:e0:1d:f8:49:42;eduroam;-73;154
9913;80:e0:1d:f8:49:40;LU-Guest;-74;154
9914;82:f2:e0:d1:f9:74;portthru;-86;154
9915;6c:5a:b0:3d:73:c0;Quanser_UVS-5G;-82;154
9916;a4:6c:2a:e0:1f:b3;LU-Events;-60;154
9917;a4:6c:2a:e0:1f:b4;Free Tbaytel WiFi;-61;154
9918;a4:6c:2a:e0:1f:b0;LU-Guest;-61;154
9919;a4:6c:2a:e0:1f:b1;LakeheadU;-60;154
9920;a4:6c:2a:e0:1f:b2;eduroam;-60;154
9921;a4:6c:2a:e0:1f:bc;LU-Events;-72;154
9922;a4:6c:2a:e0:1f:bd;eduroam;-73;154
9923;a4:6c:2a:e0:1f:be;LakeheadU;-73;154
9924;a4:6c:2a:e0:1f:bf;LU-Guest;-74;154
9925;a4:6c:2a:d4:be:33;LU-Events;-78;154
9926;a4:6c:2a:d4:be:34;Free Tbaytel WiFi;-76;154
9927;a4:6c:2a:d4:be:31;LakeheadU;-78;154
9928;a4:6c:2a:d4:be:32;eduroam;-80;154
9929;a4:6c:2a:e0:1f:bb;Free Tbaytel WiFi;-73;154
9930;a4:6c:2a:e0:1f:b1;LakeheadU;-60;155
9931;a4:6c:2a:e0:1f:b3;LU-Events;-60;155
9932;a4:6c:2a:e0:1f:b2;eduroam;-60;155
9933;a4:6c:2a:e0:1f:b4;Free Tbaytel WiFi;-61;155
9934;a4:6c:2a:e0:1f:b0;LU-Guest;-61;155
9935;c0:c1:c0:8e:e8:c5;unavailable;-67;155
9936;a4:6c:2a:e0:1f:bc;LU-Events;-72;155
9937;80:e0:1d:f8:49:44;Free Tbaytel WiFi;-72;155
9938;a4:6c:2a:e0:1f:bb;Free Tbaytel WiFi;-73;155
9939;a4:6c:2a:e0:1f:be;LakeheadU;-73;155
9940;a4:6c:2a:e0:1f:bd;eduroam;-73;155
9941;a4:6c:2a:d4:ba:54;Free Tbaytel WiFi;-73;155
9942;a4:6c:2a:d4:ba:52;eduroam;-73;155
9943;a4:6c:2a:d4:ba:51;LakeheadU;-73;155
9944;a4:6c:2a:d4:ba:53;LU-Events;-73;155
9945;a4:6c:2a:d4:ba:50;LU-Guest;-73;155
9946;80:e0:1d:f8:49:42;eduroam;-73;155
9947;a4:6c:2a:e0:1f:bf;LU-Guest;-74;155
9948;80:e0:1d:f8:49:40;LU-Guest;-74;155
9949;80:e0:1d:f8:49:41;LakeheadU;-74;155
9950;80:e0:1d:c1:ea:a0;LU-Guest;-76;155
9951;80:e0:1d:c1:ea:a3;LU-Events;-76;155
9952;a4:6c:2a:d4:be:34;Free Tbaytel WiFi;-76;155
9953;80:e0:1d:c1:ea:a2;eduroam;-77;155
9954;80:e0:1d:c1:ea:a1;LakeheadU;-77;155
9955;80:e0:1d:c1:ea:a4;Free Tbaytel WiFi;-78;155
9956;a4:6c:2a:d4:be:31;LakeheadU;-78;155
9957;a4:6c:2a:d4:be:33;LU-Events;-78;155
9958;a4:6c:2a:d4:be:32;eduroam;-80;155
9959;00:42:68:59:8b:f4;Free Tbaytel WiFi;-81;155
9960;6c:5a:b0:3d:73:c0;Quanser_UVS-5G;-82;155
9961;00:42:68:59:8b:f3;LU-Events;-82;155
9962;00:42:68:59:8b:f1;LakeheadU;-83;155
9963;00:42:68:59:8b:f2;eduroam;-83;155
9964;a4:6c:2a:d3:f2:80;LU-Guest;-83;155
9965;a4:6c:2a:d4:bb:04;Free Tbaytel WiFi;-84;155
9966;a4:6c:2a:d4:bb:03;LU-Events;-84;155
9967;e8:de:27:f8:06:78;TP-LINK_F80678_Xiaoping;-84;155
9968;80:e0:1d:c1:ea:ae;LakeheadU;-84;155
9969;a4:6c:2a:d4:bb:00;LU-Guest;-85;155
9970;a4:6c:2a:d3:f2:81;LakeheadU;-85;155
9971;80:e0:1d:e6:7a:51;LakeheadU;-85;155
9972;36:27:b9:3d:93:da;Xerox;-85;155
9973;a4:6c:2a:d3:f2:84;Free Tbaytel WiFi;-85;155
9974;a4:6c:2a:d3:f2:83;LU-Events;-85;155
9975;80:e0:1d:c1:ea:ab;Free Tbaytel WiFi;-86;155
9976;82:f2:e0:d1:f9:74;portthru;-86;155
9977;00:42:68:59:8b:ff;LU-Guest;-86;155
9978;00:42:68:59:8b:fb;Free Tbaytel WiFi;-86;155
9979;06:31:47:b2:5e:66;EBF1E5E6;-87;155
9980;a6:53:22:40:4f:80;eduroam;-87;155
9981;80:e0:1d:c1:ea:af;LU-Guest;-87;155
9982;80:e0:1d:c1:ea:ac;LU-Events;-87;155
9983;00:42:68:59:8b:fc;LU-Events;-87;155
9984;80:e0:1d:c1:ea:ad;eduroam;-88;155
9985;a4:6c:2a:d4:ba:5c;LU-Events;-89;155
9986;a4:6c:2a:d4:ba:5f;LU-Guest;-89;155
9987;aa:53:22:40:4f:80;NOSMConnect;-90;155
9988;a4:6c:2a:d4:bb:0e;LakeheadU;-92;155
9989;80:e0:1d:c1:ea:a1;LakeheadU;-57;156
9990;80:e0:1d:c1:ea:a2;eduroam;-58;156
9991;a4:6c:2a:e0:1f:b3;LU-Events;-60;156
9992;a4:6c:2a:e0:1f:b4;Free Tbaytel WiFi;-61;156
9993;80:e0:1d:c1:ea:a0;LU-Guest;-61;156
9994;80:e0:1d:c1:ea:a3;LU-Events;-61;156
9995;c0:c1:c0:8e:e8:c5;unavailable;-61;156
9996;a4:6c:2a:e0:1f:b1;LakeheadU;-62;156
9997;a4:6c:2a:e0:1f:b0;LU-Guest;-62;156
9998;a4:6c:2a:e0:1f:b2;eduroam;-62;156
9999;80:e0:1d:c1:ea:a4;Free Tbaytel WiFi;-62;156
10000;00:42:68:59:8b:f4;Free Tbaytel WiFi;-65;156
10001;00:42:68:59:8b:f2;eduroam;-65;156
10002;00:42:68:59:8b:f0;LU-Guest;-65;156
10003;a4:6c:2a:d4:ba:54;Free Tbaytel WiFi;-66;156
10004;a4:6c:2a:d4:ba:52;eduroam;-66;156
10005;a4:6c:2a:d4:ba:53;LU-Events;-66;156
10006;a4:6c:2a:d4:ba:50;LU-Guest;-66;156
10007;a4:6c:2a:d4:ba:51;LakeheadU;-67;156
10008;a4:6c:2a:d4:ba:5c;LU-Events;-70;156
10009;a4:6c:2a:d4:ba:5f;LU-Guest;-70;156
10010;a4:6c:2a:d4:ba:5b;Free Tbaytel WiFi;-70;156
10011;a4:6c:2a:d4:ba:5d;eduroam;-70;156
10012;a4:6c:2a:e0:1f:bb;Free Tbaytel WiFi;-71;156
10013;a4:6c:2a:e0:1f:be;LakeheadU;-71;156
10014;a4:6c:2a:e0:1f:bc;LU-Events;-71;156
10015;a4:6c:2a:e0:1f:bf;LU-Guest;-71;156
10016;a4:6c:2a:e0:1f:bd;eduroam;-71;156
10017;a4:6c:2a:d4:ba:5e;LakeheadU;-71;156
10018;a4:6c:2a:d4:be:32;eduroam;-72;156
10019;a4:6c:2a:d4:be:30;LU-Guest;-73;156
10020;80:e0:1d:c1:ea:ac;LU-Events;-77;156
10021;80:e0:1d:c1:ea:ae;LakeheadU;-77;156
10022;6c:5a:b0:3d:73:c1;Quanser_UVS;-77;156
10023;80:e0:1d:c1:ea:af;LU-Guest;-78;156
10024;80:e0:1d:c1:ea:ab;Free Tbaytel WiFi;-78;156
10025;80:e0:1d:c1:ea:ad;eduroam;-78;156
10026;80:e0:1d:f8:49:42;eduroam;-80;156
10027;80:e0:1d:f8:49:41;LakeheadU;-80;156
10028;00:42:68:59:8b:ff;LU-Guest;-81;156
10029;00:42:68:59:8b:fb;Free Tbaytel WiFi;-81;156
10030;80:e0:1d:f8:49:43;LU-Events;-81;156
10031;00:42:68:59:8b:fd;eduroam;-81;156
10032;80:e0:1d:f8:49:40;LU-Guest;-82;156
10033;00:42:68:59:8b:fc;LU-Events;-82;156
10034;00:42:68:59:8b:fe;LakeheadU;-82;156
10035;80:e0:1d:f8:49:44;Free Tbaytel WiFi;-83;156
10036;ca:5a:b0:3d:73:c3;;-84;156
10037;a4:6c:2a:d4:bb:03;LU-Events;-85;156
10038;80:e0:1d:e6:7b:33;LU-Events;-87;156
10039;a4:6c:2a:d4:bb:01;LakeheadU;-87;156
10040;aa:53:22:40:4f:80;NOSMConnect;-88;156
10041;82:f2:e0:d1:f9:74;portthru;-88;156
10042;6c:5a:b0:3d:73:c0;Quanser_UVS-5G;-89;156
10043;80:e0:1d:e6:7b:31;LakeheadU;-89;156
10044;80:e0:1d:f8:49:4d;eduroam;-90;156
10045;a4:6c:2a:d4:be:3e;LakeheadU;-90;156
10046;a4:6c:2a:d4:be:3c;LU-Events;-90;156
10047;36:27:b9:3d:93:da;Xerox;-91;156
10048;a4:6c:2a:d4:bb:0e;LakeheadU;-91;156
10049;80:e0:1d:f8:49:4b;Free Tbaytel WiFi;-91;156
10050;c0:c1:c0:8e:e8:c5;unavailable;-67;157
10051;a6:53:22:40:4f:80;eduroam;-79;157
10052;a4:6c:2a:d4:ba:53;LU-Events;-66;157
10053;a4:6c:2a:d4:ba:54;Free Tbaytel WiFi;-65;157
10054;a4:6c:2a:d4:ba:50;LU-Guest;-65;157
10055;a4:6c:2a:d4:ba:51;LakeheadU;-65;157
10056;a4:6c:2a:d4:ba:52;eduroam;-65;157
10057;a4:6c:2a:d4:ba:5c;LU-Events;-62;157
10058;a4:6c:2a:d4:ba:5d;eduroam;-62;157
10059;a4:6c:2a:d4:ba:5e;LakeheadU;-62;157
10060;a4:6c:2a:d4:ba:5f;LU-Guest;-64;157
10061;a4:6c:2a:d4:ba:5b;Free Tbaytel WiFi;-64;157
10062;aa:53:22:40:4f:80;NOSMConnect;-82;157
10063;a4:6c:2a:d4:be:30;LU-Guest;-75;157
10064;a4:6c:2a:d4:be:32;eduroam;-72;157
10065;00:42:68:59:8b:ff;LU-Guest;-76;157
10066;00:42:68:59:8b:fc;LU-Events;-75;157
10067;00:42:68:59:8b:fb;Free Tbaytel WiFi;-75;157
10068;00:42:68:59:8b:fe;LakeheadU;-75;157
10069;00:42:68:59:8b:fd;eduroam;-75;157
10070;e8:de:27:f8:06:78;TP-LINK_F80678_Xiaoping;-87;157
10071;06:56:78:d0:60:49;EBF06ED2;-78;157
10072;a4:6c:2a:d4:bb:03;LU-Events;-88;157
10073;a4:6c:2a:d4:bb:04;Free Tbaytel WiFi;-86;157
10074;9c:53:22:40:4f:80;TBAYTech;-81;157
10075;80:e0:1d:c1:ea:ae;LakeheadU;-78;157
10076;80:e0:1d:c1:ea:af;LU-Guest;-78;157
10077;80:e0:1d:c1:ea:ab;Free Tbaytel WiFi;-78;157
10078;80:e0:1d:c1:ea:ac;LU-Events;-78;157
10079;80:e0:1d:c1:ea:ad;eduroam;-78;157
10080;80:e0:1d:c1:ea:a1;LakeheadU;-62;157
10081;80:e0:1d:c1:ea:a2;eduroam;-63;157
10082;80:e0:1d:c1:ea:a3;LU-Events;-63;157
10083;80:e0:1d:c1:ea:a4;Free Tbaytel WiFi;-63;157
10084;80:e0:1d:c1:ea:a0;LU-Guest;-63;157
10085;00:42:68:59:8b:f1;LakeheadU;-73;157
10086;00:42:68:59:8b:f0;LU-Guest;-72;157
10087;00:42:68:59:8b:f2;eduroam;-70;157
10088;00:42:68:59:8b:f4;Free Tbaytel WiFi;-72;157
10089;a2:53:22:40:4f:80;NOSMSecure;-79;157
10090;80:e0:1d:f8:49:43;LU-Events;-79;157
10091;80:e0:1d:f8:49:44;Free Tbaytel WiFi;-80;157
10092;80:e0:1d:f8:49:41;LakeheadU;-80;157
10093;80:e0:1d:f8:49:40;LU-Guest;-80;157
10094;82:f2:e0:d1:f9:74;portthru;-90;157
10095;a4:6c:2a:e0:1f:b3;LU-Events;-62;157
10096;a4:6c:2a:e0:1f:b4;Free Tbaytel WiFi;-62;157
10097;a4:6c:2a:e0:1f:b0;LU-Guest;-62;157
10098;a4:6c:2a:e0:1f:b1;LakeheadU;-62;157
10099;a4:6c:2a:e0:1f:b2;eduroam;-61;157
10100;80:e0:1d:f8:49:4c;LU-Events;-88;157
10101;a4:6c:2a:e0:1f:bc;LU-Events;-70;157
10102;a4:6c:2a:e0:1f:bd;eduroam;-70;157
10103;a4:6c:2a:e0:1f:be;LakeheadU;-70;157
10104;a4:6c:2a:e0:1f:bf;LU-Guest;-70;157
10105;a4:6c:2a:e0:1f:bb;Free Tbaytel WiFi;-70;157
10106;c0:c1:c0:8e:e8:c5;unavailable;-67;158
10107;a6:53:22:40:4f:80;eduroam;-79;158
10108;a4:6c:2a:d4:ba:53;LU-Events;-66;158
10109;a4:6c:2a:d4:ba:54;Free Tbaytel WiFi;-65;158
10110;a4:6c:2a:d4:ba:50;LU-Guest;-65;158
10111;a4:6c:2a:d4:ba:51;LakeheadU;-65;158
10112;a4:6c:2a:d4:ba:52;eduroam;-65;158
10113;a4:6c:2a:d4:ba:5c;LU-Events;-62;158
10114;a4:6c:2a:d4:ba:5d;eduroam;-62;158
10115;a4:6c:2a:d4:ba:5e;LakeheadU;-62;158
10116;a4:6c:2a:d4:ba:5f;LU-Guest;-64;158
10117;a4:6c:2a:d4:ba:5b;Free Tbaytel WiFi;-64;158
10118;aa:53:22:40:4f:80;NOSMConnect;-82;158
10119;a4:6c:2a:d4:be:30;LU-Guest;-75;158
10120;a4:6c:2a:d4:be:32;eduroam;-72;158
10121;00:42:68:59:8b:ff;LU-Guest;-76;158
10122;00:42:68:59:8b:fc;LU-Events;-75;158
10123;00:42:68:59:8b:fb;Free Tbaytel WiFi;-75;158
10124;00:42:68:59:8b:fe;LakeheadU;-75;158
10125;00:42:68:59:8b:fd;eduroam;-75;158
10126;e8:de:27:f8:06:78;TP-LINK_F80678_Xiaoping;-87;158
10127;06:56:78:d0:60:49;EBF06ED2;-78;158
10128;a4:6c:2a:d4:bb:03;LU-Events;-88;158
10129;a4:6c:2a:d4:bb:04;Free Tbaytel WiFi;-86;158
10130;9c:53:22:40:4f:80;TBAYTech;-81;158
10131;80:e0:1d:c1:ea:ae;LakeheadU;-78;158
10132;80:e0:1d:c1:ea:af;LU-Guest;-78;158
10133;80:e0:1d:c1:ea:ab;Free Tbaytel WiFi;-78;158
10134;80:e0:1d:c1:ea:ac;LU-Events;-78;158
10135;80:e0:1d:c1:ea:ad;eduroam;-78;158
10136;80:e0:1d:c1:ea:a1;LakeheadU;-62;158
10137;80:e0:1d:c1:ea:a2;eduroam;-63;158
10138;80:e0:1d:c1:ea:a3;LU-Events;-63;158
10139;80:e0:1d:c1:ea:a4;Free Tbaytel WiFi;-63;158
10140;80:e0:1d:c1:ea:a0;LU-Guest;-63;158
10141;00:42:68:59:8b:f1;LakeheadU;-73;158
10142;00:42:68:59:8b:f0;LU-Guest;-72;158
10143;00:42:68:59:8b:f2;eduroam;-70;158
10144;00:42:68:59:8b:f4;Free Tbaytel WiFi;-72;158
10145;a2:53:22:40:4f:80;NOSMSecure;-79;158
10146;80:e0:1d:f8:49:43;LU-Events;-79;158
10147;80:e0:1d:f8:49:44;Free Tbaytel WiFi;-80;158
10148;80:e0:1d:f8:49:41;LakeheadU;-80;158
10149;80:e0:1d:f8:49:40;LU-Guest;-80;158
10150;82:f2:e0:d1:f9:74;portthru;-90;158
10151;a4:6c:2a:e0:1f:b3;LU-Events;-62;158
10152;a4:6c:2a:e0:1f:b4;Free Tbaytel WiFi;-62;158
10153;a4:6c:2a:e0:1f:b0;LU-Guest;-62;158
10154;a4:6c:2a:e0:1f:b1;LakeheadU;-62;158
10155;a4:6c:2a:e0:1f:b2;eduroam;-61;158
10156;80:e0:1d:f8:49:4c;LU-Events;-88;158
10157;a4:6c:2a:e0:1f:bc;LU-Events;-70;158
10158;a4:6c:2a:e0:1f:bd;eduroam;-70;158
10159;a4:6c:2a:e0:1f:be;LakeheadU;-70;158
10160;a4:6c:2a:e0:1f:bf;LU-Guest;-70;158
10161;a4:6c:2a:e0:1f:bb;Free Tbaytel WiFi;-70;158
10162;a4:6c:2a:e0:1f:b2;eduroam;-61;159
10163;a4:6c:2a:e0:1f:b4;Free Tbaytel WiFi;-62;159
10164;a4:6c:2a:e0:1f:b1;LakeheadU;-62;159
10165;a4:6c:2a:e0:1f:b3;LU-Events;-62;159
10166;a4:6c:2a:e0:1f:b0;LU-Guest;-62;159
10167;a4:6c:2a:d4:ba:5c;LU-Events;-62;159
10168;80:e0:1d:c1:ea:a1;LakeheadU;-62;159
10169;a4:6c:2a:d4:ba:5d;eduroam;-62;159
10170;a4:6c:2a:d4:ba:5e;LakeheadU;-62;159
10171;80:e0:1d:c1:ea:a4;Free Tbaytel WiFi;-63;159
10172;80:e0:1d:c1:ea:a0;LU-Guest;-63;159
10173;80:e0:1d:c1:ea:a2;eduroam;-63;159
10174;80:e0:1d:c1:ea:a3;LU-Events;-63;159
10175;a4:6c:2a:d4:ba:5f;LU-Guest;-64;159
10176;a4:6c:2a:d4:ba:5b;Free Tbaytel WiFi;-64;159
10177;a4:6c:2a:d4:ba:54;Free Tbaytel WiFi;-65;159
10178;a4:6c:2a:d4:ba:52;eduroam;-65;159
10179;a4:6c:2a:d4:ba:51;LakeheadU;-65;159
10180;a4:6c:2a:d4:ba:50;LU-Guest;-65;159
10181;a4:6c:2a:d4:ba:53;LU-Events;-66;159
10182;c0:c1:c0:8e:e8:c5;unavailable;-67;159
10183;a4:6c:2a:e0:1f:bb;Free Tbaytel WiFi;-70;159
10184;a4:6c:2a:e0:1f:be;LakeheadU;-70;159
10185;a4:6c:2a:e0:1f:bc;LU-Events;-70;159
10186;a4:6c:2a:e0:1f:bf;LU-Guest;-70;159
10187;a4:6c:2a:e0:1f:bd;eduroam;-70;159
10188;00:42:68:59:8b:f2;eduroam;-70;159
10189;00:42:68:59:8b:f4;Free Tbaytel WiFi;-72;159
10190;a4:6c:2a:d4:be:32;eduroam;-72;159
10191;00:42:68:59:8b:f0;LU-Guest;-72;159
10192;00:42:68:59:8b:f1;LakeheadU;-73;159
10193;00:42:68:59:8b:fc;LU-Events;-75;159
10194;00:42:68:59:8b:fb;Free Tbaytel WiFi;-75;159
10195;a4:6c:2a:d4:be:30;LU-Guest;-75;159
10196;00:42:68:59:8b:fd;eduroam;-75;159
10197;00:42:68:59:8b:fe;LakeheadU;-75;159
10198;00:42:68:59:8b:ff;LU-Guest;-76;159
10199;80:e0:1d:c1:ea:af;LU-Guest;-78;159
10200;80:e0:1d:c1:ea:ab;Free Tbaytel WiFi;-78;159
10201;80:e0:1d:c1:ea:ac;LU-Events;-78;159
10202;80:e0:1d:c1:ea:ad;eduroam;-78;159
10203;80:e0:1d:c1:ea:ae;LakeheadU;-78;159
10204;06:56:78:d0:60:49;EBF06ED2;-78;159
10205;80:e0:1d:f8:49:43;LU-Events;-79;159
10206;a2:53:22:40:4f:80;NOSMSecure;-79;159
10207;a6:53:22:40:4f:80;eduroam;-79;159
10208;80:e0:1d:f8:49:40;LU-Guest;-80;159
10209;80:e0:1d:f8:49:44;Free Tbaytel WiFi;-80;159
10210;80:e0:1d:f8:49:41;LakeheadU;-80;159
10211;9c:53:22:40:4f:80;TBAYTech;-81;159
10212;aa:53:22:40:4f:80;NOSMConnect;-82;159
10213;a4:6c:2a:d4:bb:04;Free Tbaytel WiFi;-86;159
10214;e8:de:27:f8:06:78;TP-LINK_F80678_Xiaoping;-87;159
10215;a4:6c:2a:d4:bb:03;LU-Events;-88;159
10216;80:e0:1d:f8:49:4c;LU-Events;-88;159
10217;82:f2:e0:d1:f9:74;portthru;-90;159
10218;ae:53:22:40:4f:80;NOSMConnect24;-91;160
10219;80:e0:1d:e6:7b:30;LU-Guest;-79;160
10220;80:e0:1d:e6:7b:32;eduroam;-76;160
10221;80:e0:1d:e6:7b:31;LakeheadU;-77;160
10222;80:e0:1d:e6:7b:34;Free Tbaytel WiFi;-77;160
10223;80:e0:1d:e6:7b:33;LU-Events;-77;160
10224;80:e0:1d:e6:7b:3c;LU-Events;-89;160
10225;80:e0:1d:e6:7b:3f;LU-Guest;-90;160
10226;80:e0:1d:e6:7b:3b;Free Tbaytel WiFi;-89;160
10227;a4:6c:2a:e0:20:00;LU-Guest;-80;160
10228;a4:6c:2a:e0:20:02;eduroam;-80;160
10229;c0:c1:c0:8e:e8:c5;unavailable;-65;160
10230;a4:6c:2a:e0:20:0f;LU-Guest;-89;160
10231;a4:6c:2a:e0:20:0b;Free Tbaytel WiFi;-89;160
10232;a4:6c:2a:e0:20:0d;eduroam;-89;160
10233;7e:a7:b0:c5:e9:67;DIRECT-cfLexmark Cheetah M-67e9;-85;160
10234;a6:53:22:40:4f:80;eduroam;-89;160
10235;a4:6c:2a:d4:ba:53;LU-Events;-44;160
10236;a4:6c:2a:d4:ba:54;Free Tbaytel WiFi;-44;160
10237;a4:6c:2a:d4:ba:50;LU-Guest;-44;160
10238;a4:6c:2a:d4:ba:51;LakeheadU;-44;160
10239;a4:6c:2a:d4:ba:52;eduroam;-44;160
10240;a4:6c:2a:d4:ba:5c;LU-Events;-55;160
10241;a4:6c:2a:d4:ba:5d;eduroam;-55;160
10242;a4:6c:2a:d4:ba:5e;LakeheadU;-56;160
10243;a4:6c:2a:d4:ba:5f;LU-Guest;-55;160
10244;a4:6c:2a:d4:ba:5b;Free Tbaytel WiFi;-55;160
10245;aa:53:22:40:4f:80;NOSMConnect;-90;160
10246;9c:53:22:40:4e:04;TBAYTech;-91;160
10247;a4:6c:2a:d4:be:30;LU-Guest;-85;160
10248;a4:6c:2a:d4:be:33;LU-Events;-86;160
10249;00:42:68:59:8b:ff;LU-Guest;-79;160
10250;00:42:68:59:8b:fc;LU-Events;-79;160
10251;00:42:68:59:8b:fb;Free Tbaytel WiFi;-79;160
10252;00:42:68:59:8b:fe;LakeheadU;-79;160
10253;00:42:68:59:8b:fd;eduroam;-80;160
10254;d8:b1:90:df:9f:e3;LU-Events;-87;160
10255;06:56:78:d0:60:49;EBF06ED2;-74;160
10256;ae:53:22:40:4e:04;NOSMConnect24;-91;160
10257;ba:5a:b0:3d:73:b1;;-90;160
10258;80:e0:1d:c1:ea:a1;LakeheadU;-74;160
10259;80:e0:1d:c1:ea:a2;eduroam;-74;160
10260;80:e0:1d:c1:ea:a3;LU-Events;-74;160
10261;80:e0:1d:c1:ea:a4;Free Tbaytel WiFi;-75;160
10262;80:e0:1d:c1:ea:a0;LU-Guest;-75;160
10263;80:e0:1d:ee:3f:63;Free Tbaytel WiFi;-83;160
10264;80:e0:1d:ee:3f:61;LU-Guest;-83;160
10265;00:42:68:59:8b:f0;LU-Guest;-69;160
10266;00:42:68:59:8b:f3;LU-Events;-67;160
10267;00:42:68:59:8b:f2;eduroam;-71;160
10268;00:42:68:59:8b:f4;Free Tbaytel WiFi;-70;160
10269;6c:5a:b0:3d:73:bf;Quanser_UVS-5G;-89;160
10270;80:e0:1d:f8:49:43;LU-Events;-84;160
10271;80:e0:1d:f8:49:44;Free Tbaytel WiFi;-83;160
10272;80:e0:1d:f8:49:40;LU-Guest;-84;160
10273;82:f2:e0:d1:f9:74;portthru;-88;160
10274;6c:5a:b0:3d:73:c0;Quanser_UVS-5G;-80;160
10275;6c:5a:b0:3d:73:c1;Quanser_UVS;-72;160
10276;a4:6c:2a:e0:1f:b3;LU-Events;-68;160
10277;a4:6c:2a:e0:1f:b4;Free Tbaytel WiFi;-68;160
10278;a4:6c:2a:e0:1f:b0;LU-Guest;-68;160
10279;a4:6c:2a:e0:1f:b1;LakeheadU;-68;160
10280;a4:6c:2a:e0:1f:b2;eduroam;-67;160
10281;a4:6c:2a:e0:1f:bc;LU-Events;-74;160
10282;a4:6c:2a:e0:1f:bd;eduroam;-75;160
10283;a4:6c:2a:e0:1f:be;LakeheadU;-74;160
10284;a4:6c:2a:e0:1f:bf;LU-Guest;-75;160
10285;a4:6c:2a:e0:1f:bb;Free Tbaytel WiFi;-75;160
10286;ae:53:22:40:4f:80;NOSMConnect24;-91;161
10287;80:e0:1d:e6:7b:30;LU-Guest;-79;161
10288;80:e0:1d:e6:7b:32;eduroam;-76;161
10289;80:e0:1d:e6:7b:31;LakeheadU;-77;161
10290;80:e0:1d:e6:7b:34;Free Tbaytel WiFi;-77;161
10291;80:e0:1d:e6:7b:33;LU-Events;-77;161
10292;80:e0:1d:e6:7b:3c;LU-Events;-89;161
10293;80:e0:1d:e6:7b:3f;LU-Guest;-90;161
10294;80:e0:1d:e6:7b:3b;Free Tbaytel WiFi;-89;161
10295;a4:6c:2a:e0:20:00;LU-Guest;-80;161
10296;a4:6c:2a:e0:20:02;eduroam;-80;161
10297;c0:c1:c0:8e:e8:c5;unavailable;-65;161
10298;a4:6c:2a:e0:20:0f;LU-Guest;-89;161
10299;a4:6c:2a:e0:20:0b;Free Tbaytel WiFi;-89;161
10300;a4:6c:2a:e0:20:0d;eduroam;-89;161
10301;7e:a7:b0:c5:e9:67;DIRECT-cfLexmark Cheetah M-67e9;-85;161
10302;a6:53:22:40:4f:80;eduroam;-89;161
10303;a4:6c:2a:d4:ba:53;LU-Events;-44;161
10304;a4:6c:2a:d4:ba:54;Free Tbaytel WiFi;-44;161
10305;a4:6c:2a:d4:ba:50;LU-Guest;-44;161
10306;a4:6c:2a:d4:ba:51;LakeheadU;-44;161
10307;a4:6c:2a:d4:ba:52;eduroam;-44;161
10308;a4:6c:2a:d4:ba:5c;LU-Events;-55;161
10309;a4:6c:2a:d4:ba:5d;eduroam;-55;161
10310;a4:6c:2a:d4:ba:5e;LakeheadU;-56;161
10311;a4:6c:2a:d4:ba:5f;LU-Guest;-55;161
10312;a4:6c:2a:d4:ba:5b;Free Tbaytel WiFi;-55;161
10313;aa:53:22:40:4f:80;NOSMConnect;-90;161
10314;9c:53:22:40:4e:04;TBAYTech;-91;161
10315;a4:6c:2a:d4:be:30;LU-Guest;-85;161
10316;a4:6c:2a:d4:be:33;LU-Events;-86;161
10317;00:42:68:59:8b:ff;LU-Guest;-79;161
10318;00:42:68:59:8b:fc;LU-Events;-79;161
10319;00:42:68:59:8b:fb;Free Tbaytel WiFi;-79;161
10320;00:42:68:59:8b:fe;LakeheadU;-79;161
10321;00:42:68:59:8b:fd;eduroam;-80;161
10322;d8:b1:90:df:9f:e3;LU-Events;-87;161
10323;06:56:78:d0:60:49;EBF06ED2;-74;161
10324;ae:53:22:40:4e:04;NOSMConnect24;-91;161
10325;ba:5a:b0:3d:73:b1;;-90;161
10326;80:e0:1d:c1:ea:a1;LakeheadU;-74;161
10327;80:e0:1d:c1:ea:a2;eduroam;-74;161
10328;80:e0:1d:c1:ea:a3;LU-Events;-74;161
10329;80:e0:1d:c1:ea:a4;Free Tbaytel WiFi;-75;161
10330;80:e0:1d:c1:ea:a0;LU-Guest;-75;161
10331;80:e0:1d:ee:3f:63;Free Tbaytel WiFi;-83;161
10332;80:e0:1d:ee:3f:61;LU-Guest;-83;161
10333;00:42:68:59:8b:f0;LU-Guest;-69;161
10334;00:42:68:59:8b:f3;LU-Events;-67;161
10335;00:42:68:59:8b:f2;eduroam;-71;161
10336;00:42:68:59:8b:f4;Free Tbaytel WiFi;-70;161
10337;6c:5a:b0:3d:73:bf;Quanser_UVS-5G;-89;161
10338;80:e0:1d:f8:49:43;LU-Events;-84;161
10339;80:e0:1d:f8:49:44;Free Tbaytel WiFi;-83;161
10340;80:e0:1d:f8:49:40;LU-Guest;-84;161
10341;82:f2:e0:d1:f9:74;portthru;-88;161
10342;6c:5a:b0:3d:73:c0;Quanser_UVS-5G;-80;161
10343;6c:5a:b0:3d:73:c1;Quanser_UVS;-72;161
10344;a4:6c:2a:e0:1f:b3;LU-Events;-68;161
10345;a4:6c:2a:e0:1f:b4;Free Tbaytel WiFi;-68;161
10346;a4:6c:2a:e0:1f:b0;LU-Guest;-68;161
10347;a4:6c:2a:e0:1f:b1;LakeheadU;-68;161
10348;a4:6c:2a:e0:1f:b2;eduroam;-67;161
10349;a4:6c:2a:e0:1f:bc;LU-Events;-74;161
10350;a4:6c:2a:e0:1f:bd;eduroam;-75;161
10351;a4:6c:2a:e0:1f:be;LakeheadU;-74;161
10352;a4:6c:2a:e0:1f:bf;LU-Guest;-75;161
10353;a4:6c:2a:e0:1f:bb;Free Tbaytel WiFi;-75;161
10354;ae:53:22:40:4f:80;NOSMConnect24;-91;162
10355;80:e0:1d:e6:7b:30;LU-Guest;-79;162
10356;80:e0:1d:e6:7b:32;eduroam;-76;162
10357;80:e0:1d:e6:7b:31;LakeheadU;-77;162
10358;80:e0:1d:e6:7b:34;Free Tbaytel WiFi;-77;162
10359;80:e0:1d:e6:7b:33;LU-Events;-77;162
10360;80:e0:1d:e6:7b:3c;LU-Events;-89;162
10361;80:e0:1d:e6:7b:3f;LU-Guest;-90;162
10362;80:e0:1d:e6:7b:3b;Free Tbaytel WiFi;-89;162
10363;a4:6c:2a:e0:20:00;LU-Guest;-80;162
10364;a4:6c:2a:e0:20:02;eduroam;-80;162
10365;c0:c1:c0:8e:e8:c5;unavailable;-65;162
10366;a4:6c:2a:e0:20:0f;LU-Guest;-89;162
10367;a4:6c:2a:e0:20:0b;Free Tbaytel WiFi;-89;162
10368;a4:6c:2a:e0:20:0d;eduroam;-89;162
10369;7e:a7:b0:c5:e9:67;DIRECT-cfLexmark Cheetah M-67e9;-85;162
10370;a6:53:22:40:4f:80;eduroam;-89;162
10371;a4:6c:2a:d4:ba:53;LU-Events;-44;162
10372;a4:6c:2a:d4:ba:54;Free Tbaytel WiFi;-44;162
10373;a4:6c:2a:d4:ba:50;LU-Guest;-44;162
10374;a4:6c:2a:d4:ba:51;LakeheadU;-44;162
10375;a4:6c:2a:d4:ba:52;eduroam;-44;162
10376;a4:6c:2a:d4:ba:5c;LU-Events;-55;162
10377;a4:6c:2a:d4:ba:5d;eduroam;-55;162
10378;a4:6c:2a:d4:ba:5e;LakeheadU;-56;162
10379;a4:6c:2a:d4:ba:5f;LU-Guest;-55;162
10380;a4:6c:2a:d4:ba:5b;Free Tbaytel WiFi;-55;162
10381;aa:53:22:40:4f:80;NOSMConnect;-90;162
10382;9c:53:22:40:4e:04;TBAYTech;-91;162
10383;a4:6c:2a:d4:be:30;LU-Guest;-85;162
10384;a4:6c:2a:d4:be:33;LU-Events;-86;162
10385;00:42:68:59:8b:ff;LU-Guest;-79;162
10386;00:42:68:59:8b:fc;LU-Events;-79;162
10387;00:42:68:59:8b:fb;Free Tbaytel WiFi;-79;162
10388;00:42:68:59:8b:fe;LakeheadU;-79;162
10389;00:42:68:59:8b:fd;eduroam;-80;162
10390;d8:b1:90:df:9f:e3;LU-Events;-87;162
10391;06:56:78:d0:60:49;EBF06ED2;-74;162
10392;ae:53:22:40:4e:04;NOSMConnect24;-91;162
10393;ba:5a:b0:3d:73:b1;;-90;162
10394;80:e0:1d:c1:ea:a1;LakeheadU;-74;162
10395;80:e0:1d:c1:ea:a2;eduroam;-74;162
10396;80:e0:1d:c1:ea:a3;LU-Events;-74;162
10397;80:e0:1d:c1:ea:a4;Free Tbaytel WiFi;-75;162
10398;80:e0:1d:c1:ea:a0;LU-Guest;-75;162
10399;80:e0:1d:ee:3f:63;Free Tbaytel WiFi;-83;162
10400;80:e0:1d:ee:3f:61;LU-Guest;-83;162
10401;00:42:68:59:8b:f0;LU-Guest;-69;162
10402;00:42:68:59:8b:f3;LU-Events;-67;162
10403;00:42:68:59:8b:f2;eduroam;-71;162
10404;00:42:68:59:8b:f4;Free Tbaytel WiFi;-70;162
10405;6c:5a:b0:3d:73:bf;Quanser_UVS-5G;-89;162
10406;80:e0:1d:f8:49:43;LU-Events;-84;162
10407;80:e0:1d:f8:49:44;Free Tbaytel WiFi;-83;162
10408;80:e0:1d:f8:49:40;LU-Guest;-84;162
10409;82:f2:e0:d1:f9:74;portthru;-88;162
10410;6c:5a:b0:3d:73:c0;Quanser_UVS-5G;-80;162
10411;6c:5a:b0:3d:73:c1;Quanser_UVS;-72;162
10412;a4:6c:2a:e0:1f:b3;LU-Events;-68;162
10413;a4:6c:2a:e0:1f:b4;Free Tbaytel WiFi;-68;162
10414;a4:6c:2a:e0:1f:b0;LU-Guest;-68;162
10415;a4:6c:2a:e0:1f:b1;LakeheadU;-68;162
10416;a4:6c:2a:e0:1f:b2;eduroam;-67;162
10417;a4:6c:2a:e0:1f:bc;LU-Events;-74;162
10418;a4:6c:2a:e0:1f:bd;eduroam;-75;162
10419;a4:6c:2a:e0:1f:be;LakeheadU;-74;162
10420;a4:6c:2a:e0:1f:bf;LU-Guest;-75;162
10421;a4:6c:2a:e0:1f:bb;Free Tbaytel WiFi;-75;162
10422;80:e0:1d:e6:7b:32;eduroam;-75;163
10423;80:e0:1d:e6:7b:31;LakeheadU;-75;163
10424;80:e0:1d:e6:7b:34;Free Tbaytel WiFi;-75;163
10425;80:e0:1d:e6:7b:33;LU-Events;-74;163
10426;80:e0:1d:e6:7b:3b;Free Tbaytel WiFi;-86;163
10427;a4:6c:2a:e0:20:01;LakeheadU;-78;163
10428;00:1f:33:bd:d5:34;Lab1012;-83;163
10429;c0:c1:c0:8e:e8:c5;unavailable;-63;163
10430;a4:6c:2a:e0:20:0f;LU-Guest;-85;163
10431;a4:6c:2a:e0:20:0c;LU-Events;-85;163
10432;a4:6c:2a:e0:20:0b;Free Tbaytel WiFi;-85;163
10433;a4:6c:2a:e0:20:0e;LakeheadU;-85;163
10434;a4:6c:2a:e0:20:0d;eduroam;-85;163
10435;7e:a7:b0:c5:e9:67;DIRECT-cfLexmark Cheetah M-67e9;-83;163
10436;80:e0:1d:ee:40:50;LU-Guest;-83;163
10437;a6:d7:3c:91:f4:6a;DIRECT-1E4P4AT2020-EPL530UGUtE;-88;163
10438;80:e0:1d:ee:40:5b;Free Tbaytel WiFi;-89;163
10439;80:e0:1d:ee:40:5f;LU-Guest;-90;163
10440;a4:6c:2a:d4:ba:53;LU-Events;-40;163
10441;a4:6c:2a:d4:ba:54;Free Tbaytel WiFi;-40;163
10442;a4:6c:2a:d4:ba:50;LU-Guest;-37;163
10443;a4:6c:2a:d4:ba:51;LakeheadU;-41;163
10444;a4:6c:2a:d4:ba:52;eduroam;-37;163
10445;a4:6c:2a:d4:ba:5c;LU-Events;-49;163
10446;a4:6c:2a:d4:ba:5d;eduroam;-48;163
10447;a4:6c:2a:d4:ba:5e;LakeheadU;-49;163
10448;a4:6c:2a:d4:ba:5f;LU-Guest;-48;163
10449;a4:6c:2a:d4:ba:5b;Free Tbaytel WiFi;-48;163
10450;00:42:68:59:8b:ff;LU-Guest;-82;163
10451;00:42:68:59:8b:fc;LU-Events;-82;163
10452;00:42:68:59:8b:fb;Free Tbaytel WiFi;-83;163
10453;00:42:68:59:8b:fe;LakeheadU;-79;163
10454;00:42:68:59:8b:fd;eduroam;-83;163
10455;ca:5a:b0:3d:73:c3;;-72;163
10456;a4:6c:2a:d4:bb:04;Free Tbaytel WiFi;-86;163
10457;80:e0:1d:c1:ea:a4;Free Tbaytel WiFi;-81;163
10458;80:e0:1d:c1:ea:a0;LU-Guest;-80;163
10459;80:e0:1d:ee:3f:63;Free Tbaytel WiFi;-78;163
10460;a4:6c:2a:d4:bf:1d;eduroam;-87;163
10461;a4:6c:2a:d4:bf:1e;LakeheadU;-86;163
10462;00:42:68:59:8b:f1;LakeheadU;-73;163
10463;00:42:68:59:8b:f4;Free Tbaytel WiFi;-77;163
10464;6c:5a:b0:3d:73:bf;Quanser_UVS-5G;-90;163
10465;80:e0:1d:f8:49:43;LU-Events;-86;163
10466;6c:5a:b0:3d:73:c0;Quanser_UVS-5G;-77;163
10467;6c:5a:b0:3d:73:c1;Quanser_UVS;-72;163
10468;a4:6c:2a:e0:1f:b4;Free Tbaytel WiFi;-72;163
10469;a4:6c:2a:e0:1f:b1;LakeheadU;-73;163
10470;a4:6c:2a:e0:1f:b2;eduroam;-77;163
10471;a4:6c:2a:d4:bf:12;eduroam;-76;163
10472;a4:6c:2a:d4:bf:13;LU-Events;-77;163
10473;a4:6c:2a:d4:bf:11;LakeheadU;-77;163
10474;a4:6c:2a:e0:1f:bc;LU-Events;-80;163
10475;a4:6c:2a:e0:1f:bd;eduroam;-81;163
10476;a4:6c:2a:e0:1f:be;LakeheadU;-80;163
10477;a4:6c:2a:e0:1f:bf;LU-Guest;-81;163
10478;a4:6c:2a:e0:1f:bb;Free Tbaytel WiFi;-80;163