id;BSSID;SSID;AvgRSSI;LocationID
272;a4:6c:2a:d4:bf:1d;eduroam;-47;7
273;a4:6c:2a:d4:bf:14;Free Tbaytel WiFi;-51;7
274;a4:6c:2a:d4:bf:10;LU-Guest;-52;7
275;a4:6c:2a:d4:bf:12;eduroam;-52;7
276;a4:6c:2a:d4:bf:1f;LU-Guest;-52;7
277;a4:6c:2a:d4:bf:1b;Free Tbaytel WiFi;-52;7
278;a4:6c:2a:d4:bf:11;LakeheadU;-53;7
279;a4:6c:2a:d4:bf:13;LU-Events;-53;7
280;a4:6c:2a:d4:bf:1e;LakeheadU;-53;7
281;00:42:68:59:8b:f0;LU-Guest;-64;7
282;00:42:68:59:8b:f2;eduroam;-64;7
283;00:42:68:59:8b:f1;LakeheadU;-65;7
284;00:42:68:59:8b:f4;Free Tbaytel WiFi;-65;7
285;00:42:68:59:8b:f3;LU-Events;-66;7
286;a4:6c:2a:d4:ba:50;LU-Guest;-68;7
287;a4:6c:2a:d4:ba:53;LU-Events;-68;7
288;a4:6c:2a:d4:ba:54;Free Tbaytel WiFi;-68;7
289;a4:6c:2a:d4:ba:52;eduroam;-69;7
290;a4:6c:2a:d4:ba:51;LakeheadU;-69;7
291;80:e0:1d:ee:3f:63;Free Tbaytel WiFi;-70;7
292;80:e0:1d:ee:3f:64;eduroam;-70;7
293;80:e0:1d:ee:3f:62;LU-Events;-70;7
294;80:e0:1d:ee:3f:61;LU-Guest;-70;7
295;80:e0:1d:ee:3f:60;LakeheadU;-71;7
296;80:e0:1d:e6:79:d4;Free Tbaytel WiFi;-72;7
297;80:e0:1d:e6:79:d2;eduroam;-72;7
298;ac:7a:56:c8:62:05;;-73;7
299;80:e0:1d:e6:79:d1;LakeheadU;-73;7
300;ac:7a:56:c8:62:03;LU-Guest;-75;7
301;9c:53:22:40:4e:04;TBAYTech;-75;7
302;ac:7a:56:c8:62:00;LakeheadU;-75;7
303;ac:7a:56:c8:62:07;Free Tbaytel WiFi;-76;7
304;ac:7a:56:c8:62:08;eduroam;-76;7
305;ae:53:22:40:4e:04;NOSMConnect24;-77;7
306;a2:53:22:40:4e:04;NOSMSecure;-77;7
307;a6:53:22:40:4e:04;eduroam;-77;7
308;aa:53:22:40:4e:04;NOSMConnect;-77;7
309;a4:6c:2a:d4:be:32;eduroam;-82;7
310;a4:6c:2a:d4:be:31;LakeheadU;-82;7
311;a4:6c:2a:d4:be:33;LU-Events;-82;7
312;80:e0:1d:f6:a4:d2;eduroam;-83;7
313;80:e0:1d:f6:a4:d3;LU-Events;-83;7
314;80:e0:1d:ee:40:50;LU-Guest;-83;7
315;80:e0:1d:f6:a4:d4;Free Tbaytel WiFi;-84;7
316;80:e0:1d:e6:79:d0;LU-Guest;-84;7
317;80:e0:1d:f6:a4:d0;LU-Guest;-84;7
318;80:e0:1d:f6:a4:d1;LakeheadU;-84;7
319;80:e0:1d:ee:40:54;Free Tbaytel WiFi;-84;7
320;a4:6c:2a:e0:20:00;LU-Guest;-86;7
321;82:f2:e0:d1:f9:74;portthru;-87;7
322;e8:de:27:f8:06:78;TP-LINK_F80678_Xiaoping;-88;7
323;80:e0:1d:e6:7b:31;LakeheadU;-89;7
324;9c:53:22:40:4e:05;TBAYTech;-90;7
325;aa:53:22:40:4e:05;NOSMConnect;-91;7
326;a4:6c:2a:d4:ba:5b;Free Tbaytel WiFi;-92;7
327;a4:6c:2a:d4:ba:5f;LU-Guest;-93;7
328;a4:6c:2a:d4:ba:5c;LU-Events;-93;7
329;ba:a3:32:e1:97:09;Xerox;-93;7
330;ac:7a:56:c8:62:00;LakeheadU;-79;8
331;ac:7a:56:c8:62:01;LU-Events;-79;8
332;ac:7a:56:c8:62:04;;-79;8
333;ac:7a:56:c8:62:05;;-79;8
334;ac:7a:56:c8:62:08;eduroam;-79;8
335;a4:6c:2a:d4:ba:53;LU-Events;-84;8
336;a4:6c:2a:d4:ba:54;Free Tbaytel WiFi;-86;8
337;a4:6c:2a:d4:ba:50;LU-Guest;-84;8
338;a4:6c:2a:d4:ba:52;eduroam;-87;8
339;ae:53:22:40:4f:7a;NOSMConnect24;-82;8
340;80:e0:1d:ee:3f:63;Free Tbaytel WiFi;-78;8
341;80:e0:1d:ee:3f:64;eduroam;-78;8
342;80:e0:1d:ee:3f:60;LakeheadU;-76;8
343;80:e0:1d:ee:3f:61;LU-Guest;-78;8
344;80:e0:1d:ee:3f:62;LU-Events;-78;8
345;a4:6c:2a:d4:bf:1f;LU-Guest;-41;8
346;a4:6c:2a:d4:bf:1d;eduroam;-43;8
347;a4:6c:2a:d4:bf:1e;LakeheadU;-41;8
348;a4:6c:2a:d4:bf:1b;Free Tbaytel WiFi;-41;8
349;a4:6c:2a:d4:bf:1c;LU-Events;-41;8
350;80:e0:1d:e6:79:d2;eduroam;-76;8
351;80:e0:1d:e6:79:d1;LakeheadU;-75;8
352;80:e0:1d:e6:79:d0;LU-Guest;-77;8
353;80:e0:1d:e6:79:d4;Free Tbaytel WiFi;-76;8
354;80:e0:1d:e6:79:d3;LU-Events;-76;8
355;00:42:68:59:8b:f1;LakeheadU;-85;8
356;00:42:68:59:8b:f0;LU-Guest;-86;8
357;00:42:68:59:8b:f3;LU-Events;-86;8
358;00:42:68:59:8b:f2;eduroam;-86;8
359;00:42:68:59:8b:f4;Free Tbaytel WiFi;-86;8
360;80:e0:1d:ac:8b:04;Free Tbaytel WiFi;-85;8
361;80:e0:1d:ac:8b:03;LU-Events;-89;8
362;80:e0:1d:ac:8b:01;LakeheadU;-86;8
363;80:e0:1d:ac:8b:00;LU-Guest;-87;8
364;9c:53:22:40:4e:04;TBAYTech;-82;8
365;82:f2:e0:d1:f9:74;portthru;-87;8
366;6c:5a:b0:3d:73:c1;Quanser_UVS;-88;8
367;a6:53:22:40:4e:05;eduroam;-92;8
368;a6:53:22:40:4e:04;eduroam;-82;8
369;a4:6c:2a:d4:bf:14;Free Tbaytel WiFi;-51;8
370;a4:6c:2a:d4:bf:12;eduroam;-50;8
371;a4:6c:2a:d4:bf:13;LU-Events;-50;8
372;a4:6c:2a:d4:bf:10;LU-Guest;-51;8
373;a4:6c:2a:d4:bf:11;LakeheadU;-50;8
374;ac:7a:56:c8:62:00;LakeheadU;-80;9
375;ac:7a:56:c8:62:04;;-80;9
376;ac:7a:56:c8:62:05;;-80;9
377;80:e0:1d:ee:40:50;LU-Guest;-80;9
378;80:e0:1d:ee:40:53;LU-Events;-79;9
379;ac:7a:56:c8:62:07;Free Tbaytel WiFi;-79;9
380;00:42:68:59:8b:ff;LU-Guest;-87;9
381;00:42:68:59:8b:fc;LU-Events;-88;9
382;00:42:68:59:8b:fb;Free Tbaytel WiFi;-86;9
383;00:42:68:59:8b:fe;LakeheadU;-86;9
384;a4:6c:2a:d4:ba:50;LU-Guest;-84;9
385;80:e0:1d:ee:3f:63;Free Tbaytel WiFi;-80;9
386;80:e0:1d:ee:3f:64;eduroam;-79;9
387;80:e0:1d:ee:3f:60;LakeheadU;-79;9
388;80:e0:1d:ee:3f:61;LU-Guest;-79;9
389;80:e0:1d:ee:3f:62;LU-Events;-81;9
390;a4:6c:2a:d4:bf:1f;LU-Guest;-47;9
391;a4:6c:2a:d4:bf:1d;eduroam;-47;9
392;a4:6c:2a:d4:bf:1e;LakeheadU;-46;9
393;a4:6c:2a:d4:bf:1b;Free Tbaytel WiFi;-47;9
394;a4:6c:2a:d4:bf:1c;LU-Events;-46;9
395;80:e0:1d:e6:79:d2;eduroam;-78;9
396;80:e0:1d:e6:79:d1;LakeheadU;-76;9
397;80:e0:1d:e6:79:d4;Free Tbaytel WiFi;-78;9
398;80:e0:1d:e6:79:d3;LU-Events;-78;9
399;00:42:68:59:8b:f1;LakeheadU;-87;9
400;00:42:68:59:8b:f0;LU-Guest;-85;9
401;80:e0:1d:e6:79:db;Free Tbaytel WiFi;-80;9
402;00:42:68:59:8b:f3;LU-Events;-86;9
403;00:42:68:59:8b:f4;Free Tbaytel WiFi;-86;9
404;80:e0:1d:e6:79:df;LU-Guest;-79;9
405;80:e0:1d:e6:79:de;LakeheadU;-80;9
406;80:e0:1d:e6:79:dd;eduroam;-80;9
407;80:e0:1d:e6:79:dc;LU-Events;-80;9
408;80:e0:1d:ac:8b:02;eduroam;-89;9
409;80:e0:1d:ee:3f:6c;Free Tbaytel WiFi;-83;9
410;80:e0:1d:ee:3f:6d;LU-Events;-83;9
411;80:e0:1d:ee:3f:6e;LU-Guest;-82;9
412;80:e0:1d:ee:3f:6f;LakeheadU;-82;9
413;ae:53:22:40:4e:04;NOSMConnect24;-80;9
414;80:e0:1d:ee:3f:6b;eduroam;-84;9
415;9c:53:22:40:4e:04;TBAYTech;-80;9
416;a4:6c:2a:d4:bf:14;Free Tbaytel WiFi;-46;9
417;a4:6c:2a:d4:bf:12;eduroam;-44;9
418;a4:6c:2a:d4:bf:13;LU-Events;-43;9
419;a4:6c:2a:d4:bf:10;LU-Guest;-43;9
420;a4:6c:2a:d4:bf:11;LakeheadU;-44;9
421;a4:6c:2a:d4:bf:14;Free Tbaytel WiFi;-46;10
422;ac:7a:56:c8:62:0f;LakeheadU;-73;11
423;ac:7a:56:c8:62:0e;LU-Events;-72;11
424;ac:7a:56:c8:62:0c;LU-Guest;-71;11
425;ac:7a:56:c8:62:01;LU-Events;-78;11
426;ac:7a:56:c8:62:03;LU-Guest;-79;11
427;80:e0:1d:ee:40:50;LU-Guest;-79;11
428;80:e0:1d:ee:40:52;eduroam;-79;11
429;80:e0:1d:ee:40:51;LakeheadU;-79;11
430;80:e0:1d:ee:40:54;Free Tbaytel WiFi;-80;11
431;80:e0:1d:ee:40:53;LU-Events;-78;11
432;ac:7a:56:c8:62:08;Free Tbaytel WiFi;-71;11
433;ac:7a:56:c8:62:07;eduroam;-71;11
434;00:42:68:59:8b:ff;LU-Guest;-80;11
435;00:42:68:59:8b:fd;eduroam;-80;11
436;a4:6c:2a:d4:ba:53;LU-Events;-79;11
437;a4:6c:2a:d4:ba:54;Free Tbaytel WiFi;-79;11
438;a4:6c:2a:d4:ba:50;LU-Guest;-79;11
439;a4:6c:2a:d4:ba:51;LakeheadU;-78;11
440;a4:6c:2a:d4:ba:52;eduroam;-78;11
441;ba:a3:32:e1:97:09;Xerox;-92;11
442;a4:6c:2a:d4:ba:5d;eduroam;-92;11
443;a4:6c:2a:d4:ba:5f;LU-Guest;-92;11
444;80:e0:1d:ee:3f:63;Free Tbaytel WiFi;-78;11
445;80:e0:1d:ee:3f:64;eduroam;-78;11
446;80:e0:1d:ee:3f:60;LakeheadU;-77;11
447;80:e0:1d:ee:3f:61;LU-Guest;-78;11
448;80:e0:1d:ee:3f:62;LU-Events;-78;11
449;a4:6c:2a:d4:bf:1f;LU-Guest;-50;11
450;a4:6c:2a:d4:bf:1d;eduroam;-50;11
451;a4:6c:2a:d4:bf:1e;LakeheadU;-50;11
452;a4:6c:2a:d4:bf:1b;Free Tbaytel WiFi;-50;11
453;a4:6c:2a:d4:bf:1c;LU-Events;-50;11
454;00:42:68:59:8b:f1;LakeheadU;-74;11
455;00:42:68:59:8b:f0;LU-Guest;-75;11
456;80:e0:1d:e6:79:db;Free Tbaytel WiFi;-73;11
457;00:42:68:59:8b:f3;LU-Events;-74;11
458;00:42:68:59:8b:f2;eduroam;-73;11
459;00:42:68:59:8b:f4;Free Tbaytel WiFi;-74;11
460;80:e0:1d:e6:79:df;LU-Guest;-80;11
461;80:e0:1d:e6:79:de;LakeheadU;-73;11
462;80:e0:1d:e6:79:dd;eduroam;-74;11
463;80:e0:1d:e6:79:dc;LU-Events;-74;11
464;80:e0:1d:ee:3f:6c;Free Tbaytel WiFi;-81;11
465;80:e0:1d:ee:3f:6d;LU-Events;-80;11
466;80:e0:1d:ee:3f:6e;LU-Guest;-80;11
467;80:e0:1d:ee:3f:6f;LakeheadU;-81;11
468;ae:53:22:40:4e:04;NOSMConnect24;-82;11
469;80:e0:1d:ee:3f:6b;eduroam;-80;11
470;9c:53:22:40:4e:05;TBAYTech;-88;11
471;9c:53:22:40:4e:04;TBAYTech;-81;11
472;aa:53:22:40:4e:05;NOSMConnect;-88;11
473;aa:53:22:40:4e:04;NOSMConnect;-82;11
474;82:f2:e0:d1:f9:74;portthru;-87;11
475;a6:53:22:40:4e:05;eduroam;-88;11
476;a4:6c:2a:d4:bf:14;Free Tbaytel WiFi;-44;11
477;a4:6c:2a:d4:bf:12;eduroam;-45;11
478;a4:6c:2a:d4:bf:13;LU-Events;-45;11
479;a4:6c:2a:d4:bf:10;LU-Guest;-45;11
480;a4:6c:2a:d4:bf:11;LakeheadU;-45;11
481;a4:6c:2a:d4:be:30;LU-Guest;-85;11
482;a2:53:22:40:4e:05;NOSMSecure;-88;11
483;a4:6c:2a:d4:be:33;LU-Events;-83;11
484;a4:6c:2a:d4:be:34;Free Tbaytel WiFi;-85;11
485;9c:53:22:40:4f:7a;TBAYTech;-82;12
486;a6:53:22:40:4f:80;eduroam;-85;12
487;ac:7a:56:c8:62:0f;LakeheadU;-80;12
488;ac:7a:56:c8:62:0a;;-81;12
489;ac:7a:56:c8:62:0d;;-80;12
490;ac:7a:56:c8:62:0e;LU-Events;-78;12
491;ac:7a:56:c8:62:0b;;-80;12
492;ac:7a:56:c8:62:0c;LU-Guest;-77;12
493;ac:7a:56:c8:62:00;LakeheadU;-76;12
494;ac:7a:56:c8:62:08;Free Tbaytel WiFi;-81;12
495;ac:7a:56:c8:62:07;eduroam;-80;12
496;00:42:68:59:8b:ff;LU-Guest;-69;12
497;00:42:68:59:8b:fc;LU-Events;-68;12
498;00:42:68:59:8b:fb;Free Tbaytel WiFi;-67;12
499;00:42:68:59:8b:fe;LakeheadU;-68;12
500;00:42:68:59:8b:fd;eduroam;-69;12
501;a4:6c:2a:d4:ba:53;LU-Events;-68;12
502;a4:6c:2a:d4:ba:54;Free Tbaytel WiFi;-68;12
503;a4:6c:2a:d4:ba:50;LU-Guest;-68;12
504;a4:6c:2a:d4:ba:51;LakeheadU;-68;12
505;a4:6c:2a:d4:ba:52;eduroam;-68;12
506;a4:6c:2a:e0:20:03;LU-Events;-88;12
507;a4:6c:2a:d4:ba:5c;LU-Events;-86;12
508;a4:6c:2a:d4:ba:5d;eduroam;-86;12
509;a4:6c:2a:d4:ba:5f;LU-Guest;-86;12
510;a4:6c:2a:d4:ba:5b;Free Tbaytel WiFi;-85;12
511;aa:53:22:40:4f:80;NOSMConnect;-89;12
512;a4:6c:2a:d4:bf:1f;LU-Guest;-55;12
513;a4:6c:2a:d4:bf:1d;eduroam;-56;12
514;a4:6c:2a:d4:bf:1e;LakeheadU;-56;12
515;a4:6c:2a:d4:bf:1b;Free Tbaytel WiFi;-56;12
516;a4:6c:2a:d4:bf:1c;LU-Events;-56;12
517;80:e0:1d:e6:79:d2;eduroam;-71;12
518;80:e0:1d:e6:79:d1;LakeheadU;-72;12
519;80:e0:1d:e6:79:d0;LU-Guest;-71;12
520;80:e0:1d:e6:79:d4;Free Tbaytel WiFi;-71;12
521;80:e0:1d:e6:79:d3;LU-Events;-71;12
522;a4:6c:2a:d4:be:3f;LU-Guest;-92;12
523;a4:6c:2a:d4:be:3c;LU-Events;-91;12
524;a4:6c:2a:d4:be:3b;Free Tbaytel WiFi;-91;12
525;00:42:68:59:8b:f1;LakeheadU;-66;12
526;00:42:68:59:8b:f0;LU-Guest;-66;12
527;80:e0:1d:e6:79:db;Free Tbaytel WiFi;-81;12
528;00:42:68:59:8b:f2;eduroam;-66;12
529;00:42:68:59:8b:f4;Free Tbaytel WiFi;-67;12
530;80:e0:1d:e6:79:df;LU-Guest;-82;12
531;80:e0:1d:e6:79:de;LakeheadU;-82;12
532;80:e0:1d:e6:79:dd;eduroam;-82;12
533;80:e0:1d:e6:79:dc;LU-Events;-82;12
534;a2:53:22:40:4f:80;NOSMSecure;-87;12
535;80:e0:1d:ee:3f:6c;Free Tbaytel WiFi;-79;12
536;80:e0:1d:ee:3f:6d;LU-Events;-79;12
537;80:e0:1d:ee:3f:6e;LU-Guest;-78;12
538;80:e0:1d:ee:3f:6f;LakeheadU;-78;12
539;80:e0:1d:ee:3f:6b;eduroam;-79;12
540;9c:53:22:40:4e:05;TBAYTech;-90;12
541;aa:53:22:40:4e:05;NOSMConnect;-91;12
542;82:f2:e0:d1:f9:74;portthru;-80;12
543;a6:53:22:40:4e:05;eduroam;-90;12
544;a4:6c:2a:d4:bf:14;Free Tbaytel WiFi;-50;12
545;a4:6c:2a:d4:bf:12;eduroam;-67;12
546;a4:6c:2a:d4:bf:13;LU-Events;-53;12
547;a4:6c:2a:d4:bf:10;LU-Guest;-51;12
548;a4:6c:2a:d4:bf:11;LakeheadU;-51;12
549;a2:53:22:40:4e:05;NOSMSecure;-90;12
550;ac:7a:56:c8:62:0e;LU-Events;-75;13
551;ac:7a:56:c8:62:0c;LU-Guest;-76;13
552;ac:7a:56:c8:62:01;LU-Events;-80;13
553;ac:7a:56:c8:62:08;Free Tbaytel WiFi;-75;13
554;ac:7a:56:c8:62:07;eduroam;-75;13
555;00:42:68:59:8b:ff;LU-Guest;-69;13
556;00:42:68:59:8b:fc;LU-Events;-67;13
557;00:42:68:59:8b:fb;Free Tbaytel WiFi;-68;13
558;00:42:68:59:8b:fe;LakeheadU;-68;13
559;00:42:68:59:8b:fd;eduroam;-68;13
560;a4:6c:2a:d4:ba:53;LU-Events;-70;13
561;a4:6c:2a:d4:ba:54;Free Tbaytel WiFi;-70;13
562;a4:6c:2a:d4:ba:50;LU-Guest;-70;13
563;a4:6c:2a:d4:ba:51;LakeheadU;-70;13
564;a4:6c:2a:d4:ba:52;eduroam;-69;13
565;ba:a3:32:e1:97:09;Xerox;-90;13
566;a4:6c:2a:e0:20:03;LU-Events;-84;13
567;a4:6c:2a:d4:ba:5c;LU-Events;-92;13
568;a4:6c:2a:d4:ba:5f;LU-Guest;-93;13
569;a4:6c:2a:d4:ba:5b;Free Tbaytel WiFi;-91;13
570;80:e0:1d:ee:3f:60;LakeheadU;-71;13
571;a4:6c:2a:d4:bf:1f;LU-Guest;-64;13
572;a4:6c:2a:d4:bf:1d;eduroam;-64;13
573;a4:6c:2a:d4:bf:1e;LakeheadU;-64;13
574;a4:6c:2a:d4:bf:1b;Free Tbaytel WiFi;-64;13
575;a4:6c:2a:d4:bf:1c;LU-Events;-63;13
576;80:e0:1d:e6:79:d2;eduroam;-78;13
577;a4:6c:2a:d4:be:3e;LakeheadU;-90;13
578;a4:6c:2a:d4:be:3f;LU-Guest;-90;13
579;a4:6c:2a:d4:be:3c;LU-Events;-90;13
580;a4:6c:2a:d4:be:3d;eduroam;-89;13
581;a4:6c:2a:d4:be:3b;Free Tbaytel WiFi;-90;13
582;00:42:68:59:8b:f1;LakeheadU;-70;13
583;00:42:68:59:8b:f0;LU-Guest;-70;13
584;80:e0:1d:e6:79:db;Free Tbaytel WiFi;-75;13
585;00:42:68:59:8b:f3;LU-Events;-69;13
586;00:42:68:59:8b:f4;Free Tbaytel WiFi;-70;13
587;80:e0:1d:e6:79:df;LU-Guest;-77;13
588;80:e0:1d:e6:79:de;LakeheadU;-76;13
589;80:e0:1d:e6:79:dd;eduroam;-76;13
590;80:e0:1d:e6:79:dc;LU-Events;-75;13
591;80:e0:1d:ee:3f:6c;Free Tbaytel WiFi;-76;13
592;80:e0:1d:ee:3f:6d;LU-Events;-75;13
593;80:e0:1d:ee:3f:6e;LU-Guest;-75;13
594;80:e0:1d:ee:3f:6f;LakeheadU;-75;13
595;ae:53:22:40:4e:04;NOSMConnect24;-77;13
596;80:e0:1d:ee:3f:6b;eduroam;-76;13
597;9c:53:22:40:4e:05;TBAYTech;-91;13
598;9c:53:22:40:4e:04;TBAYTech;-78;13
599;aa:53:22:40:4e:05;NOSMConnect;-91;13
600;82:f2:e0:d1:f9:74;portthru;-81;13
601;a6:53:22:40:4e:05;eduroam;-92;13
602;a6:53:22:40:4e:04;eduroam;-78;13
603;a4:6c:2a:d4:bf:14;Free Tbaytel WiFi;-60;13
604;a4:6c:2a:d4:bf:12;eduroam;-61;13
605;a4:6c:2a:d4:bf:13;LU-Events;-61;13
606;a4:6c:2a:d4:bf:10;LU-Guest;-61;13
607;a4:6c:2a:d4:bf:11;LakeheadU;-61;13
608;a4:6c:2a:d4:be:30;LU-Guest;-79;13
609;a2:53:22:40:4e:05;NOSMSecure;-92;13
610;a4:6c:2a:d4:bf:14;Free Tbaytel WiFi;-60;14
611;a4:6c:2a:d4:bf:10;LU-Guest;-61;14
612;a4:6c:2a:d4:bf:12;eduroam;-61;14
613;a4:6c:2a:d4:bf:11;LakeheadU;-61;14
614;a4:6c:2a:d4:bf:13;LU-Events;-61;14
615;a4:6c:2a:d4:bf:1c;LU-Events;-63;14
616;a4:6c:2a:d4:bf:1f;LU-Guest;-64;14
617;a4:6c:2a:d4:bf:1b;Free Tbaytel WiFi;-64;14
618;a4:6c:2a:d4:bf:1d;eduroam;-64;14
619;a4:6c:2a:d4:bf:1e;LakeheadU;-64;14
620;00:42:68:59:8b:fc;LU-Events;-67;14
621;00:42:68:59:8b:fd;eduroam;-68;14
622;00:42:68:59:8b:fb;Free Tbaytel WiFi;-68;14
623;00:42:68:59:8b:fe;LakeheadU;-68;14
624;00:42:68:59:8b:ff;LU-Guest;-69;14
625;a4:6c:2a:d4:ba:52;eduroam;-69;14
626;00:42:68:59:8b:f3;LU-Events;-69;14
627;a4:6c:2a:d4:ba:50;LU-Guest;-70;14
628;00:42:68:59:8b:f1;LakeheadU;-70;14
629;00:42:68:59:8b:f0;LU-Guest;-70;14
630;00:42:68:59:8b:f4;Free Tbaytel WiFi;-70;14
631;a4:6c:2a:d4:ba:54;Free Tbaytel WiFi;-70;14
632;a4:6c:2a:d4:ba:53;LU-Events;-70;14
633;a4:6c:2a:d4:ba:51;LakeheadU;-70;14
634;80:e0:1d:ee:3f:60;LakeheadU;-71;14
635;80:e0:1d:e6:79:dc;LU-Events;-75;14
636;80:e0:1d:ee:3f:6f;LakeheadU;-75;14
637;80:e0:1d:ee:3f:6d;LU-Events;-75;14
638;80:e0:1d:e6:79:db;Free Tbaytel WiFi;-75;14
639;80:e0:1d:ee:3f:6e;LU-Guest;-75;14
640;ac:7a:56:c8:62:0e;LU-Events;-75;14
641;ac:7a:56:c8:62:08;Free Tbaytel WiFi;-75;14
642;ac:7a:56:c8:62:07;eduroam;-75;14
643;80:e0:1d:e6:79:dd;eduroam;-76;14
644;80:e0:1d:e6:79:de;LakeheadU;-76;14
645;80:e0:1d:ee:3f:6c;Free Tbaytel WiFi;-76;14
646;80:e0:1d:ee:3f:6b;eduroam;-76;14
647;ac:7a:56:c8:62:0c;LU-Guest;-76;14
648;80:e0:1d:e6:79:df;LU-Guest;-77;14
649;ae:53:22:40:4e:04;NOSMConnect24;-77;14
650;80:e0:1d:e6:79:d2;eduroam;-78;14
651;9c:53:22:40:4e:04;TBAYTech;-78;14
652;a6:53:22:40:4e:04;eduroam;-78;14
653;a4:6c:2a:d4:be:30;LU-Guest;-79;14
654;ac:7a:56:c8:62:01;LU-Events;-80;14
655;ac:7a:56:c8:62:08;eduroam;-80;14
656;82:f2:e0:d1:f9:74;portthru;-81;14
657;a4:6c:2a:e0:20:03;LU-Events;-84;14
658;a4:6c:2a:d4:be:3d;eduroam;-89;14
659;a4:6c:2a:d4:be:3f;LU-Guest;-90;14
660;a4:6c:2a:d4:be:3b;Free Tbaytel WiFi;-90;14
661;a4:6c:2a:d4:be:3c;LU-Events;-90;14
662;ba:a3:32:e1:97:09;Xerox;-90;14
663;a4:6c:2a:d4:be:3e;LakeheadU;-90;14
664;9c:53:22:40:4e:05;TBAYTech;-91;14
665;aa:53:22:40:4e:05;NOSMConnect;-91;14
666;a4:6c:2a:d4:ba:5b;Free Tbaytel WiFi;-91;14
667;a6:53:22:40:4e:05;eduroam;-92;14
668;a2:53:22:40:4e:05;NOSMSecure;-92;14
669;a4:6c:2a:d4:ba:5c;LU-Events;-92;14
670;a4:6c:2a:d4:ba:5f;LU-Guest;-93;14
671;a4:6c:2a:d4:bf:10;LU-Guest;-65;15
672;a4:6c:2a:d4:bf:12;eduroam;-65;15
673;a4:6c:2a:d4:bf:13;LU-Events;-65;15
674;a4:6c:2a:d4:bf:11;LakeheadU;-66;15
675;80:e0:1d:e6:79:d0;LU-Guest;-66;15
676;80:e0:1d:ee:3f:60;LakeheadU;-67;15
677;a4:6c:2a:d4:bf:14;Free Tbaytel WiFi;-68;15
678;9c:53:22:40:4e:04;TBAYTech;-68;15
679;ae:53:22:40:4e:04;NOSMConnect24;-68;15
680;a6:53:22:40:4e:04;eduroam;-68;15
681;aa:53:22:40:4e:04;NOSMConnect;-68;15
682;a2:53:22:40:4e:04;NOSMSecure;-68;15
683;80:e0:1d:e6:79:d2;eduroam;-69;15
684;80:e0:1d:e6:79:d3;LU-Events;-69;15
685;a4:6c:2a:d4:bf:1c;LU-Events;-71;15
686;a4:6c:2a:d4:bf:1f;LU-Guest;-72;15
687;a4:6c:2a:d4:bf:1b;Free Tbaytel WiFi;-72;15
688;a4:6c:2a:d4:bf:1d;eduroam;-72;15
689;a4:6c:2a:d4:bf:1e;LakeheadU;-72;15
690;00:42:68:59:8b:f1;LakeheadU;-73;15
691;00:42:68:59:8b:f0;LU-Guest;-73;15
692;00:42:68:59:8b:f4;Free Tbaytel WiFi;-73;15
693;00:42:68:59:8b:f3;LU-Events;-73;15
694;00:42:68:59:8b:f2;eduroam;-73;15
695;80:e0:1d:e6:79:dc;LU-Events;-74;15
696;80:e0:1d:e6:79:db;Free Tbaytel WiFi;-74;15
697;80:e0:1d:e6:79:dd;eduroam;-74;15
698;80:e0:1d:e6:79:de;LakeheadU;-75;15
699;80:e0:1d:ee:3f:6b;eduroam;-75;15
700;80:e0:1d:ee:3f:6e;LU-Guest;-76;15
701;ac:7a:56:c8:62:0c;LU-Guest;-76;15
702;ac:7a:56:c8:62:08;Free Tbaytel WiFi;-76;15
703;ac:7a:56:c8:62:07;eduroam;-76;15
704;ac:7a:56:c8:62:01;LU-Events;-76;15
705;ac:7a:56:c8:62:04;;-76;15
706;ac:7a:56:c8:62:07;Free Tbaytel WiFi;-76;15
707;00:42:68:59:8b:ff;LU-Guest;-77;15
708;80:e0:1d:ee:3f:6d;LU-Events;-77;15
709;00:42:68:59:8b:fb;Free Tbaytel WiFi;-77;15
710;80:e0:1d:ee:3f:6c;Free Tbaytel WiFi;-78;15
711;a4:6c:2a:d4:ba:53;LU-Events;-78;15
712;82:f2:e0:d1:f9:74;portthru;-78;15
713;a4:6c:2a:d4:be:30;LU-Guest;-78;15
714;ac:7a:56:c8:62:00;LakeheadU;-78;15
715;ac:7a:56:c8:62:0f;LakeheadU;-78;15
716;a4:6c:2a:d4:ba:50;LU-Guest;-79;15
717;a4:6c:2a:d4:ba:54;Free Tbaytel WiFi;-79;15
718;ac:7a:56:c8:62:0e;LU-Events;-79;15
719;ac:7a:56:c8:62:0d;;-79;15
720;a4:6c:2a:e0:20:00;LU-Guest;-80;15
721;a4:6c:2a:e0:20:02;eduroam;-80;15
722;a4:6c:2a:e0:20:01;LakeheadU;-80;15
723;a4:6c:2a:e0:20:03;LU-Events;-81;15
724;a4:6c:2a:e0:20:04;Free Tbaytel WiFi;-81;15
725;a6:53:22:40:4e:05;eduroam;-85;15
726;9c:53:22:40:4e:05;TBAYTech;-86;15
727;aa:53:22:40:4e:05;NOSMConnect;-86;15
728;a2:53:22:40:4e:05;NOSMSecure;-86;15
729;ba:a3:32:e1:97:09;Xerox;-86;15
730;a4:6c:2a:d4:be:3f;LU-Guest;-87;15
731;a4:6c:2a:d4:be:3b;Free Tbaytel WiFi;-87;15
732;a4:6c:2a:d4:be:3e;LakeheadU;-87;15
733;a4:6c:2a:d4:be:3d;eduroam;-87;15
734;ce:d7:19:24:c6:d5;LINKSYS-750-guest;-87;15
735;a4:6c:2a:d4:be:3c;LU-Events;-88;15
736;9c:53:22:40:4f:7a;TBAYTech;-76;16
737;ac:7a:56:c8:62:0f;LakeheadU;-76;16
738;ac:7a:56:c8:62:0a;;-79;16
739;ac:7a:56:c8:62:0e;LU-Events;-77;16
740;ac:7a:56:c8:62:0c;LU-Guest;-76;16
741;a6:53:22:40:4f:7a;eduroam;-76;16
742;ac:7a:56:c8:62:01;LU-Events;-71;16
743;ac:7a:56:c8:62:03;LU-Guest;-70;16
744;ac:7a:56:c8:62:08;Free Tbaytel WiFi;-77;16
745;ac:7a:56:c8:62:07;eduroam;-76;16
746;00:42:68:59:8b:ff;LU-Guest;-78;16
747;a4:6c:2a:d4:ba:53;LU-Events;-87;16
748;a4:6c:2a:d4:ba:54;Free Tbaytel WiFi;-85;16
749;a4:6c:2a:e0:20:00;LU-Guest;-83;16
750;a4:6c:2a:e0:20:03;LU-Events;-84;16
751;a4:6c:2a:e0:20:04;Free Tbaytel WiFi;-84;16
752;ae:53:22:40:4f:7a;NOSMConnect24;-77;16
753;80:e0:1d:ee:3f:63;Free Tbaytel WiFi;-69;16
754;80:e0:1d:ee:3f:64;eduroam;-69;16
755;80:e0:1d:ee:3f:60;LakeheadU;-69;16
756;80:e0:1d:ee:3f:61;LU-Guest;-69;16
757;e8:de:27:f8:06:78;TP-LINK_F80678_Xiaoping;-83;16
758;80:e0:1d:ee:3f:62;LU-Events;-67;16
759;a4:6c:2a:d4:bf:1f;LU-Guest;-74;16
760;a4:6c:2a:d4:bf:1d;eduroam;-75;16
761;a4:6c:2a:d4:bf:1e;LakeheadU;-74;16
762;a4:6c:2a:d4:bf:1b;Free Tbaytel WiFi;-74;16
763;a4:6c:2a:d4:bf:1c;LU-Events;-73;16
764;80:e0:1d:e6:79:d2;eduroam;-63;16
765;80:e0:1d:e6:79:d1;LakeheadU;-64;16
766;80:e0:1d:e6:79:d0;LU-Guest;-63;16
767;80:e0:1d:e6:79:d4;Free Tbaytel WiFi;-64;16
768;80:e0:1d:e6:79:d3;LU-Events;-64;16
769;a4:6c:2a:d4:be:3e;LakeheadU;-84;16
770;a4:6c:2a:d4:be:3f;LU-Guest;-84;16
771;a4:6c:2a:d4:be:3c;LU-Events;-84;16
772;a4:6c:2a:d4:be:3d;eduroam;-84;16
773;a4:6c:2a:d4:be:3b;Free Tbaytel WiFi;-84;16
774;00:42:68:59:8b:f1;LakeheadU;-75;16
775;00:42:68:59:8b:f0;LU-Guest;-74;16
776;80:e0:1d:e6:79:db;Free Tbaytel WiFi;-74;16
777;00:42:68:59:8b:f3;LU-Events;-76;16
778;00:42:68:59:8b:f2;eduroam;-75;16
779;00:42:68:59:8b:f4;Free Tbaytel WiFi;-74;16
780;80:e0:1d:e6:79:df;LU-Guest;-75;16
781;80:e0:1d:e6:79:de;LakeheadU;-74;16
782;80:e0:1d:e6:79:dd;eduroam;-75;16
783;80:e0:1d:e6:79:dc;LU-Events;-74;16
784;a2:53:22:40:4f:7a;NOSMSecure;-76;16
785;80:e0:1d:ac:8b:03;LU-Events;-82;16
786;80:e0:1d:ee:3f:6c;Free Tbaytel WiFi;-70;16
787;80:e0:1d:ee:3f:6d;LU-Events;-70;16
788;80:e0:1d:ee:3f:6e;LU-Guest;-70;16
789;ae:53:22:40:4e:04;NOSMConnect24;-71;16
790;80:e0:1d:ee:3f:6b;eduroam;-69;16
791;9c:53:22:40:4e:05;TBAYTech;-78;16
792;9c:53:22:40:4e:04;TBAYTech;-71;16
793;aa:53:22:40:4e:05;NOSMConnect;-79;16
794;aa:53:22:40:4e:04;NOSMConnect;-72;16
795;6c:5a:b0:3d:73:c1;Quanser_UVS;-83;16
796;a6:53:22:40:4e:05;eduroam;-78;16
797;a6:53:22:40:4e:04;eduroam;-71;16
798;a4:6c:2a:d4:bf:14;Free Tbaytel WiFi;-70;16
799;a4:6c:2a:d4:bf:12;eduroam;-69;16
800;a4:6c:2a:d4:bf:13;LU-Events;-70;16
801;a4:6c:2a:d4:bf:10;LU-Guest;-71;16
802;a4:6c:2a:d4:bf:11;LakeheadU;-69;16
803;a4:6c:2a:d4:be:30;LU-Guest;-75;16
804;a2:53:22:40:4e:04;NOSMSecure;-72;16
805;a2:53:22:40:4e:05;NOSMSecure;-78;16
806;a4:6c:2a:d4:be:34;Free Tbaytel WiFi;-74;16
807;a4:6c:2a:d4:be:32;eduroam;-75;16
808;80:e0:1d:e6:79:d2;eduroam;-63;17
809;80:e0:1d:e6:79:d0;LU-Guest;-63;17
810;80:e0:1d:e6:79:d3;LU-Events;-64;17
811;80:e0:1d:e6:79:d4;Free Tbaytel WiFi;-64;17
812;80:e0:1d:e6:79:d1;LakeheadU;-64;17
813;80:e0:1d:ee:3f:62;LU-Events;-67;17
814;a4:6c:2a:d4:bf:12;eduroam;-69;17
815;a4:6c:2a:d4:bf:11;LakeheadU;-69;17
816;80:e0:1d:ee:3f:6b;eduroam;-69;17
817;80:e0:1d:ee:3f:60;LakeheadU;-69;17
818;80:e0:1d:ee:3f:64;eduroam;-69;17
819;80:e0:1d:ee:3f:61;LU-Guest;-69;17
820;80:e0:1d:ee:3f:63;Free Tbaytel WiFi;-69;17
821;a4:6c:2a:d4:bf:14;Free Tbaytel WiFi;-70;17
822;a4:6c:2a:d4:bf:13;LU-Events;-70;17
823;80:e0:1d:ee:3f:6d;LU-Events;-70;17
824;80:e0:1d:ee:3f:6e;LU-Guest;-70;17
825;80:e0:1d:ee:3f:6c;Free Tbaytel WiFi;-70;17
826;ac:7a:56:c8:62:07;Free Tbaytel WiFi;-70;17
827;ac:7a:56:c8:62:03;LU-Guest;-70;17
828;ac:7a:56:c8:62:08;eduroam;-70;17
829;a4:6c:2a:d4:bf:10;LU-Guest;-71;17
830;ac:7a:56:c8:62:01;LU-Events;-71;17
831;9c:53:22:40:4e:04;TBAYTech;-71;17
832;ae:53:22:40:4e:04;NOSMConnect24;-71;17
833;a6:53:22:40:4e:04;eduroam;-71;17
834;aa:53:22:40:4e:04;NOSMConnect;-72;17
835;a2:53:22:40:4e:04;NOSMSecure;-72;17
836;a4:6c:2a:d4:bf:1c;LU-Events;-73;17
837;00:42:68:59:8b:f0;LU-Guest;-74;17
838;00:42:68:59:8b:f4;Free Tbaytel WiFi;-74;17
839;a4:6c:2a:d4:bf:1f;LU-Guest;-74;17
840;a4:6c:2a:d4:bf:1b;Free Tbaytel WiFi;-74;17
841;a4:6c:2a:d4:bf:1e;LakeheadU;-74;17
842;80:e0:1d:e6:79:dc;LU-Events;-74;17
843;80:e0:1d:e6:79:db;Free Tbaytel WiFi;-74;17
844;80:e0:1d:e6:79:de;LakeheadU;-74;17
845;a4:6c:2a:d4:be:34;Free Tbaytel WiFi;-74;17
846;00:42:68:59:8b:f1;LakeheadU;-75;17
847;a4:6c:2a:d4:bf:1d;eduroam;-75;17
848;80:e0:1d:e6:79:dd;eduroam;-75;17
849;a4:6c:2a:d4:be:30;LU-Guest;-75;17
850;00:42:68:59:8b:f2;eduroam;-75;17
851;a4:6c:2a:d4:be:32;eduroam;-75;17
852;80:e0:1d:e6:79:df;LU-Guest;-75;17
853;ac:7a:56:c8:62:0c;LU-Guest;-76;17
854;ac:7a:56:c8:62:07;eduroam;-76;17
855;00:42:68:59:8b:f3;LU-Events;-76;17
856;ac:7a:56:c8:62:0f;LakeheadU;-76;17
857;9c:53:22:40:4f:7a;TBAYTech;-76;17
858;a2:53:22:40:4f:7a;NOSMSecure;-76;17
859;a6:53:22:40:4f:7a;eduroam;-76;17
860;ac:7a:56:c8:62:0e;LU-Events;-77;17
861;ac:7a:56:c8:62:08;Free Tbaytel WiFi;-77;17
862;ae:53:22:40:4f:7a;NOSMConnect24;-77;17
863;00:42:68:59:8b:ff;LU-Guest;-78;17
864;9c:53:22:40:4e:05;TBAYTech;-78;17
865;a6:53:22:40:4e:05;eduroam;-78;17
866;a2:53:22:40:4e:05;NOSMSecure;-78;17
867;aa:53:22:40:4e:05;NOSMConnect;-79;17
868;ac:7a:56:c8:62:0a;;-79;17
869;80:e0:1d:ac:8b:03;LU-Events;-82;17
870;a4:6c:2a:e0:20:00;LU-Guest;-83;17
871;e8:de:27:f8:06:78;TP-LINK_F80678_Xiaoping;-83;17
872;6c:5a:b0:3d:73:c1;Quanser_UVS;-83;17
873;a4:6c:2a:e0:20:03;LU-Events;-84;17
874;a4:6c:2a:d4:be:3f;LU-Guest;-84;17
875;a4:6c:2a:d4:be:3b;Free Tbaytel WiFi;-84;17
876;a4:6c:2a:d4:be:3c;LU-Events;-84;17
877;a4:6c:2a:d4:be:3e;LakeheadU;-84;17
878;a4:6c:2a:d4:be:3d;eduroam;-84;17
879;a4:6c:2a:e0:20:04;Free Tbaytel WiFi;-84;17
880;a4:6c:2a:d4:ba:54;Free Tbaytel WiFi;-85;17
881;a4:6c:2a:d4:ba:53;LU-Events;-87;17
882;ac:7a:56:c8:62:0f;LakeheadU;-73;18
883;ac:7a:56:c8:62:0a;;-74;18
884;ac:7a:56:c8:62:0d;;-74;18
885;ac:7a:56:c8:62:0e;LU-Events;-73;18
886;ac:7a:56:c8:62:0b;;-74;18
887;ac:7a:56:c8:62:0c;LU-Guest;-72;18
888;ac:7a:56:c8:62:01;LU-Events;-71;18
889;ac:7a:56:c8:62:04;;-71;18
890;ac:7a:56:c8:62:05;;-70;18
891;ac:7a:56:c8:62:02;;-70;18
892;ac:7a:56:c8:62:03;LU-Guest;-70;18
893;ac:7a:56:c8:62:08;Free Tbaytel WiFi;-75;18
894;ac:7a:56:c8:62:07;eduroam;-74;18
895;00:42:68:59:8b:ff;LU-Guest;-84;18
896;00:42:68:59:8b:fe;LakeheadU;-84;18
897;80:e0:1d:ee:3f:63;Free Tbaytel WiFi;-65;18
898;80:e0:1d:ee:3f:64;eduroam;-64;18
899;80:e0:1d:ee:3f:60;LakeheadU;-64;18
900;80:e0:1d:ee:3f:61;LU-Guest;-65;18
901;e8:de:27:f8:06:78;TP-LINK_F80678_Xiaoping;-75;18
902;80:e0:1d:ee:3f:62;LU-Events;-64;18
903;a4:6c:2a:d4:bf:1f;LU-Guest;-74;18
904;a4:6c:2a:d4:bf:1d;eduroam;-73;18
905;a4:6c:2a:d4:bf:1e;LakeheadU;-73;18
906;a4:6c:2a:d4:bf:1b;Free Tbaytel WiFi;-73;18
907;a4:6c:2a:d4:bf:1c;LU-Events;-72;18
908;80:e0:1d:e6:79:d2;eduroam;-74;18
909;80:e0:1d:e6:79:d1;LakeheadU;-75;18
910;80:e0:1d:e6:79:d0;LU-Guest;-74;18
911;80:e0:1d:e6:79:d4;Free Tbaytel WiFi;-75;18
912;80:e0:1d:e6:79:d3;LU-Events;-75;18
913;80:e0:1d:e6:79:db;Free Tbaytel WiFi;-67;18
914;00:42:68:59:8b:f2;eduroam;-80;18
915;00:42:68:59:8b:f4;Free Tbaytel WiFi;-80;18
916;80:e0:1d:e6:79:df;LU-Guest;-66;18
917;80:e0:1d:e6:79:de;LakeheadU;-66;18
918;80:e0:1d:e6:79:dd;eduroam;-66;18
919;80:e0:1d:e6:79:dc;LU-Events;-66;18
920;80:e0:1d:ac:8b:04;Free Tbaytel WiFi;-82;18
921;80:e0:1d:ac:8b:02;eduroam;-82;18
922;80:e0:1d:ac:8b:00;LU-Guest;-84;18
923;80:e0:1d:ee:3f:6c;Free Tbaytel WiFi;-69;18
924;80:e0:1d:ee:3f:6d;LU-Events;-69;18
925;80:e0:1d:ee:3f:6e;LU-Guest;-68;18
926;80:e0:1d:ee:3f:6f;LakeheadU;-68;18
927;ae:53:22:40:4e:04;NOSMConnect24;-61;18
928;80:e0:1d:ee:3f:6b;eduroam;-69;18
929;9c:53:22:40:4e:05;TBAYTech;-72;18
930;9c:53:22:40:4e:04;TBAYTech;-61;18
931;aa:53:22:40:4e:05;NOSMConnect;-72;18
932;aa:53:22:40:4e:04;NOSMConnect;-61;18
933;82:f2:e0:d1:f9:74;portthru;-83;18
934;a6:53:22:40:4e:05;eduroam;-72;18
935;a6:53:22:40:4e:04;eduroam;-61;18
936;a4:6c:2a:d4:bf:14;Free Tbaytel WiFi;-71;18
937;a4:6c:2a:d4:bf:13;LU-Events;-73;18
938;a4:6c:2a:d4:bf:10;LU-Guest;-74;18
939;a2:53:22:40:4e:04;NOSMSecure;-60;18
940;a2:53:22:40:4e:05;NOSMSecure;-72;18
941;a4:6c:2a:d4:be:33;LU-Events;-82;18
942;a4:6c:2a:d4:be:34;Free Tbaytel WiFi;-82;18
943;a4:6c:2a:d4:be:31;LakeheadU;-82;18
944;a4:6c:2a:d4:be:32;eduroam;-82;18
945;ac:7a:56:c8:62:0f;LakeheadU;-73;19
946;ac:7a:56:c8:62:0a;;-74;19
947;ac:7a:56:c8:62:0d;;-74;19
948;ac:7a:56:c8:62:0e;LU-Events;-73;19
949;ac:7a:56:c8:62:0b;;-74;19
950;ac:7a:56:c8:62:0c;LU-Guest;-72;19
951;ac:7a:56:c8:62:01;LU-Events;-71;19
952;ac:7a:56:c8:62:04;;-71;19
953;ac:7a:56:c8:62:05;;-70;19
954;ac:7a:56:c8:62:02;;-70;19
955;ac:7a:56:c8:62:03;LU-Guest;-70;19
956;ac:7a:56:c8:62:08;Free Tbaytel WiFi;-75;19
957;ac:7a:56:c8:62:07;eduroam;-74;19
958;00:42:68:59:8b:ff;LU-Guest;-84;19
959;00:42:68:59:8b:fe;LakeheadU;-84;19
960;80:e0:1d:ee:3f:63;Free Tbaytel WiFi;-65;19
961;80:e0:1d:ee:3f:64;eduroam;-64;19
962;80:e0:1d:ee:3f:60;LakeheadU;-64;19
963;80:e0:1d:ee:3f:61;LU-Guest;-65;19
964;e8:de:27:f8:06:78;TP-LINK_F80678_Xiaoping;-75;19
965;80:e0:1d:ee:3f:62;LU-Events;-64;19
966;a4:6c:2a:d4:bf:1f;LU-Guest;-74;19
967;a4:6c:2a:d4:bf:1d;eduroam;-73;19
968;a4:6c:2a:d4:bf:1e;LakeheadU;-73;19
969;a4:6c:2a:d4:bf:1b;Free Tbaytel WiFi;-73;19
970;a4:6c:2a:d4:bf:1c;LU-Events;-72;19
971;80:e0:1d:e6:79:d2;eduroam;-74;19
972;80:e0:1d:e6:79:d1;LakeheadU;-75;19
973;80:e0:1d:e6:79:d0;LU-Guest;-74;19
974;80:e0:1d:e6:79:d4;Free Tbaytel WiFi;-75;19
975;80:e0:1d:e6:79:d3;LU-Events;-75;19
976;80:e0:1d:e6:79:db;Free Tbaytel WiFi;-67;19
977;00:42:68:59:8b:f2;eduroam;-80;19
978;00:42:68:59:8b:f4;Free Tbaytel WiFi;-80;19
979;80:e0:1d:e6:79:df;LU-Guest;-66;19
980;80:e0:1d:e6:79:de;LakeheadU;-66;19
981;80:e0:1d:e6:79:dd;eduroam;-66;19
982;80:e0:1d:e6:79:dc;LU-Events;-66;19
983;80:e0:1d:ac:8b:04;Free Tbaytel WiFi;-82;19
984;80:e0:1d:ac:8b:02;eduroam;-82;19
985;80:e0:1d:ac:8b:00;LU-Guest;-84;19
986;80:e0:1d:ee:3f:6c;Free Tbaytel WiFi;-69;19
987;80:e0:1d:ee:3f:6d;LU-Events;-69;19
988;80:e0:1d:ee:3f:6e;LU-Guest;-68;19
989;80:e0:1d:ee:3f:6f;LakeheadU;-68;19
990;ae:53:22:40:4e:04;NOSMConnect24;-61;19
991;80:e0:1d:ee:3f:6b;eduroam;-69;19
992;9c:53:22:40:4e:05;TBAYTech;-72;19
993;9c:53:22:40:4e:04;TBAYTech;-61;19
994;aa:53:22:40:4e:05;NOSMConnect;-72;19
995;aa:53:22:40:4e:04;NOSMConnect;-61;19
996;82:f2:e0:d1:f9:74;portthru;-83;19
997;a6:53:22:40:4e:05;eduroam;-72;19
998;a6:53:22:40:4e:04;eduroam;-61;19
999;a4:6c:2a:d4:bf:14;Free Tbaytel WiFi;-71;19
1000;a4:6c:2a:d4:bf:13;LU-Events;-73;19
1001;a4:6c:2a:d4:bf:10;LU-Guest;-74;19
1002;a2:53:22:40:4e:04;NOSMSecure;-60;19
1003;a2:53:22:40:4e:05;NOSMSecure;-72;19
1004;a4:6c:2a:d4:be:33;LU-Events;-82;19
1005;a4:6c:2a:d4:be:34;Free Tbaytel WiFi;-82;19
1006;a4:6c:2a:d4:be:31;LakeheadU;-82;19
1007;a4:6c:2a:d4:be:32;eduroam;-82;19
1008;ac:7a:56:c8:62:0f;LakeheadU;-70;20
1009;ac:7a:56:c8:62:0d;;-71;20
1010;ac:7a:56:c8:62:0e;LU-Events;-70;20
1011;ac:7a:56:c8:62:0c;LU-Guest;-68;20
1012;ac:7a:56:c8:62:05;;-69;20
1013;80:e0:1d:e6:7b:34;Free Tbaytel WiFi;-84;20
1014;ac:7a:56:c8:62:08;Free Tbaytel WiFi;-68;20
1015;ac:7a:56:c8:62:07;eduroam;-68;20
1016;00:42:68:59:8b:ff;LU-Guest;-90;20
1017;00:42:68:59:8b:fb;Free Tbaytel WiFi;-88;20
1018;00:42:68:59:8b:fd;eduroam;-89;20
1019;ba:a3:32:e1:97:09;Xerox;-86;20
1020;a4:6c:2a:e0:20:01;LakeheadU;-77;20
1021;a4:6c:2a:e0:20:00;LU-Guest;-81;20
1022;a4:6c:2a:e0:20:03;LU-Events;-76;20
1023;a4:6c:2a:e0:20:04;Free Tbaytel WiFi;-82;20
1024;80:e0:1d:ee:3f:63;Free Tbaytel WiFi;-54;20
1025;80:e0:1d:ee:3f:64;eduroam;-63;20
1026;aa:53:22:40:4f:7a;NOSMConnect;-83;20
1027;80:e0:1d:ee:3f:60;LakeheadU;-63;20
1028;e8:de:27:f8:06:78;TP-LINK_F80678_Xiaoping;-79;20
1029;80:e0:1d:ee:3f:62;LU-Events;-63;20
1030;a4:6c:2a:d4:bf:1f;LU-Guest;-79;20
1031;a4:6c:2a:d4:bf:1d;eduroam;-80;20
1032;a4:6c:2a:d4:bf:1e;LakeheadU;-79;20
1033;a4:6c:2a:d4:bf:1b;Free Tbaytel WiFi;-79;20
1034;a4:6c:2a:d4:bf:1c;LU-Events;-79;20
1035;80:e0:1d:e6:79:d2;eduroam;-60;20
1036;80:e0:1d:e6:79:d1;LakeheadU;-60;20
1037;80:e0:1d:e6:79:d0;LU-Guest;-60;20
1038;80:e0:1d:e6:79:d4;Free Tbaytel WiFi;-60;20
1039;80:e0:1d:e6:79:d3;LU-Events;-60;20
1040;00:42:68:59:8b:f0;LU-Guest;-86;20
1041;80:e0:1d:e6:79:db;Free Tbaytel WiFi;-77;20
1042;00:42:68:59:8b:f4;Free Tbaytel WiFi;-77;20
1043;80:e0:1d:e6:79:de;LakeheadU;-76;20
1044;80:e0:1d:e6:79:dd;eduroam;-92;20
1045;80:e0:1d:e6:79:dc;LU-Events;-75;20
1046;a2:53:22:40:4f:7a;NOSMSecure;-82;20
1047;80:e0:1d:ee:3f:6c;Free Tbaytel WiFi;-69;20
1048;80:e0:1d:ee:3f:6d;LU-Events;-68;20
1049;80:e0:1d:ee:3f:6e;LU-Guest;-67;20
1050;80:e0:1d:ee:3f:6f;LakeheadU;-67;20
1051;80:e0:1d:f6:a4:d2;eduroam;-82;20
1052;ae:53:22:40:4e:04;NOSMConnect24;-63;20
1053;80:e0:1d:f6:a4:d4;Free Tbaytel WiFi;-85;20
1054;80:e0:1d:ee:3f:6b;eduroam;-66;20
1055;80:e0:1d:c2:b7:f3;LU-Events;-86;20
1056;9c:53:22:40:4e:05;TBAYTech;-79;20
1057;9c:53:22:40:4e:04;TBAYTech;-63;20
1058;aa:53:22:40:4e:05;NOSMConnect;-80;20
1059;aa:53:22:40:4e:04;NOSMConnect;-63;20
1060;82:f2:e0:d1:f9:74;portthru;-75;20
1061;a6:53:22:40:4e:05;eduroam;-79;20
1062;a6:53:22:40:4e:04;eduroam;-63;20
1063;a4:6c:2a:d4:bf:14;Free Tbaytel WiFi;-77;20
1064;a4:6c:2a:d4:bf:12;eduroam;-76;20
1065;a4:6c:2a:d4:bf:11;LakeheadU;-78;20
1066;a2:53:22:40:4e:04;NOSMSecure;-63;20
1067;a2:53:22:40:4e:05;NOSMSecure;-79;20
1068;80:e0:1d:ee:3f:6c;Free Tbaytel WiFi;-69;21
1069;a6:53:22:40:4f:80;eduroam;-80;22
1070;ac:7a:56:c8:62:0f;LakeheadU;-69;22
1071;ac:7a:56:c8:62:0a;;-71;22
1072;ac:7a:56:c8:62:0d;;-71;22
1073;ac:7a:56:c8:62:0e;LU-Events;-69;22
1074;ac:7a:56:c8:62:0b;;-72;22
1075;ac:7a:56:c8:62:0c;LU-Guest;-69;22
1076;9c:53:22:40:4f:80;TBAYTech;-79;22
1077;ac:7a:56:c8:62:00;LakeheadU;-68;22
1078;ac:7a:56:c8:62:01;LU-Events;-66;22
1079;ac:7a:56:c8:62:03;LU-Guest;-66;22
1080;ac:7a:56:c8:62:08;Free Tbaytel WiFi;-71;22
1081;ac:7a:56:c8:62:07;eduroam;-72;22
1082;ba:a3:32:e1:97:09;Xerox;-88;22
1083;a4:6c:2a:e0:20:01;LakeheadU;-75;22
1084;a4:6c:2a:e0:20:00;LU-Guest;-75;22
1085;a4:6c:2a:e0:20:03;LU-Events;-75;22
1086;a4:6c:2a:e0:20:04;Free Tbaytel WiFi;-76;22
1087;80:e0:1d:ee:3f:63;Free Tbaytel WiFi;-65;22
1088;80:e0:1d:ee:3f:64;eduroam;-64;22
1089;80:e0:1d:ee:3f:60;LakeheadU;-64;22
1090;80:e0:1d:ee:3f:61;LU-Guest;-66;22
1091;80:e0:1d:ee:3f:62;LU-Events;-64;22
1092;a4:6c:2a:d4:bf:1f;LU-Guest;-82;22
1093;a4:6c:2a:d4:bf:1d;eduroam;-84;22
1094;a4:6c:2a:d4:bf:1e;LakeheadU;-82;22
1095;a4:6c:2a:d4:bf:1b;Free Tbaytel WiFi;-83;22
1096;a4:6c:2a:d4:bf:1c;LU-Events;-83;22
1097;80:e0:1d:e6:79:d2;eduroam;-66;22
1098;80:e0:1d:e6:79:d1;LakeheadU;-65;22
1099;80:e0:1d:e6:79:d0;LU-Guest;-65;22
1100;80:e0:1d:e6:79:d4;Free Tbaytel WiFi;-64;22
1101;a4:6c:2a:e0:20:0c;LU-Events;-91;22
1102;a4:6c:2a:e0:20:0b;Free Tbaytel WiFi;-91;22
1103;a4:6c:2a:e0:20:0d;eduroam;-91;22
1104;80:e0:1d:e6:79:db;Free Tbaytel WiFi;-63;22
1105;80:e0:1d:e6:79:df;LU-Guest;-63;22
1106;80:e0:1d:e6:79:de;LakeheadU;-63;22
1107;80:e0:1d:e6:79:dd;eduroam;-64;22
1108;80:e0:1d:f6:a5:13;LU-Events;-86;22
1109;80:e0:1d:e6:79:dc;LU-Events;-63;22
1110;80:e0:1d:ee:3f:6c;Free Tbaytel WiFi;-73;22
1111;80:e0:1d:ee:3f:6d;LU-Events;-78;22
1112;80:e0:1d:ee:3f:6e;LU-Guest;-77;22
1113;80:e0:1d:f6:a4:d0;LU-Guest;-78;22
1114;80:e0:1d:ee:3f:6f;LakeheadU;-78;22
1115;ae:53:22:40:4e:04;NOSMConnect24;-63;22
1116;9c:53:22:40:4e:05;TBAYTech;-78;22
1117;9c:53:22:40:4e:04;TBAYTech;-64;22
1118;ce:d7:19:24:c6:d5;LINKSYS-750-guest;-78;22
1119;aa:53:22:40:4e:05;NOSMConnect;-78;22
1120;aa:53:22:40:4e:04;NOSMConnect;-64;22
1121;82:f2:e0:d1:f9:74;portthru;-77;22
1122;a6:53:22:40:4e:05;eduroam;-78;22
1123;a6:53:22:40:4e:04;eduroam;-75;22
1124;a4:6c:2a:d4:bf:14;Free Tbaytel WiFi;-74;22
1125;a4:6c:2a:d4:bf:12;eduroam;-74;22
1126;a4:6c:2a:d4:bf:13;LU-Events;-74;22
1127;a4:6c:2a:d4:bf:10;LU-Guest;-74;22
1128;a4:6c:2a:d4:bf:11;LakeheadU;-75;22
1129;a2:53:22:40:4e:04;NOSMSecure;-64;22
1130;a2:53:22:40:4e:05;NOSMSecure;-78;22
1131;a6:53:22:40:4f:80;eduroam;-80;23
1132;ac:7a:56:c8:62:0f;LakeheadU;-69;23
1133;ac:7a:56:c8:62:0a;;-71;23
1134;ac:7a:56:c8:62:0d;;-71;23
1135;ac:7a:56:c8:62:0e;LU-Events;-69;23
1136;ac:7a:56:c8:62:0b;;-72;23
1137;ac:7a:56:c8:62:0c;LU-Guest;-69;23
1138;9c:53:22:40:4f:80;TBAYTech;-79;23
1139;ac:7a:56:c8:62:00;LakeheadU;-68;23
1140;ac:7a:56:c8:62:01;LU-Events;-66;23
1141;ac:7a:56:c8:62:03;LU-Guest;-66;23
1142;ac:7a:56:c8:62:08;Free Tbaytel WiFi;-71;23
1143;ac:7a:56:c8:62:07;eduroam;-72;23
1144;ba:a3:32:e1:97:09;Xerox;-88;23
1145;a4:6c:2a:e0:20:01;LakeheadU;-75;23
1146;a4:6c:2a:e0:20:00;LU-Guest;-75;23
1147;a4:6c:2a:e0:20:03;LU-Events;-75;23
1148;a4:6c:2a:e0:20:04;Free Tbaytel WiFi;-76;23
1149;80:e0:1d:ee:3f:63;Free Tbaytel WiFi;-65;23
1150;80:e0:1d:ee:3f:64;eduroam;-64;23
1151;80:e0:1d:ee:3f:60;LakeheadU;-64;23
1152;80:e0:1d:ee:3f:61;LU-Guest;-66;23
1153;80:e0:1d:ee:3f:62;LU-Events;-64;23
1154;a4:6c:2a:d4:bf:1f;LU-Guest;-82;23
1155;a4:6c:2a:d4:bf:1d;eduroam;-84;23
1156;a4:6c:2a:d4:bf:1e;LakeheadU;-82;23
1157;a4:6c:2a:d4:bf:1b;Free Tbaytel WiFi;-83;23
1158;a4:6c:2a:d4:bf:1c;LU-Events;-83;23
1159;80:e0:1d:e6:79:d2;eduroam;-66;23
1160;80:e0:1d:e6:79:d1;LakeheadU;-65;23
1161;80:e0:1d:e6:79:d0;LU-Guest;-65;23
1162;80:e0:1d:e6:79:d4;Free Tbaytel WiFi;-64;23
1163;a4:6c:2a:e0:20:0c;LU-Events;-91;23
1164;a4:6c:2a:e0:20:0b;Free Tbaytel WiFi;-91;23
1165;a4:6c:2a:e0:20:0d;eduroam;-91;23
1166;80:e0:1d:e6:79:db;Free Tbaytel WiFi;-63;23
1167;80:e0:1d:e6:79:df;LU-Guest;-63;23
1168;80:e0:1d:e6:79:de;LakeheadU;-63;23
1169;80:e0:1d:e6:79:dd;eduroam;-64;23
1170;80:e0:1d:f6:a5:13;LU-Events;-86;23
1171;80:e0:1d:e6:79:dc;LU-Events;-63;23
1172;80:e0:1d:ee:3f:6c;Free Tbaytel WiFi;-73;23
1173;80:e0:1d:ee:3f:6d;LU-Events;-78;23
1174;80:e0:1d:ee:3f:6e;LU-Guest;-77;23
1175;80:e0:1d:f6:a4:d0;LU-Guest;-78;23
1176;80:e0:1d:ee:3f:6f;LakeheadU;-78;23
1177;ae:53:22:40:4e:04;NOSMConnect24;-63;23
1178;9c:53:22:40:4e:05;TBAYTech;-78;23
1179;9c:53:22:40:4e:04;TBAYTech;-64;23
1180;ce:d7:19:24:c6:d5;LINKSYS-750-guest;-78;23
1181;aa:53:22:40:4e:05;NOSMConnect;-78;23
1182;aa:53:22:40:4e:04;NOSMConnect;-64;23
1183;82:f2:e0:d1:f9:74;portthru;-77;23
1184;a6:53:22:40:4e:05;eduroam;-78;23
1185;a6:53:22:40:4e:04;eduroam;-75;23
1186;a4:6c:2a:d4:bf:14;Free Tbaytel WiFi;-74;23
1187;a4:6c:2a:d4:bf:12;eduroam;-74;23
1188;a4:6c:2a:d4:bf:13;LU-Events;-74;23
1189;a4:6c:2a:d4:bf:10;LU-Guest;-74;23
1190;a4:6c:2a:d4:bf:11;LakeheadU;-75;23
1191;a2:53:22:40:4e:04;NOSMSecure;-64;23
1192;a2:53:22:40:4e:05;NOSMSecure;-78;23
1193;9c:53:22:40:4f:7a;TBAYTech;-75;24
1194;ac:7a:56:c8:62:0f;LakeheadU;-60;24
1195;ac:7a:56:c8:62:0a;;-62;24
1196;ac:7a:56:c8:62:0d;;-62;24
1197;ac:7a:56:c8:62:0e;LU-Events;-61;24
1198;ac:7a:56:c8:62:0b;;-62;24
1199;ac:7a:56:c8:62:0c;LU-Guest;-62;24
1200;a6:53:22:40:4f:7a;eduroam;-76;24
1201;9c:53:22:40:4f:80;TBAYTech;-79;24
1202;ac:7a:56:c8:62:00;LakeheadU;-62;24
1203;ac:7a:56:c8:62:01;LU-Events;-63;24
1204;ac:7a:56:c8:62:03;LU-Guest;-62;24
1205;ac:7a:56:c8:62:08;Free Tbaytel WiFi;-61;24
1206;ac:7a:56:c8:62:07;eduroam;-61;24
1207;ba:a3:32:e1:97:09;Xerox;-84;24
1208;a4:6c:2a:e0:20:01;LakeheadU;-67;24
1209;a4:6c:2a:e0:20:02;eduroam;-67;24
1210;a4:6c:2a:e0:20:04;Free Tbaytel WiFi;-67;24
1211;ae:53:22:40:4f:7a;NOSMConnect24;-75;24
1212;aa:53:22:40:4f:80;NOSMConnect;-85;24
1213;80:e0:1d:ee:3f:63;Free Tbaytel WiFi;-74;24
1214;80:e0:1d:ee:3f:64;eduroam;-72;24
1215;aa:53:22:40:4f:7a;NOSMConnect;-73;24
1216;aa:53:22:40:4f:7b;NOSMConnect;-92;24
1217;80:e0:1d:ee:3f:60;LakeheadU;-74;24
1218;80:e0:1d:ee:3f:61;LU-Guest;-73;24
1219;80:e0:1d:ee:3f:62;LU-Events;-73;24
1220;a4:6c:2a:d4:bf:1f;LU-Guest;-83;24
1221;a4:6c:2a:d4:bf:1b;Free Tbaytel WiFi;-84;24
1222;a4:6c:2a:d4:bf:1c;LU-Events;-83;24
1223;c0:c1:c0:8e:e8:c5;unavailable;-87;24
1224;a4:6c:2a:e0:20:0f;LU-Guest;-81;24
1225;80:e0:1d:e6:79:d2;eduroam;-59;24
1226;80:e0:1d:e6:79:d1;LakeheadU;-57;24
1227;80:e0:1d:e6:79:d0;LU-Guest;-58;24
1228;80:e0:1d:e6:79:d4;Free Tbaytel WiFi;-59;24
1229;80:e0:1d:e6:79:d3;LU-Events;-59;24
1230;a4:6c:2a:e0:20:0c;LU-Events;-82;24
1231;a4:6c:2a:e0:20:0b;Free Tbaytel WiFi;-81;24
1232;c8:d7:19:24:c6:d5;LINKSYS-750;-81;24
1233;80:e0:1d:e6:79:db;Free Tbaytel WiFi;-66;24
1234;80:e0:1d:f6:a5:10;LU-Guest;-84;24
1235;80:e0:1d:e6:79:df;LU-Guest;-65;24
1236;80:e0:1d:e6:79:de;LakeheadU;-66;24
1237;80:e0:1d:e6:79:dd;eduroam;-66;24
1238;80:e0:1d:e6:79:dc;LU-Events;-82;24
1239;80:e0:1d:f6:a5:14;Free Tbaytel WiFi;-86;24
1240;a2:53:22:40:4f:80;NOSMSecure;-87;24
1241;a2:53:22:40:4f:7a;NOSMSecure;-75;24
1242;80:e0:1d:ac:8b:04;Free Tbaytel WiFi;-87;24
1243;80:e0:1d:ac:8b:02;eduroam;-83;24
1244;80:e0:1d:ac:8b:00;LU-Guest;-85;24
1245;80:e0:1d:ee:3f:6c;Free Tbaytel WiFi;-79;24
1246;80:e0:1d:ee:3f:6d;LU-Events;-77;24
1247;80:e0:1d:ee:3f:6e;LU-Guest;-77;24
1248;80:e0:1d:f6:a4:d2;eduroam;-82;24
1249;80:e0:1d:f6:a4:d1;LakeheadU;-80;24
1250;ae:53:22:40:4e:04;NOSMConnect24;-69;24
1251;80:e0:1d:f6:a4:d4;Free Tbaytel WiFi;-81;24
1252;80:e0:1d:f6:a4:d3;LU-Events;-81;24
1253;80:e0:1d:c2:b7:f2;eduroam;-88;24
1254;9c:53:22:40:4e:05;TBAYTech;-83;24
1255;ce:d7:19:24:c6:d5;LINKSYS-750-guest;-80;24
1256;aa:53:22:40:4e:05;NOSMConnect;-84;24
1257;80:e0:1d:ac:8b:0e;LakeheadU;-93;24
1258;82:f2:e0:d1:f9:74;portthru;-74;24
1259;80:e0:1d:ac:8b:0b;Free Tbaytel WiFi;-93;24
1260;a6:53:22:40:4e:05;eduroam;-84;24
1261;a4:6c:2a:d4:bf:10;LU-Guest;-78;24
1262;a2:53:22:40:4e:05;NOSMSecure;-84;24
1263;9c:53:22:40:4f:7a;TBAYTech;-75;25
1264;ac:7a:56:c8:62:0f;LakeheadU;-60;25
1265;ac:7a:56:c8:62:0a;;-62;25
1266;ac:7a:56:c8:62:0d;;-62;25
1267;ac:7a:56:c8:62:0e;LU-Events;-61;25
1268;ac:7a:56:c8:62:0b;;-62;25
1269;ac:7a:56:c8:62:0c;LU-Guest;-62;25
1270;a6:53:22:40:4f:7a;eduroam;-76;25
1271;9c:53:22:40:4f:80;TBAYTech;-79;25
1272;ac:7a:56:c8:62:00;LakeheadU;-62;25
1273;ac:7a:56:c8:62:01;LU-Events;-63;25
1274;ac:7a:56:c8:62:03;LU-Guest;-62;25
1275;ac:7a:56:c8:62:08;Free Tbaytel WiFi;-61;25
1276;ac:7a:56:c8:62:07;eduroam;-61;25
1277;ba:a3:32:e1:97:09;Xerox;-84;25
1278;a4:6c:2a:e0:20:01;LakeheadU;-67;25
1279;a4:6c:2a:e0:20:02;eduroam;-67;25
1280;a4:6c:2a:e0:20:04;Free Tbaytel WiFi;-67;25
1281;ae:53:22:40:4f:7a;NOSMConnect24;-75;25
1282;aa:53:22:40:4f:80;NOSMConnect;-85;25
1283;80:e0:1d:ee:3f:63;Free Tbaytel WiFi;-74;25
1284;80:e0:1d:ee:3f:64;eduroam;-72;25
1285;aa:53:22:40:4f:7a;NOSMConnect;-73;25
1286;aa:53:22:40:4f:7b;NOSMConnect;-92;25
1287;80:e0:1d:ee:3f:60;LakeheadU;-74;25
1288;80:e0:1d:ee:3f:61;LU-Guest;-73;25
1289;80:e0:1d:ee:3f:62;LU-Events;-73;25
1290;a4:6c:2a:d4:bf:1f;LU-Guest;-83;25
1291;a4:6c:2a:d4:bf:1b;Free Tbaytel WiFi;-84;25
1292;a4:6c:2a:d4:bf:1c;LU-Events;-83;25
1293;c0:c1:c0:8e:e8:c5;unavailable;-87;25
1294;a4:6c:2a:e0:20:0f;LU-Guest;-81;25
1295;80:e0:1d:e6:79:d2;eduroam;-59;25
1296;80:e0:1d:e6:79:d1;LakeheadU;-57;25
1297;80:e0:1d:e6:79:d0;LU-Guest;-58;25
1298;80:e0:1d:e6:79:d4;Free Tbaytel WiFi;-59;25
1299;80:e0:1d:e6:79:d3;LU-Events;-59;25
1300;a4:6c:2a:e0:20:0c;LU-Events;-82;25
1301;a4:6c:2a:e0:20:0b;Free Tbaytel WiFi;-81;25
1302;c8:d7:19:24:c6:d5;LINKSYS-750;-81;25
1303;80:e0:1d:e6:79:db;Free Tbaytel WiFi;-66;25
1304;80:e0:1d:f6:a5:10;LU-Guest;-84;25
1305;80:e0:1d:e6:79:df;LU-Guest;-65;25
1306;80:e0:1d:e6:79:de;LakeheadU;-66;25
1307;80:e0:1d:e6:79:dd;eduroam;-66;25
1308;80:e0:1d:e6:79:dc;LU-Events;-82;25
1309;80:e0:1d:f6:a5:14;Free Tbaytel WiFi;-86;25
1310;a2:53:22:40:4f:80;NOSMSecure;-87;25
1311;a2:53:22:40:4f:7a;NOSMSecure;-75;25
1312;80:e0:1d:ac:8b:04;Free Tbaytel WiFi;-87;25
1313;80:e0:1d:ac:8b:02;eduroam;-83;25
1314;80:e0:1d:ac:8b:00;LU-Guest;-85;25
1315;80:e0:1d:ee:3f:6c;Free Tbaytel WiFi;-79;25
1316;80:e0:1d:ee:3f:6d;LU-Events;-77;25
1317;80:e0:1d:ee:3f:6e;LU-Guest;-77;25
1318;80:e0:1d:f6:a4:d2;eduroam;-82;25
1319;80:e0:1d:f6:a4:d1;LakeheadU;-80;25
1320;ae:53:22:40:4e:04;NOSMConnect24;-69;25
1321;80:e0:1d:f6:a4:d4;Free Tbaytel WiFi;-81;25
1322;80:e0:1d:f6:a4:d3;LU-Events;-81;25
1323;80:e0:1d:c2:b7:f2;eduroam;-88;25
1324;9c:53:22:40:4e:05;TBAYTech;-83;25
1325;ce:d7:19:24:c6:d5;LINKSYS-750-guest;-80;25
1326;aa:53:22:40:4e:05;NOSMConnect;-84;25
1327;80:e0:1d:ac:8b:0e;LakeheadU;-93;25
1328;82:f2:e0:d1:f9:74;portthru;-74;25
1329;80:e0:1d:ac:8b:0b;Free Tbaytel WiFi;-93;25
1330;a6:53:22:40:4e:05;eduroam;-84;25
1331;a4:6c:2a:d4:bf:10;LU-Guest;-78;25
1332;a2:53:22:40:4e:05;NOSMSecure;-84;25
1333;9c:53:22:40:4f:7a;TBAYTech;-71;26
1334;ac:7a:56:c8:62:0f;LakeheadU;-60;26
1335;ac:7a:56:c8:62:0e;LU-Events;-60;26
1336;ac:7a:56:c8:62:0c;LU-Guest;-60;26
1337;a6:53:22:40:4f:7a;eduroam;-72;26
1338;ac:7a:56:c8:62:00;LakeheadU;-54;26
1339;ac:7a:56:c8:62:01;LU-Events;-53;26
1340;ac:7a:56:c8:62:03;LU-Guest;-53;26
1341;ac:7a:56:c8:62:08;Free Tbaytel WiFi;-63;26
1342;ac:7a:56:c8:62:07;eduroam;-61;26
1343;d8:b1:90:df:9f:e4;Free Tbaytel WiFi;-81;26
1344;a4:6c:2a:e0:20:01;LakeheadU;-61;26
1345;a4:6c:2a:e0:20:00;LU-Guest;-62;26
1346;a4:6c:2a:e0:20:03;LU-Events;-61;26
1347;a4:6c:2a:e0:20:02;eduroam;-61;26
1348;a4:6c:2a:e0:20:04;Free Tbaytel WiFi;-62;26
1349;d8:b1:90:df:9f:e0;LU-Guest;-80;26
1350;ae:53:22:40:4f:7a;NOSMConnect24;-71;26
1351;80:e0:1d:ee:3f:64;eduroam;-79;26
1352;aa:53:22:40:4f:7a;NOSMConnect;-70;26
1353;80:e0:1d:ee:3f:60;LakeheadU;-78;26
1354;80:e0:1d:ee:3f:61;LU-Guest;-78;26
1355;80:e0:1d:ee:3f:62;LU-Events;-81;26
1356;a4:6c:2a:d4:bf:1f;LU-Guest;-84;26
1357;a4:6c:2a:d4:bf:1b;Free Tbaytel WiFi;-84;26
1358;a4:6c:2a:d4:bf:1c;LU-Events;-84;26
1359;80:e0:1d:e6:79:d2;eduroam;-60;26
1360;80:e0:1d:e6:79:d1;LakeheadU;-60;26
1361;80:e0:1d:e6:79:d0;LU-Guest;-61;26
1362;80:e0:1d:e6:79:d4;Free Tbaytel WiFi;-61;26
1363;80:e0:1d:e6:79:d3;LU-Events;-62;26
1364;a4:6c:2a:e0:20:0c;LU-Events;-80;26
1365;a4:6c:2a:e0:20:0b;Free Tbaytel WiFi;-81;26
1366;a4:6c:2a:e0:20:0d;eduroam;-82;26
1367;c8:d7:19:24:c6:d5;LINKSYS-750;-81;26
1368;80:e0:1d:e6:79:db;Free Tbaytel WiFi;-62;26
1369;80:e0:1d:f6:a5:12;eduroam;-79;26
1370;80:e0:1d:f6:a5:10;LU-Guest;-80;26
1371;80:e0:1d:e6:79:df;LU-Guest;-63;26
1372;80:e0:1d:e6:79:de;LakeheadU;-63;26
1373;80:e0:1d:e6:79:dd;eduroam;-63;26
1374;80:e0:1d:e6:79:dc;LU-Events;-63;26
1375;a2:53:22:40:4f:7a;NOSMSecure;-76;26
1376;80:e0:1d:ee:3f:6c;Free Tbaytel WiFi;-84;26
1377;80:e0:1d:f6:a4:d0;LU-Guest;-75;26
1378;80:e0:1d:ee:3f:6f;LakeheadU;-85;26
1379;80:e0:1d:f6:a4:d2;eduroam;-74;26
1380;80:e0:1d:f6:a4:d1;LakeheadU;-76;26
1381;ae:53:22:40:4e:04;NOSMConnect24;-76;26
1382;80:e0:1d:f6:a4:d4;Free Tbaytel WiFi;-73;26
1383;80:e0:1d:f6:a5:1b;Free Tbaytel WiFi;-90;26
1384;9c:53:22:40:4e:05;TBAYTech;-84;26
1385;80:e0:1d:f6:a5:1e;LakeheadU;-91;26
1386;80:e0:1d:f6:a5:1f;LU-Guest;-90;26
1387;80:e0:1d:f6:a5:1c;LU-Events;-91;26
1388;9c:53:22:40:4e:04;TBAYTech;-75;26
1389;ce:d7:19:24:c6:d5;LINKSYS-750-guest;-79;26
1390;aa:53:22:40:4e:05;NOSMConnect;-85;26
1391;aa:53:22:40:4e:04;NOSMConnect;-76;26
1392;82:f2:e0:d1:f9:74;portthru;-84;26
1393;6c:5a:b0:3d:73:c0;Quanser_UVS-5G;-92;26
1394;6c:5a:b0:3d:73:c1;Quanser_UVS;-78;26
1395;a6:53:22:40:4e:05;eduroam;-84;26
1396;a6:53:22:40:4e:04;eduroam;-77;26
1397;a4:6c:2a:d4:bf:14;Free Tbaytel WiFi;-78;26
1398;a4:6c:2a:d4:bf:12;eduroam;-79;26
1399;a4:6c:2a:d4:bf:13;LU-Events;-78;26
1400;a4:6c:2a:d4:bf:10;LU-Guest;-77;26
1401;a4:6c:2a:d4:bf:11;LakeheadU;-79;26
1402;a2:53:22:40:4e:04;NOSMSecure;-75;26
1403;a2:53:22:40:4e:05;NOSMSecure;-84;26
1404;9c:53:22:40:4f:7a;TBAYTech;-71;27
1405;ac:7a:56:c8:62:0f;LakeheadU;-60;27
1406;ac:7a:56:c8:62:0e;LU-Events;-60;27
1407;ac:7a:56:c8:62:0c;LU-Guest;-60;27
1408;a6:53:22:40:4f:7a;eduroam;-72;27
1409;ac:7a:56:c8:62:00;LakeheadU;-54;27
1410;ac:7a:56:c8:62:01;LU-Events;-53;27
1411;ac:7a:56:c8:62:03;LU-Guest;-53;27
1412;ac:7a:56:c8:62:08;Free Tbaytel WiFi;-63;27
1413;ac:7a:56:c8:62:07;eduroam;-61;27
1414;d8:b1:90:df:9f:e4;Free Tbaytel WiFi;-81;27
1415;a4:6c:2a:e0:20:01;LakeheadU;-61;27
1416;a4:6c:2a:e0:20:00;LU-Guest;-62;27
1417;a4:6c:2a:e0:20:03;LU-Events;-61;27
1418;a4:6c:2a:e0:20:02;eduroam;-61;27
1419;a4:6c:2a:e0:20:04;Free Tbaytel WiFi;-62;27
1420;d8:b1:90:df:9f:e0;LU-Guest;-80;27
1421;ae:53:22:40:4f:7a;NOSMConnect24;-71;27
1422;80:e0:1d:ee:3f:64;eduroam;-79;27
1423;aa:53:22:40:4f:7a;NOSMConnect;-70;27
1424;80:e0:1d:ee:3f:60;LakeheadU;-78;27
1425;80:e0:1d:ee:3f:61;LU-Guest;-78;27
1426;80:e0:1d:ee:3f:62;LU-Events;-81;27
1427;a4:6c:2a:d4:bf:1f;LU-Guest;-84;27
1428;a4:6c:2a:d4:bf:1b;Free Tbaytel WiFi;-84;27
1429;a4:6c:2a:d4:bf:1c;LU-Events;-84;27
1430;80:e0:1d:e6:79:d2;eduroam;-60;27
1431;80:e0:1d:e6:79:d1;LakeheadU;-60;27
1432;80:e0:1d:e6:79:d0;LU-Guest;-61;27
1433;80:e0:1d:e6:79:d4;Free Tbaytel WiFi;-61;27
1434;80:e0:1d:e6:79:d3;LU-Events;-62;27
1435;a4:6c:2a:e0:20:0c;LU-Events;-80;27
1436;a4:6c:2a:e0:20:0b;Free Tbaytel WiFi;-81;27
1437;a4:6c:2a:e0:20:0d;eduroam;-82;27
1438;c8:d7:19:24:c6:d5;LINKSYS-750;-81;27
1439;80:e0:1d:e6:79:db;Free Tbaytel WiFi;-62;27
1440;80:e0:1d:f6:a5:12;eduroam;-79;27
1441;80:e0:1d:f6:a5:10;LU-Guest;-80;27
1442;80:e0:1d:e6:79:df;LU-Guest;-63;27
1443;80:e0:1d:e6:79:de;LakeheadU;-63;27
1444;80:e0:1d:e6:79:dd;eduroam;-63;27
1445;80:e0:1d:e6:79:dc;LU-Events;-63;27
1446;a2:53:22:40:4f:7a;NOSMSecure;-76;27
1447;80:e0:1d:ee:3f:6c;Free Tbaytel WiFi;-84;27
1448;80:e0:1d:f6:a4:d0;LU-Guest;-75;27
1449;80:e0:1d:ee:3f:6f;LakeheadU;-85;27
1450;80:e0:1d:f6:a4:d2;eduroam;-74;27
1451;80:e0:1d:f6:a4:d1;LakeheadU;-76;27
1452;ae:53:22:40:4e:04;NOSMConnect24;-76;27
1453;80:e0:1d:f6:a4:d4;Free Tbaytel WiFi;-73;27
1454;80:e0:1d:f6:a5:1b;Free Tbaytel WiFi;-90;27
1455;9c:53:22:40:4e:05;TBAYTech;-84;27
1456;80:e0:1d:f6:a5:1e;LakeheadU;-91;27
1457;80:e0:1d:f6:a5:1f;LU-Guest;-90;27
1458;80:e0:1d:f6:a5:1c;LU-Events;-91;27
1459;9c:53:22:40:4e:04;TBAYTech;-75;27
1460;ce:d7:19:24:c6:d5;LINKSYS-750-guest;-79;27
1461;aa:53:22:40:4e:05;NOSMConnect;-85;27
1462;aa:53:22:40:4e:04;NOSMConnect;-76;27
1463;82:f2:e0:d1:f9:74;portthru;-84;27
1464;6c:5a:b0:3d:73:c0;Quanser_UVS-5G;-92;27
1465;6c:5a:b0:3d:73:c1;Quanser_UVS;-78;27
1466;a6:53:22:40:4e:05;eduroam;-84;27
1467;a6:53:22:40:4e:04;eduroam;-77;27
1468;a4:6c:2a:d4:bf:14;Free Tbaytel WiFi;-78;27
1469;a4:6c:2a:d4:bf:12;eduroam;-79;27
1470;a4:6c:2a:d4:bf:13;LU-Events;-78;27
1471;a4:6c:2a:d4:bf:10;LU-Guest;-77;27
1472;a4:6c:2a:d4:bf:11;LakeheadU;-79;27
1473;a2:53:22:40:4e:04;NOSMSecure;-75;27
1474;a2:53:22:40:4e:05;NOSMSecure;-84;27
1475;9c:53:22:40:4f:7b;TBAYTech;-91;28
1476;ac:7a:56:c8:62:0f;LakeheadU;-56;28
1477;ac:7a:56:c8:62:0e;LU-Events;-56;28
1478;a6:53:22:40:4f:7b;eduroam;-90;28
1479;ac:7a:56:c8:62:0c;LU-Guest;-57;28
1480;a6:53:22:40:4f:7a;eduroam;-60;28
1481;ac:7a:56:c8:62:00;LakeheadU;-55;28
1482;ac:7a:56:c8:62:01;LU-Events;-51;28
1483;ac:7a:56:c8:62:03;LU-Guest;-51;28
1484;ac:7a:56:c8:62:08;Free Tbaytel WiFi;-58;28
1485;ac:7a:56:c8:62:07;eduroam;-56;28
1486;d8:b1:90:df:9f:e4;Free Tbaytel WiFi;-80;28
1487;d8:b1:90:df:9f:e3;LU-Events;-80;28
1488;d8:b1:90:df:9f:e2;eduroam;-81;28
1489;ba:a3:32:e1:97:09;Xerox;-92;28
1490;a4:6c:2a:e0:20:01;LakeheadU;-75;28
1491;a4:6c:2a:e0:20:00;LU-Guest;-73;28
1492;a4:6c:2a:e0:20:03;LU-Events;-75;28
1493;d8:b1:90:df:9f:e1;LakeheadU;-81;28
1494;d8:b1:90:df:9f:e0;LU-Guest;-82;28
1495;ae:53:22:40:4f:7a;NOSMConnect24;-58;28
1496;80:e0:1d:ee:3f:64;eduroam;-78;28
1497;aa:53:22:40:4f:7a;NOSMConnect;-58;28
1498;aa:53:22:40:4f:7b;NOSMConnect;-89;28
1499;80:e0:1d:ee:3f:60;LakeheadU;-80;28
1500;80:e0:1d:ee:3f:62;LU-Events;-80;28
1501;a4:6c:2a:d4:bf:1f;LU-Guest;-79;28
1502;a4:6c:2a:d4:bf:1d;eduroam;-79;28
1503;a4:6c:2a:d4:bf:1e;LakeheadU;-79;28
1504;a4:6c:2a:d4:bf:1b;Free Tbaytel WiFi;-79;28
1505;a4:6c:2a:d4:bf:1c;LU-Events;-79;28
1506;80:e0:1d:e6:79:d1;LakeheadU;-53;28
1507;80:e0:1d:e6:79:db;Free Tbaytel WiFi;-62;28
1508;80:e0:1d:e6:79:df;LU-Guest;-62;28
1509;80:e0:1d:e6:79:de;LakeheadU;-90;28
1510;80:e0:1d:e6:79:dd;eduroam;-62;28
1511;80:e0:1d:e6:79:dc;LU-Events;-62;28
1512;a2:53:22:40:4f:7b;NOSMSecure;-90;28
1513;a2:53:22:40:4f:7a;NOSMSecure;-58;28
1514;80:e0:1d:ac:8b:04;Free Tbaytel WiFi;-76;28
1515;80:e0:1d:ac:8b:03;LU-Events;-77;28
1516;80:e0:1d:ac:8b:02;eduroam;-76;28
1517;80:e0:1d:ac:8b:01;LakeheadU;-77;28
1518;80:e0:1d:ee:3f:6c;Free Tbaytel WiFi;-85;28
1519;80:e0:1d:ee:3f:6d;LU-Events;-83;28
1520;80:e0:1d:ee:3f:6f;LakeheadU;-85;28
1521;80:e0:1d:f6:a4:d2;eduroam;-81;28
1522;80:e0:1d:c2:b7:f4;Free Tbaytel WiFi;-86;28
1523;9c:53:22:40:4e:05;TBAYTech;-84;28
1524;aa:53:22:40:4e:05;NOSMConnect;-84;28
1525;80:e0:1d:ac:8b:0e;LakeheadU;-88;28
1526;80:e0:1d:ac:8b:0d;eduroam;-89;28
1527;82:f2:e0:d1:f9:74;portthru;-87;28
1528;80:e0:1d:ac:8b:0c;LU-Events;-89;28
1529;80:e0:1d:ac:8b:0b;Free Tbaytel WiFi;-90;28
1530;6c:5a:b0:3d:73:c0;Quanser_UVS-5G;-87;28
1531;a6:53:22:40:4e:05;eduroam;-84;28
1532;80:e0:1d:ac:8b:0f;LU-Guest;-89;28
1533;a2:53:22:40:4e:05;NOSMSecure;-84;28
1534;9c:53:22:40:4f:7b;TBAYTech;-89;29
1535;9c:53:22:40:4f:7a;TBAYTech;-55;29
1536;ac:7a:56:c8:62:0f;LakeheadU;-56;29
1537;ac:7a:56:c8:62:0e;LU-Events;-56;29
1538;a6:53:22:40:4f:7b;eduroam;-89;29
1539;ac:7a:56:c8:62:0c;LU-Guest;-57;29
1540;a6:53:22:40:4f:7a;eduroam;-55;29
1541;9c:53:22:40:4f:80;TBAYTech;-89;29
1542;ac:7a:56:c8:62:00;LakeheadU;-51;29
1543;ac:7a:56:c8:62:01;LU-Events;-51;29
1544;ac:7a:56:c8:62:03;LU-Guest;-51;29
1545;ac:7a:56:c8:62:08;Free Tbaytel WiFi;-51;29
1546;ac:7a:56:c8:62:07;Free Tbaytel WiFi;-51;29
1547;d8:b1:90:df:9f:e3;LU-Events;-82;29
1548;ba:a3:32:e1:97:09;Xerox;-92;29
1549;a4:6c:2a:e0:20:01;LakeheadU;-72;29
1550;a4:6c:2a:e0:20:00;LU-Guest;-72;29
1551;a4:6c:2a:e0:20:03;LU-Events;-70;29
1552;a4:6c:2a:e0:20:02;eduroam;-71;29
1553;a4:6c:2a:e0:20:04;Free Tbaytel WiFi;-70;29
1554;d8:b1:90:df:9f:e1;LakeheadU;-83;29
1555;ae:53:22:40:4f:7a;NOSMConnect24;-58;29
1556;aa:53:22:40:4f:7a;NOSMConnect;-56;29
1557;aa:53:22:40:4f:7b;NOSMConnect;-89;29
1558;a4:6c:2a:d4:bf:1f;LU-Guest;-83;29
1559;a4:6c:2a:d4:bf:1d;eduroam;-79;29
1560;a4:6c:2a:d4:bf:1e;LakeheadU;-79;29
1561;a4:6c:2a:d4:bf:1b;Free Tbaytel WiFi;-81;29
1562;a4:6c:2a:d4:bf:1c;LU-Events;-82;29
1563;80:e0:1d:e6:79:d2;eduroam;-57;29
1564;80:e0:1d:e6:79:d1;LakeheadU;-59;29
1565;80:e0:1d:e6:79:d0;LU-Guest;-57;29
1566;80:e0:1d:e6:79:d4;Free Tbaytel WiFi;-57;29
1567;80:e0:1d:e6:79:d3;LU-Events;-57;29
1568;80:e0:1d:e6:79:db;Free Tbaytel WiFi;-62;29
1569;80:e0:1d:f6:a5:11;LakeheadU;-78;29
1570;80:e0:1d:f6:a5:12;eduroam;-78;29
1571;80:e0:1d:f6:a5:10;LU-Guest;-77;29
1572;80:e0:1d:e6:79:df;LU-Guest;-62;29
1573;80:e0:1d:e6:79:de;LakeheadU;-90;29
1574;80:e0:1d:e6:79:dd;eduroam;-62;29
1575;80:e0:1d:e6:79:dc;LU-Events;-62;29
1576;a2:53:22:40:4f:7b;NOSMSecure;-88;29
1577;a2:53:22:40:4f:7a;NOSMSecure;-55;29
1578;80:e0:1d:ac:8b:02;eduroam;-76;29
1579;80:e0:1d:ee:3f:6c;Free Tbaytel WiFi;-85;29
1580;80:e0:1d:ee:3f:6d;LU-Events;-83;29
1581;80:e0:1d:ee:3f:6f;LakeheadU;-85;29
1582;80:e0:1d:f6:a4:d3;LU-Events;-83;29
1583;80:e0:1d:f6:a5:1b;Free Tbaytel WiFi;-92;29
1584;9c:53:22:40:4e:05;TBAYTech;-91;29
1585;80:e0:1d:f6:a5:1f;LU-Guest;-93;29
1586;80:e0:1d:f6:a5:1c;LU-Events;-92;29
1587;9c:53:22:40:4e:04;TBAYTech;-80;29
1588;80:e0:1d:f6:a5:1d;eduroam;-92;29
1589;aa:53:22:40:4e:05;NOSMConnect;-91;29
1590;aa:53:22:40:4e:04;NOSMConnect;-81;29
1591;80:e0:1d:ac:8b:0e;LakeheadU;-88;29
1592;80:e0:1d:ac:8b:0d;eduroam;-89;29
1593;82:f2:e0:d1:f9:74;portthru;-87;29
1594;80:e0:1d:ac:8b:0c;LU-Events;-89;29
1595;80:e0:1d:ac:8b:0b;Free Tbaytel WiFi;-90;29
1596;6c:5a:b0:3d:73:c0;Quanser_UVS-5G;-87;29
1597;a6:53:22:40:4e:05;eduroam;-92;29
1598;a6:53:22:40:4e:04;eduroam;-81;29
1599;80:e0:1d:ac:8b:0f;LU-Guest;-89;29
1600;a2:53:22:40:4e:05;NOSMSecure;-92;29
1601;7e:a7:b0:c5:e9:67;DIRECT-cfLexmark Cheetah M-67e9;-80;29
1602;9c:53:22:40:4f:7b;TBAYTech;-82;30
1603;9c:53:22:40:4f:7a;TBAYTech;-61;30
1604;ac:7a:56:c8:62:0f;LakeheadU;-56;30
1605;ac:7a:56:c8:62:0e;LU-Events;-56;30
1606;a6:53:22:40:4f:7b;eduroam;-82;30
1607;ac:7a:56:c8:62:0c;LU-Guest;-56;30
1608;a6:53:22:40:4f:7a;eduroam;-59;30
1609;9c:53:22:40:4f:80;TBAYTech;-89;30
1610;ac:7a:56:c8:62:00;LakeheadU;-53;30
1611;ac:7a:56:c8:62:01;LU-Events;-53;30
1612;ac:7a:56:c8:62:03;LU-Guest;-53;30
1613;ac:7a:56:c8:62:08;Free Tbaytel WiFi;-62;30
1614;ac:7a:56:c8:62:07;eduroam;-56;30
1615;d8:b1:90:df:9f:e4;Free Tbaytel WiFi;-78;30
1616;d8:b1:90:df:9f:e3;LU-Events;-77;30
1617;d8:b1:90:df:9f:e2;eduroam;-78;30
1618;a4:6c:2a:e0:20:01;LakeheadU;-78;30
1619;a4:6c:2a:e0:20:00;LU-Guest;-78;30
1620;a4:6c:2a:e0:20:03;LU-Events;-76;30
1621;a4:6c:2a:e0:20:02;eduroam;-71;30
1622;a4:6c:2a:e0:20:04;Free Tbaytel WiFi;-77;30
1623;d8:b1:90:df:9f:e1;LakeheadU;-78;30
1624;d8:b1:90:df:9f:e0;LU-Guest;-77;30
1625;ae:53:22:40:4f:7a;NOSMConnect24;-59;30
1626;aa:53:22:40:4f:7a;NOSMConnect;-60;30
1627;aa:53:22:40:4f:7b;NOSMConnect;-82;30
1628;a4:6c:2a:d4:bf:1f;LU-Guest;-84;30
1629;a4:6c:2a:d4:bf:1b;Free Tbaytel WiFi;-84;30
1630;a4:6c:2a:d4:bf:1c;LU-Events;-84;30
1631;80:e0:1d:e6:79:d2;eduroam;-56;30
1632;80:e0:1d:e6:79:d1;LakeheadU;-55;30
1633;80:e0:1d:e6:79:d0;LU-Guest;-52;30
1634;80:e0:1d:e6:79:d4;Free Tbaytel WiFi;-51;30
1635;80:e0:1d:e6:79:d3;LU-Events;-55;30
1636;80:e0:1d:e6:79:db;Free Tbaytel WiFi;-50;30
1637;80:e0:1d:f6:a5:11;LakeheadU;-78;30
1638;80:e0:1d:f6:a5:12;eduroam;-78;30
1639;80:e0:1d:f6:a5:10;LU-Guest;-77;30
1640;80:e0:1d:e6:79:df;LU-Guest;-50;30
1641;80:e0:1d:e6:79:de;LakeheadU;-51;30
1642;80:e0:1d:e6:79:dd;eduroam;-49;30
1643;80:e0:1d:e6:79:dc;LU-Events;-51;30
1644;a2:53:22:40:4f:7b;NOSMSecure;-81;30
1645;a2:53:22:40:4f:7a;NOSMSecure;-63;30
1646;80:e0:1d:ac:8b:03;LU-Events;-75;30
1647;80:e0:1d:ac:8b:02;eduroam;-76;30
1648;80:e0:1d:ac:8b:01;LakeheadU;-76;30
1649;80:e0:1d:ac:8b:00;LU-Guest;-83;30
1650;80:e0:1d:ee:3f:6f;LakeheadU;-91;30
1651;80:e0:1d:f6:a4:d4;Free Tbaytel WiFi;-85;30
1652;80:e0:1d:ee:3f:6b;eduroam;-92;30
1653;80:e0:1d:f6:a4:d3;LU-Events;-83;30
1654;80:e0:1d:c2:b7:f0;LU-Guest;-85;30
1655;80:e0:1d:c2:b7:f2;eduroam;-86;30
1656;80:e0:1d:f6:a5:1b;Free Tbaytel WiFi;-93;30
1657;9c:53:22:40:4e:05;TBAYTech;-91;30
1658;80:e0:1d:f6:a5:1f;LU-Guest;-93;30
1659;80:e0:1d:f6:a5:1c;LU-Events;-92;30
1660;9c:53:22:40:4e:04;TBAYTech;-80;30
1661;80:e0:1d:f6:a5:1d;eduroam;-92;30
1662;aa:53:22:40:4e:05;NOSMConnect;-93;30
1663;aa:53:22:40:4e:04;NOSMConnect;-81;30
1664;80:e0:1d:ac:8b:0e;LakeheadU;-85;30
1665;80:e0:1d:ac:8b:0d;eduroam;-85;30
1666;80:e0:1d:ac:8b:0c;LU-Events;-84;30
1667;80:e0:1d:ac:8b:0b;Free Tbaytel WiFi;-85;30
1668;6c:5a:b0:3d:73:c0;Quanser_UVS-5G;-87;30
1669;a6:53:22:40:4e:05;eduroam;-92;30
1670;a6:53:22:40:4e:04;eduroam;-81;30
1671;80:e0:1d:ac:8b:0f;LU-Guest;-84;30
1672;a4:6c:2a:d4:bf:12;eduroam;-82;30
1673;a2:53:22:40:4e:05;NOSMSecure;-91;30
1674;7e:a7:b0:c5:e9:67;DIRECT-cfLexmark Cheetah M-67e9;-80;30
1675;9c:53:22:40:4f:7b;TBAYTech;-82;31
1676;9c:53:22:40:4f:7a;TBAYTech;-61;31
1677;ac:7a:56:c8:62:0f;LakeheadU;-56;31
1678;ac:7a:56:c8:62:0e;LU-Events;-56;31
1679;a6:53:22:40:4f:7b;eduroam;-82;31
1680;ac:7a:56:c8:62:0c;LU-Guest;-56;31
1681;a6:53:22:40:4f:7a;eduroam;-59;31
1682;ac:7a:56:c8:62:00;LakeheadU;-53;31
1683;ac:7a:56:c8:62:01;LU-Events;-53;31
1684;ac:7a:56:c8:62:03;LU-Guest;-53;31
1685;ac:7a:56:c8:62:08;Free Tbaytel WiFi;-62;31
1686;ac:7a:56:c8:62:07;eduroam;-56;31
1687;d8:b1:90:df:9f:e4;Free Tbaytel WiFi;-78;31
1688;d8:b1:90:df:9f:e3;LU-Events;-77;31
1689;d8:b1:90:df:9f:e2;eduroam;-78;31
1690;a4:6c:2a:e0:20:01;LakeheadU;-78;31
1691;a4:6c:2a:e0:20:00;LU-Guest;-78;31
1692;a4:6c:2a:e0:20:03;LU-Events;-76;31
1693;a4:6c:2a:e0:20:04;Free Tbaytel WiFi;-77;31
1694;d8:b1:90:df:9f:e1;LakeheadU;-78;31
1695;d8:b1:90:df:9f:e0;LU-Guest;-77;31
1696;ae:53:22:40:4f:7a;NOSMConnect24;-59;31
1697;aa:53:22:40:4f:7a;NOSMConnect;-60;31
1698;aa:53:22:40:4f:7b;NOSMConnect;-82;31
1699;a4:6c:2a:d4:bf:1f;LU-Guest;-84;31
1700;a4:6c:2a:d4:bf:1b;Free Tbaytel WiFi;-84;31
1701;a4:6c:2a:d4:bf:1c;LU-Events;-84;31
1702;80:e0:1d:e6:79:d2;eduroam;-56;31
1703;80:e0:1d:e6:79:d1;LakeheadU;-55;31
1704;80:e0:1d:e6:79:d0;LU-Guest;-52;31
1705;80:e0:1d:e6:79:d4;Free Tbaytel WiFi;-51;31
1706;80:e0:1d:e6:79:d3;LU-Events;-55;31
1707;80:e0:1d:e6:79:db;Free Tbaytel WiFi;-50;31
1708;80:e0:1d:e6:79:df;LU-Guest;-50;31
1709;80:e0:1d:e6:79:de;LakeheadU;-51;31
1710;80:e0:1d:e6:79:dd;eduroam;-49;31
1711;80:e0:1d:e6:79:dc;LU-Events;-51;31
1712;a2:53:22:40:4f:7b;NOSMSecure;-81;31
1713;a2:53:22:40:4f:7a;NOSMSecure;-63;31
1714;80:e0:1d:ac:8b:03;LU-Events;-75;31
1715;80:e0:1d:ac:8b:01;LakeheadU;-76;31
1716;80:e0:1d:ac:8b:00;LU-Guest;-83;31
1717;80:e0:1d:ee:3f:6f;LakeheadU;-91;31
1718;80:e0:1d:f6:a4:d4;Free Tbaytel WiFi;-85;31
1719;80:e0:1d:ee:3f:6b;eduroam;-92;31
1720;80:e0:1d:c2:b7:f0;LU-Guest;-85;31
1721;80:e0:1d:c2:b7:f2;eduroam;-86;31
1722;80:e0:1d:f6:a5:1b;Free Tbaytel WiFi;-93;31
1723;9c:53:22:40:4e:05;TBAYTech;-91;31
1724;80:e0:1d:f6:a5:1c;LU-Events;-92;31
1725;aa:53:22:40:4e:05;NOSMConnect;-93;31
1726;80:e0:1d:ac:8b:0e;LakeheadU;-85;31
1727;80:e0:1d:ac:8b:0d;eduroam;-85;31
1728;80:e0:1d:ac:8b:0c;LU-Events;-84;31
1729;80:e0:1d:ac:8b:0b;Free Tbaytel WiFi;-85;31
1730;a6:53:22:40:4e:05;eduroam;-92;31
1731;80:e0:1d:ac:8b:0f;LU-Guest;-84;31
1732;a4:6c:2a:d4:bf:12;eduroam;-82;31
1733;a2:53:22:40:4e:05;NOSMSecure;-91;31
1734;9c:53:22:40:4f:7b;TBAYTech;-78;32
1735;9c:53:22:40:4f:7a;TBAYTech;-47;32
1736;ac:7a:56:c8:62:0f;LakeheadU;-57;32
1737;ac:7a:56:c8:62:0e;LU-Events;-57;32
1738;a6:53:22:40:4f:7b;eduroam;-78;32
1739;ac:7a:56:c8:62:0c;LU-Guest;-57;32
1740;a6:53:22:40:4f:7a;eduroam;-46;32
1741;a4:6c:2a:d3:f4:d0;LU-Guest;-83;32
1742;a4:6c:2a:d3:f4:d4;Free Tbaytel WiFi;-82;32
1743;a4:6c:2a:d3:f4:d2;eduroam;-84;32
1744;a4:6c:2a:d3:f4:d3;LU-Events;-83;32
1745;ac:7a:56:c8:62:01;LU-Events;-52;32
1746;80:e0:1d:ee:3f:00;LU-Guest;-81;32
1747;ac:7a:56:c8:62:03;LU-Guest;-52;32
1748;80:e0:1d:ee:3f:02;eduroam;-80;32
1749;80:e0:1d:ee:3f:04;Free Tbaytel WiFi;-80;32
1750;ac:7a:56:c8:62:08;Free Tbaytel WiFi;-63;32
1751;ac:7a:56:c8:62:07;eduroam;-58;32
1752;ba:5a:b0:3d:73:b1;;-82;32
1753;d8:b1:90:df:9f:e2;eduroam;-84;32
1754;9c:53:22:40:4f:e8;TBAYTech;-85;32
1755;a4:6c:2a:e0:20:02;eduroam;-84;32
1756;00:1f:33:bd:d5:34;Lab1012;-74;32
1757;d8:b1:90:df:9f:e1;LakeheadU;-83;32
1758;ae:53:22:40:4f:7a;NOSMConnect24;-46;32
1759;aa:53:22:40:4f:7a;NOSMConnect;-46;32
1760;aa:53:22:40:4f:7b;NOSMConnect;-77;32
1761;a4:6c:2a:d4:bf:1f;LU-Guest;-84;32
1762;a4:6c:2a:d4:bf:1d;eduroam;-84;32
1763;a4:6c:2a:d4:bf:1e;LakeheadU;-83;32
1764;a4:6c:2a:d4:bf:1b;Free Tbaytel WiFi;-84;32
1765;a4:6c:2a:d4:bf:1c;LU-Events;-83;32
1766;80:e0:1d:e6:79:d2;eduroam;-50;32
1767;80:e0:1d:e6:79:d1;LakeheadU;-50;32
1768;80:e0:1d:e6:79:d0;LU-Guest;-46;32
1769;80:e0:1d:e6:79:d4;Free Tbaytel WiFi;-46;32
1770;80:e0:1d:e6:79:d3;LU-Events;-46;32
1771;80:e0:1d:e6:79:db;Free Tbaytel WiFi;-47;32
1772;80:e0:1d:f6:a5:11;LakeheadU;-84;32
1773;80:e0:1d:f6:a5:12;eduroam;-84;32
1774;80:e0:1d:e6:79:df;LU-Guest;-47;32
1775;80:e0:1d:e6:79:de;LakeheadU;-47;32
1776;80:e0:1d:e6:79:dd;eduroam;-47;32
1777;80:e0:1d:f6:a5:13;LU-Events;-83;32
1778;80:e0:1d:e6:79:dc;LU-Events;-46;32
1779;a2:53:22:40:4f:7b;NOSMSecure;-77;32
1780;a2:53:22:40:4f:7a;NOSMSecure;-50;32
1781;80:e0:1d:ac:8b:02;eduroam;-68;32
1782;80:e0:1d:ac:8b:00;LU-Guest;-80;32
1783;80:e0:1d:ee:3f:6f;LakeheadU;-91;32
1784;80:e0:1d:ee:3f:6b;eduroam;-92;32
1785;80:e0:1d:c2:b7:f2;eduroam;-83;32
1786;80:e0:1d:f6:a5:1b;Free Tbaytel WiFi;-93;32
1787;80:e0:1d:f6:a5:1c;LU-Events;-92;32
1788;6c:5a:b0:3d:73:bf;Quanser_UVS-5G;-83;32
1789;aa:53:22:40:4e:05;NOSMConnect;-93;32
1790;80:e0:1d:ac:8b:0e;LakeheadU;-86;32
1791;80:e0:1d:ac:8b:0d;eduroam;-86;32
1792;80:e0:1d:ac:8b:0c;LU-Events;-86;32
1793;80:e0:1d:ac:8b:0b;Free Tbaytel WiFi;-85;32
1794;6c:5a:b0:3d:73:c0;Quanser_UVS-5G;-77;32
1795;6c:5a:b0:3d:73:c1;Quanser_UVS;-61;32
1796;a6:53:22:40:4e:05;eduroam;-93;32
1797;80:e0:1d:ac:8b:0f;LU-Guest;-85;32
1798;a4:6c:2a:d4:bf:13;LU-Events;-76;32
1799;a4:6c:2a:d4:bf:11;LakeheadU;-75;32
1800;a2:53:22:40:4e:05;NOSMSecure;-93;32
1801;9c:53:22:40:4f:7b;TBAYTech;-78;33
1802;9c:53:22:40:4f:7a;TBAYTech;-47;33
1803;ac:7a:56:c8:62:0f;LakeheadU;-57;33
1804;ac:7a:56:c8:62:0e;LU-Events;-57;33
1805;a6:53:22:40:4f:7b;eduroam;-78;33
1806;ac:7a:56:c8:62:0c;LU-Guest;-57;33
1807;a6:53:22:40:4f:7a;eduroam;-46;33
1808;a4:6c:2a:d3:f4:d0;LU-Guest;-83;33
1809;a4:6c:2a:d3:f4:d4;Free Tbaytel WiFi;-82;33
1810;a4:6c:2a:d3:f4:d2;eduroam;-84;33
1811;a4:6c:2a:d3:f4:d3;LU-Events;-83;33
1812;ac:7a:56:c8:62:01;LU-Events;-52;33
1813;80:e0:1d:ee:3f:00;LU-Guest;-81;33
1814;ac:7a:56:c8:62:03;LU-Guest;-52;33
1815;80:e0:1d:ee:3f:02;eduroam;-80;33
1816;80:e0:1d:ee:3f:04;Free Tbaytel WiFi;-80;33
1817;ac:7a:56:c8:62:08;Free Tbaytel WiFi;-63;33
1818;ac:7a:56:c8:62:07;eduroam;-58;33
1819;ba:5a:b0:3d:73:b1;;-82;33
1820;d8:b1:90:df:9f:e2;eduroam;-84;33
1821;9c:53:22:40:4f:e8;TBAYTech;-85;33
1822;a4:6c:2a:e0:20:02;eduroam;-84;33
1823;00:1f:33:bd:d5:34;Lab1012;-74;33
1824;d8:b1:90:df:9f:e1;LakeheadU;-83;33
1825;ae:53:22:40:4f:7a;NOSMConnect24;-46;33
1826;aa:53:22:40:4f:7a;NOSMConnect;-46;33
1827;aa:53:22:40:4f:7b;NOSMConnect;-77;33
1828;a4:6c:2a:d4:bf:1f;LU-Guest;-84;33
1829;a4:6c:2a:d4:bf:1d;eduroam;-84;33
1830;a4:6c:2a:d4:bf:1e;LakeheadU;-83;33
1831;a4:6c:2a:d4:bf:1b;Free Tbaytel WiFi;-84;33
1832;a4:6c:2a:d4:bf:1c;LU-Events;-83;33
1833;80:e0:1d:e6:79:d2;eduroam;-50;33
1834;80:e0:1d:e6:79:d1;LakeheadU;-50;33
1835;80:e0:1d:e6:79:d0;LU-Guest;-46;33
1836;80:e0:1d:e6:79:d4;Free Tbaytel WiFi;-46;33
1837;80:e0:1d:e6:79:d3;LU-Events;-46;33
1838;80:e0:1d:e6:79:db;Free Tbaytel WiFi;-47;33
1839;80:e0:1d:f6:a5:11;LakeheadU;-84;33
1840;80:e0:1d:f6:a5:12;eduroam;-84;33
1841;80:e0:1d:e6:79:df;LU-Guest;-47;33
1842;80:e0:1d:e6:79:de;LakeheadU;-47;33
1843;80:e0:1d:e6:79:dd;eduroam;-47;33
1844;80:e0:1d:f6:a5:13;LU-Events;-83;33
1845;80:e0:1d:e6:79:dc;LU-Events;-46;33
1846;a2:53:22:40:4f:7b;NOSMSecure;-77;33
1847;a2:53:22:40:4f:7a;NOSMSecure;-50;33
1848;80:e0:1d:ac:8b:02;eduroam;-68;33
1849;80:e0:1d:ac:8b:00;LU-Guest;-80;33
1850;80:e0:1d:c2:b7:f2;eduroam;-83;33
1851;6c:5a:b0:3d:73:bf;Quanser_UVS-5G;-83;33
1852;aa:53:22:40:4e:05;NOSMConnect;-93;33
1853;80:e0:1d:ac:8b:0e;LakeheadU;-86;33
1854;80:e0:1d:ac:8b:0d;eduroam;-86;33
1855;80:e0:1d:ac:8b:0c;LU-Events;-86;33
1856;80:e0:1d:ac:8b:0b;Free Tbaytel WiFi;-85;33
1857;6c:5a:b0:3d:73:c0;Quanser_UVS-5G;-77;33
1858;6c:5a:b0:3d:73:c1;Quanser_UVS;-61;33
1859;a6:53:22:40:4e:05;eduroam;-93;33
1860;80:e0:1d:ac:8b:0f;LU-Guest;-85;33
1861;a4:6c:2a:d4:bf:13;LU-Events;-76;33
1862;a4:6c:2a:d4:bf:11;LakeheadU;-75;33
1863;a2:53:22:40:4e:05;NOSMSecure;-93;33
1864;9c:53:22:40:4f:7b;TBAYTech;-81;34
1865;9c:53:22:40:4f:7a;TBAYTech;-42;34
1866;ac:7a:56:c8:62:0f;LakeheadU;-70;34
1867;ac:7a:56:c8:62:0e;LU-Events;-70;34
1868;a6:53:22:40:4f:7b;eduroam;-81;34
1869;ac:7a:56:c8:62:0c;LU-Guest;-69;34
1870;a6:53:22:40:4f:7a;eduroam;-43;34
1871;a4:6c:2a:d3:f4:d0;LU-Guest;-82;34
1872;a4:6c:2a:d3:f4:d1;LakeheadU;-83;34
1873;a4:6c:2a:d3:f4:d4;Free Tbaytel WiFi;-82;34
1874;a4:6c:2a:d3:f4:d2;eduroam;-82;34
1875;a4:6c:2a:d3:f4:d3;LU-Events;-83;34
1876;ac:7a:56:c8:62:01;LU-Events;-64;34
1877;80:e0:1d:ee:3f:00;LU-Guest;-77;34
1878;ac:7a:56:c8:62:03;LU-Guest;-65;34
1879;80:e0:1d:ee:3f:01;LakeheadU;-82;34
1880;80:e0:1d:ee:3f:02;eduroam;-78;34
1881;80:e0:1d:ee:3f:03;LU-Events;-81;34
1882;80:e0:1d:ee:3f:04;Free Tbaytel WiFi;-79;34
1883;ac:7a:56:c8:62:08;Free Tbaytel WiFi;-68;34
1884;ac:7a:56:c8:62:07;eduroam;-70;34
1885;ba:5a:b0:3d:73:b1;;-85;34
1886;d8:b1:90:df:9f:e4;Free Tbaytel WiFi;-86;34
1887;d8:b1:90:df:9f:e2;eduroam;-85;34
1888;80:e0:1d:ee:3f:0c;LU-Events;-92;34
1889;a4:6c:2a:e0:20:03;LU-Events;-80;34
1890;00:1f:33:bd:d5:34;Lab1012;-65;34
1891;d8:b1:90:df:9f:e1;LakeheadU;-90;34
1892;ae:53:22:40:4f:7a;NOSMConnect24;-45;34
1893;aa:53:22:40:4f:7a;NOSMConnect;-43;34
1894;aa:53:22:40:4f:7b;NOSMConnect;-82;34
1895;a4:6c:2a:d4:bf:1f;LU-Guest;-84;34
1896;a4:6c:2a:d4:bf:1b;Free Tbaytel WiFi;-85;34
1897;a4:6c:2a:d4:bf:1c;LU-Events;-86;34
1898;ca:5a:b0:3d:73:c3;;-69;34
1899;80:e0:1d:e6:79:d2;eduroam;-45;34
1900;80:e0:1d:e6:79:d1;LakeheadU;-45;34
1901;80:e0:1d:e6:79:d0;LU-Guest;-38;34
1902;80:e0:1d:e6:79:d4;Free Tbaytel WiFi;-38;34
1903;80:e0:1d:e6:79:d3;LU-Events;-45;34
1904;80:e0:1d:e6:79:db;Free Tbaytel WiFi;-47;34
1905;80:e0:1d:f6:a5:11;LakeheadU;-80;34
1906;80:e0:1d:f6:a5:10;LU-Guest;-81;34
1907;80:e0:1d:e6:79:df;LU-Guest;-45;34
1908;80:e0:1d:e6:79:de;LakeheadU;-45;34
1909;80:e0:1d:e6:79:dd;eduroam;-48;34
1910;80:e0:1d:e6:79:dc;LU-Events;-45;34
1911;80:e0:1d:f6:a5:14;Free Tbaytel WiFi;-81;34
1912;a2:53:22:40:4f:7b;NOSMSecure;-81;34
1913;a2:53:22:40:4f:7a;NOSMSecure;-44;34
1914;80:e0:1d:ac:8b:04;Free Tbaytel WiFi;-66;34
1915;80:e0:1d:ac:8b:03;LU-Events;-65;34
1916;80:e0:1d:ac:8b:02;eduroam;-67;34
1917;80:e0:1d:ac:8b:01;LakeheadU;-66;34
1918;80:e0:1d:ac:8b:00;LU-Guest;-67;34
1919;80:e0:1d:c2:b7:f0;LU-Guest;-81;34
1920;80:e0:1d:c2:b7:f1;LakeheadU;-84;34
1921;80:e0:1d:c2:b7:f3;LU-Events;-81;34
1922;80:e0:1d:f6:a5:1d;eduroam;-92;34
1923;6c:5a:b0:3d:73:bf;Quanser_UVS-5G;-86;34
1924;80:e0:1d:ac:8b:0e;LakeheadU;-82;34
1925;80:e0:1d:ac:8b:0d;eduroam;-83;34
1926;80:e0:1d:ac:8b:0c;LU-Events;-82;34
1927;80:e0:1d:ac:8b:0b;Free Tbaytel WiFi;-83;34
1928;6c:5a:b0:3d:73:c0;Quanser_UVS-5G;-77;34
1929;80:e0:1d:ac:8b:0f;LU-Guest;-82;34
1930;7e:a7:b0:c5:e9:67;DIRECT-cfLexmark Cheetah M-67e9;-68;34
1931;ac:7a:56:c8:62:08;Free Tbaytel WiFi;-68;35
1932;80:e0:1d:ac:8b:0e;LakeheadU;-82;35
1933;80:e0:1d:ac:8b:0d;eduroam;-83;35
1934;80:e0:1d:ac:8b:0c;LU-Events;-82;35
1935;80:e0:1d:ac:8b:0b;Free Tbaytel WiFi;-83;35
1936;80:e0:1d:ac:8b:0f;LU-Guest;-82;35
1937;9c:53:22:40:4f:7b;TBAYTech;-81;36
1938;ac:7a:56:c8:62:0f;LakeheadU;-75;36
1939;ac:7a:56:c8:62:0e;LU-Events;-76;36
1940;a6:53:22:40:4f:7b;eduroam;-82;36
1941;ac:7a:56:c8:62:0c;LU-Guest;-76;36
1942;a4:6c:2a:d3:f4:d0;LU-Guest;-73;36
1943;a4:6c:2a:d3:f4:d1;LakeheadU;-73;36
1944;a4:6c:2a:d3:f4:d4;Free Tbaytel WiFi;-73;36
1945;a4:6c:2a:d3:f4:d2;eduroam;-72;36
1946;a4:6c:2a:d3:f4:d3;LU-Events;-73;36
1947;ac:7a:56:c8:62:01;LU-Events;-67;36
1948;ac:7a:56:c8:62:03;LU-Guest;-67;36
1949;80:e0:1d:ee:3f:01;LakeheadU;-77;36
1950;80:e0:1d:ee:3f:02;eduroam;-77;36
1951;80:e0:1d:ee:3f:03;LU-Events;-77;36
1952;ac:7a:56:c8:62:08;Free Tbaytel WiFi;-83;36
1953;ac:7a:56:c8:62:07;eduroam;-74;36
1954;ba:5a:b0:3d:73:b1;;-86;36
1955;d8:b1:90:df:9f:e4;Free Tbaytel WiFi;-81;36
1956;d8:b1:90:df:9f:e3;LU-Events;-83;36
1957;9c:53:22:40:4f:e8;TBAYTech;-83;36
1958;80:e0:1d:ee:3f:0e;LakeheadU;-90;36
1959;80:e0:1d:ee:3f:0b;Free Tbaytel WiFi;-88;36
1960;80:e0:1d:ee:3f:0c;LU-Events;-89;36
1961;80:e0:1d:ee:3f:0d;eduroam;-90;36
1962;d8:b1:90:df:9f:e1;LakeheadU;-83;36
1963;d8:b1:90:df:9f:e0;LU-Guest;-83;36
1964;aa:53:22:40:4f:7b;NOSMConnect;-81;36
1965;a4:6c:2a:d4:bf:1f;LU-Guest;-88;36
1966;a4:6c:2a:d4:bf:1d;eduroam;-88;36
1967;a4:6c:2a:d4:bf:1e;LakeheadU;-89;36
1968;a4:6c:2a:d4:bf:1b;Free Tbaytel WiFi;-89;36
1969;a4:6c:2a:d4:bf:1c;LU-Events;-89;36
1970;80:e0:1d:e6:79:d2;eduroam;-58;36
1971;80:e0:1d:e6:79:d1;LakeheadU;-55;36
1972;80:e0:1d:e6:79:d0;LU-Guest;-55;36
1973;80:e0:1d:e6:79:d4;Free Tbaytel WiFi;-55;36
1974;80:e0:1d:e6:79:d3;LU-Events;-56;36
1975;80:e0:1d:e6:79:db;Free Tbaytel WiFi;-57;36
1976;80:e0:1d:e6:79:df;LU-Guest;-57;36
1977;80:e0:1d:e6:79:de;LakeheadU;-57;36
1978;80:e0:1d:e6:79:dd;eduroam;-57;36
1979;80:e0:1d:e6:79:dc;LU-Events;-57;36
1980;a2:53:22:40:4f:7b;NOSMSecure;-81;36
1981;80:e0:1d:ac:8b:04;Free Tbaytel WiFi;-59;36
1982;80:e0:1d:ac:8b:03;LU-Events;-60;36
1983;80:e0:1d:ac:8b:02;eduroam;-60;36
1984;80:e0:1d:ac:8b:01;LakeheadU;-60;36
1985;80:e0:1d:ac:8b:00;LU-Guest;-59;36
1986;6c:5a:b0:3d:73:bf;Quanser_UVS-5G;-88;36
1987;ae:53:22:40:4f:e8;NOSMConnect24;-84;36
1988;80:e0:1d:ac:8b:0e;LakeheadU;-76;36
1989;80:e0:1d:ac:8b:0d;eduroam;-76;36
1990;80:e0:1d:ac:8b:0c;LU-Events;-76;36
1991;80:e0:1d:ac:8b:0b;Free Tbaytel WiFi;-75;36
1992;6c:5a:b0:3d:73:c0;Quanser_UVS-5G;-86;36
1993;6c:5a:b0:3d:73:c1;Quanser_UVS;-63;36
1994;80:e0:1d:ac:8b:0f;LU-Guest;-75;36
1995;9c:53:22:40:4f:7b;TBAYTech;-81;37
1996;ac:7a:56:c8:62:0f;LakeheadU;-75;37
1997;ac:7a:56:c8:62:0e;LU-Events;-76;37
1998;a6:53:22:40:4f:7b;eduroam;-82;37
1999;ac:7a:56:c8:62:0c;LU-Guest;-76;37
2000;a4:6c:2a:d3:f4:d0;LU-Guest;-73;37
2001;a4:6c:2a:d3:f4:d1;LakeheadU;-73;37
2002;a4:6c:2a:d3:f4:d4;Free Tbaytel WiFi;-73;37
2003;a4:6c:2a:d3:f4:d2;eduroam;-72;37
2004;a4:6c:2a:d3:f4:d3;LU-Events;-73;37
2005;ac:7a:56:c8:62:01;LU-Events;-67;37
2006;ac:7a:56:c8:62:03;LU-Guest;-67;37
2007;80:e0:1d:ee:3f:01;LakeheadU;-77;37
2008;80:e0:1d:ee:3f:02;eduroam;-77;37
2009;80:e0:1d:ee:3f:03;LU-Events;-77;37
2010;ac:7a:56:c8:62:08;Free Tbaytel WiFi;-83;37
2011;ac:7a:56:c8:62:07;eduroam;-74;37
2012;ba:5a:b0:3d:73:b1;;-86;37
2013;d8:b1:90:df:9f:e4;Free Tbaytel WiFi;-81;37
2014;d8:b1:90:df:9f:e3;LU-Events;-83;37
2015;9c:53:22:40:4f:e8;TBAYTech;-83;37
2016;80:e0:1d:ee:3f:0e;LakeheadU;-90;37
2017;80:e0:1d:ee:3f:0b;Free Tbaytel WiFi;-88;37
2018;80:e0:1d:ee:3f:0c;LU-Events;-89;37
2019;80:e0:1d:ee:3f:0d;eduroam;-90;37
2020;d8:b1:90:df:9f:e1;LakeheadU;-83;37
2021;d8:b1:90:df:9f:e0;LU-Guest;-83;37
2022;aa:53:22:40:4f:7b;NOSMConnect;-81;37
2023;a4:6c:2a:d4:bf:1f;LU-Guest;-88;37
2024;a4:6c:2a:d4:bf:1d;eduroam;-88;37
2025;a4:6c:2a:d4:bf:1e;LakeheadU;-89;37
2026;a4:6c:2a:d4:bf:1b;Free Tbaytel WiFi;-89;37
2027;a4:6c:2a:d4:bf:1c;LU-Events;-89;37
2028;80:e0:1d:e6:79:d2;eduroam;-58;37
2029;80:e0:1d:e6:79:d1;LakeheadU;-55;37
2030;80:e0:1d:e6:79:d0;LU-Guest;-55;37
2031;80:e0:1d:e6:79:d4;Free Tbaytel WiFi;-55;37
2032;80:e0:1d:e6:79:d3;LU-Events;-56;37
2033;80:e0:1d:e6:79:db;Free Tbaytel WiFi;-57;37
2034;80:e0:1d:e6:79:df;LU-Guest;-57;37
2035;80:e0:1d:e6:79:de;LakeheadU;-57;37
2036;80:e0:1d:e6:79:dd;eduroam;-57;37
2037;80:e0:1d:e6:79:dc;LU-Events;-57;37
2038;a2:53:22:40:4f:7b;NOSMSecure;-81;37
2039;80:e0:1d:ac:8b:04;Free Tbaytel WiFi;-59;37
2040;80:e0:1d:ac:8b:03;LU-Events;-60;37
2041;80:e0:1d:ac:8b:02;eduroam;-60;37
2042;80:e0:1d:ac:8b:01;LakeheadU;-60;37
2043;80:e0:1d:ac:8b:00;LU-Guest;-59;37
2044;6c:5a:b0:3d:73:bf;Quanser_UVS-5G;-88;37
2045;ae:53:22:40:4f:e8;NOSMConnect24;-84;37
2046;80:e0:1d:ac:8b:0e;LakeheadU;-76;37
2047;80:e0:1d:ac:8b:0d;eduroam;-76;37
2048;80:e0:1d:ac:8b:0c;LU-Events;-76;37
2049;80:e0:1d:ac:8b:0b;Free Tbaytel WiFi;-75;37
2050;6c:5a:b0:3d:73:c0;Quanser_UVS-5G;-86;37
2051;6c:5a:b0:3d:73:c1;Quanser_UVS;-63;37
2052;80:e0:1d:ac:8b:0f;LU-Guest;-75;37
2053;9c:53:22:40:4f:7b;TBAYTech;-87;38
2054;9c:53:22:40:4f:7a;TBAYTech;-67;38
2055;ac:7a:56:c8:62:0f;LakeheadU;-74;38
2056;ac:7a:56:c8:62:0e;LU-Events;-75;38
2057;a6:53:22:40:4f:7b;eduroam;-88;38
2058;ac:7a:56:c8:62:0c;LU-Guest;-74;38
2059;a6:53:22:40:4f:7a;eduroam;-69;38
2060;a4:6c:2a:d3:f4:d0;LU-Guest;-66;38
2061;a4:6c:2a:d3:f4:d1;LakeheadU;-66;38
2062;a4:6c:2a:d3:f4:d4;Free Tbaytel WiFi;-66;38
2063;a4:6c:2a:d3:f4:d2;eduroam;-66;38
2064;a4:6c:2a:d3:f4:d3;LU-Events;-65;38
2065;80:e0:1d:ee:3f:00;LU-Guest;-77;38
2066;80:e0:1d:ee:3f:01;LakeheadU;-78;38
2067;80:e0:1d:ee:3f:02;eduroam;-76;38
2068;80:e0:1d:ee:3f:03;LU-Events;-76;38
2069;ac:7a:56:c8:62:08;Free Tbaytel WiFi;-77;38
2070;ac:7a:56:c8:62:07;eduroam;-73;38
2071;ba:5a:b0:3d:73:b1;;-90;38
2072;80:e0:1d:ee:3f:0e;LakeheadU;-90;38
2073;80:e0:1d:ee:3f:0f;LU-Guest;-90;38
2074;80:e0:1d:ee:3f:0b;Free Tbaytel WiFi;-89;38
2075;80:e0:1d:ee:3f:0c;LU-Events;-91;38
2076;80:e0:1d:ee:3f:0d;eduroam;-90;38
2077;00:1f:33:bd:d5:34;Lab1012;-81;38
2078;ae:53:22:40:4f:7a;NOSMConnect24;-69;38
2079;aa:53:22:40:4f:7a;NOSMConnect;-68;38
2080;aa:53:22:40:4f:7b;NOSMConnect;-88;38
2081;a4:6c:2a:d4:bf:1f;LU-Guest;-90;38
2082;a4:6c:2a:d4:bf:1b;Free Tbaytel WiFi;-90;38
2083;a4:6c:2a:d4:bf:1c;LU-Events;-91;38
2084;80:e0:1d:e6:79:d2;eduroam;-61;38
2085;80:e0:1d:e6:79:d1;LakeheadU;-61;38
2086;80:e0:1d:e6:79:d0;LU-Guest;-61;38
2087;80:e0:1d:e6:79:d4;Free Tbaytel WiFi;-61;38
2088;80:e0:1d:e6:79:d3;LU-Events;-61;38
2089;80:e0:1d:e6:79:db;Free Tbaytel WiFi;-63;38
2090;80:e0:1d:e6:79:df;LU-Guest;-63;38
2091;80:e0:1d:e6:79:de;LakeheadU;-64;38
2092;80:e0:1d:e6:79:dd;eduroam;-65;38
2093;80:e0:1d:e6:79:dc;LU-Events;-89;38
2094;a2:53:22:40:4f:7b;NOSMSecure;-87;38
2095;a2:53:22:40:4f:7a;NOSMSecure;-68;38
2096;80:e0:1d:ac:8b:04;Free Tbaytel WiFi;-58;38
2097;80:e0:1d:ac:8b:03;LU-Events;-58;38
2098;80:e0:1d:ac:8b:02;eduroam;-54;38
2099;80:e0:1d:ac:8b:01;LakeheadU;-54;38
2100;80:e0:1d:ac:8b:00;LU-Guest;-55;38
2101;80:e0:1d:c2:b7:f4;Free Tbaytel WiFi;-86;38
2102;6c:5a:b0:3d:73:bf;Quanser_UVS-5G;-90;38
2103;ae:53:22:40:4f:e8;NOSMConnect24;-86;38
2104;80:e0:1d:ac:8b:0e;LakeheadU;-68;38
2105;80:e0:1d:ac:8b:0d;eduroam;-68;38
2106;80:e0:1d:ac:8b:0c;LU-Events;-69;38
2107;80:e0:1d:ac:8b:0b;Free Tbaytel WiFi;-68;38
2108;6c:5a:b0:3d:73:c0;Quanser_UVS-5G;-87;38
2109;6c:5a:b0:3d:73:c1;Quanser_UVS;-72;38
2110;80:e0:1d:ac:8b:0f;LU-Guest;-68;38
2111;7e:a7:b0:c5:e9:67;DIRECT-cfLexmark Cheetah M-67e9;-80;38
2112;9c:53:22:40:4f:7b;TBAYTech;-87;39
2113;9c:53:22:40:4f:7a;TBAYTech;-67;39
2114;ac:7a:56:c8:62:0f;LakeheadU;-74;39
2115;ac:7a:56:c8:62:0e;LU-Events;-75;39
2116;a6:53:22:40:4f:7b;eduroam;-88;39
2117;ac:7a:56:c8:62:0c;LU-Guest;-74;39
2118;a6:53:22:40:4f:7a;eduroam;-69;39
2119;a4:6c:2a:d3:f4:d0;LU-Guest;-66;39
2120;a4:6c:2a:d3:f4:d1;LakeheadU;-66;39
2121;a4:6c:2a:d3:f4:d4;Free Tbaytel WiFi;-66;39
2122;a4:6c:2a:d3:f4:d2;eduroam;-66;39
2123;a4:6c:2a:d3:f4:d3;LU-Events;-65;39
2124;80:e0:1d:ee:3f:00;LU-Guest;-77;39
2125;80:e0:1d:ee:3f:01;LakeheadU;-78;39
2126;80:e0:1d:ee:3f:02;eduroam;-76;39
2127;80:e0:1d:ee:3f:03;LU-Events;-76;39
2128;ac:7a:56:c8:62:08;Free Tbaytel WiFi;-77;39
2129;ac:7a:56:c8:62:07;eduroam;-73;39
2130;ba:5a:b0:3d:73:b1;;-90;39
2131;80:e0:1d:ee:3f:0e;LakeheadU;-90;39
2132;80:e0:1d:ee:3f:0f;LU-Guest;-90;39
2133;80:e0:1d:ee:3f:0b;Free Tbaytel WiFi;-89;39
2134;80:e0:1d:ee:3f:0c;LU-Events;-91;39
2135;80:e0:1d:ee:3f:0d;eduroam;-90;39
2136;00:1f:33:bd:d5:34;Lab1012;-81;39
2137;ae:53:22:40:4f:7a;NOSMConnect24;-69;39
2138;aa:53:22:40:4f:7a;NOSMConnect;-68;39
2139;aa:53:22:40:4f:7b;NOSMConnect;-88;39
2140;a4:6c:2a:d4:bf:1f;LU-Guest;-90;39
2141;a4:6c:2a:d4:bf:1b;Free Tbaytel WiFi;-90;39
2142;a4:6c:2a:d4:bf:1c;LU-Events;-91;39
2143;80:e0:1d:e6:79:d2;eduroam;-61;39
2144;80:e0:1d:e6:79:d1;LakeheadU;-61;39
2145;80:e0:1d:e6:79:d0;LU-Guest;-61;39
2146;80:e0:1d:e6:79:d4;Free Tbaytel WiFi;-61;39
2147;80:e0:1d:e6:79:d3;LU-Events;-61;39
2148;80:e0:1d:e6:79:db;Free Tbaytel WiFi;-63;39
2149;80:e0:1d:e6:79:df;LU-Guest;-63;39
2150;80:e0:1d:e6:79:de;LakeheadU;-64;39
2151;80:e0:1d:e6:79:dd;eduroam;-65;39
2152;80:e0:1d:e6:79:dc;LU-Events;-89;39
2153;a2:53:22:40:4f:7b;NOSMSecure;-87;39
2154;a2:53:22:40:4f:7a;NOSMSecure;-68;39
2155;80:e0:1d:ac:8b:04;Free Tbaytel WiFi;-58;39
2156;80:e0:1d:ac:8b:03;LU-Events;-58;39
2157;80:e0:1d:ac:8b:02;eduroam;-54;39
2158;80:e0:1d:ac:8b:01;LakeheadU;-54;39
2159;80:e0:1d:ac:8b:00;LU-Guest;-55;39
2160;80:e0:1d:c2:b7:f4;Free Tbaytel WiFi;-86;39
2161;6c:5a:b0:3d:73:bf;Quanser_UVS-5G;-90;39
2162;ae:53:22:40:4f:e8;NOSMConnect24;-86;39
2163;80:e0:1d:ac:8b:0e;LakeheadU;-68;39
2164;80:e0:1d:ac:8b:0d;eduroam;-68;39
2165;80:e0:1d:ac:8b:0c;LU-Events;-69;39
2166;80:e0:1d:ac:8b:0b;Free Tbaytel WiFi;-68;39
2167;6c:5a:b0:3d:73:c0;Quanser_UVS-5G;-87;39
2168;6c:5a:b0:3d:73:c1;Quanser_UVS;-72;39
2169;80:e0:1d:ac:8b:0f;LU-Guest;-68;39
2170;7e:a7:b0:c5:e9:67;DIRECT-cfLexmark Cheetah M-67e9;-80;39
2171;9c:53:22:40:4f:7b;TBAYTech;-89;40
2172;9c:53:22:40:4f:7a;TBAYTech;-66;40
2173;ac:7a:56:c8:62:0f;LakeheadU;-76;40
2174;ac:7a:56:c8:62:0a;;-79;40
2175;ac:7a:56:c8:62:0d;;-79;40
2176;ac:7a:56:c8:62:0e;LU-Events;-76;40
2177;a6:53:22:40:4f:7b;eduroam;-88;40
2178;ac:7a:56:c8:62:0b;;-78;40
2179;ac:7a:56:c8:62:0c;LU-Guest;-76;40
2180;a6:53:22:40:4f:7a;eduroam;-69;40
2181;a4:6c:2a:d3:f4:d0;LU-Guest;-78;40
2182;a4:6c:2a:d3:f4:d1;LakeheadU;-78;40
2183;a4:6c:2a:d3:f4:d4;Free Tbaytel WiFi;-78;40
2184;a4:6c:2a:d3:f4:d2;eduroam;-79;40
2185;a4:6c:2a:d3:f4:d3;LU-Events;-78;40
2186;ac:7a:56:c8:62:01;LU-Events;-77;40
2187;ac:7a:56:c8:62:03;LU-Guest;-70;40
2188;80:e0:1d:ee:3f:01;LakeheadU;-78;40
2189;80:e0:1d:ee:3f:02;eduroam;-78;40
2190;80:e0:1d:ee:3f:03;LU-Events;-77;40
2191;80:e0:1d:ee:3f:04;Free Tbaytel WiFi;-80;40
2192;ac:7a:56:c8:62:08;Free Tbaytel WiFi;-78;40
2193;ac:7a:56:c8:62:07;eduroam;-78;40
2194;d8:b1:90:df:9f:e4;Free Tbaytel WiFi;-89;40
2195;d8:b1:90:df:9f:e1;LakeheadU;-87;40
2196;ae:53:22:40:4f:7a;NOSMConnect24;-63;40
2197;aa:53:22:40:4f:7a;NOSMConnect;-68;40
2198;aa:53:22:40:4f:7b;NOSMConnect;-88;40
2199;a4:6c:2a:d4:bf:1f;LU-Guest;-81;40
2200;a4:6c:2a:d4:bf:1d;eduroam;-81;40
2201;a4:6c:2a:d4:bf:1e;LakeheadU;-80;40
2202;a4:6c:2a:d4:bf:1b;Free Tbaytel WiFi;-81;40
2203;a4:6c:2a:d4:bf:1c;LU-Events;-80;40
2204;ca:5a:b0:3d:73:c3;;-77;40
2205;80:e0:1d:e6:79:d2;eduroam;-62;40
2206;80:e0:1d:e6:79:d1;LakeheadU;-62;40
2207;80:e0:1d:e6:79:d0;LU-Guest;-62;40
2208;80:e0:1d:e6:79:d4;Free Tbaytel WiFi;-62;40
2209;80:e0:1d:e6:79:d3;LU-Events;-62;40
2210;80:e0:1d:e6:79:db;Free Tbaytel WiFi;-66;40
2211;80:e0:1d:e6:79:df;LU-Guest;-71;40
2212;80:e0:1d:e6:79:de;LakeheadU;-74;40
2213;80:e0:1d:e6:79:dd;eduroam;-73;40
2214;80:e0:1d:e6:79:dc;LU-Events;-72;40
2215;a2:53:22:40:4f:7b;NOSMSecure;-89;40
2216;a2:53:22:40:4f:7a;NOSMSecure;-66;40
2217;80:e0:1d:ac:8b:04;Free Tbaytel WiFi;-57;40
2218;80:e0:1d:ac:8b:03;LU-Events;-58;40
2219;80:e0:1d:ac:8b:02;eduroam;-57;40
2220;80:e0:1d:ac:8b:01;LakeheadU;-57;40
2221;80:e0:1d:ac:8b:00;LU-Guest;-60;40
2222;80:e0:1d:f6:a4:d3;LU-Events;-88;40
2223;80:e0:1d:ac:8b:0e;LakeheadU;-72;40
2224;80:e0:1d:ac:8b:0d;eduroam;-73;40
2225;80:e0:1d:ac:8b:0c;LU-Events;-73;40
2226;80:e0:1d:ac:8b:0b;Free Tbaytel WiFi;-74;40
2227;6c:5a:b0:3d:73:c0;Quanser_UVS-5G;-89;40
2228;6c:5a:b0:3d:73:c1;Quanser_UVS;-77;40
2229;80:e0:1d:ac:8b:0f;LU-Guest;-72;40
2230;a4:6c:2a:d4:bf:14;Free Tbaytel WiFi;-82;40
2231;a4:6c:2a:d4:bf:12;eduroam;-83;40
2232;a4:6c:2a:d4:bf:13;LU-Events;-83;40
2233;a4:6c:2a:d4:bf:11;LakeheadU;-82;40
2234;80:e0:1d:ac:8b:02;eduroam;-57;41
2235;80:e0:1d:ac:8b:04;Free Tbaytel WiFi;-57;41
2236;80:e0:1d:ac:8b:01;LakeheadU;-57;41
2237;80:e0:1d:ac:8b:03;LU-Events;-58;41
2238;80:e0:1d:ac:8b:00;LU-Guest;-60;41
2239;80:e0:1d:e6:79:d0;LU-Guest;-62;41
2240;80:e0:1d:e6:79:d4;Free Tbaytel WiFi;-62;41
2241;80:e0:1d:e6:79:d2;eduroam;-62;41
2242;80:e0:1d:e6:79:d1;LakeheadU;-62;41
2243;80:e0:1d:e6:79:d3;LU-Events;-62;41
2244;ae:53:22:40:4f:7a;NOSMConnect24;-63;41
2245;80:e0:1d:e6:79:db;Free Tbaytel WiFi;-66;41
2246;a2:53:22:40:4f:7a;NOSMSecure;-66;41
2247;9c:53:22:40:4f:7a;TBAYTech;-66;41
2248;aa:53:22:40:4f:7a;NOSMConnect;-68;41
2249;a6:53:22:40:4f:7a;eduroam;-69;41
2250;ac:7a:56:c8:62:07;Free Tbaytel WiFi;-70;41
2251;ac:7a:56:c8:62:03;LU-Guest;-70;41
2252;80:e0:1d:e6:79:df;LU-Guest;-71;41
2253;80:e0:1d:ac:8b:0f;LU-Guest;-72;41
2254;80:e0:1d:e6:79:dc;LU-Events;-72;41
2255;80:e0:1d:ac:8b:0e;LakeheadU;-72;41
2256;80:e0:1d:e6:79:dd;eduroam;-73;41
2257;80:e0:1d:ac:8b:0d;eduroam;-73;41
2258;80:e0:1d:ac:8b:0c;LU-Events;-73;41
2259;80:e0:1d:ac:8b:0b;Free Tbaytel WiFi;-74;41
2260;80:e0:1d:e6:79:de;LakeheadU;-74;41
2261;ac:7a:56:c8:62:0c;LU-Guest;-76;41
2262;ac:7a:56:c8:62:0f;LakeheadU;-76;41
2263;ac:7a:56:c8:62:0e;LU-Events;-76;41
2264;ac:7a:56:c8:62:01;LU-Events;-77;41
2265;80:e0:1d:ee:3f:03;LU-Events;-77;41
2266;6c:5a:b0:3d:73:c1;Quanser_UVS;-77;41
2267;ca:5a:b0:3d:73:c3;;-77;41
2268;ac:7a:56:c8:62:08;Free Tbaytel WiFi;-78;41
2269;80:e0:1d:ee:3f:02;eduroam;-78;41
2270;a4:6c:2a:d3:f4:d4;Free Tbaytel WiFi;-78;41
2271;ac:7a:56:c8:62:0b;;-78;41
2272;80:e0:1d:ee:3f:01;LakeheadU;-78;41
2273;a4:6c:2a:d3:f4:d0;LU-Guest;-78;41
2274;a4:6c:2a:d3:f4:d1;LakeheadU;-78;41
2275;a4:6c:2a:d3:f4:d3;LU-Events;-78;41
2276;ac:7a:56:c8:62:07;eduroam;-78;41
2277;a4:6c:2a:d3:f4:d2;eduroam;-79;41
2278;ac:7a:56:c8:62:0d;;-79;41
2279;ac:7a:56:c8:62:0a;;-79;41
2280;80:e0:1d:ee:3f:04;Free Tbaytel WiFi;-80;41
2281;a4:6c:2a:d4:bf:1e;LakeheadU;-80;41
2282;a4:6c:2a:d4:bf:1c;LU-Events;-80;41
2283;a4:6c:2a:d4:bf:1b;Free Tbaytel WiFi;-81;41
2284;a4:6c:2a:d4:bf:1f;LU-Guest;-81;41
2285;a4:6c:2a:d4:bf:1d;eduroam;-81;41
2286;a4:6c:2a:d4:bf:14;Free Tbaytel WiFi;-82;41
2287;a4:6c:2a:d4:bf:11;LakeheadU;-82;41
2288;a4:6c:2a:d4:bf:13;LU-Events;-83;41
2289;a4:6c:2a:d4:bf:12;eduroam;-83;41
2290;d8:b1:90:df:9f:e1;LakeheadU;-87;41
2291;80:e0:1d:f6:a4:d3;LU-Events;-88;41
2292;aa:53:22:40:4f:7b;NOSMConnect;-88;41
2293;a6:53:22:40:4f:7b;eduroam;-88;41
2294;d8:b1:90:df:9f:e4;Free Tbaytel WiFi;-89;41
2295;6c:5a:b0:3d:73:c0;Quanser_UVS-5G;-89;41
2296;9c:53:22:40:4f:7b;TBAYTech;-89;41
2297;a2:53:22:40:4f:7b;NOSMSecure;-89;41
2298;ac:7a:56:c8:62:0f;LakeheadU;-83;42
2299;ac:7a:56:c8:62:0a;;-84;42
2300;ac:7a:56:c8:62:0d;;-84;42
2301;ac:7a:56:c8:62:0e;LU-Events;-82;42
2302;ac:7a:56:c8:62:0b;;-84;42
2303;ac:7a:56:c8:62:0c;LU-Guest;-84;42
2304;ac:7a:56:c8:62:00;LakeheadU;-74;42
2305;ac:7a:56:c8:62:01;LU-Events;-75;42
2306;ac:7a:56:c8:62:03;LU-Guest;-74;42
2307;ac:7a:56:c8:62:08;Free Tbaytel WiFi;-85;42
2308;ac:7a:56:c8:62:07;eduroam;-85;42
2309;aa:53:22:40:4f:e8;NOSMConnect;-82;42
2310;a6:53:22:40:4f:e8;eduroam;-82;42
2311;9c:53:22:40:4f:e8;TBAYTech;-83;42
2312;ae:53:22:40:4f:7a;NOSMConnect24;-65;42
2313;aa:53:22:40:4f:7b;NOSMConnect;-89;42
2314;80:e0:1d:f6:a5:1b;Free Tbaytel WiFi;-84;42
2315;80:e0:1d:f6:a5:1e;LakeheadU;-84;42
2316;80:e0:1d:f6:a5:1f;LU-Guest;-84;42
2317;80:e0:1d:f6:a5:1c;LU-Events;-85;42
2318;80:e0:1d:f6:a5:1d;eduroam;-84;42
2319;a4:6c:2a:d3:f4:df;LU-Guest;-79;42
2320;a4:6c:2a:d3:f4:dd;eduroam;-79;42
2321;a4:6c:2a:d3:f4:de;LakeheadU;-80;42
2322;a4:6c:2a:d3:f4:db;Free Tbaytel WiFi;-79;42
2323;a4:6c:2a:d3:f4:dc;LU-Events;-80;42
2324;7e:a7:b0:c5:e9:67;DIRECT-cfLexmark Cheetah M-67e9;-76;42
2325;9c:53:22:40:4f:7b;TBAYTech;-88;42
2326;9c:53:22:40:4f:7a;TBAYTech;-64;42
2327;a6:53:22:40:4f:7b;eduroam;-89;42
2328;a6:53:22:40:4f:7a;eduroam;-64;42
2329;a4:6c:2a:d3:f4:d0;LU-Guest;-66;42
2330;a4:6c:2a:d3:f4:d1;LakeheadU;-64;42
2331;a4:6c:2a:d3:f4:d4;Free Tbaytel WiFi;-63;42
2332;a4:6c:2a:d3:f4:d2;eduroam;-64;42
2333;a4:6c:2a:d3:f4:d3;LU-Events;-64;42
2334;80:e0:1d:ee:3f:00;LU-Guest;-71;42
2335;80:e0:1d:ee:3f:02;eduroam;-71;42
2336;80:e0:1d:ee:3f:04;Free Tbaytel WiFi;-70;42
2337;ba:5a:b0:3d:73:b1;;-88;42
2338;80:e0:1d:ee:3f:0e;LakeheadU;-82;42
2339;80:e0:1d:ee:3f:0f;LU-Guest;-81;42
2340;80:e0:1d:ee:3f:0c;LU-Events;-81;42
2341;80:e0:1d:ee:3f:0d;eduroam;-82;42
2342;80:e0:1d:e6:79:d2;eduroam;-65;42
2343;80:e0:1d:e6:79:d1;LakeheadU;-65;42
2344;80:e0:1d:e6:79:d0;LU-Guest;-65;42
2345;80:e0:1d:e6:79:d4;Free Tbaytel WiFi;-66;42
2346;80:e0:1d:e6:79:d3;LU-Events;-64;42
2347;80:e0:1d:e6:79:db;Free Tbaytel WiFi;-73;42
2348;80:e0:1d:e6:79:df;LU-Guest;-80;42
2349;80:e0:1d:e6:79:de;LakeheadU;-80;42
2350;80:e0:1d:e6:79:dd;eduroam;-81;42
2351;80:e0:1d:e6:79:dc;LU-Events;-81;42
2352;a2:53:22:40:4f:7b;NOSMSecure;-89;42
2353;80:e0:1d:ac:8b:04;Free Tbaytel WiFi;-45;42
2354;80:e0:1d:ac:8b:03;LU-Events;-43;42
2355;80:e0:1d:ac:8b:02;eduroam;-42;42
2356;80:e0:1d:ac:8b:01;LakeheadU;-45;42
2357;80:e0:1d:ac:8b:00;LU-Guest;-42;42
2358;6c:5a:b0:3d:73:bf;Quanser_UVS-5G;-90;42
2359;ae:53:22:40:4f:e8;NOSMConnect24;-81;42
2360;80:e0:1d:ac:8b:0e;LakeheadU;-58;42
2361;80:e0:1d:ac:8b:0d;eduroam;-57;42
2362;80:e0:1d:ac:8b:0c;LU-Events;-58;42
2363;80:e0:1d:ac:8b:0b;Free Tbaytel WiFi;-58;42
2364;6c:5a:b0:3d:73:c0;Quanser_UVS-5G;-77;42
2365;80:e0:1d:ac:8b:0f;LU-Guest;-57;42
2366;ac:7a:56:c8:62:0f;LakeheadU;-83;43
2367;ac:7a:56:c8:62:0a;;-84;43
2368;ac:7a:56:c8:62:0d;;-84;43
2369;ac:7a:56:c8:62:0e;LU-Events;-82;43
2370;ac:7a:56:c8:62:0b;;-84;43
2371;ac:7a:56:c8:62:0c;LU-Guest;-84;43
2372;ac:7a:56:c8:62:00;LakeheadU;-74;43
2373;ac:7a:56:c8:62:01;LU-Events;-75;43
2374;ac:7a:56:c8:62:03;LU-Guest;-74;43
2375;ac:7a:56:c8:62:08;Free Tbaytel WiFi;-85;43
2376;ac:7a:56:c8:62:07;eduroam;-85;43
2377;aa:53:22:40:4f:e8;NOSMConnect;-82;43
2378;a6:53:22:40:4f:e8;eduroam;-82;43
2379;9c:53:22:40:4f:e8;TBAYTech;-83;43
2380;ae:53:22:40:4f:7a;NOSMConnect24;-65;43
2381;aa:53:22:40:4f:7b;NOSMConnect;-89;43
2382;80:e0:1d:f6:a5:1b;Free Tbaytel WiFi;-84;43
2383;80:e0:1d:f6:a5:1e;LakeheadU;-84;43
2384;80:e0:1d:f6:a5:1f;LU-Guest;-84;43
2385;80:e0:1d:f6:a5:1c;LU-Events;-85;43
2386;80:e0:1d:f6:a5:1d;eduroam;-84;43
2387;a4:6c:2a:d3:f4:df;LU-Guest;-79;43
2388;a4:6c:2a:d3:f4:dd;eduroam;-79;43
2389;a4:6c:2a:d3:f4:de;LakeheadU;-80;43
2390;a4:6c:2a:d3:f4:db;Free Tbaytel WiFi;-79;43
2391;a4:6c:2a:d3:f4:dc;LU-Events;-80;43
2392;7e:a7:b0:c5:e9:67;DIRECT-cfLexmark Cheetah M-67e9;-76;43
2393;9c:53:22:40:4f:7b;TBAYTech;-88;43
2394;9c:53:22:40:4f:7a;TBAYTech;-64;43
2395;a6:53:22:40:4f:7b;eduroam;-89;43
2396;a6:53:22:40:4f:7a;eduroam;-64;43
2397;a4:6c:2a:d3:f4:d0;LU-Guest;-66;43
2398;a4:6c:2a:d3:f4:d1;LakeheadU;-64;43
2399;a4:6c:2a:d3:f4:d4;Free Tbaytel WiFi;-63;43
2400;a4:6c:2a:d3:f4:d2;eduroam;-64;43
2401;a4:6c:2a:d3:f4:d3;LU-Events;-64;43
2402;80:e0:1d:ee:3f:00;LU-Guest;-71;43
2403;80:e0:1d:ee:3f:02;eduroam;-71;43
2404;80:e0:1d:ee:3f:04;Free Tbaytel WiFi;-70;43
2405;ba:5a:b0:3d:73:b1;;-88;43
2406;80:e0:1d:ee:3f:0e;LakeheadU;-82;43
2407;80:e0:1d:ee:3f:0f;LU-Guest;-81;43
2408;80:e0:1d:ee:3f:0c;LU-Events;-81;43
2409;80:e0:1d:ee:3f:0d;eduroam;-82;43
2410;80:e0:1d:e6:79:d2;eduroam;-65;43
2411;80:e0:1d:e6:79:d1;LakeheadU;-65;43
2412;80:e0:1d:e6:79:d0;LU-Guest;-65;43
2413;80:e0:1d:e6:79:d4;Free Tbaytel WiFi;-66;43
2414;80:e0:1d:e6:79:d3;LU-Events;-64;43
2415;80:e0:1d:e6:79:db;Free Tbaytel WiFi;-73;43
2416;80:e0:1d:e6:79:df;LU-Guest;-80;43
2417;80:e0:1d:e6:79:de;LakeheadU;-80;43
2418;80:e0:1d:e6:79:dd;eduroam;-81;43
2419;80:e0:1d:e6:79:dc;LU-Events;-81;43
2420;a2:53:22:40:4f:7b;NOSMSecure;-89;43
2421;80:e0:1d:ac:8b:04;Free Tbaytel WiFi;-45;43
2422;80:e0:1d:ac:8b:03;LU-Events;-43;43
2423;80:e0:1d:ac:8b:02;eduroam;-42;43
2424;80:e0:1d:ac:8b:01;LakeheadU;-45;43
2425;80:e0:1d:ac:8b:00;LU-Guest;-42;43
2426;6c:5a:b0:3d:73:bf;Quanser_UVS-5G;-90;43
2427;ae:53:22:40:4f:e8;NOSMConnect24;-81;43
2428;80:e0:1d:ac:8b:0e;LakeheadU;-58;43
2429;80:e0:1d:ac:8b:0d;eduroam;-57;43
2430;80:e0:1d:ac:8b:0c;LU-Events;-58;43
2431;80:e0:1d:ac:8b:0b;Free Tbaytel WiFi;-58;43
2432;6c:5a:b0:3d:73:c0;Quanser_UVS-5G;-77;43
2433;80:e0:1d:ac:8b:0f;LU-Guest;-57;43
2434;80:e0:1d:ac:8b:02;eduroam;-42;44
2435;80:e0:1d:ac:8b:00;LU-Guest;-42;44
2436;80:e0:1d:ac:8b:03;LU-Events;-43;44
2437;80:e0:1d:ac:8b:04;Free Tbaytel WiFi;-45;44
2438;80:e0:1d:ac:8b:01;LakeheadU;-45;44
2439;80:e0:1d:ac:8b:0f;LU-Guest;-57;44
2440;80:e0:1d:ac:8b:0d;eduroam;-57;44
2441;80:e0:1d:ac:8b:0b;Free Tbaytel WiFi;-58;44
2442;80:e0:1d:ac:8b:0e;LakeheadU;-58;44
2443;80:e0:1d:ac:8b:0c;LU-Events;-58;44
2444;a4:6c:2a:d3:f4:d4;Free Tbaytel WiFi;-63;44
2445;a4:6c:2a:d3:f4:d2;eduroam;-64;44
2446;9c:53:22:40:4f:7a;TBAYTech;-64;44
2447;a6:53:22:40:4f:7a;eduroam;-64;44
2448;a4:6c:2a:d3:f4:d1;LakeheadU;-64;44
2449;a4:6c:2a:d3:f4:d3;LU-Events;-64;44
2450;80:e0:1d:e6:79:d3;LU-Events;-64;44
2451;80:e0:1d:e6:79:d0;LU-Guest;-65;44
2452;ae:53:22:40:4f:7a;NOSMConnect24;-65;44
2453;80:e0:1d:e6:79:d2;eduroam;-65;44
2454;80:e0:1d:e6:79:d1;LakeheadU;-65;44
2455;80:e0:1d:e6:79:d4;Free Tbaytel WiFi;-66;44
2456;a4:6c:2a:d3:f4:d0;LU-Guest;-66;44
2457;80:e0:1d:ee:3f:04;Free Tbaytel WiFi;-70;44
2458;80:e0:1d:ee:3f:02;eduroam;-71;44
2459;80:e0:1d:ee:3f:00;LU-Guest;-71;44
2460;80:e0:1d:e6:79:db;Free Tbaytel WiFi;-73;44
2461;ac:7a:56:c8:62:03;LU-Guest;-74;44
2462;ac:7a:56:c8:62:00;LakeheadU;-74;44
2463;ac:7a:56:c8:62:01;LU-Events;-75;44
2464;7e:a7:b0:c5:e9:67;DIRECT-cfLexmark Cheetah M-67e9;-76;44
2465;6c:5a:b0:3d:73:c0;Quanser_UVS-5G;-77;44
2466;a4:6c:2a:d3:f4:df;LU-Guest;-79;44
2467;a4:6c:2a:d3:f4:db;Free Tbaytel WiFi;-79;44
2468;a4:6c:2a:d3:f4:dd;eduroam;-79;44
2469;80:e0:1d:e6:79:df;LU-Guest;-80;44
2470;80:e0:1d:e6:79:de;LakeheadU;-80;44
2471;a4:6c:2a:d3:f4:de;LakeheadU;-80;44
2472;a4:6c:2a:d3:f4:dc;LU-Events;-80;44
2473;80:e0:1d:e6:79:dd;eduroam;-81;44
2474;80:e0:1d:e6:79:dc;LU-Events;-81;44
2475;ae:53:22:40:4f:e8;NOSMConnect24;-81;44
2476;80:e0:1d:ee:3f:0f;LU-Guest;-81;44
2477;80:e0:1d:ee:3f:0c;LU-Events;-81;44
2478;ac:7a:56:c8:62:0e;LU-Events;-82;44
2479;a6:53:22:40:4f:e8;eduroam;-82;44
2480;aa:53:22:40:4f:e8;NOSMConnect;-82;44
2481;80:e0:1d:ee:3f:0d;eduroam;-82;44
2482;80:e0:1d:ee:3f:0e;LakeheadU;-82;44
2483;ac:7a:56:c8:62:0f;LakeheadU;-83;44
2484;9c:53:22:40:4f:e8;TBAYTech;-83;44
2485;ac:7a:56:c8:62:0c;LU-Guest;-84;44
2486;ac:7a:56:c8:62:0d;;-84;44
2487;ac:7a:56:c8:62:0b;;-84;44
2488;ac:7a:56:c8:62:0a;;-84;44
2489;80:e0:1d:f6:a5:1f;LU-Guest;-84;44
2490;80:e0:1d:f6:a5:1b;Free Tbaytel WiFi;-84;44
2491;80:e0:1d:f6:a5:1d;eduroam;-84;44
2492;80:e0:1d:f6:a5:1e;LakeheadU;-84;44
2493;ac:7a:56:c8:62:08;Free Tbaytel WiFi;-85;44
2494;ac:7a:56:c8:62:07;eduroam;-85;44
2495;80:e0:1d:f6:a5:1c;LU-Events;-85;44
2496;9c:53:22:40:4f:7b;TBAYTech;-88;44
2497;ba:5a:b0:3d:73:b1;;-88;44
2498;aa:53:22:40:4f:7b;NOSMConnect;-89;44
2499;a6:53:22:40:4f:7b;eduroam;-89;44
2500;a2:53:22:40:4f:7b;NOSMSecure;-89;44
2501;6c:5a:b0:3d:73:bf;Quanser_UVS-5G;-90;44
2502;a4:6c:2a:d3:f2:8b;Free Tbaytel WiFi;-93;45
2503;a4:6c:2a:d3:f2:8e;LakeheadU;-91;45
2504;a4:6c:2a:d3:f2:81;LakeheadU;-77;45
2505;a4:6c:2a:d3:f2:80;LU-Guest;-77;45
2506;a4:6c:2a:d3:f2:82;eduroam;-78;45
2507;a4:6c:2a:d3:f2:84;Free Tbaytel WiFi;-77;45
2508;ac:7a:56:c8:62:03;LU-Guest;-81;45
2509;ac:7a:56:c8:62:07;Free Tbaytel WiFi;-80;45
2510;a6:53:22:40:4f:e8;eduroam;-79;45
2511;9c:53:22:40:4f:e8;TBAYTech;-80;45
2512;00:1f:33:bd:d5:34;Lab1012;-73;45
2513;ae:53:22:40:4f:7a;NOSMConnect24;-67;45
2514;aa:53:22:40:4f:7a;NOSMConnect;-66;45
2515;aa:53:22:40:4f:7b;NOSMConnect;-93;45
2516;ca:5a:b0:3d:73:c3;;-65;45
2517;80:e0:1d:f6:a5:13;LU-Events;-82;45
2518;80:e0:1d:f6:a5:14;Free Tbaytel WiFi;-82;45
2519;a4:6c:2a:d4:ba:42;eduroam;-89;45
2520;d8:b1:90:e1:12:b0;LU-Guest;-79;45
2521;d8:b1:90:e1:12:b4;Free Tbaytel WiFi;-78;45
2522;80:e0:1d:f6:a5:1f;LU-Guest;-90;45
2523;80:e0:1d:f6:a5:1c;LU-Events;-91;45
2524;a4:6c:2a:d3:f4:df;LU-Guest;-83;45
2525;a4:6c:2a:d3:f4:dd;eduroam;-83;45
2526;a4:6c:2a:d3:f4:de;LakeheadU;-83;45
2527;a4:6c:2a:d3:f4:db;Free Tbaytel WiFi;-83;45
2528;a4:6c:2a:d3:f4:dc;LU-Events;-83;45
2529;9c:53:22:40:4f:7b;TBAYTech;-92;45
2530;9c:53:22:40:4f:7a;TBAYTech;-66;45
2531;a6:53:22:40:4f:7b;eduroam;-93;45
2532;a6:53:22:40:4f:7a;eduroam;-67;45
2533;a4:6c:2a:d3:f4:d0;LU-Guest;-66;45
2534;a4:6c:2a:d3:f4:d1;LakeheadU;-66;45
2535;a4:6c:2a:d3:f4:d4;Free Tbaytel WiFi;-66;45
2536;a4:6c:2a:d3:f4:d2;eduroam;-66;45
2537;a4:6c:2a:d3:f4:d3;LU-Events;-67;45
2538;80:e0:1d:ee:3f:00;LU-Guest;-62;45
2539;80:e0:1d:ee:3f:01;LakeheadU;-62;45
2540;80:e0:1d:ee:3f:02;eduroam;-62;45
2541;80:e0:1d:ee:3f:03;LU-Events;-61;45
2542;80:e0:1d:ee:3f:04;Free Tbaytel WiFi;-61;45
2543;80:e0:1d:ee:3f:0e;LakeheadU;-78;45
2544;80:e0:1d:ee:3f:0f;LU-Guest;-76;45
2545;80:e0:1d:ee:3f:0b;Free Tbaytel WiFi;-78;45
2546;80:e0:1d:ee:3f:0c;LU-Events;-78;45
2547;80:e0:1d:ee:3f:0d;eduroam;-78;45
2548;80:e0:1d:e6:79:d2;eduroam;-71;45
2549;80:e0:1d:e6:79:d1;LakeheadU;-72;45
2550;80:e0:1d:e6:79:d0;LU-Guest;-74;45
2551;80:e0:1d:e6:79:d4;Free Tbaytel WiFi;-71;45
2552;80:e0:1d:e6:79:d3;LU-Events;-72;45
2553;80:e0:1d:e6:79:db;Free Tbaytel WiFi;-86;45
2554;80:e0:1d:e6:79:df;LU-Guest;-85;45
2555;80:e0:1d:e6:79:dd;eduroam;-86;45
2556;80:e0:1d:e6:79:dc;LU-Events;-85;45
2557;a2:53:22:40:4f:7b;NOSMSecure;-92;45
2558;a2:53:22:40:4f:7a;NOSMSecure;-66;45
2559;80:e0:1d:ac:8b:04;Free Tbaytel WiFi;-45;45
2560;80:e0:1d:ac:8b:03;LU-Events;-45;45
2561;80:e0:1d:ac:8b:02;eduroam;-45;45
2562;80:e0:1d:ac:8b:01;LakeheadU;-49;45
2563;80:e0:1d:ac:8b:00;LU-Guest;-45;45
2564;80:e0:1d:f6:a4:d0;LU-Guest;-78;45
2565;80:e0:1d:f6:a4:d2;eduroam;-78;45
2566;80:e0:1d:f6:a4:d1;LakeheadU;-78;45
2567;80:e0:1d:f6:a4:d4;Free Tbaytel WiFi;-77;45
2568;80:e0:1d:f6:a4:d3;LU-Events;-78;45
2569;ce:d7:19:24:c6:d5;LINKSYS-750-guest;-85;45
2570;ae:53:22:40:4f:e8;NOSMConnect24;-79;45
2571;80:e0:1d:ac:8b:0e;LakeheadU;-59;45
2572;80:e0:1d:ac:8b:0d;eduroam;-59;45
2573;80:e0:1d:ac:8b:0c;LU-Events;-59;45
2574;80:e0:1d:ac:8b:0b;Free Tbaytel WiFi;-57;45
2575;6c:5a:b0:3d:73:c0;Quanser_UVS-5G;-83;45
2576;6c:5a:b0:3d:73:c1;Quanser_UVS;-62;45
2577;80:e0:1d:ac:8b:0f;LU-Guest;-59;45
2578;a4:6c:2a:d4:be:33;LU-Events;-87;45
2579;a4:6c:2a:d4:be:34;Free Tbaytel WiFi;-87;45
2580;80:e0:1d:ac:8b:02;eduroam;-45;46
2581;80:e0:1d:ac:8b:04;Free Tbaytel WiFi;-45;46
2582;80:e0:1d:ac:8b:03;LU-Events;-45;46
2583;80:e0:1d:ac:8b:00;LU-Guest;-45;46
2584;80:e0:1d:ac:8b:01;LakeheadU;-49;46
2585;80:e0:1d:ac:8b:0b;Free Tbaytel WiFi;-57;46
2586;80:e0:1d:ac:8b:0f;LU-Guest;-59;46
2587;80:e0:1d:ac:8b:0d;eduroam;-59;46
2588;80:e0:1d:ac:8b:0e;LakeheadU;-59;46
2589;80:e0:1d:ac:8b:0c;LU-Events;-59;46
2590;80:e0:1d:ee:3f:04;Free Tbaytel WiFi;-61;46
2591;80:e0:1d:ee:3f:03;LU-Events;-61;46
2592;80:e0:1d:ee:3f:02;eduroam;-62;46
2593;80:e0:1d:ee:3f:00;LU-Guest;-62;46
2594;80:e0:1d:ee:3f:01;LakeheadU;-62;46
2595;6c:5a:b0:3d:73:c1;Quanser_UVS;-62;46
2596;ca:5a:b0:3d:73:c3;;-65;46
2597;a4:6c:2a:d3:f4:d4;Free Tbaytel WiFi;-66;46
2598;a4:6c:2a:d3:f4:d2;eduroam;-66;46
2599;9c:53:22:40:4f:7a;TBAYTech;-66;46
2600;a4:6c:2a:d3:f4:d0;LU-Guest;-66;46
2601;a4:6c:2a:d3:f4:d1;LakeheadU;-66;46
2602;aa:53:22:40:4f:7a;NOSMConnect;-66;46
2603;a2:53:22:40:4f:7a;NOSMSecure;-66;46
2604;ae:53:22:40:4f:7a;NOSMConnect24;-67;46
2605;a6:53:22:40:4f:7a;eduroam;-67;46
2606;a4:6c:2a:d3:f4:d3;LU-Events;-67;46
2607;80:e0:1d:e6:79:d4;Free Tbaytel WiFi;-71;46
2608;80:e0:1d:e6:79:d2;eduroam;-71;46
2609;80:e0:1d:e6:79:d1;LakeheadU;-72;46
2610;80:e0:1d:e6:79:d3;LU-Events;-72;46
2611;00:1f:33:bd:d5:34;Lab1012;-73;46
2612;80:e0:1d:e6:79:d0;LU-Guest;-74;46
2613;80:e0:1d:ee:3f:0f;LU-Guest;-76;46
2614;a4:6c:2a:d3:f2:84;Free Tbaytel WiFi;-77;46
2615;80:e0:1d:f6:a4:d4;Free Tbaytel WiFi;-77;46
2616;a4:6c:2a:d3:f2:80;LU-Guest;-77;46
2617;a4:6c:2a:d3:f2:81;LakeheadU;-77;46
2618;80:e0:1d:ee:3f:0d;eduroam;-78;46
2619;80:e0:1d:ee:3f:0e;LakeheadU;-78;46
2620;80:e0:1d:ee:3f:0c;LU-Events;-78;46
2621;d8:b1:90:e1:12:b4;Free Tbaytel WiFi;-78;46
2622;a4:6c:2a:d3:f2:82;eduroam;-78;46
2623;80:e0:1d:ee:3f:0b;Free Tbaytel WiFi;-78;46
2624;80:e0:1d:f6:a4:d0;LU-Guest;-78;46
2625;80:e0:1d:f6:a4:d2;eduroam;-78;46
2626;80:e0:1d:f6:a4:d1;LakeheadU;-78;46
2627;80:e0:1d:f6:a4:d3;LU-Events;-78;46
2628;a6:53:22:40:4f:e8;eduroam;-79;46
2629;ae:53:22:40:4f:e8;NOSMConnect24;-79;46
2630;d8:b1:90:e1:12:b0;LU-Guest;-79;46
2631;9c:53:22:40:4f:e8;TBAYTech;-80;46
2632;ac:7a:56:c8:62:07;Free Tbaytel WiFi;-80;46
2633;ac:7a:56:c8:62:03;LU-Guest;-81;46
2634;80:e0:1d:f6:a5:13;LU-Events;-82;46
2635;80:e0:1d:f6:a5:14;Free Tbaytel WiFi;-82;46
2636;6c:5a:b0:3d:73:c0;Quanser_UVS-5G;-83;46
2637;a4:6c:2a:d3:f4:df;LU-Guest;-83;46
2638;a4:6c:2a:d3:f4:db;Free Tbaytel WiFi;-83;46
2639;a4:6c:2a:d3:f4:dd;eduroam;-83;46
2640;a4:6c:2a:d3:f4:de;LakeheadU;-83;46
2641;a4:6c:2a:d3:f4:dc;LU-Events;-83;46
2642;80:e0:1d:e6:79:df;LU-Guest;-85;46
2643;80:e0:1d:e6:79:dc;LU-Events;-85;46
2644;ce:d7:19:24:c6:d5;LINKSYS-750-guest;-85;46
2645;80:e0:1d:e6:79:db;Free Tbaytel WiFi;-86;46
2646;80:e0:1d:e6:79:dd;eduroam;-86;46
2647;a4:6c:2a:d4:be:34;Free Tbaytel WiFi;-87;46
2648;a4:6c:2a:d4:be:33;LU-Events;-87;46
2649;a4:6c:2a:d4:ba:42;eduroam;-89;46
2650;80:e0:1d:f6:a5:1f;LU-Guest;-90;46
2651;80:e0:1d:f6:a5:1c;LU-Events;-91;46
2652;a4:6c:2a:d3:f2:8e;LakeheadU;-91;46
2653;9c:53:22:40:4f:7b;TBAYTech;-92;46
2654;a2:53:22:40:4f:7b;NOSMSecure;-92;46
2655;aa:53:22:40:4f:7b;NOSMConnect;-93;46
2656;a6:53:22:40:4f:7b;eduroam;-93;46
2657;a4:6c:2a:d3:f2:8b;Free Tbaytel WiFi;-93;46
2658;a4:6c:2a:d3:f2:8b;Free Tbaytel WiFi;-90;47
2659;a4:6c:2a:d3:f2:81;LakeheadU;-65;47
2660;a4:6c:2a:d3:f2:80;LU-Guest;-65;47
2661;a4:6c:2a:d3:f2:83;LU-Events;-66;47
2662;a4:6c:2a:d3:f2:82;eduroam;-66;47
2663;a4:6c:2a:d3:f2:84;Free Tbaytel WiFi;-65;47
2664;aa:53:22:40:4f:e9;NOSMConnect;-93;47
2665;aa:53:22:40:4f:e8;NOSMConnect;-76;47
2666;a6:53:22:40:4f:e8;eduroam;-77;47
2667;9c:53:22:40:4f:e8;TBAYTech;-77;47
2668;00:1f:33:bd:d5:34;Lab1012;-79;47
2669;80:e0:1d:f6:a5:11;LakeheadU;-69;47
2670;80:e0:1d:f6:a5:12;eduroam;-68;47
2671;80:e0:1d:f6:a5:10;LU-Guest;-69;47
2672;80:e0:1d:f6:a5:13;LU-Events;-69;47
2673;80:e0:1d:f6:a5:14;Free Tbaytel WiFi;-69;47
2674;a4:6c:2a:d4:ba:43;LU-Events;-82;47
2675;80:e0:1d:f6:a5:1b;Free Tbaytel WiFi;-81;47
2676;80:e0:1d:f6:a5:1e;LakeheadU;-82;47
2677;80:e0:1d:f6:a5:1f;LU-Guest;-81;47
2678;80:e0:1d:f6:a5:1c;LU-Events;-81;47
2679;80:e0:1d:f6:a5:1d;eduroam;-82;47
2680;a4:6c:2a:d3:f4:df;LU-Guest;-90;47
2681;a4:6c:2a:d3:f4:dd;eduroam;-88;47
2682;a4:6c:2a:d3:f4:db;Free Tbaytel WiFi;-89;47
2683;a4:6c:2a:d3:f4:dc;LU-Events;-89;47
2684;9c:53:22:40:4f:7a;TBAYTech;-73;47
2685;a4:6c:2a:d3:f4:d0;LU-Guest;-72;47
2686;a4:6c:2a:d3:f4:d1;LakeheadU;-71;47
2687;a4:6c:2a:d3:f4:d4;Free Tbaytel WiFi;-72;47
2688;a4:6c:2a:d3:f4:d2;eduroam;-70;47
2689;a4:6c:2a:d3:f4:d3;LU-Events;-72;47
2690;80:e0:1d:ee:3f:00;LU-Guest;-54;47
2691;80:e0:1d:ee:3f:01;LakeheadU;-53;47
2692;80:e0:1d:ee:3f:02;eduroam;-53;47
2693;80:e0:1d:ee:3f:03;LU-Events;-56;47
2694;80:e0:1d:ee:3f:04;Free Tbaytel WiFi;-53;47
2695;80:e0:1d:ee:3f:0e;LakeheadU;-70;47
2696;80:e0:1d:ee:3f:0f;LU-Guest;-69;47
2697;80:e0:1d:ee:3f:0b;Free Tbaytel WiFi;-69;47
2698;80:e0:1d:ee:3f:0c;LU-Events;-70;47
2699;80:e0:1d:ee:3f:0d;eduroam;-69;47
2700;a2:53:22:40:4f:e8;NOSMSecure;-76;47
2701;a2:53:22:40:4f:e9;NOSMSecure;-93;47
2702;ba:a3:32:e1:97:09;Xerox;-90;47
2703;80:e0:1d:e6:79:d1;LakeheadU;-80;47
2704;80:e0:1d:e6:79:d4;Free Tbaytel WiFi;-80;47
2705;a4:6c:2a:d4:be:3c;LU-Events;-93;47
2706;a4:6c:2a:d4:be:3d;eduroam;-93;47
2707;80:e0:1d:e6:79:db;Free Tbaytel WiFi;-85;47
2708;80:e0:1d:f6:a4:dc;LU-Events;-91;47
2709;80:e0:1d:e6:79:df;LU-Guest;-85;47
2710;80:e0:1d:e6:79:de;LakeheadU;-85;47
2711;80:e0:1d:f6:a4:de;LakeheadU;-92;47
2712;80:e0:1d:e6:79:dd;eduroam;-84;47
2713;80:e0:1d:e6:79:dc;LU-Events;-85;47
2714;80:e0:1d:ac:8b:04;Free Tbaytel WiFi;-55;47
2715;80:e0:1d:ac:8b:00;LU-Guest;-55;47
2716;80:e0:1d:f6:a4:d0;LU-Guest;-76;47
2717;80:e0:1d:f6:a4:d4;Free Tbaytel WiFi;-76;47
2718;ae:53:22:40:4f:e8;NOSMConnect24;-75;47
2719;80:e0:1d:ac:8b:0e;LakeheadU;-68;47
2720;80:e0:1d:ac:8b:0d;eduroam;-69;47
2721;82:f2:e0:d1:f9:74;portthru;-90;47
2722;80:e0:1d:ac:8b:0c;LU-Events;-68;47
2723;80:e0:1d:ac:8b:0b;Free Tbaytel WiFi;-67;47
2724;6c:5a:b0:3d:73:c1;Quanser_UVS;-73;47
2725;80:e0:1d:ac:8b:0f;LU-Guest;-68;47
2726;a4:6c:2a:d4:be:31;LakeheadU;-79;47
2727;a4:6c:2a:d4:be:32;eduroam;-79;47
2728;a4:6c:2a:d3:f2:8e;LakeheadU;-87;48
2729;a4:6c:2a:d3:f2:8d;eduroam;-87;48
2730;ae:53:22:40:4f:80;NOSMConnect24;-89;48
2731;a4:6c:2a:d3:f2:81;LakeheadU;-62;48
2732;a4:6c:2a:d3:f2:80;LU-Guest;-62;48
2733;a4:6c:2a:d3:f2:83;LU-Events;-65;48
2734;a4:6c:2a:d3:f2:82;eduroam;-63;48
2735;a4:6c:2a:d3:f2:84;Free Tbaytel WiFi;-62;48
2736;aa:53:22:40:4f:e9;NOSMConnect;-92;48
2737;aa:53:22:40:4f:e8;NOSMConnect;-74;48
2738;a6:53:22:40:4f:e9;eduroam;-91;48
2739;a6:53:22:40:4f:e8;eduroam;-75;48
2740;00:42:68:59:8b:fb;Free Tbaytel WiFi;-90;48
2741;00:42:68:59:8b:fe;LakeheadU;-92;48
2742;00:42:68:59:8b:fd;eduroam;-92;48
2743;9c:53:22:40:4f:e9;TBAYTech;-92;48
2744;9c:53:22:40:4f:e8;TBAYTech;-72;48
2745;ae:53:22:40:4f:7a;NOSMConnect24;-71;48
2746;aa:53:22:40:4f:7a;NOSMConnect;-71;48
2747;c0:c1:c0:8e:e8:c5;unavailable;-88;48
2748;80:e0:1d:f6:a5:11;LakeheadU;-67;48
2749;80:e0:1d:f6:a5:12;eduroam;-67;48
2750;80:e0:1d:f6:a5:10;LU-Guest;-67;48
2751;80:e0:1d:f6:a5:13;LU-Events;-67;48
2752;80:e0:1d:f6:a5:14;Free Tbaytel WiFi;-67;48
2753;a4:6c:2a:d4:ba:42;eduroam;-75;48
2754;a4:6c:2a:d4:ba:43;LU-Events;-75;48
2755;a4:6c:2a:d4:ba:44;Free Tbaytel WiFi;-74;48
2756;a4:6c:2a:d4:ba:40;LU-Guest;-75;48
2757;a4:6c:2a:d4:ba:41;LakeheadU;-76;48
2758;80:e0:1d:f6:a5:1b;Free Tbaytel WiFi;-84;48
2759;80:e0:1d:f6:a5:1e;LakeheadU;-83;48
2760;80:e0:1d:f6:a5:1f;LU-Guest;-84;48
2761;80:e0:1d:f6:a5:1c;LU-Events;-84;48
2762;80:e0:1d:f6:a5:1d;eduroam;-84;48
2763;7e:a7:b0:c5:e9:67;DIRECT-cfLexmark Cheetah M-67e9;-85;48
2764;9c:53:22:40:4f:7a;TBAYTech;-71;48
2765;a4:6c:2a:d3:f4:d0;LU-Guest;-78;48
2766;a4:6c:2a:d3:f4:d1;LakeheadU;-77;48
2767;a4:6c:2a:d3:f4:d4;Free Tbaytel WiFi;-77;48
2768;a4:6c:2a:d3:f4:d2;eduroam;-76;48
2769;a4:6c:2a:d3:f4:d3;LU-Events;-77;48
2770;80:e0:1d:ee:3f:00;LU-Guest;-54;48
2771;80:e0:1d:ee:3f:01;LakeheadU;-55;48
2772;80:e0:1d:ee:3f:02;eduroam;-55;48
2773;80:e0:1d:ee:3f:03;LU-Events;-55;48
2774;80:e0:1d:ee:3f:04;Free Tbaytel WiFi;-55;48
2775;80:e0:1d:ee:3f:0e;LakeheadU;-62;48
2776;80:e0:1d:ee:3f:0f;LU-Guest;-61;48
2777;80:e0:1d:ee:3f:0b;Free Tbaytel WiFi;-62;48
2778;80:e0:1d:ee:3f:0c;LU-Events;-62;48
2779;80:e0:1d:ee:3f:0d;eduroam;-62;48
2780;a2:53:22:40:4f:e8;NOSMSecure;-75;48
2781;a2:53:22:40:4f:e9;NOSMSecure;-93;48
2782;80:e0:1d:e6:79:d3;LU-Events;-83;48
2783;10:8c:cf:44:26:b0;LU-Guest;-84;48
2784;a4:6c:2a:d4:be:3e;LakeheadU;-92;48
2785;a4:6c:2a:d4:be:3c;LU-Events;-92;48
2786;a4:6c:2a:d4:be:3d;eduroam;-92;48
2787;10:8c:cf:44:26:b4;Free Tbaytel WiFi;-84;48
2788;10:8c:cf:44:26:b3;LU-Events;-84;48
2789;80:e0:1d:f6:a4:dc;LU-Events;-88;48
2790;80:e0:1d:f6:a4:de;LakeheadU;-87;48
2791;80:e0:1d:ac:8b:04;Free Tbaytel WiFi;-56;48
2792;80:e0:1d:ac:8b:00;LU-Guest;-57;48
2793;80:e0:1d:f6:a4:d1;LakeheadU;-76;48
2794;80:e0:1d:f6:a4:d4;Free Tbaytel WiFi;-78;48
2795;ce:d7:19:24:c6:d5;LINKSYS-750-guest;-81;48
2796;ae:53:22:40:4f:e8;NOSMConnect24;-72;48
2797;80:e0:1d:ac:8b:0e;LakeheadU;-69;48
2798;80:e0:1d:ac:8b:0d;eduroam;-69;48
2799;80:e0:1d:ac:8b:0c;LU-Events;-68;48
2800;80:e0:1d:ac:8b:0b;Free Tbaytel WiFi;-70;48
2801;6c:5a:b0:3d:73:c0;Quanser_UVS-5G;-90;48
2802;80:e0:1d:ac:8b:0f;LU-Guest;-68;48
2803;a4:6c:2a:d4:be:34;Free Tbaytel WiFi;-77;48
2804;a4:6c:2a:d4:be:32;eduroam;-77;48
2805;80:e0:1d:ee:3f:02;eduroam;-49;49
2806;80:e0:1d:ee:3f:00;LU-Guest;-49;49
2807;80:e0:1d:ee:3f:03;LU-Events;-49;49
2808;80:e0:1d:ee:3f:01;LakeheadU;-49;49
2809;80:e0:1d:ee:3f:04;Free Tbaytel WiFi;-50;49
2810;80:e0:1d:ac:8b:00;LU-Guest;-59;49
2811;80:e0:1d:ac:8b:02;eduroam;-59;49
2812;80:e0:1d:ac:8b:01;LakeheadU;-59;49
2813;80:e0:1d:ac:8b:03;LU-Events;-59;49
2814;80:e0:1d:ac:8b:04;Free Tbaytel WiFi;-60;49
2815;a4:6c:2a:d3:f2:80;LU-Guest;-62;49
2816;a4:6c:2a:d3:f2:81;LakeheadU;-63;49
2817;a4:6c:2a:d3:f2:83;LU-Events;-63;49
2818;a4:6c:2a:d3:f2:84;Free Tbaytel WiFi;-64;49
2819;a4:6c:2a:d3:f2:82;eduroam;-65;49
2820;80:e0:1d:ac:8b:0b;Free Tbaytel WiFi;-66;49
2821;aa:53:22:40:4f:e8;NOSMConnect;-66;49
2822;9c:53:22:40:4f:e8;TBAYTech;-67;49
2823;a6:53:22:40:4f:e8;eduroam;-67;49
2824;ae:53:22:40:4f:e8;NOSMConnect24;-67;49
2825;a2:53:22:40:4f:e8;NOSMSecure;-67;49
2826;80:e0:1d:f6:a5:14;Free Tbaytel WiFi;-68;49
2827;a4:6c:2a:d4:ba:42;eduroam;-72;49
2828;a4:6c:2a:d4:ba:41;LakeheadU;-72;49
2829;80:e0:1d:f6:a4:d4;Free Tbaytel WiFi;-72;49
2830;80:e0:1d:f6:a4:d0;LU-Guest;-73;49
2831;a4:6c:2a:d4:ba:43;LU-Events;-73;49
2832;80:e0:1d:f6:a4:d1;LakeheadU;-73;49
2833;a4:6c:2a:d4:ba:40;LU-Guest;-74;49
2834;a4:6c:2a:d4:ba:44;Free Tbaytel WiFi;-74;49
2835;a4:6c:2a:d4:be:34;Free Tbaytel WiFi;-76;49
2836;a2:53:22:40:4f:7a;NOSMSecure;-78;49
2837;a4:6c:2a:d3:f4:d2;eduroam;-79;49
2838;a4:6c:2a:d3:f4:d0;LU-Guest;-79;49
2839;a6:53:22:40:4f:7a;eduroam;-79;49
2840;80:e0:1d:f6:a5:1f;LU-Guest;-81;49
2841;a4:6c:2a:d3:f4:d4;Free Tbaytel WiFi;-81;49
2842;80:e0:1d:f6:a5:1c;LU-Events;-82;49
2843;80:e0:1d:f6:a5:1b;Free Tbaytel WiFi;-82;49
2844;80:e0:1d:f6:a5:1d;eduroam;-82;49
2845;80:e0:1d:f6:a5:1e;LakeheadU;-82;49
2846;82:f2:e0:d1:f9:74;portthru;-82;49
2847;80:e0:1d:f6:a4:de;LakeheadU;-85;49
2848;80:e0:1d:f6:a4:dc;LU-Events;-85;49
2849;9c:53:22:40:4f:e9;TBAYTech;-85;49
2850;aa:53:22:40:4f:e9;NOSMConnect;-85;49
2851;a6:53:22:40:4f:e9;eduroam;-85;49
2852;80:e0:1d:f6:a4:df;LU-Guest;-85;49
2853;80:e0:1d:f6:a4:db;Free Tbaytel WiFi;-85;49
2854;80:e0:1d:f6:a4:dd;eduroam;-85;49
2855;a2:53:22:40:4f:e9;NOSMSecure;-86;49
2856;ba:a3:32:e1:97:09;Xerox;-89;49
2857;a4:6c:2a:d3:f2:8d;eduroam;-92;49
2858;a4:6c:2a:d3:f2:8e;LakeheadU;-92;49
2859;a4:6c:2a:d3:f2:8c;LU-Events;-92;49
2860;9c:53:22:40:4f:7b;TBAYTech;-92;49
2861;6c:5a:b0:3d:73:bf;Quanser_UVS-5G;-93;49
2862;aa:53:22:40:4f:7b;NOSMConnect;-93;49
2863;a6:53:22:40:4f:7b;eduroam;-93;49
2864;a2:53:22:40:4f:7b;NOSMSecure;-93;49
2865;a4:6c:2a:d3:f2:8c;LU-Events;-88;50
2866;a4:6c:2a:d3:f2:8e;LakeheadU;-89;50
2867;a4:6c:2a:d3:f2:8d;eduroam;-89;50
2868;ae:53:22:40:4f:80;NOSMConnect24;-76;50
2869;a4:6c:2a:d3:f2:81;LakeheadU;-70;50
2870;a4:6c:2a:d3:f2:80;LU-Guest;-70;50
2871;a4:6c:2a:d3:f2:83;LU-Events;-70;50
2872;a4:6c:2a:d3:f2:82;eduroam;-70;50
2873;a4:6c:2a:d3:f2:84;Free Tbaytel WiFi;-70;50
2874;aa:53:22:40:4f:e9;NOSMConnect;-83;50
2875;aa:53:22:40:4f:e8;NOSMConnect;-64;50
2876;00:42:68:59:8b:ff;LU-Guest;-86;50
2877;a6:53:22:40:4f:e9;eduroam;-83;50
2878;a6:53:22:40:4f:e8;eduroam;-66;50
2879;00:42:68:59:8b:fc;LU-Events;-86;50
2880;00:42:68:59:8b:fb;Free Tbaytel WiFi;-86;50
2881;00:42:68:59:8b:fe;LakeheadU;-87;50
2882;00:42:68:59:8b:fd;eduroam;-86;50
2883;9c:53:22:40:4f:e9;TBAYTech;-83;50
2884;9c:53:22:40:4f:e8;TBAYTech;-63;50
2885;ae:53:22:40:4f:7a;NOSMConnect24;-73;50
2886;aa:53:22:40:4f:7a;NOSMConnect;-73;50
2887;ca:5a:b0:3d:73:c3;;-68;50
2888;c8:d7:19:24:c6:d7;LINKSYS-750;-89;50
2889;c8:d7:19:24:c6:d5;LINKSYS-750;-73;50
2890;80:e0:1d:f6:a5:11;LakeheadU;-70;50
2891;80:e0:1d:f6:a5:12;eduroam;-69;50
2892;80:e0:1d:f6:a5:10;LU-Guest;-69;50
2893;80:e0:1d:f6:a5:13;LU-Events;-69;50
2894;a4:6c:2a:d4:bb:03;LU-Events;-86;50
2895;80:e0:1d:f6:a5:1b;Free Tbaytel WiFi;-81;50
2896;80:e0:1d:f6:a5:1e;LakeheadU;-81;50
2897;80:e0:1d:f6:a5:1f;LU-Guest;-81;50
2898;80:e0:1d:f6:a5:1c;LU-Events;-81;50
2899;80:e0:1d:f6:a5:1d;eduroam;-81;50
2900;9c:53:22:40:4f:7a;TBAYTech;-77;50
2901;a6:53:22:40:4f:80;eduroam;-76;50
2902;a6:53:22:40:4f:7a;eduroam;-73;50
2903;9c:53:22:40:4f:80;TBAYTech;-75;50
2904;a4:6c:2a:d3:f4:d0;LU-Guest;-76;50
2905;a4:6c:2a:d3:f4:d2;eduroam;-77;50
2906;80:e0:1d:ee:3f:00;LU-Guest;-42;50
2907;80:e0:1d:ee:3f:01;LakeheadU;-41;50
2908;80:e0:1d:ee:3f:02;eduroam;-45;50
2909;80:e0:1d:ee:3f:03;LU-Events;-40;50
2910;80:e0:1d:ee:3f:04;Free Tbaytel WiFi;-41;50
2911;80:e0:1d:ee:3f:0e;LakeheadU;-54;50
2912;80:e0:1d:ee:3f:0f;LU-Guest;-54;50
2913;80:e0:1d:ee:3f:0b;Free Tbaytel WiFi;-54;50
2914;80:e0:1d:ee:3f:0c;LU-Events;-54;50
2915;80:e0:1d:ee:3f:0d;eduroam;-86;50
2916;a2:53:22:40:4f:e8;NOSMSecure;-66;50
2917;a2:53:22:40:4f:e9;NOSMSecure;-83;50
2918;ba:a3:32:e1:97:09;Xerox;-66;50
2919;aa:53:22:40:4f:80;NOSMConnect;-78;50
2920;80:e0:1d:e6:79:d2;eduroam;-77;50
2921;80:e0:1d:e6:79:d4;Free Tbaytel WiFi;-76;50
2922;a4:6c:2a:d4:be:3e;LakeheadU;-85;50
2923;a4:6c:2a:d4:be:3f;LU-Guest;-85;50
2924;a4:6c:2a:d4:be:3c;LU-Events;-85;50
2925;a4:6c:2a:d4:be:3d;eduroam;-85;50
2926;a4:6c:2a:d4:be:3b;Free Tbaytel WiFi;-84;50
2927;80:e0:1d:e6:79:db;Free Tbaytel WiFi;-87;50
2928;80:e0:1d:f6:a4:db;Free Tbaytel WiFi;-73;50
2929;80:e0:1d:f6:a4:dd;eduroam;-74;50
2930;80:e0:1d:f6:a4:dc;LU-Events;-74;50
2931;80:e0:1d:f6:a4:df;LU-Guest;-73;50
2932;80:e0:1d:e6:79:de;LakeheadU;-87;50
2933;80:e0:1d:f6:a4:de;LakeheadU;-74;50
2934;80:e0:1d:e6:79:dd;eduroam;-86;50
2935;80:e0:1d:e6:79:dc;LU-Events;-86;50
2936;a2:53:22:40:4f:80;NOSMSecure;-77;50
2937;a2:53:22:40:4f:7a;NOSMSecure;-73;50
2938;80:e0:1d:ac:8b:04;Free Tbaytel WiFi;-59;50
2939;80:e0:1d:ac:8b:03;LU-Events;-59;50
2940;80:e0:1d:ac:8b:02;eduroam;-58;50
2941;80:e0:1d:ac:8b:01;LakeheadU;-59;50
2942;80:e0:1d:ac:8b:00;LU-Guest;-58;50
2943;80:e0:1d:f6:a4:d0;LU-Guest;-65;50
2944;ce:d7:19:24:c6:d5;LINKSYS-750-guest;-71;50
2945;ae:53:22:40:4f:e8;NOSMConnect24;-64;50
2946;80:e0:1d:ac:8b:0e;LakeheadU;-72;50
2947;80:e0:1d:ac:8b:0d;eduroam;-71;50
2948;82:f2:e0:d1:f9:74;portthru;-73;50
2949;80:e0:1d:ac:8b:0c;LU-Events;-72;50
2950;80:e0:1d:ac:8b:0b;Free Tbaytel WiFi;-69;50
2951;6c:5a:b0:3d:73:c0;Quanser_UVS-5G;-88;50
2952;6c:5a:b0:3d:73:c1;Quanser_UVS;-71;50
2953;80:e0:1d:ac:8b:0f;LU-Guest;-72;50
2954;a4:6c:2a:d4:be:30;LU-Guest;-71;50
2955;a4:6c:2a:d4:be:34;Free Tbaytel WiFi;-72;50
2956;a4:6c:2a:d4:be:31;LakeheadU;-73;50
2957;a4:6c:2a:d4:be:32;eduroam;-73;50
2958;80:e0:1d:ee:3f:03;LU-Events;-40;51
2959;80:e0:1d:ee:3f:04;Free Tbaytel WiFi;-41;51
2960;80:e0:1d:ee:3f:01;LakeheadU;-41;51
2961;80:e0:1d:ee:3f:00;LU-Guest;-42;51
2962;80:e0:1d:ee:3f:02;eduroam;-45;51
2963;80:e0:1d:ee:3f:0f;LU-Guest;-54;51
2964;80:e0:1d:ee:3f:0b;Free Tbaytel WiFi;-54;51
2965;80:e0:1d:ee:3f:0e;LakeheadU;-54;51
2966;80:e0:1d:ee:3f:0c;LU-Events;-54;51
2967;80:e0:1d:ac:8b:00;LU-Guest;-58;51
2968;80:e0:1d:ac:8b:02;eduroam;-58;51
2969;80:e0:1d:ac:8b:04;Free Tbaytel WiFi;-59;51
2970;80:e0:1d:ac:8b:01;LakeheadU;-59;51
2971;80:e0:1d:ac:8b:03;LU-Events;-59;51
2972;9c:53:22:40:4f:e8;TBAYTech;-63;51
2973;ae:53:22:40:4f:e8;NOSMConnect24;-64;51
2974;aa:53:22:40:4f:e8;NOSMConnect;-64;51
2975;80:e0:1d:f6:a4:d0;LU-Guest;-65;51
2976;a6:53:22:40:4f:e8;eduroam;-66;51
2977;ba:a3:32:e1:97:09;Xerox;-66;51
2978;a2:53:22:40:4f:e8;NOSMSecure;-66;51
2979;ca:5a:b0:3d:73:c3;;-68;51
2980;80:e0:1d:ac:8b:0b;Free Tbaytel WiFi;-69;51
2981;80:e0:1d:f6:a5:10;LU-Guest;-69;51
2982;80:e0:1d:f6:a5:12;eduroam;-69;51
2983;80:e0:1d:f6:a5:13;LU-Events;-69;51
2984;a4:6c:2a:d3:f2:84;Free Tbaytel WiFi;-70;51
2985;a4:6c:2a:d3:f2:82;eduroam;-70;51
2986;a4:6c:2a:d3:f2:80;LU-Guest;-70;51
2987;a4:6c:2a:d3:f2:81;LakeheadU;-70;51
2988;a4:6c:2a:d3:f2:83;LU-Events;-70;51
2989;80:e0:1d:f6:a5:11;LakeheadU;-70;51
2990;ce:d7:19:24:c6:d5;LINKSYS-750-guest;-71;51
2991;6c:5a:b0:3d:73:c1;Quanser_UVS;-71;51
2992;a4:6c:2a:d4:be:30;LU-Guest;-71;51
2993;80:e0:1d:ac:8b:0d;eduroam;-71;51
2994;a4:6c:2a:d4:be:34;Free Tbaytel WiFi;-72;51
2995;80:e0:1d:ac:8b:0f;LU-Guest;-72;51
2996;80:e0:1d:ac:8b:0e;LakeheadU;-72;51
2997;80:e0:1d:ac:8b:0c;LU-Events;-72;51
2998;82:f2:e0:d1:f9:74;portthru;-73;51
2999;80:e0:1d:f6:a4:df;LU-Guest;-73;51
3000;a6:53:22:40:4f:7a;eduroam;-73;51
3001;a2:53:22:40:4f:7a;NOSMSecure;-73;51
3002;80:e0:1d:f6:a4:db;Free Tbaytel WiFi;-73;51
3003;ae:53:22:40:4f:7a;NOSMConnect24;-73;51
3004;aa:53:22:40:4f:7a;NOSMConnect;-73;51
3005;c8:d7:19:24:c6:d5;LINKSYS-750;-73;51
3006;a4:6c:2a:d4:be:32;eduroam;-73;51
3007;a4:6c:2a:d4:be:31;LakeheadU;-73;51
3008;80:e0:1d:f6:a4:de;LakeheadU;-74;51
3009;80:e0:1d:f6:a4:dc;LU-Events;-74;51
3010;80:e0:1d:f6:a4:dd;eduroam;-74;51
3011;9c:53:22:40:4f:80;TBAYTech;-75;51
3012;a4:6c:2a:d3:f4:d0;LU-Guest;-76;51
3013;ae:53:22:40:4f:80;NOSMConnect24;-76;51
3014;a6:53:22:40:4f:80;eduroam;-76;51
3015;80:e0:1d:e6:79:d4;Free Tbaytel WiFi;-76;51
3016;a4:6c:2a:d3:f4:d2;eduroam;-77;51
3017;9c:53:22:40:4f:7a;TBAYTech;-77;51
3018;a2:53:22:40:4f:80;NOSMSecure;-77;51
3019;80:e0:1d:e6:79:d2;eduroam;-77;51
3020;aa:53:22:40:4f:80;NOSMConnect;-78;51
3021;80:e0:1d:f6:a5:1f;LU-Guest;-81;51
3022;80:e0:1d:f6:a5:1c;LU-Events;-81;51
3023;80:e0:1d:f6:a5:1b;Free Tbaytel WiFi;-81;51
3024;80:e0:1d:f6:a5:1d;eduroam;-81;51
3025;80:e0:1d:f6:a5:1e;LakeheadU;-81;51
3026;9c:53:22:40:4f:e9;TBAYTech;-83;51
3027;aa:53:22:40:4f:e9;NOSMConnect;-83;51
3028;a6:53:22:40:4f:e9;eduroam;-83;51
3029;a2:53:22:40:4f:e9;NOSMSecure;-83;51
3030;a4:6c:2a:d4:be:3b;Free Tbaytel WiFi;-84;51
3031;a4:6c:2a:d4:be:3d;eduroam;-85;51
3032;a4:6c:2a:d4:be:3e;LakeheadU;-85;51
3033;a4:6c:2a:d4:be:3c;LU-Events;-85;51
3034;a4:6c:2a:d4:be:3f;LU-Guest;-85;51
3035;a4:6c:2a:d4:bb:03;LU-Events;-86;51
3036;00:42:68:59:8b:fb;Free Tbaytel WiFi;-86;51
3037;00:42:68:59:8b:ff;LU-Guest;-86;51
3038;00:42:68:59:8b:fc;LU-Events;-86;51
3039;00:42:68:59:8b:fd;eduroam;-86;51
3040;80:e0:1d:ee:3f:0d;eduroam;-86;51
3041;80:e0:1d:e6:79:dc;LU-Events;-86;51
3042;80:e0:1d:e6:79:dd;eduroam;-86;51
3043;00:42:68:59:8b:fe;LakeheadU;-87;51
3044;80:e0:1d:e6:79:db;Free Tbaytel WiFi;-87;51
3045;80:e0:1d:e6:79:de;LakeheadU;-87;51
3046;a4:6c:2a:d3:f2:8c;LU-Events;-88;51
3047;6c:5a:b0:3d:73:c0;Quanser_UVS-5G;-88;51
3048;a4:6c:2a:d3:f2:8d;eduroam;-89;51
3049;a4:6c:2a:d3:f2:8e;LakeheadU;-89;51
3050;c8:d7:19:24:c6:d7;LINKSYS-750;-89;51
3051;a4:6c:2a:d3:f2:8c;LU-Events;-93;52
3052;a4:6c:2a:d3:f2:8b;Free Tbaytel WiFi;-93;52
3053;a4:6c:2a:d3:f2:8e;LakeheadU;-93;52
3054;a4:6c:2a:d3:f2:81;LakeheadU;-74;52
3055;a4:6c:2a:d3:f2:80;LU-Guest;-74;52
3056;a4:6c:2a:d3:f2:83;LU-Events;-74;52
3057;a4:6c:2a:d3:f2:82;eduroam;-74;52
3058;a4:6c:2a:d3:f2:84;Free Tbaytel WiFi;-75;52
3059;aa:53:22:40:4f:e9;NOSMConnect;-82;52
3060;aa:53:22:40:4f:e8;NOSMConnect;-63;52
3061;00:42:68:59:8b:ff;LU-Guest;-87;52
3062;a6:53:22:40:4f:e9;eduroam;-82;52
3063;a6:53:22:40:4f:e8;eduroam;-63;52
3064;00:42:68:59:8b:fc;LU-Events;-87;52
3065;00:42:68:59:8b:fb;Free Tbaytel WiFi;-86;52
3066;00:42:68:59:8b:fe;LakeheadU;-86;52
3067;9c:53:22:40:4f:e9;TBAYTech;-82;52
3068;9c:53:22:40:4f:e8;TBAYTech;-62;52
3069;ae:53:22:40:4f:7a;NOSMConnect24;-74;52
3070;ca:5a:b0:3d:73:c3;;-77;52
3071;c8:d7:19:24:c6:d7;LINKSYS-750;-90;52
3072;80:e0:1d:f6:a5:11;LakeheadU;-66;52
3073;80:e0:1d:f6:a5:12;eduroam;-66;52
3074;80:e0:1d:f6:a5:10;LU-Guest;-66;52
3075;80:e0:1d:f6:a5:13;LU-Events;-66;52
3076;80:e0:1d:f6:a5:14;Free Tbaytel WiFi;-66;52
3077;a4:6c:2a:d4:bb:03;LU-Events;-83;52
3078;a4:6c:2a:d4:bb:04;Free Tbaytel WiFi;-83;52
3079;a4:6c:2a:d4:bb:00;LU-Guest;-83;52
3080;a4:6c:2a:d4:bb:01;LakeheadU;-83;52
3081;80:e0:1d:f6:a5:1b;Free Tbaytel WiFi;-79;52
3082;80:e0:1d:f6:a5:1e;LakeheadU;-79;52
3083;80:e0:1d:f6:a5:1f;LU-Guest;-78;52
3084;80:e0:1d:f6:a5:1c;LU-Events;-79;52
3085;80:e0:1d:f6:a5:1d;eduroam;-79;52
3086;80:e0:1d:ee:3f:00;LU-Guest;-48;52
3087;80:e0:1d:ee:3f:01;LakeheadU;-48;52
3088;80:e0:1d:ee:3f:02;eduroam;-49;52
3089;80:e0:1d:ee:3f:03;LU-Events;-48;52
3090;80:e0:1d:ee:3f:04;Free Tbaytel WiFi;-48;52
3091;80:e0:1d:ee:3f:0e;LakeheadU;-57;52
3092;80:e0:1d:ee:3f:0f;LU-Guest;-57;52
3093;80:e0:1d:ee:3f:0b;Free Tbaytel WiFi;-58;52
3094;80:e0:1d:ee:3f:0c;LU-Events;-57;52
3095;80:e0:1d:ee:3f:0d;eduroam;-57;52
3096;a2:53:22:40:4f:e8;NOSMSecure;-63;52
3097;a2:53:22:40:4f:e9;NOSMSecure;-82;52
3098;ba:a3:32:e1:97:09;Xerox;-79;52
3099;80:e0:1d:e6:79:d0;LU-Guest;-76;52
3100;a4:6c:2a:d4:be:3e;LakeheadU;-81;52
3101;a4:6c:2a:d4:be:3c;LU-Events;-81;52
3102;a4:6c:2a:d4:be:3d;eduroam;-81;52
3103;80:e0:1d:e6:79:db;Free Tbaytel WiFi;-83;52
3104;80:e0:1d:f6:a4:db;Free Tbaytel WiFi;-85;52
3105;80:e0:1d:f6:a4:dd;eduroam;-86;52
3106;80:e0:1d:f6:a4:dc;LU-Events;-85;52
3107;80:e0:1d:f6:a4:df;LU-Guest;-85;52
3108;80:e0:1d:e6:79:de;LakeheadU;-83;52
3109;80:e0:1d:f6:a4:de;LakeheadU;-85;52
3110;80:e0:1d:e6:79:dd;eduroam;-83;52
3111;80:e0:1d:e6:79:dc;LU-Events;-83;52
3112;a2:53:22:40:4f:7a;NOSMSecure;-74;52
3113;80:e0:1d:ac:8b:03;LU-Events;-70;52
3114;80:e0:1d:ac:8b:00;LU-Guest;-70;52
3115;80:e0:1d:f6:a4:d0;LU-Guest;-62;52
3116;80:e0:1d:f6:a4:d2;eduroam;-63;52
3117;80:e0:1d:f6:a4:d1;LakeheadU;-62;52
3118;80:e0:1d:f6:a4:d4;Free Tbaytel WiFi;-62;52
3119;ae:53:22:40:4f:e8;NOSMConnect24;-63;52
3120;80:e0:1d:ac:8b:0e;LakeheadU;-84;52
3121;82:f2:e0:d1:f9:74;portthru;-78;52
3122;80:e0:1d:ac:8b:0c;LU-Events;-84;52
3123;6c:5a:b0:3d:73:c0;Quanser_UVS-5G;-82;52
3124;80:e0:1d:ac:8b:0f;LU-Guest;-83;52
3125;a4:6c:2a:d3:f2:8c;LU-Events;-93;53
3126;a4:6c:2a:d3:f2:8b;Free Tbaytel WiFi;-93;53
3127;a4:6c:2a:d3:f2:8e;LakeheadU;-93;53
3128;a4:6c:2a:d3:f2:81;LakeheadU;-74;53
3129;a4:6c:2a:d3:f2:80;LU-Guest;-74;53
3130;a4:6c:2a:d3:f2:83;LU-Events;-74;53
3131;a4:6c:2a:d3:f2:82;eduroam;-74;53
3132;a4:6c:2a:d3:f2:84;Free Tbaytel WiFi;-75;53
3133;aa:53:22:40:4f:e9;NOSMConnect;-82;53
3134;aa:53:22:40:4f:e8;NOSMConnect;-63;53
3135;00:42:68:59:8b:ff;LU-Guest;-87;53
3136;a6:53:22:40:4f:e9;eduroam;-82;53
3137;a6:53:22:40:4f:e8;eduroam;-63;53
3138;00:42:68:59:8b:fc;LU-Events;-87;53
3139;00:42:68:59:8b:fb;Free Tbaytel WiFi;-86;53
3140;00:42:68:59:8b:fe;LakeheadU;-86;53
3141;9c:53:22:40:4f:e9;TBAYTech;-82;53
3142;9c:53:22:40:4f:e8;TBAYTech;-62;53
3143;ae:53:22:40:4f:7a;NOSMConnect24;-74;53
3144;ca:5a:b0:3d:73:c3;;-77;53
3145;c8:d7:19:24:c6:d7;LINKSYS-750;-90;53
3146;80:e0:1d:f6:a5:11;LakeheadU;-66;53
3147;80:e0:1d:f6:a5:12;eduroam;-66;53
3148;80:e0:1d:f6:a5:10;LU-Guest;-66;53
3149;80:e0:1d:f6:a5:13;LU-Events;-66;53
3150;80:e0:1d:f6:a5:14;Free Tbaytel WiFi;-66;53
3151;a4:6c:2a:d4:bb:03;LU-Events;-83;53
3152;a4:6c:2a:d4:bb:04;Free Tbaytel WiFi;-83;53
3153;a4:6c:2a:d4:bb:00;LU-Guest;-83;53
3154;a4:6c:2a:d4:bb:01;LakeheadU;-83;53
3155;80:e0:1d:f6:a5:1b;Free Tbaytel WiFi;-79;53
3156;80:e0:1d:f6:a5:1e;LakeheadU;-79;53
3157;80:e0:1d:f6:a5:1f;LU-Guest;-78;53
3158;80:e0:1d:f6:a5:1c;LU-Events;-79;53
3159;80:e0:1d:f6:a5:1d;eduroam;-79;53
3160;80:e0:1d:ee:3f:00;LU-Guest;-48;53
3161;80:e0:1d:ee:3f:01;LakeheadU;-48;53
3162;80:e0:1d:ee:3f:02;eduroam;-49;53
3163;80:e0:1d:ee:3f:03;LU-Events;-48;53
3164;80:e0:1d:ee:3f:04;Free Tbaytel WiFi;-48;53
3165;80:e0:1d:ee:3f:0e;LakeheadU;-57;53
3166;80:e0:1d:ee:3f:0f;LU-Guest;-57;53
3167;80:e0:1d:ee:3f:0b;Free Tbaytel WiFi;-58;53
3168;80:e0:1d:ee:3f:0c;LU-Events;-57;53
3169;80:e0:1d:ee:3f:0d;eduroam;-57;53
3170;a2:53:22:40:4f:e8;NOSMSecure;-63;53
3171;a2:53:22:40:4f:e9;NOSMSecure;-82;53
3172;ba:a3:32:e1:97:09;Xerox;-79;53
3173;80:e0:1d:e6:79:d0;LU-Guest;-76;53
3174;a4:6c:2a:d4:be:3e;LakeheadU;-81;53
3175;a4:6c:2a:d4:be:3c;LU-Events;-81;53
3176;a4:6c:2a:d4:be:3d;eduroam;-81;53
3177;80:e0:1d:e6:79:db;Free Tbaytel WiFi;-83;53
3178;80:e0:1d:f6:a4:db;Free Tbaytel WiFi;-85;53
3179;80:e0:1d:f6:a4:dd;eduroam;-86;53
3180;80:e0:1d:f6:a4:dc;LU-Events;-85;53
3181;80:e0:1d:f6:a4:df;LU-Guest;-85;53
3182;80:e0:1d:e6:79:de;LakeheadU;-83;53
3183;80:e0:1d:f6:a4:de;LakeheadU;-85;53
3184;80:e0:1d:e6:79:dd;eduroam;-83;53
3185;80:e0:1d:e6:79:dc;LU-Events;-83;53
3186;a2:53:22:40:4f:7a;NOSMSecure;-74;53
3187;80:e0:1d:ac:8b:03;LU-Events;-70;53
3188;80:e0:1d:ac:8b:00;LU-Guest;-70;53
3189;80:e0:1d:f6:a4:d0;LU-Guest;-62;53
3190;80:e0:1d:f6:a4:d2;eduroam;-63;53
3191;80:e0:1d:f6:a4:d1;LakeheadU;-62;53
3192;80:e0:1d:f6:a4:d4;Free Tbaytel WiFi;-62;53
3193;ae:53:22:40:4f:e8;NOSMConnect24;-63;53
3194;80:e0:1d:ac:8b:0e;LakeheadU;-84;53
3195;82:f2:e0:d1:f9:74;portthru;-78;53
3196;80:e0:1d:ac:8b:0c;LU-Events;-84;53
3197;6c:5a:b0:3d:73:c0;Quanser_UVS-5G;-82;53
3198;80:e0:1d:ac:8b:0f;LU-Guest;-83;53
3199;ac:7a:56:c8:62:0d;;-91;54
3200;ae:53:22:40:4f:80;NOSMConnect24;-70;54
3201;a4:6c:2a:d3:f2:81;LakeheadU;-74;54
3202;a4:6c:2a:d3:f2:80;LU-Guest;-78;54
3203;a4:6c:2a:d3:f2:82;eduroam;-77;54
3204;a4:6c:2a:d3:f2:84;Free Tbaytel WiFi;-77;54
3205;aa:53:22:40:4f:e9;NOSMConnect;-73;54
3206;aa:53:22:40:4f:e8;NOSMConnect;-60;54
3207;00:42:68:59:8b:ff;LU-Guest;-81;54
3208;a6:53:22:40:4f:e9;eduroam;-73;54
3209;a6:53:22:40:4f:e8;eduroam;-62;54
3210;00:42:68:59:8b:fc;LU-Events;-81;54
3211;00:42:68:59:8b:fb;Free Tbaytel WiFi;-81;54
3212;00:42:68:59:8b:fe;LakeheadU;-82;54
3213;00:42:68:59:8b:fd;eduroam;-82;54
3214;9c:53:22:40:4f:e9;TBAYTech;-73;54
3215;9c:53:22:40:4f:e8;TBAYTech;-64;54
3216;00:1f:33:bd:d5:34;Lab1012;-75;54
3217;aa:53:22:40:4f:7b;NOSMConnect;-92;54
3218;ca:5a:b0:3d:73:c3;;-62;54
3219;c8:d7:19:24:c6:d7;LINKSYS-750;-90;54
3220;c8:d7:19:24:c6:d5;LINKSYS-750;-72;54
3221;80:e0:1d:f6:a5:11;LakeheadU;-57;54
3222;80:e0:1d:f6:a5:12;eduroam;-58;54
3223;80:e0:1d:f6:a5:10;LU-Guest;-58;54
3224;80:e0:1d:f6:a5:13;LU-Events;-57;54
3225;80:e0:1d:f6:a5:14;Free Tbaytel WiFi;-57;54
3226;80:e0:1d:f6:a5:1b;Free Tbaytel WiFi;-67;54
3227;80:e0:1d:f6:a5:1e;LakeheadU;-67;54
3228;80:e0:1d:f6:a5:1f;LU-Guest;-67;54
3229;80:e0:1d:f6:a5:1c;LU-Events;-67;54
3230;80:e0:1d:f6:a5:1d;eduroam;-66;54
3231;7e:a7:b0:c5:e9:67;DIRECT-cfLexmark Cheetah M-67e9;-84;54
3232;9c:53:22:40:4f:7b;TBAYTech;-92;54
3233;a6:53:22:40:4f:80;eduroam;-71;54
3234;a6:53:22:40:4f:7b;eduroam;-93;54
3235;9c:53:22:40:4f:81;TBAYTech;-92;54
3236;80:e0:1d:ee:3f:00;LU-Guest;-58;54
3237;80:e0:1d:ee:3f:04;Free Tbaytel WiFi;-56;54
3238;80:e0:1d:ee:3f:0e;LakeheadU;-67;54
3239;80:e0:1d:ee:3f:0f;LU-Guest;-67;54
3240;80:e0:1d:ee:3f:0b;Free Tbaytel WiFi;-66;54
3241;80:e0:1d:ee:3f:0c;LU-Events;-67;54
3242;80:e0:1d:ee:3f:0d;eduroam;-67;54
3243;a2:53:22:40:4f:e8;NOSMSecure;-61;54
3244;a2:53:22:40:4f:e9;NOSMSecure;-73;54
3245;ba:a3:32:e1:97:09;Xerox;-75;54
3246;aa:53:22:40:4f:80;NOSMConnect;-72;54
3247;a4:6c:2a:d4:be:3e;LakeheadU;-75;54
3248;a4:6c:2a:d4:be:3f;LU-Guest;-77;54
3249;a4:6c:2a:d4:be:3c;LU-Events;-75;54
3250;a4:6c:2a:d4:be:3d;eduroam;-75;54
3251;a4:6c:2a:d4:be:3b;Free Tbaytel WiFi;-75;54
3252;80:e0:1d:e6:79:db;Free Tbaytel WiFi;-82;54
3253;80:e0:1d:f6:a4:db;Free Tbaytel WiFi;-77;54
3254;80:e0:1d:f6:a4:dd;eduroam;-77;54
3255;80:e0:1d:f6:a4:dc;LU-Events;-78;54
3256;80:e0:1d:e6:79:df;LU-Guest;-83;54
3257;80:e0:1d:f6:a4:df;LU-Guest;-77;54
3258;80:e0:1d:e6:79:de;LakeheadU;-84;54
3259;80:e0:1d:f6:a4:de;LakeheadU;-77;54
3260;80:e0:1d:e6:79:dd;eduroam;-84;54
3261;80:e0:1d:e6:79:dc;LU-Events;-82;54
3262;a2:53:22:40:4f:80;NOSMSecure;-73;54
3263;a2:53:22:40:4f:7b;NOSMSecure;-92;54
3264;80:e0:1d:ac:8b:00;LU-Guest;-74;54
3265;80:e0:1d:f6:a4:d0;LU-Guest;-58;54
3266;80:e0:1d:f6:a4:d4;Free Tbaytel WiFi;-59;54
3267;6c:5a:b0:3d:73:bf;Quanser_UVS-5G;-93;54
3268;ce:d7:19:24:c6:d5;LINKSYS-750-guest;-72;54
3269;ae:53:22:40:4f:e8;NOSMConnect24;-60;54
3270;80:e0:1d:ac:8b:0e;LakeheadU;-84;54
3271;80:e0:1d:ac:8b:0d;eduroam;-84;54
3272;80:e0:1d:ac:8b:0c;LU-Events;-83;54
3273;6c:5a:b0:3d:73:c0;Quanser_UVS-5G;-83;54
3274;6c:5a:b0:3d:73:c1;Quanser_UVS;-62;54
3275;a4:6c:2a:d4:be:34;Free Tbaytel WiFi;-69;54
3276;a4:6c:2a:d4:be:32;eduroam;-71;54
3277;ac:7a:56:c8:62:0d;;-91;55
3278;ae:53:22:40:4f:80;NOSMConnect24;-70;55
3279;a4:6c:2a:d3:f2:81;LakeheadU;-74;55
3280;a4:6c:2a:d3:f2:80;LU-Guest;-78;55
3281;a4:6c:2a:d3:f2:82;eduroam;-77;55
3282;a4:6c:2a:d3:f2:84;Free Tbaytel WiFi;-77;55
3283;aa:53:22:40:4f:e9;NOSMConnect;-73;55
3284;aa:53:22:40:4f:e8;NOSMConnect;-60;55
3285;00:42:68:59:8b:ff;LU-Guest;-81;55
3286;a6:53:22:40:4f:e9;eduroam;-73;55
3287;a6:53:22:40:4f:e8;eduroam;-62;55
3288;00:42:68:59:8b:fc;LU-Events;-81;55
3289;00:42:68:59:8b:fb;Free Tbaytel WiFi;-81;55
3290;00:42:68:59:8b:fe;LakeheadU;-82;55
3291;00:42:68:59:8b:fd;eduroam;-82;55
3292;9c:53:22:40:4f:e9;TBAYTech;-73;55
3293;9c:53:22:40:4f:e8;TBAYTech;-64;55
3294;00:1f:33:bd:d5:34;Lab1012;-75;55
3295;aa:53:22:40:4f:7b;NOSMConnect;-92;55
3296;ca:5a:b0:3d:73:c3;;-62;55
3297;c8:d7:19:24:c6:d7;LINKSYS-750;-90;55
3298;c8:d7:19:24:c6:d5;LINKSYS-750;-72;55
3299;80:e0:1d:f6:a5:11;LakeheadU;-57;55
3300;80:e0:1d:f6:a5:12;eduroam;-58;55
3301;80:e0:1d:f6:a5:10;LU-Guest;-58;55
3302;80:e0:1d:f6:a5:13;LU-Events;-57;55
3303;80:e0:1d:f6:a5:14;Free Tbaytel WiFi;-57;55
3304;80:e0:1d:f6:a5:1b;Free Tbaytel WiFi;-67;55
3305;80:e0:1d:f6:a5:1e;LakeheadU;-67;55
3306;80:e0:1d:f6:a5:1f;LU-Guest;-67;55
3307;80:e0:1d:f6:a5:1c;LU-Events;-67;55
3308;80:e0:1d:f6:a5:1d;eduroam;-66;55
3309;7e:a7:b0:c5:e9:67;DIRECT-cfLexmark Cheetah M-67e9;-84;55
3310;9c:53:22:40:4f:7b;TBAYTech;-92;55
3311;a6:53:22:40:4f:80;eduroam;-71;55
3312;a6:53:22:40:4f:7b;eduroam;-93;55
3313;9c:53:22:40:4f:81;TBAYTech;-92;55
3314;80:e0:1d:ee:3f:00;LU-Guest;-58;55
3315;80:e0:1d:ee:3f:04;Free Tbaytel WiFi;-56;55
3316;80:e0:1d:ee:3f:0e;LakeheadU;-67;55
3317;80:e0:1d:ee:3f:0f;LU-Guest;-67;55
3318;80:e0:1d:ee:3f:0b;Free Tbaytel WiFi;-66;55
3319;80:e0:1d:ee:3f:0c;LU-Events;-67;55
3320;80:e0:1d:ee:3f:0d;eduroam;-67;55
3321;a2:53:22:40:4f:e8;NOSMSecure;-61;55
3322;a2:53:22:40:4f:e9;NOSMSecure;-73;55
3323;ba:a3:32:e1:97:09;Xerox;-75;55
3324;aa:53:22:40:4f:80;NOSMConnect;-72;55
3325;a4:6c:2a:d4:be:3e;LakeheadU;-75;55
3326;a4:6c:2a:d4:be:3f;LU-Guest;-77;55
3327;a4:6c:2a:d4:be:3c;LU-Events;-75;55
3328;a4:6c:2a:d4:be:3d;eduroam;-75;55
3329;a4:6c:2a:d4:be:3b;Free Tbaytel WiFi;-75;55
3330;80:e0:1d:e6:79:db;Free Tbaytel WiFi;-82;55
3331;80:e0:1d:f6:a4:db;Free Tbaytel WiFi;-77;55
3332;80:e0:1d:f6:a4:dd;eduroam;-77;55
3333;80:e0:1d:f6:a4:dc;LU-Events;-78;55
3334;80:e0:1d:e6:79:df;LU-Guest;-83;55
3335;80:e0:1d:f6:a4:df;LU-Guest;-77;55
3336;80:e0:1d:e6:79:de;LakeheadU;-84;55
3337;80:e0:1d:f6:a4:de;LakeheadU;-77;55
3338;80:e0:1d:e6:79:dd;eduroam;-84;55
3339;80:e0:1d:e6:79:dc;LU-Events;-82;55
3340;a2:53:22:40:4f:80;NOSMSecure;-73;55
3341;a2:53:22:40:4f:7b;NOSMSecure;-92;55
3342;80:e0:1d:ac:8b:00;LU-Guest;-74;55
3343;80:e0:1d:f6:a4:d0;LU-Guest;-58;55
3344;80:e0:1d:f6:a4:d4;Free Tbaytel WiFi;-59;55
3345;6c:5a:b0:3d:73:bf;Quanser_UVS-5G;-93;55
3346;ce:d7:19:24:c6:d5;LINKSYS-750-guest;-72;55
3347;ae:53:22:40:4f:e8;NOSMConnect24;-60;55
3348;80:e0:1d:ac:8b:0e;LakeheadU;-84;55
3349;80:e0:1d:ac:8b:0d;eduroam;-84;55
3350;80:e0:1d:ac:8b:0c;LU-Events;-83;55
3351;6c:5a:b0:3d:73:c0;Quanser_UVS-5G;-83;55
3352;6c:5a:b0:3d:73:c1;Quanser_UVS;-62;55
3353;a4:6c:2a:d4:be:34;Free Tbaytel WiFi;-69;55
3354;a4:6c:2a:d4:be:32;eduroam;-71;55
3355;a4:6c:2a:d3:f2:80;LU-Guest;-81;56
3356;aa:53:22:40:4f:e9;NOSMConnect;-82;56
3357;aa:53:22:40:4f:e8;NOSMConnect;-57;56
3358;00:42:68:59:8b:ff;LU-Guest;-87;56
3359;a6:53:22:40:4f:e9;eduroam;-82;56
3360;a6:53:22:40:4f:e8;eduroam;-59;56
3361;00:42:68:59:8b:fc;LU-Events;-87;56
3362;00:42:68:59:8b:fb;Free Tbaytel WiFi;-86;56
3363;00:42:68:59:8b:fe;LakeheadU;-86;56
3364;00:42:68:59:8b:fd;eduroam;-86;56
3365;9c:53:22:40:4f:e9;TBAYTech;-81;56
3366;9c:53:22:40:4f:e8;TBAYTech;-57;56
3367;ae:53:22:40:4f:7a;NOSMConnect24;-67;56
3368;aa:53:22:40:4f:7a;NOSMConnect;-68;56
3369;e8:de:27:f8:06:78;TP-LINK_F80678_Xiaoping;-76;56
3370;c0:c1:c0:8e:e8:c5;unavailable;-77;56
3371;c8:d7:19:24:c6:d7;LINKSYS-750;-85;56
3372;c8:d7:19:24:c6:d5;LINKSYS-750;-60;56
3373;80:e0:1d:f6:a5:11;LakeheadU;-51;56
3374;80:e0:1d:f6:a5:12;eduroam;-51;56
3375;80:e0:1d:f6:a5:10;LU-Guest;-51;56
3376;80:e0:1d:f6:a5:14;Free Tbaytel WiFi;-51;56
3377;a4:6c:2a:d4:bb:03;LU-Events;-71;56
3378;a4:6c:2a:d4:bb:04;Free Tbaytel WiFi;-70;56
3379;a4:6c:2a:d4:bb:00;LU-Guest;-70;56
3380;a4:6c:2a:d4:bb:01;LakeheadU;-70;56
3381;a4:6c:2a:d4:bb:02;eduroam;-71;56
3382;80:e0:1d:f6:a5:1b;Free Tbaytel WiFi;-54;56
3383;80:e0:1d:f6:a5:1e;LakeheadU;-54;56
3384;80:e0:1d:f6:a5:1f;LU-Guest;-54;56
3385;80:e0:1d:f6:a5:1c;LU-Events;-55;56
3386;80:e0:1d:f6:a5:1d;eduroam;-55;56
3387;9c:53:22:40:4f:7a;TBAYTech;-67;56
3388;a6:53:22:40:4f:81;eduroam;-92;56
3389;a6:53:22:40:4f:7a;eduroam;-68;56
3390;9c:53:22:40:4f:81;TBAYTech;-91;56
3391;80:e0:1d:ee:3f:00;LU-Guest;-59;56
3392;80:e0:1d:ee:3f:01;LakeheadU;-61;56
3393;80:e0:1d:ee:3f:02;eduroam;-59;56
3394;80:e0:1d:ee:3f:03;LU-Events;-61;56
3395;80:e0:1d:ee:3f:04;Free Tbaytel WiFi;-58;56
3396;a4:6c:2a:d4:bb:0c;LU-Events;-88;56
3397;a4:6c:2a:d4:bb:0f;LU-Guest;-87;56
3398;80:e0:1d:ee:3f:0e;LakeheadU;-72;56
3399;80:e0:1d:ee:3f:0f;LU-Guest;-70;56
3400;80:e0:1d:ee:3f:0b;Free Tbaytel WiFi;-73;56
3401;80:e0:1d:ee:3f:0c;LU-Events;-73;56
3402;80:e0:1d:ee:3f:0d;eduroam;-71;56
3403;a2:53:22:40:4f:e8;NOSMSecure;-63;56
3404;a2:53:22:40:4f:e9;NOSMSecure;-82;56
3405;ba:a3:32:e1:97:09;Xerox;-71;56
3406;aa:53:22:40:4f:81;NOSMConnect;-92;56
3407;a4:6c:2a:d4:be:3e;LakeheadU;-70;56
3408;a4:6c:2a:d4:be:3f;LU-Guest;-70;56
3409;a4:6c:2a:d4:be:3c;LU-Events;-71;56
3410;a4:6c:2a:d4:be:3d;eduroam;-70;56
3411;a4:6c:2a:d4:be:3b;Free Tbaytel WiFi;-70;56
3412;80:e0:1d:f6:a4:db;Free Tbaytel WiFi;-74;56
3413;80:e0:1d:f6:a4:dd;eduroam;-73;56
3414;80:e0:1d:f6:a4:dc;LU-Events;-74;56
3415;80:e0:1d:e6:79:df;LU-Guest;-87;56
3416;80:e0:1d:f6:a4:df;LU-Guest;-74;56
3417;80:e0:1d:f6:a4:de;LakeheadU;-74;56
3418;80:e0:1d:e6:79:dc;LU-Events;-88;56
3419;a2:53:22:40:4f:81;NOSMSecure;-92;56
3420;a2:53:22:40:4f:7a;NOSMSecure;-68;56
3421;80:e0:1d:f6:a4:d0;LU-Guest;-54;56
3422;80:e0:1d:f6:a4:d2;eduroam;-56;56
3423;80:e0:1d:f6:a4:d1;LakeheadU;-55;56
3424;80:e0:1d:f6:a4:d4;Free Tbaytel WiFi;-79;56
3425;ce:d7:19:24:c6:d5;LINKSYS-750-guest;-61;56
3426;ae:53:22:40:4f:e8;NOSMConnect24;-59;56
3427;80:e0:1d:ac:8b:0e;LakeheadU;-89;56
3428;80:e0:1d:ac:8b:0d;eduroam;-84;56
3429;82:f2:e0:d1:f9:74;portthru;-70;56
3430;80:e0:1d:ac:8b:0c;LU-Events;-90;56
3431;6c:5a:b0:3d:73:c0;Quanser_UVS-5G;-80;56
3432;a4:6c:2a:d4:be:33;LU-Events;-69;56
3433;a4:6c:2a:d4:be:34;Free Tbaytel WiFi;-68;56
3434;a4:6c:2a:d4:be:32;eduroam;-79;56
3435;a4:6c:2a:d3:f2:80;LU-Guest;-81;57
3436;aa:53:22:40:4f:e9;NOSMConnect;-82;57
3437;aa:53:22:40:4f:e8;NOSMConnect;-57;57
3438;00:42:68:59:8b:ff;LU-Guest;-87;57
3439;a6:53:22:40:4f:e9;eduroam;-82;57
3440;a6:53:22:40:4f:e8;eduroam;-59;57
3441;00:42:68:59:8b:fc;LU-Events;-87;57
3442;00:42:68:59:8b:fb;Free Tbaytel WiFi;-86;57
3443;00:42:68:59:8b:fe;LakeheadU;-86;57
3444;00:42:68:59:8b:fd;eduroam;-86;57
3445;9c:53:22:40:4f:e9;TBAYTech;-81;57
3446;9c:53:22:40:4f:e8;TBAYTech;-57;57
3447;ae:53:22:40:4f:7a;NOSMConnect24;-67;57
3448;aa:53:22:40:4f:7a;NOSMConnect;-68;57
3449;e8:de:27:f8:06:78;TP-LINK_F80678_Xiaoping;-76;57
3450;c0:c1:c0:8e:e8:c5;unavailable;-77;57
3451;c8:d7:19:24:c6:d7;LINKSYS-750;-85;57
3452;c8:d7:19:24:c6:d5;LINKSYS-750;-60;57
3453;80:e0:1d:f6:a5:11;LakeheadU;-51;57
3454;80:e0:1d:f6:a5:12;eduroam;-51;57
3455;80:e0:1d:f6:a5:10;LU-Guest;-51;57
3456;80:e0:1d:f6:a5:14;Free Tbaytel WiFi;-51;57
3457;a4:6c:2a:d4:bb:03;LU-Events;-71;57
3458;a4:6c:2a:d4:bb:04;Free Tbaytel WiFi;-70;57
3459;a4:6c:2a:d4:bb:00;LU-Guest;-70;57
3460;a4:6c:2a:d4:bb:01;LakeheadU;-70;57
3461;a4:6c:2a:d4:bb:02;eduroam;-71;57
3462;80:e0:1d:f6:a5:1b;Free Tbaytel WiFi;-54;57
3463;80:e0:1d:f6:a5:1e;LakeheadU;-54;57
3464;80:e0:1d:f6:a5:1f;LU-Guest;-54;57
3465;80:e0:1d:f6:a5:1c;LU-Events;-55;57
3466;80:e0:1d:f6:a5:1d;eduroam;-55;57
3467;9c:53:22:40:4f:7a;TBAYTech;-67;57
3468;a6:53:22:40:4f:81;eduroam;-92;57
3469;a6:53:22:40:4f:7a;eduroam;-68;57
3470;9c:53:22:40:4f:81;TBAYTech;-91;57
3471;80:e0:1d:ee:3f:00;LU-Guest;-59;57
3472;80:e0:1d:ee:3f:01;LakeheadU;-61;57
3473;80:e0:1d:ee:3f:02;eduroam;-59;57
3474;80:e0:1d:ee:3f:03;LU-Events;-61;57
3475;80:e0:1d:ee:3f:04;Free Tbaytel WiFi;-58;57
3476;a4:6c:2a:d4:bb:0c;LU-Events;-88;57
3477;a4:6c:2a:d4:bb:0f;LU-Guest;-87;57
3478;80:e0:1d:ee:3f:0e;LakeheadU;-72;57
3479;80:e0:1d:ee:3f:0f;LU-Guest;-70;57
3480;80:e0:1d:ee:3f:0b;Free Tbaytel WiFi;-73;57
3481;80:e0:1d:ee:3f:0c;LU-Events;-73;57
3482;80:e0:1d:ee:3f:0d;eduroam;-71;57
3483;a2:53:22:40:4f:e8;NOSMSecure;-63;57
3484;a2:53:22:40:4f:e9;NOSMSecure;-82;57
3485;ba:a3:32:e1:97:09;Xerox;-71;57
3486;aa:53:22:40:4f:81;NOSMConnect;-92;57
3487;a4:6c:2a:d4:be:3e;LakeheadU;-70;57
3488;a4:6c:2a:d4:be:3f;LU-Guest;-70;57
3489;a4:6c:2a:d4:be:3c;LU-Events;-71;57
3490;a4:6c:2a:d4:be:3d;eduroam;-70;57
3491;a4:6c:2a:d4:be:3b;Free Tbaytel WiFi;-70;57
3492;80:e0:1d:f6:a4:db;Free Tbaytel WiFi;-74;57
3493;80:e0:1d:f6:a4:dd;eduroam;-73;57
3494;80:e0:1d:f6:a4:dc;LU-Events;-74;57
3495;80:e0:1d:e6:79:df;LU-Guest;-87;57
3496;80:e0:1d:f6:a4:df;LU-Guest;-74;57
3497;80:e0:1d:f6:a4:de;LakeheadU;-74;57
3498;80:e0:1d:e6:79:dc;LU-Events;-88;57
3499;a2:53:22:40:4f:81;NOSMSecure;-92;57
3500;a2:53:22:40:4f:7a;NOSMSecure;-68;57
3501;80:e0:1d:f6:a4:d0;LU-Guest;-54;57
3502;80:e0:1d:f6:a4:d2;eduroam;-56;57
3503;80:e0:1d:f6:a4:d1;LakeheadU;-55;57
3504;80:e0:1d:f6:a4:d4;Free Tbaytel WiFi;-79;57
3505;ce:d7:19:24:c6:d5;LINKSYS-750-guest;-61;57
3506;ae:53:22:40:4f:e8;NOSMConnect24;-59;57
3507;80:e0:1d:ac:8b:0e;LakeheadU;-89;57
3508;82:f2:e0:d1:f9:74;portthru;-70;57
3509;80:e0:1d:ac:8b:0c;LU-Events;-90;57
3510;6c:5a:b0:3d:73:c0;Quanser_UVS-5G;-80;57
3511;a4:6c:2a:d4:be:33;LU-Events;-69;57
3512;a4:6c:2a:d4:be:34;Free Tbaytel WiFi;-68;57
3513;a4:6c:2a:d4:be:32;eduroam;-79;57
3514;80:e0:1d:f6:a5:10;LU-Guest;-51;58
3515;80:e0:1d:f6:a5:12;eduroam;-51;58
3516;80:e0:1d:f6:a5:11;LakeheadU;-51;58
3517;80:e0:1d:f6:a5:14;Free Tbaytel WiFi;-51;58
3518;80:e0:1d:f6:a5:1f;LU-Guest;-54;58
3519;80:e0:1d:f6:a5:1b;Free Tbaytel WiFi;-54;58
3520;80:e0:1d:f6:a5:1e;LakeheadU;-54;58
3521;80:e0:1d:f6:a4:d0;LU-Guest;-54;58
3522;80:e0:1d:f6:a5:1c;LU-Events;-55;58
3523;80:e0:1d:f6:a5:1d;eduroam;-55;58
3524;80:e0:1d:f6:a4:d1;LakeheadU;-55;58
3525;80:e0:1d:f6:a4:d2;eduroam;-56;58
3526;9c:53:22:40:4f:e8;TBAYTech;-57;58
3527;aa:53:22:40:4f:e8;NOSMConnect;-57;58
3528;80:e0:1d:ee:3f:04;Free Tbaytel WiFi;-58;58
3529;80:e0:1d:ee:3f:00;LU-Guest;-59;58
3530;a6:53:22:40:4f:e8;eduroam;-59;58
3531;ae:53:22:40:4f:e8;NOSMConnect24;-59;58
3532;80:e0:1d:ee:3f:02;eduroam;-59;58
3533;c8:d7:19:24:c6:d5;LINKSYS-750;-60;58
3534;ce:d7:19:24:c6:d5;LINKSYS-750-guest;-61;58
3535;80:e0:1d:ee:3f:01;LakeheadU;-61;58
3536;80:e0:1d:ee:3f:03;LU-Events;-61;58
3537;a2:53:22:40:4f:e8;NOSMSecure;-63;58
3538;9c:53:22:40:4f:7a;TBAYTech;-67;58
3539;ae:53:22:40:4f:7a;NOSMConnect24;-67;58
3540;a4:6c:2a:d4:be:34;Free Tbaytel WiFi;-68;58
3541;a2:53:22:40:4f:7a;NOSMSecure;-68;58
3542;a6:53:22:40:4f:7a;eduroam;-68;58
3543;aa:53:22:40:4f:7a;NOSMConnect;-68;58
3544;a4:6c:2a:d4:be:33;LU-Events;-69;58
3545;80:e0:1d:ee:3f:0f;LU-Guest;-70;58
3546;a4:6c:2a:d4:be:3d;eduroam;-70;58
3547;a4:6c:2a:d4:be:3e;LakeheadU;-70;58
3548;a4:6c:2a:d4:be:3b;Free Tbaytel WiFi;-70;58
3549;a4:6c:2a:d4:be:3f;LU-Guest;-70;58
3550;a4:6c:2a:d4:bb:00;LU-Guest;-70;58
3551;a4:6c:2a:d4:bb:04;Free Tbaytel WiFi;-70;58
3552;a4:6c:2a:d4:bb:01;LakeheadU;-70;58
3553;82:f2:e0:d1:f9:74;portthru;-70;58
3554;ba:a3:32:e1:97:09;Xerox;-71;58
3555;80:e0:1d:ee:3f:0d;eduroam;-71;58
3556;a4:6c:2a:d4:be:3c;LU-Events;-71;58
3557;a4:6c:2a:d4:bb:02;eduroam;-71;58
3558;a4:6c:2a:d4:bb:03;LU-Events;-71;58
3559;80:e0:1d:ee:3f:0e;LakeheadU;-72;58
3560;80:e0:1d:f6:a4:dd;eduroam;-73;58
3561;80:e0:1d:ee:3f:0b;Free Tbaytel WiFi;-73;58
3562;80:e0:1d:ee:3f:0c;LU-Events;-73;58
3563;80:e0:1d:f6:a4:de;LakeheadU;-74;58
3564;80:e0:1d:f6:a4:dc;LU-Events;-74;58
3565;80:e0:1d:f6:a4:df;LU-Guest;-74;58
3566;80:e0:1d:f6:a4:db;Free Tbaytel WiFi;-74;58
3567;e8:de:27:f8:06:78;TP-LINK_F80678_Xiaoping;-76;58
3568;c0:c1:c0:8e:e8:c5;unavailable;-77;58
3569;80:e0:1d:f6:a4:d4;Free Tbaytel WiFi;-79;58
3570;a4:6c:2a:d4:be:32;eduroam;-79;58
3571;6c:5a:b0:3d:73:c0;Quanser_UVS-5G;-80;58
3572;a4:6c:2a:d3:f2:80;LU-Guest;-81;58
3573;9c:53:22:40:4f:e9;TBAYTech;-81;58
3574;aa:53:22:40:4f:e9;NOSMConnect;-82;58
3575;a6:53:22:40:4f:e9;eduroam;-82;58
3576;a2:53:22:40:4f:e9;NOSMSecure;-82;58
3577;c8:d7:19:24:c6:d7;LINKSYS-750;-85;58
3578;00:42:68:59:8b:fb;Free Tbaytel WiFi;-86;58
3579;00:42:68:59:8b:fe;LakeheadU;-86;58
3580;00:42:68:59:8b:fd;eduroam;-86;58
3581;00:42:68:59:8b:ff;LU-Guest;-87;58
3582;00:42:68:59:8b:fc;LU-Events;-87;58
3583;80:e0:1d:e6:79:df;LU-Guest;-87;58
3584;a4:6c:2a:d4:bb:0f;LU-Guest;-87;58
3585;80:e0:1d:e6:79:dc;LU-Events;-88;58
3586;a4:6c:2a:d4:bb:0c;LU-Events;-88;58
3587;80:e0:1d:ac:8b:0e;LakeheadU;-89;58
3588;80:e0:1d:ac:8b:0c;LU-Events;-90;58
3589;9c:53:22:40:4f:81;TBAYTech;-91;58
3590;aa:53:22:40:4f:81;NOSMConnect;-92;58
3591;a6:53:22:40:4f:81;eduroam;-92;58
3592;a2:53:22:40:4f:81;NOSMSecure;-92;58
3593;ac:7a:56:c8:62:0a;;-89;59
3594;ac:7a:56:c8:62:0d;;-90;59
3595;ac:7a:56:c8:62:0e;LU-Events;-89;59
3596;ac:7a:56:c8:62:0c;LU-Guest;-90;59
3597;a4:6c:2a:d3:f2:83;LU-Events;-89;59
3598;ac:7a:56:c8:62:08;Free Tbaytel WiFi;-90;59
3599;aa:53:22:40:4f:e9;NOSMConnect;-88;59
3600;ac:7a:56:c8:62:07;eduroam;-90;59
3601;aa:53:22:40:4f:e8;NOSMConnect;-66;59
3602;00:42:68:59:8b:ff;LU-Guest;-79;59
3603;a6:53:22:40:4f:e9;eduroam;-88;59
3604;a6:53:22:40:4f:e8;eduroam;-66;59
3605;00:42:68:59:8b:fc;LU-Events;-78;59
3606;00:42:68:59:8b:fb;Free Tbaytel WiFi;-78;59
3607;00:42:68:59:8b:fe;LakeheadU;-78;59
3608;00:42:68:59:8b:fd;eduroam;-79;59
3609;9c:53:22:40:4f:e9;TBAYTech;-87;59
3610;9c:53:22:40:4f:e8;TBAYTech;-66;59
3611;c0:c1:c0:8e:e8:c5;unavailable;-77;59
3612;c8:d7:19:24:c6:d7;LINKSYS-750;-87;59
3613;c8:d7:19:24:c6:d5;LINKSYS-750;-67;59
3614;80:e0:1d:f6:a5:11;LakeheadU;-48;59
3615;80:e0:1d:f6:a5:12;eduroam;-48;59
3616;80:e0:1d:f6:a5:10;LU-Guest;-48;59
3617;80:e0:1d:f6:a5:13;LU-Events;-50;59
3618;80:e0:1d:f6:a5:14;Free Tbaytel WiFi;-49;59
3619;a4:6c:2a:d4:bb:03;LU-Events;-67;59
3620;a4:6c:2a:d4:bb:04;Free Tbaytel WiFi;-68;59
3621;a4:6c:2a:d4:bb:01;LakeheadU;-67;59
3622;a4:6c:2a:d4:bb:02;eduroam;-68;59
3623;80:e0:1d:f6:a5:1b;Free Tbaytel WiFi;-69;59
3624;80:e0:1d:f6:a5:1e;LakeheadU;-72;59
3625;80:e0:1d:f6:a5:1f;LU-Guest;-72;59
3626;80:e0:1d:f6:a5:1c;LU-Events;-72;59
3627;80:e0:1d:f6:a5:1d;eduroam;-72;59
3628;9c:53:22:40:4f:7a;TBAYTech;-87;59
3629;a6:53:22:40:4f:81;eduroam;-90;59
3630;9c:53:22:40:4f:81;TBAYTech;-92;59
3631;80:e0:1d:ee:3f:00;LU-Guest;-61;59
3632;80:e0:1d:ee:3f:01;LakeheadU;-62;59
3633;80:e0:1d:ee:3f:02;eduroam;-61;59
3634;80:e0:1d:ee:3f:03;LU-Events;-62;59
3635;80:e0:1d:ee:3f:04;Free Tbaytel WiFi;-62;59
3636;a4:6c:2a:d4:bb:0c;LU-Events;-91;59
3637;a4:6c:2a:d4:bb:0f;LU-Guest;-93;59
3638;80:e0:1d:ee:3f:0e;LakeheadU;-76;59
3639;80:e0:1d:ee:3f:0f;LU-Guest;-76;59
3640;80:e0:1d:ee:3f:0b;Free Tbaytel WiFi;-76;59
3641;80:e0:1d:ee:3f:0c;LU-Events;-75;59
3642;80:e0:1d:ee:3f:0d;eduroam;-75;59
3643;a2:53:22:40:4f:e8;NOSMSecure;-68;59
3644;a2:53:22:40:4f:e9;NOSMSecure;-88;59
3645;ba:a3:32:e1:97:09;Xerox;-63;59
3646;aa:53:22:40:4f:81;NOSMConnect;-90;59
3647;80:e0:1d:ee:3f:63;Free Tbaytel WiFi;-83;59
3648;a4:6c:2a:d4:be:3e;LakeheadU;-75;59
3649;a4:6c:2a:d4:be:3f;LU-Guest;-75;59
3650;a4:6c:2a:d4:be:3c;LU-Events;-75;59
3651;a4:6c:2a:d4:be:3d;eduroam;-75;59
3652;a4:6c:2a:d4:be:3b;Free Tbaytel WiFi;-74;59
3653;80:e0:1d:f6:a4:db;Free Tbaytel WiFi;-62;59
3654;80:e0:1d:f6:a4:dd;eduroam;-62;59
3655;80:e0:1d:f6:a4:dc;LU-Events;-62;59
3656;80:e0:1d:f6:a4:df;LU-Guest;-62;59
3657;80:e0:1d:f6:a4:de;LakeheadU;-62;59
3658;a2:53:22:40:4f:81;NOSMSecure;-90;59
3659;d8:b1:90:e1:2d:a1;LakeheadU;-79;59
3660;80:e0:1d:ac:8b:04;Free Tbaytel WiFi;-82;59
3661;80:e0:1d:ac:8b:03;LU-Events;-83;59
3662;80:e0:1d:ac:8b:02;eduroam;-81;59
3663;80:e0:1d:f6:a4:d0;LU-Guest;-50;59
3664;80:e0:1d:ee:3f:6f;LakeheadU;-88;59
3665;80:e0:1d:f6:a4:d4;Free Tbaytel WiFi;-50;59
3666;ce:d7:19:24:c6:d5;LINKSYS-750-guest;-70;59
3667;ae:53:22:40:4f:e8;NOSMConnect24;-66;59
3668;82:f2:e0:d1:f9:74;portthru;-67;59
3669;a4:6c:2a:d4:be:30;LU-Guest;-64;59
3670;a4:6c:2a:d4:be:34;Free Tbaytel WiFi;-64;59
3671;ac:7a:56:c8:62:0a;;-89;60
3672;ac:7a:56:c8:62:0d;;-90;60
3673;ac:7a:56:c8:62:0e;LU-Events;-89;60
3674;ac:7a:56:c8:62:0c;LU-Guest;-90;60
3675;a4:6c:2a:d3:f2:83;LU-Events;-89;60
3676;ac:7a:56:c8:62:08;Free Tbaytel WiFi;-90;60
3677;aa:53:22:40:4f:e9;NOSMConnect;-88;60
3678;ac:7a:56:c8:62:07;eduroam;-90;60
3679;aa:53:22:40:4f:e8;NOSMConnect;-66;60
3680;00:42:68:59:8b:ff;LU-Guest;-79;60
3681;a6:53:22:40:4f:e9;eduroam;-88;60
3682;a6:53:22:40:4f:e8;eduroam;-66;60
3683;00:42:68:59:8b:fc;LU-Events;-78;60
3684;00:42:68:59:8b:fb;Free Tbaytel WiFi;-78;60
3685;00:42:68:59:8b:fe;LakeheadU;-78;60
3686;00:42:68:59:8b:fd;eduroam;-79;60
3687;9c:53:22:40:4f:e9;TBAYTech;-87;60
3688;9c:53:22:40:4f:e8;TBAYTech;-66;60
3689;c0:c1:c0:8e:e8:c5;unavailable;-77;60
3690;c8:d7:19:24:c6:d7;LINKSYS-750;-87;60
3691;c8:d7:19:24:c6:d5;LINKSYS-750;-67;60
3692;80:e0:1d:f6:a5:11;LakeheadU;-48;60
3693;80:e0:1d:f6:a5:12;eduroam;-48;60
3694;80:e0:1d:f6:a5:10;LU-Guest;-48;60
3695;80:e0:1d:f6:a5:13;LU-Events;-50;60
3696;80:e0:1d:f6:a5:14;Free Tbaytel WiFi;-49;60
3697;a4:6c:2a:d4:bb:03;LU-Events;-67;60
3698;a4:6c:2a:d4:bb:04;Free Tbaytel WiFi;-68;60
3699;a4:6c:2a:d4:bb:01;LakeheadU;-67;60
3700;a4:6c:2a:d4:bb:02;eduroam;-68;60
3701;80:e0:1d:f6:a5:1b;Free Tbaytel WiFi;-69;60
3702;80:e0:1d:f6:a5:1e;LakeheadU;-72;60
3703;80:e0:1d:f6:a5:1f;LU-Guest;-72;60
3704;80:e0:1d:f6:a5:1c;LU-Events;-72;60
3705;80:e0:1d:f6:a5:1d;eduroam;-72;60
3706;9c:53:22:40:4f:7a;TBAYTech;-87;60
3707;a6:53:22:40:4f:81;eduroam;-90;60
3708;9c:53:22:40:4f:81;TBAYTech;-92;60
3709;80:e0:1d:ee:3f:00;LU-Guest;-61;60
3710;80:e0:1d:ee:3f:01;LakeheadU;-62;60
3711;80:e0:1d:ee:3f:02;eduroam;-61;60
3712;80:e0:1d:ee:3f:03;LU-Events;-62;60
3713;80:e0:1d:ee:3f:04;Free Tbaytel WiFi;-62;60
3714;a4:6c:2a:d4:bb:0c;LU-Events;-91;60
3715;a4:6c:2a:d4:bb:0f;LU-Guest;-93;60
3716;80:e0:1d:ee:3f:0e;LakeheadU;-76;60
3717;80:e0:1d:ee:3f:0f;LU-Guest;-76;60
3718;80:e0:1d:ee:3f:0b;Free Tbaytel WiFi;-76;60
3719;80:e0:1d:ee:3f:0c;LU-Events;-75;60
3720;80:e0:1d:ee:3f:0d;eduroam;-75;60
3721;a2:53:22:40:4f:e8;NOSMSecure;-68;60
3722;a2:53:22:40:4f:e9;NOSMSecure;-88;60
3723;ba:a3:32:e1:97:09;Xerox;-63;60
3724;aa:53:22:40:4f:81;NOSMConnect;-90;60
3725;80:e0:1d:ee:3f:63;Free Tbaytel WiFi;-83;60
3726;a4:6c:2a:d4:be:3e;LakeheadU;-75;60
3727;a4:6c:2a:d4:be:3f;LU-Guest;-75;60
3728;a4:6c:2a:d4:be:3c;LU-Events;-75;60
3729;a4:6c:2a:d4:be:3d;eduroam;-75;60
3730;a4:6c:2a:d4:be:3b;Free Tbaytel WiFi;-74;60
3731;80:e0:1d:f6:a4:db;Free Tbaytel WiFi;-62;60
3732;80:e0:1d:f6:a4:dd;eduroam;-62;60
3733;80:e0:1d:f6:a4:dc;LU-Events;-62;60
3734;80:e0:1d:f6:a4:df;LU-Guest;-62;60
3735;80:e0:1d:f6:a4:de;LakeheadU;-62;60
3736;a2:53:22:40:4f:81;NOSMSecure;-90;60
3737;d8:b1:90:e1:2d:a1;LakeheadU;-79;60
3738;80:e0:1d:ac:8b:04;Free Tbaytel WiFi;-82;60
3739;80:e0:1d:ac:8b:03;LU-Events;-83;60
3740;80:e0:1d:ac:8b:02;eduroam;-81;60
3741;80:e0:1d:f6:a4:d0;LU-Guest;-50;60
3742;80:e0:1d:ee:3f:6f;LakeheadU;-88;60
3743;80:e0:1d:f6:a4:d4;Free Tbaytel WiFi;-50;60
3744;ce:d7:19:24:c6:d5;LINKSYS-750-guest;-70;60
3745;ae:53:22:40:4f:e8;NOSMConnect24;-66;60
3746;82:f2:e0:d1:f9:74;portthru;-67;60
3747;a4:6c:2a:d4:be:30;LU-Guest;-64;60
3748;a4:6c:2a:d4:be:34;Free Tbaytel WiFi;-64;60
3749;80:e0:1d:f6:a5:1b;Free Tbaytel WiFi;-76;61
3750;a4:6c:2a:d4:bb:0c;LU-Events;-91;61
3751;a4:6c:2a:d4:bb:0e;LakeheadU;-91;61
3752;a4:6c:2a:d4:bb:0f;LU-Guest;-93;61
3753;a4:6c:2a:d4:bb:0b;Free Tbaytel WiFi;-92;61
3754;ac:7a:56:c8:62:0f;LakeheadU;-88;62
3755;ac:7a:56:c8:62:0a;;-88;62
3756;ac:7a:56:c8:62:0d;;-88;62
3757;ac:7a:56:c8:62:0e;LU-Events;-89;62
3758;ac:7a:56:c8:62:0b;;-88;62
3759;ac:7a:56:c8:62:0c;LU-Guest;-88;62
3760;ae:53:22:40:4f:80;NOSMConnect24;-59;62
3761;ac:7a:56:c8:62:03;LU-Guest;-81;62
3762;ac:7a:56:c8:62:08;Free Tbaytel WiFi;-88;62
3763;ac:7a:56:c8:62:07;eduroam;-88;62
3764;00:42:68:59:8b:ff;LU-Guest;-77;62
3765;00:42:68:59:8b:fc;LU-Events;-77;62
3766;00:42:68:59:8b:fb;Free Tbaytel WiFi;-77;62
3767;00:42:68:59:8b:fe;LakeheadU;-78;62
3768;00:42:68:59:8b:fd;eduroam;-77;62
3769;e8:de:27:f8:06:78;TP-LINK_F80678_Xiaoping;-61;62
3770;c0:c1:c0:8e:e8:c5;unavailable;-68;62
3771;c8:d7:19:24:c6:d7;LINKSYS-750;-74;62
3772;c8:d7:19:24:c6:d5;LINKSYS-750;-48;62
3773;80:e0:1d:f6:a5:10;LU-Guest;-67;62
3774;80:e0:1d:f6:a5:13;LU-Events;-69;62
3775;06:56:78:d0:60:49;EBF06ED2;-86;62
3776;a4:6c:2a:d4:bb:03;LU-Events;-79;62
3777;a4:6c:2a:d4:bb:04;Free Tbaytel WiFi;-80;62
3778;a4:6c:2a:d4:bb:00;LU-Guest;-81;62
3779;a4:6c:2a:d4:bb:01;LakeheadU;-77;62
3780;a4:6c:2a:d4:bb:02;eduroam;-78;62
3781;80:e0:1d:f6:a5:1b;Free Tbaytel WiFi;-84;62
3782;80:e0:1d:f6:a5:1e;LakeheadU;-83;62
3783;80:e0:1d:f6:a5:1f;LU-Guest;-84;62
3784;80:e0:1d:f6:a5:1c;LU-Events;-84;62
3785;80:e0:1d:f6:a5:1d;eduroam;-84;62
3786;a6:53:22:40:4f:80;eduroam;-55;62
3787;a6:53:22:40:4f:81;eduroam;-84;62
3788;9c:53:22:40:4f:81;TBAYTech;-83;62
3789;9c:53:22:40:4f:80;TBAYTech;-54;62
3790;80:e0:1d:ee:3f:00;LU-Guest;-69;62
3791;80:e0:1d:ee:3f:01;LakeheadU;-69;62
3792;80:e0:1d:ee:3f:02;eduroam;-69;62
3793;80:e0:1d:ee:3f:03;LU-Events;-68;62
3794;80:e0:1d:ee:3f:04;Free Tbaytel WiFi;-68;62
3795;06:31:47:b2:5e:66;EBF1E5E6;-81;62
3796;80:e0:1d:ee:3f:0e;LakeheadU;-77;62
3797;80:e0:1d:ee:3f:0f;LU-Guest;-77;62
3798;80:e0:1d:ee:3f:0b;Free Tbaytel WiFi;-77;62
3799;80:e0:1d:ee:3f:0d;eduroam;-77;62
3800;ba:a3:32:e1:97:09;Xerox;-54;62
3801;aa:53:22:40:4f:81;NOSMConnect;-84;62
3802;80:e0:1d:ee:3f:61;LU-Guest;-80;62
3803;a4:6c:2a:d4:be:3e;LakeheadU;-66;62
3804;a4:6c:2a:d4:be:3f;LU-Guest;-66;62
3805;a4:6c:2a:d4:be:3c;LU-Events;-66;62
3806;a4:6c:2a:d4:be:3d;eduroam;-66;62
3807;a4:6c:2a:d4:be:3b;Free Tbaytel WiFi;-66;62
3808;00:42:68:59:8b:f1;LakeheadU;-74;62
3809;00:42:68:59:8b:f0;LU-Guest;-73;62
3810;00:42:68:59:8b:f3;LU-Events;-74;62
3811;80:e0:1d:f6:a4:db;Free Tbaytel WiFi;-58;62
3812;00:42:68:59:8b:f2;eduroam;-74;62
3813;80:e0:1d:f6:a4:dd;eduroam;-57;62
3814;80:e0:1d:f6:a4:dc;LU-Events;-57;62
3815;80:e0:1d:f6:a4:df;LU-Guest;-57;62
3816;80:e0:1d:f6:a4:de;LakeheadU;-57;62
3817;a2:53:22:40:4f:81;NOSMSecure;-83;62
3818;a2:53:22:40:4f:80;NOSMSecure;-54;62
3819;80:e0:1d:ee:3f:6d;LU-Events;-86;62
3820;80:e0:1d:ee:3f:6e;LU-Guest;-84;62
3821;80:e0:1d:f6:a4:d0;LU-Guest;-40;62
3822;80:e0:1d:f6:a4:d2;eduroam;-38;62
3823;80:e0:1d:f6:a4:d4;Free Tbaytel WiFi;-38;62
3824;80:e0:1d:ee:3f:6b;eduroam;-85;62
3825;80:e0:1d:f6:a4:d3;LU-Events;-41;62
3826;ce:d7:19:24:c6:d5;LINKSYS-750-guest;-47;62
3827;82:f2:e0:d1:f9:74;portthru;-70;62
3828;a4:6c:2a:e0:1f:b3;LU-Events;-80;62
3829;a4:6c:2a:e0:1f:b1;LakeheadU;-79;62
3830;a4:6c:2a:e0:1f:b2;eduroam;-80;62
3831;a4:6c:2a:d4:be:30;LU-Guest;-57;62
3832;a4:6c:2a:e0:1f:bd;eduroam;-93;62
3833;a4:6c:2a:d4:be:34;Free Tbaytel WiFi;-59;62
3834;a4:6c:2a:d4:be:32;eduroam;-59;62
3835;ac:7a:56:c8:62:0f;LakeheadU;-88;63
3836;ac:7a:56:c8:62:0a;;-88;63
3837;ac:7a:56:c8:62:0d;;-88;63
3838;ac:7a:56:c8:62:0e;LU-Events;-89;63
3839;ac:7a:56:c8:62:0b;;-88;63
3840;ac:7a:56:c8:62:0c;LU-Guest;-88;63
3841;ae:53:22:40:4f:80;NOSMConnect24;-59;63
3842;ac:7a:56:c8:62:03;LU-Guest;-81;63
3843;ac:7a:56:c8:62:08;Free Tbaytel WiFi;-88;63
3844;ac:7a:56:c8:62:07;eduroam;-88;63
3845;00:42:68:59:8b:ff;LU-Guest;-77;63
3846;00:42:68:59:8b:fc;LU-Events;-77;63
3847;00:42:68:59:8b:fb;Free Tbaytel WiFi;-77;63
3848;00:42:68:59:8b:fe;LakeheadU;-78;63
3849;00:42:68:59:8b:fd;eduroam;-77;63
3850;e8:de:27:f8:06:78;TP-LINK_F80678_Xiaoping;-61;63
3851;c0:c1:c0:8e:e8:c5;unavailable;-68;63
3852;c8:d7:19:24:c6:d7;LINKSYS-750;-74;63
3853;c8:d7:19:24:c6:d5;LINKSYS-750;-48;63
3854;80:e0:1d:f6:a5:10;LU-Guest;-67;63
3855;80:e0:1d:f6:a5:13;LU-Events;-69;63
3856;06:56:78:d0:60:49;EBF06ED2;-86;63
3857;a4:6c:2a:d4:bb:03;LU-Events;-79;63
3858;a4:6c:2a:d4:bb:04;Free Tbaytel WiFi;-80;63
3859;a4:6c:2a:d4:bb:00;LU-Guest;-81;63
3860;a4:6c:2a:d4:bb:01;LakeheadU;-77;63
3861;a4:6c:2a:d4:bb:02;eduroam;-78;63
3862;80:e0:1d:f6:a5:1b;Free Tbaytel WiFi;-84;63
3863;80:e0:1d:f6:a5:1e;LakeheadU;-83;63
3864;80:e0:1d:f6:a5:1f;LU-Guest;-84;63
3865;80:e0:1d:f6:a5:1c;LU-Events;-84;63
3866;80:e0:1d:f6:a5:1d;eduroam;-84;63
3867;a6:53:22:40:4f:80;eduroam;-55;63
3868;a6:53:22:40:4f:81;eduroam;-84;63
3869;9c:53:22:40:4f:81;TBAYTech;-83;63
3870;9c:53:22:40:4f:80;TBAYTech;-54;63
3871;80:e0:1d:ee:3f:00;LU-Guest;-69;63
3872;80:e0:1d:ee:3f:01;LakeheadU;-69;63
3873;80:e0:1d:ee:3f:02;eduroam;-69;63
3874;80:e0:1d:ee:3f:03;LU-Events;-68;63
3875;80:e0:1d:ee:3f:04;Free Tbaytel WiFi;-68;63
3876;06:31:47:b2:5e:66;EBF1E5E6;-81;63
3877;80:e0:1d:ee:3f:0e;LakeheadU;-77;63
3878;80:e0:1d:ee:3f:0f;LU-Guest;-77;63
3879;80:e0:1d:ee:3f:0b;Free Tbaytel WiFi;-77;63
3880;80:e0:1d:ee:3f:0d;eduroam;-77;63
3881;ba:a3:32:e1:97:09;Xerox;-54;63
3882;aa:53:22:40:4f:81;NOSMConnect;-84;63
3883;80:e0:1d:ee:3f:61;LU-Guest;-80;63
3884;a4:6c:2a:d4:be:3e;LakeheadU;-66;63
3885;a4:6c:2a:d4:be:3f;LU-Guest;-66;63
3886;a4:6c:2a:d4:be:3c;LU-Events;-66;63
3887;a4:6c:2a:d4:be:3d;eduroam;-66;63
3888;a4:6c:2a:d4:be:3b;Free Tbaytel WiFi;-66;63
3889;00:42:68:59:8b:f1;LakeheadU;-74;63
3890;00:42:68:59:8b:f0;LU-Guest;-73;63
3891;00:42:68:59:8b:f3;LU-Events;-74;63
3892;80:e0:1d:f6:a4:db;Free Tbaytel WiFi;-58;63
3893;00:42:68:59:8b:f2;eduroam;-74;63
3894;80:e0:1d:f6:a4:dd;eduroam;-57;63
3895;80:e0:1d:f6:a4:dc;LU-Events;-57;63
3896;80:e0:1d:f6:a4:df;LU-Guest;-57;63
3897;80:e0:1d:f6:a4:de;LakeheadU;-57;63
3898;a2:53:22:40:4f:81;NOSMSecure;-83;63
3899;a2:53:22:40:4f:80;NOSMSecure;-54;63
3900;80:e0:1d:ee:3f:6d;LU-Events;-86;63
3901;80:e0:1d:ee:3f:6e;LU-Guest;-84;63
3902;80:e0:1d:f6:a4:d0;LU-Guest;-40;63
3903;80:e0:1d:f6:a4:d2;eduroam;-38;63
3904;80:e0:1d:f6:a4:d4;Free Tbaytel WiFi;-38;63
3905;80:e0:1d:ee:3f:6b;eduroam;-85;63
3906;80:e0:1d:f6:a4:d3;LU-Events;-41;63
3907;ce:d7:19:24:c6:d5;LINKSYS-750-guest;-47;63
3908;82:f2:e0:d1:f9:74;portthru;-70;63
3909;a4:6c:2a:e0:1f:b3;LU-Events;-80;63
3910;a4:6c:2a:e0:1f:b1;LakeheadU;-79;63
3911;a4:6c:2a:e0:1f:b2;eduroam;-80;63
3912;a4:6c:2a:d4:be:30;LU-Guest;-57;63
3913;a4:6c:2a:e0:1f:bd;eduroam;-93;63
3914;a4:6c:2a:d4:be:34;Free Tbaytel WiFi;-59;63
3915;a4:6c:2a:d4:be:32;eduroam;-59;63
3916;ae:53:22:40:4f:80;NOSMConnect24;-53;64
3917;ac:7a:56:c8:62:07;Free Tbaytel WiFi;-85;64
3918;aa:53:22:40:4f:e8;NOSMConnect;-78;64
3919;00:42:68:59:8b:ff;LU-Guest;-78;64
3920;00:42:68:59:8b:fc;LU-Events;-79;64
3921;00:42:68:59:8b:fb;Free Tbaytel WiFi;-78;64
3922;00:42:68:59:8b:fe;LakeheadU;-79;64
3923;00:42:68:59:8b:fd;eduroam;-78;64
3924;e8:de:27:f8:06:78;TP-LINK_F80678_Xiaoping;-61;64
3925;c0:c1:c0:8e:e8:c5;unavailable;-56;64
3926;c8:d7:19:24:c6:d7;LINKSYS-750;-74;64
3927;c8:d7:19:24:c6:d5;LINKSYS-750;-48;64
3928;80:e0:1d:f6:a5:11;LakeheadU;-70;64
3929;80:e0:1d:f6:a5:12;eduroam;-71;64
3930;80:e0:1d:f6:a5:10;LU-Guest;-70;64
3931;80:e0:1d:f6:a5:13;LU-Events;-70;64
3932;80:e0:1d:f6:a5:14;Free Tbaytel WiFi;-69;64
3933;a4:6c:2a:d4:bb:03;LU-Events;-84;64
3934;a4:6c:2a:d4:bb:04;Free Tbaytel WiFi;-83;64
3935;a4:6c:2a:d4:bb:00;LU-Guest;-84;64
3936;a4:6c:2a:d4:bb:02;eduroam;-84;64
3937;80:e0:1d:f6:a5:1b;Free Tbaytel WiFi;-83;64
3938;80:e0:1d:f6:a5:1e;LakeheadU;-82;64
3939;80:e0:1d:f6:a5:1f;LU-Guest;-82;64
3940;80:e0:1d:f6:a5:1c;LU-Events;-82;64
3941;80:e0:1d:f6:a5:1d;eduroam;-83;64
3942;a6:53:22:40:4f:80;eduroam;-52;64
3943;a6:53:22:40:4f:81;eduroam;-77;64
3944;9c:53:22:40:4f:81;TBAYTech;-77;64
3945;9c:53:22:40:4f:80;TBAYTech;-54;64
3946;80:e0:1d:ee:3f:00;LU-Guest;-63;64
3947;80:e0:1d:ee:3f:01;LakeheadU;-63;64
3948;80:e0:1d:ee:3f:02;eduroam;-63;64
3949;80:e0:1d:ee:3f:03;LU-Events;-64;64
3950;80:e0:1d:ee:3f:04;Free Tbaytel WiFi;-63;64
3951;80:e0:1d:ee:3f:0e;LakeheadU;-78;64
3952;80:e0:1d:ee:3f:0c;LU-Events;-78;64
3953;ba:a3:32:e1:97:09;Xerox;-58;64
3954;aa:53:22:40:4f:80;NOSMConnect;-53;64
3955;aa:53:22:40:4f:81;NOSMConnect;-77;64
3956;a4:6c:2a:d4:be:3e;LakeheadU;-71;64
3957;a4:6c:2a:d4:be:3f;LU-Guest;-71;64
3958;a4:6c:2a:d4:be:3c;LU-Events;-71;64
3959;a4:6c:2a:d4:be:3d;eduroam;-71;64
3960;a4:6c:2a:d4:be:3b;Free Tbaytel WiFi;-71;64
3961;80:e0:1d:f6:a4:db;Free Tbaytel WiFi;-68;64
3962;80:e0:1d:f6:a4:dd;eduroam;-71;64
3963;80:e0:1d:f6:a4:dc;LU-Events;-72;64
3964;80:e0:1d:f6:a4:df;LU-Guest;-72;64
3965;80:e0:1d:f6:a4:de;LakeheadU;-71;64
3966;a2:53:22:40:4f:81;NOSMSecure;-77;64
3967;a2:53:22:40:4f:80;NOSMSecure;-61;64
3968;80:e0:1d:ac:8b:03;LU-Events;-87;64
3969;80:e0:1d:ee:3f:6d;LU-Events;-79;64
3970;80:e0:1d:f6:a4:d1;LakeheadU;-46;64
3971;80:e0:1d:f6:a4:d3;LU-Events;-46;64
3972;9e:93:4e:3b:a7:b6;DIRECT-jiPhaser 3260;-72;64
3973;ce:d7:19:24:c6:d5;LINKSYS-750-guest;-45;64
3974;ae:53:22:40:4f:e8;NOSMConnect24;-78;64
3975;82:f2:e0:d1:f9:74;portthru;-52;64
3976;a4:6c:2a:e0:1f:b3;LU-Events;-75;64
3977;a4:6c:2a:e0:1f:b4;Free Tbaytel WiFi;-76;64
3978;a4:6c:2a:e0:1f:b0;LU-Guest;-75;64
3979;a4:6c:2a:e0:1f:b1;LakeheadU;-75;64
3980;a4:6c:2a:e0:1f:b2;eduroam;-75;64
3981;a4:6c:2a:e0:1f:bc;LU-Events;-89;64
3982;a4:6c:2a:e0:1f:bd;eduroam;-89;64
3983;a4:6c:2a:e0:1f:be;LakeheadU;-88;64
3984;a4:6c:2a:e0:1f:bf;LU-Guest;-88;64
3985;a4:6c:2a:d4:be:34;Free Tbaytel WiFi;-61;64
3986;a4:6c:2a:e0:1f:bb;Free Tbaytel WiFi;-89;64
3987;ae:53:22:40:4f:80;NOSMConnect24;-53;65
3988;ac:7a:56:c8:62:07;Free Tbaytel WiFi;-85;65
3989;aa:53:22:40:4f:e8;NOSMConnect;-78;65
3990;00:42:68:59:8b:ff;LU-Guest;-78;65
3991;00:42:68:59:8b:fc;LU-Events;-79;65
3992;00:42:68:59:8b:fb;Free Tbaytel WiFi;-78;65
3993;00:42:68:59:8b:fe;LakeheadU;-79;65
3994;00:42:68:59:8b:fd;eduroam;-78;65
3995;e8:de:27:f8:06:78;TP-LINK_F80678_Xiaoping;-61;65
3996;c0:c1:c0:8e:e8:c5;unavailable;-56;65
3997;c8:d7:19:24:c6:d7;LINKSYS-750;-74;65
3998;c8:d7:19:24:c6:d5;LINKSYS-750;-48;65
3999;80:e0:1d:f6:a5:11;LakeheadU;-70;65
4000;80:e0:1d:f6:a5:12;eduroam;-71;65
4001;80:e0:1d:f6:a5:10;LU-Guest;-70;65
4002;80:e0:1d:f6:a5:13;LU-Events;-70;65
4003;80:e0:1d:f6:a5:14;Free Tbaytel WiFi;-69;65
4004;a4:6c:2a:d4:bb:03;LU-Events;-84;65
4005;a4:6c:2a:d4:bb:04;Free Tbaytel WiFi;-83;65
4006;a4:6c:2a:d4:bb:00;LU-Guest;-84;65
4007;a4:6c:2a:d4:bb:02;eduroam;-84;65
4008;80:e0:1d:f6:a5:1b;Free Tbaytel WiFi;-83;65
4009;80:e0:1d:f6:a5:1e;LakeheadU;-82;65
4010;80:e0:1d:f6:a5:1f;LU-Guest;-82;65
4011;80:e0:1d:f6:a5:1c;LU-Events;-82;65
4012;80:e0:1d:f6:a5:1d;eduroam;-83;65
4013;a6:53:22:40:4f:80;eduroam;-52;65
4014;a6:53:22:40:4f:81;eduroam;-77;65
4015;9c:53:22:40:4f:81;TBAYTech;-77;65
4016;9c:53:22:40:4f:80;TBAYTech;-54;65
4017;80:e0:1d:ee:3f:00;LU-Guest;-63;65
4018;80:e0:1d:ee:3f:01;LakeheadU;-63;65
4019;80:e0:1d:ee:3f:02;eduroam;-63;65
4020;80:e0:1d:ee:3f:03;LU-Events;-64;65
4021;80:e0:1d:ee:3f:04;Free Tbaytel WiFi;-63;65
4022;80:e0:1d:ee:3f:0e;LakeheadU;-78;65
4023;80:e0:1d:ee:3f:0c;LU-Events;-78;65
4024;ba:a3:32:e1:97:09;Xerox;-58;65
4025;aa:53:22:40:4f:80;NOSMConnect;-53;65
4026;aa:53:22:40:4f:81;NOSMConnect;-77;65
4027;a4:6c:2a:d4:be:3e;LakeheadU;-71;65
4028;a4:6c:2a:d4:be:3f;LU-Guest;-71;65
4029;a4:6c:2a:d4:be:3c;LU-Events;-71;65
4030;a4:6c:2a:d4:be:3d;eduroam;-71;65
4031;a4:6c:2a:d4:be:3b;Free Tbaytel WiFi;-71;65
4032;80:e0:1d:f6:a4:db;Free Tbaytel WiFi;-68;65
4033;80:e0:1d:f6:a4:dd;eduroam;-71;65
4034;80:e0:1d:f6:a4:dc;LU-Events;-72;65
4035;80:e0:1d:f6:a4:df;LU-Guest;-72;65
4036;80:e0:1d:f6:a4:de;LakeheadU;-71;65
4037;a2:53:22:40:4f:81;NOSMSecure;-77;65
4038;a2:53:22:40:4f:80;NOSMSecure;-61;65
4039;80:e0:1d:ac:8b:03;LU-Events;-87;65
4040;80:e0:1d:ee:3f:6d;LU-Events;-79;65
4041;80:e0:1d:f6:a4:d1;LakeheadU;-46;65
4042;80:e0:1d:f6:a4:d3;LU-Events;-46;65
4043;9e:93:4e:3b:a7:b6;DIRECT-jiPhaser 3260;-72;65
4044;ce:d7:19:24:c6:d5;LINKSYS-750-guest;-45;65
4045;ae:53:22:40:4f:e8;NOSMConnect24;-78;65
4046;82:f2:e0:d1:f9:74;portthru;-52;65
4047;a4:6c:2a:e0:1f:b3;LU-Events;-75;65
4048;a4:6c:2a:e0:1f:b4;Free Tbaytel WiFi;-76;65
4049;a4:6c:2a:e0:1f:b0;LU-Guest;-75;65
4050;a4:6c:2a:e0:1f:b1;LakeheadU;-75;65
4051;a4:6c:2a:e0:1f:b2;eduroam;-75;65
4052;a4:6c:2a:e0:1f:bc;LU-Events;-89;65
4053;a4:6c:2a:e0:1f:bd;eduroam;-89;65
4054;a4:6c:2a:e0:1f:be;LakeheadU;-88;65
4055;a4:6c:2a:e0:1f:bf;LU-Guest;-88;65
4056;a4:6c:2a:d4:be:34;Free Tbaytel WiFi;-61;65
4057;a4:6c:2a:e0:1f:bb;Free Tbaytel WiFi;-89;65
4058;ae:53:22:40:4f:80;NOSMConnect24;-48;66
4059;00:42:68:59:8b:ff;LU-Guest;-74;66
4060;00:42:68:59:8b:fc;LU-Events;-74;66
4061;00:42:68:59:8b:fb;Free Tbaytel WiFi;-74;66
4062;00:42:68:59:8b:fe;LakeheadU;-74;66
4063;00:42:68:59:8b:fd;eduroam;-73;66
4064;e8:de:27:f8:06:78;TP-LINK_F80678_Xiaoping;-53;66
4065;c0:c1:c0:8e:e8:c5;unavailable;-61;66
4066;c8:d7:19:24:c6:d7;LINKSYS-750;-79;66
4067;c8:d7:19:24:c6:d5;LINKSYS-750;-50;66
4068;06:56:78:d0:60:49;EBF06ED2;-78;66
4069;a4:6c:2a:d4:bb:02;eduroam;-84;66
4070;80:e0:1d:f6:a5:1b;Free Tbaytel WiFi;-84;66
4071;80:e0:1d:f6:a5:1f;LU-Guest;-85;66
4072;80:e0:1d:f6:a5:1c;LU-Events;-85;66
4073;a6:53:22:40:4f:80;eduroam;-49;66
4074;a6:53:22:40:4f:81;eduroam;-75;66
4075;9c:53:22:40:4f:81;TBAYTech;-75;66
4076;9c:53:22:40:4f:80;TBAYTech;-45;66
4077;80:e0:1d:ee:3f:00;LU-Guest;-70;66
4078;80:e0:1d:ee:3f:01;LakeheadU;-71;66
4079;80:e0:1d:ee:3f:02;eduroam;-71;66
4080;80:e0:1d:ee:3f:03;LU-Events;-71;66
4081;80:e0:1d:ee:3f:04;Free Tbaytel WiFi;-70;66
4082;80:e0:1d:ee:3f:0e;LakeheadU;-77;66
4083;80:e0:1d:ee:3f:0c;LU-Events;-76;66
4084;ba:a3:32:e1:97:09;Xerox;-51;66
4085;aa:53:22:40:4f:81;NOSMConnect;-75;66
4086;80:e0:1d:ee:3f:63;Free Tbaytel WiFi;-70;66
4087;80:e0:1d:ee:3f:64;eduroam;-69;66
4088;80:e0:1d:ee:3f:60;LakeheadU;-69;66
4089;80:e0:1d:ee:3f:61;LU-Guest;-69;66
4090;80:e0:1d:ee:3f:62;LU-Events;-69;66
4091;a4:6c:2a:d4:be:3e;LakeheadU;-75;66
4092;a4:6c:2a:d4:be:3f;LU-Guest;-75;66
4093;a4:6c:2a:d4:be:3c;LU-Events;-74;66
4094;a4:6c:2a:d4:be:3d;eduroam;-74;66
4095;a4:6c:2a:d4:be:3b;Free Tbaytel WiFi;-75;66
4096;80:e0:1d:f6:a4:db;Free Tbaytel WiFi;-79;66
4097;80:e0:1d:f6:a4:dd;eduroam;-79;66
4098;80:e0:1d:f6:a4:dc;LU-Events;-79;66
4099;80:e0:1d:f6:a4:df;LU-Guest;-79;66
4100;80:e0:1d:f6:a4:de;LakeheadU;-79;66
4101;a2:53:22:40:4f:81;NOSMSecure;-75;66
4102;a2:53:22:40:4f:80;NOSMSecure;-49;66
4103;80:e0:1d:ee:3f:6c;Free Tbaytel WiFi;-71;66
4104;80:e0:1d:ee:3f:6d;LU-Events;-71;66
4105;80:e0:1d:f6:a4:d0;LU-Guest;-57;66
4106;9e:93:4e:3b:a7:b6;DIRECT-jiPhaser 3260;-72;66
4107;80:e0:1d:f8:49:43;LU-Events;-83;66
4108;80:e0:1d:f8:49:44;Free Tbaytel WiFi;-83;66
4109;82:f2:e0:d1:f9:74;portthru;-47;66
4110;a4:6c:2a:e0:1f:b3;LU-Events;-75;66
4111;a4:6c:2a:e0:1f:b4;Free Tbaytel WiFi;-73;66
4112;a4:6c:2a:e0:1f:b0;LU-Guest;-71;66
4113;a4:6c:2a:e0:1f:b1;LakeheadU;-71;66
4114;a4:6c:2a:e0:1f:b2;eduroam;-71;66
4115;a4:6c:2a:d4:be:30;LU-Guest;-54;66
4116;a4:6c:2a:e0:1f:bc;LU-Events;-84;66
4117;a4:6c:2a:e0:1f:bd;eduroam;-84;66
4118;a4:6c:2a:e0:1f:be;LakeheadU;-84;66
4119;a4:6c:2a:e0:1f:bf;LU-Guest;-84;66
4120;a4:6c:2a:e0:1f:bb;Free Tbaytel WiFi;-84;66
4121;ae:53:22:40:4f:80;NOSMConnect24;-48;67
4122;00:42:68:59:8b:ff;LU-Guest;-74;67
4123;00:42:68:59:8b:fc;LU-Events;-74;67
4124;00:42:68:59:8b:fb;Free Tbaytel WiFi;-74;67
4125;00:42:68:59:8b:fe;LakeheadU;-74;67
4126;00:42:68:59:8b:fd;eduroam;-73;67
4127;e8:de:27:f8:06:78;TP-LINK_F80678_Xiaoping;-53;67
4128;c0:c1:c0:8e:e8:c5;unavailable;-61;67
4129;c8:d7:19:24:c6:d7;LINKSYS-750;-79;67
4130;c8:d7:19:24:c6:d5;LINKSYS-750;-50;67
4131;06:56:78:d0:60:49;EBF06ED2;-78;67
4132;a4:6c:2a:d4:bb:02;eduroam;-84;67
4133;80:e0:1d:f6:a5:1b;Free Tbaytel WiFi;-84;67
4134;80:e0:1d:f6:a5:1f;LU-Guest;-85;67
4135;80:e0:1d:f6:a5:1c;LU-Events;-85;67
4136;a6:53:22:40:4f:80;eduroam;-49;67
4137;a6:53:22:40:4f:81;eduroam;-75;67
4138;9c:53:22:40:4f:81;TBAYTech;-75;67
4139;9c:53:22:40:4f:80;TBAYTech;-45;67
4140;80:e0:1d:ee:3f:00;LU-Guest;-70;67
4141;80:e0:1d:ee:3f:01;LakeheadU;-71;67
4142;80:e0:1d:ee:3f:02;eduroam;-71;67
4143;80:e0:1d:ee:3f:03;LU-Events;-71;67
4144;80:e0:1d:ee:3f:04;Free Tbaytel WiFi;-70;67
4145;80:e0:1d:ee:3f:0e;LakeheadU;-77;67
4146;80:e0:1d:ee:3f:0c;LU-Events;-76;67
4147;ba:a3:32:e1:97:09;Xerox;-51;67
4148;aa:53:22:40:4f:81;NOSMConnect;-75;67
4149;80:e0:1d:ee:3f:63;Free Tbaytel WiFi;-70;67
4150;80:e0:1d:ee:3f:64;eduroam;-69;67
4151;80:e0:1d:ee:3f:60;LakeheadU;-69;67
4152;80:e0:1d:ee:3f:61;LU-Guest;-69;67
4153;80:e0:1d:ee:3f:62;LU-Events;-69;67
4154;a4:6c:2a:d4:be:3e;LakeheadU;-75;67
4155;a4:6c:2a:d4:be:3f;LU-Guest;-75;67
4156;a4:6c:2a:d4:be:3c;LU-Events;-74;67
4157;a4:6c:2a:d4:be:3d;eduroam;-74;67
4158;a4:6c:2a:d4:be:3b;Free Tbaytel WiFi;-75;67
4159;80:e0:1d:f6:a4:db;Free Tbaytel WiFi;-79;67
4160;80:e0:1d:f6:a4:dd;eduroam;-79;67
4161;80:e0:1d:f6:a4:dc;LU-Events;-79;67
4162;80:e0:1d:f6:a4:df;LU-Guest;-79;67
4163;80:e0:1d:f6:a4:de;LakeheadU;-79;67
4164;a2:53:22:40:4f:81;NOSMSecure;-75;67
4165;a2:53:22:40:4f:80;NOSMSecure;-49;67
4166;80:e0:1d:ee:3f:6c;Free Tbaytel WiFi;-71;67
4167;80:e0:1d:ee:3f:6d;LU-Events;-71;67
4168;80:e0:1d:f6:a4:d0;LU-Guest;-57;67
4169;9e:93:4e:3b:a7:b6;DIRECT-jiPhaser 3260;-72;67
4170;80:e0:1d:f8:49:43;LU-Events;-83;67
4171;80:e0:1d:f8:49:44;Free Tbaytel WiFi;-83;67
4172;82:f2:e0:d1:f9:74;portthru;-47;67
4173;a4:6c:2a:e0:1f:b3;LU-Events;-75;67
4174;a4:6c:2a:e0:1f:b4;Free Tbaytel WiFi;-73;67
4175;a4:6c:2a:e0:1f:b0;LU-Guest;-71;67
4176;a4:6c:2a:e0:1f:b1;LakeheadU;-71;67
4177;a4:6c:2a:e0:1f:b2;eduroam;-71;67
4178;a4:6c:2a:d4:be:30;LU-Guest;-54;67
4179;a4:6c:2a:e0:1f:bc;LU-Events;-84;67
4180;a4:6c:2a:e0:1f:bd;eduroam;-84;67
4181;a4:6c:2a:e0:1f:be;LakeheadU;-84;67
4182;a4:6c:2a:e0:1f:bf;LU-Guest;-84;67
4183;a4:6c:2a:e0:1f:bb;Free Tbaytel WiFi;-84;67
4184;ae:53:22:40:4f:80;NOSMConnect24;-52;68
4185;00:42:68:59:8b:ff;LU-Guest;-70;68
4186;00:42:68:59:8b:fc;LU-Events;-71;68
4187;e8:de:27:f8:06:78;TP-LINK_F80678_Xiaoping;-50;68
4188;c0:c1:c0:8e:e8:c5;unavailable;-71;68
4189;c8:d7:19:24:c6:d7;LINKSYS-750;-87;68
4190;c8:d7:19:24:c6:d5;LINKSYS-750;-61;68
4191;80:e0:1d:f6:a5:11;LakeheadU;-79;68
4192;80:e0:1d:f6:a5:12;eduroam;-80;68
4193;80:e0:1d:f6:a5:10;LU-Guest;-79;68
4194;80:e0:1d:f6:a5:14;Free Tbaytel WiFi;-79;68
4195;06:56:78:d0:60:49;EBF06ED2;-76;68
4196;80:e0:1d:f6:a5:1b;Free Tbaytel WiFi;-92;68
4197;80:e0:1d:f6:a5:1c;LU-Events;-91;68
4198;a6:53:22:40:4f:80;eduroam;-52;68
4199;a6:53:22:40:4f:81;eduroam;-75;68
4200;9c:53:22:40:4f:81;TBAYTech;-75;68
4201;9c:53:22:40:4f:80;TBAYTech;-52;68
4202;80:e0:1d:ee:3f:00;LU-Guest;-71;68
4203;80:e0:1d:ee:3f:01;LakeheadU;-68;68
4204;80:e0:1d:ee:3f:02;eduroam;-68;68
4205;80:e0:1d:ee:3f:03;LU-Events;-68;68
4206;80:e0:1d:ee:3f:04;Free Tbaytel WiFi;-72;68
4207;80:e0:1d:ee:3f:0e;LakeheadU;-82;68
4208;80:e0:1d:ee:3f:0c;LU-Events;-81;68
4209;ba:a3:32:e1:97:09;Xerox;-60;68
4210;aa:53:22:40:4f:80;NOSMConnect;-53;68
4211;aa:53:22:40:4f:81;NOSMConnect;-75;68
4212;80:e0:1d:ee:3f:63;Free Tbaytel WiFi;-67;68
4213;80:e0:1d:ee:3f:64;eduroam;-67;68
4214;80:e0:1d:ee:3f:60;LakeheadU;-67;68
4215;a4:6c:2a:d4:be:3f;LU-Guest;-61;68
4216;a4:6c:2a:d4:be:3d;eduroam;-62;68
4217;a4:6c:2a:d4:be:3b;Free Tbaytel WiFi;-62;68
4218;00:42:68:59:8b:f0;LU-Guest;-66;68
4219;80:e0:1d:f6:a4:db;Free Tbaytel WiFi;-83;68
4220;80:e0:1d:f6:a4:dd;eduroam;-81;68
4221;00:42:68:59:8b:f4;Free Tbaytel WiFi;-66;68
4222;80:e0:1d:f6:a4:dc;LU-Events;-80;68
4223;80:e0:1d:f6:a4:df;LU-Guest;-83;68
4224;80:e0:1d:f6:a4:de;LakeheadU;-81;68
4225;a2:53:22:40:4f:81;NOSMSecure;-76;68
4226;a2:53:22:40:4f:80;NOSMSecure;-52;68
4227;80:e0:1d:ee:3f:6c;Free Tbaytel WiFi;-74;68
4228;80:e0:1d:ee:3f:6e;LU-Guest;-74;68
4229;80:e0:1d:f6:a4:d0;LU-Guest;-64;68
4230;80:e0:1d:f6:a4:d2;eduroam;-61;68
4231;80:e0:1d:f6:a4:d4;Free Tbaytel WiFi;-61;68
4232;80:e0:1d:f8:49:43;LU-Events;-82;68
4233;ce:d7:19:24:c6:d5;LINKSYS-750-guest;-59;68
4234;80:e0:1d:f8:49:44;Free Tbaytel WiFi;-86;68
4235;80:e0:1d:f8:49:41;LakeheadU;-85;68
4236;82:f2:e0:d1:f9:74;portthru;-59;68
4237;a4:6c:2a:e0:1f:b3;LU-Events;-66;68
4238;a4:6c:2a:e0:1f:b4;Free Tbaytel WiFi;-66;68
4239;a4:6c:2a:e0:1f:b0;LU-Guest;-65;68
4240;a4:6c:2a:e0:1f:b1;LakeheadU;-66;68
4241;a4:6c:2a:e0:1f:b2;eduroam;-66;68
4242;a4:6c:2a:d4:be:30;LU-Guest;-49;68
4243;a4:6c:2a:e0:1f:bd;eduroam;-80;68
4244;a4:6c:2a:e0:1f:be;LakeheadU;-81;68
4245;a4:6c:2a:d4:be:33;LU-Events;-59;68
4246;a4:6c:2a:d4:be:34;Free Tbaytel WiFi;-48;68
4247;a4:6c:2a:d4:be:31;LakeheadU;-47;68
4248;a4:6c:2a:d4:be:32;eduroam;-48;68
4249;a4:6c:2a:e0:1f:bb;Free Tbaytel WiFi;-81;68
4250;ae:53:22:40:4f:80;NOSMConnect24;-52;69
4251;00:42:68:59:8b:ff;LU-Guest;-70;69
4252;00:42:68:59:8b:fc;LU-Events;-71;69
4253;e8:de:27:f8:06:78;TP-LINK_F80678_Xiaoping;-50;69
4254;c0:c1:c0:8e:e8:c5;unavailable;-71;69
4255;c8:d7:19:24:c6:d7;LINKSYS-750;-87;69
4256;c8:d7:19:24:c6:d5;LINKSYS-750;-61;69
4257;80:e0:1d:f6:a5:11;LakeheadU;-79;69
4258;80:e0:1d:f6:a5:12;eduroam;-80;69
4259;80:e0:1d:f6:a5:10;LU-Guest;-79;69
4260;80:e0:1d:f6:a5:14;Free Tbaytel WiFi;-79;69
4261;06:56:78:d0:60:49;EBF06ED2;-76;69
4262;80:e0:1d:f6:a5:1b;Free Tbaytel WiFi;-92;69
4263;80:e0:1d:f6:a5:1c;LU-Events;-91;69
4264;a6:53:22:40:4f:80;eduroam;-52;69
4265;a6:53:22:40:4f:81;eduroam;-75;69
4266;9c:53:22:40:4f:81;TBAYTech;-75;69
4267;9c:53:22:40:4f:80;TBAYTech;-52;69
4268;80:e0:1d:ee:3f:00;LU-Guest;-71;69
4269;80:e0:1d:ee:3f:01;LakeheadU;-68;69
4270;80:e0:1d:ee:3f:02;eduroam;-68;69
4271;80:e0:1d:ee:3f:03;LU-Events;-68;69
4272;80:e0:1d:ee:3f:04;Free Tbaytel WiFi;-72;69
4273;80:e0:1d:ee:3f:0e;LakeheadU;-82;69
4274;80:e0:1d:ee:3f:0c;LU-Events;-81;69
4275;ba:a3:32:e1:97:09;Xerox;-60;69
4276;aa:53:22:40:4f:80;NOSMConnect;-53;69
4277;aa:53:22:40:4f:81;NOSMConnect;-75;69
4278;80:e0:1d:ee:3f:63;Free Tbaytel WiFi;-67;69
4279;80:e0:1d:ee:3f:64;eduroam;-67;69
4280;80:e0:1d:ee:3f:60;LakeheadU;-67;69
4281;a4:6c:2a:d4:be:3f;LU-Guest;-61;69
4282;a4:6c:2a:d4:be:3d;eduroam;-62;69
4283;a4:6c:2a:d4:be:3b;Free Tbaytel WiFi;-62;69
4284;00:42:68:59:8b:f0;LU-Guest;-66;69
4285;80:e0:1d:f6:a4:db;Free Tbaytel WiFi;-83;69
4286;80:e0:1d:f6:a4:dd;eduroam;-81;69
4287;00:42:68:59:8b:f4;Free Tbaytel WiFi;-66;69
4288;80:e0:1d:f6:a4:dc;LU-Events;-80;69
4289;80:e0:1d:f6:a4:df;LU-Guest;-83;69
4290;80:e0:1d:f6:a4:de;LakeheadU;-81;69
4291;a2:53:22:40:4f:81;NOSMSecure;-76;69
4292;a2:53:22:40:4f:80;NOSMSecure;-52;69
4293;80:e0:1d:ee:3f:6c;Free Tbaytel WiFi;-74;69
4294;80:e0:1d:ee:3f:6e;LU-Guest;-74;69
4295;80:e0:1d:f6:a4:d0;LU-Guest;-64;69
4296;80:e0:1d:f6:a4:d2;eduroam;-61;69
4297;80:e0:1d:f6:a4:d4;Free Tbaytel WiFi;-61;69
4298;80:e0:1d:f8:49:43;LU-Events;-82;69
4299;ce:d7:19:24:c6:d5;LINKSYS-750-guest;-59;69
4300;80:e0:1d:f8:49:44;Free Tbaytel WiFi;-86;69
4301;80:e0:1d:f8:49:41;LakeheadU;-85;69
4302;82:f2:e0:d1:f9:74;portthru;-59;69
4303;a4:6c:2a:e0:1f:b3;LU-Events;-66;69
4304;a4:6c:2a:e0:1f:b4;Free Tbaytel WiFi;-66;69
4305;a4:6c:2a:e0:1f:b0;LU-Guest;-65;69
4306;a4:6c:2a:e0:1f:b1;LakeheadU;-66;69
4307;a4:6c:2a:e0:1f:b2;eduroam;-66;69
4308;a4:6c:2a:d4:be:30;LU-Guest;-49;69
4309;a4:6c:2a:e0:1f:bd;eduroam;-80;69
4310;a4:6c:2a:e0:1f:be;LakeheadU;-81;69
4311;a4:6c:2a:d4:be:33;LU-Events;-59;69
4312;a4:6c:2a:d4:be:34;Free Tbaytel WiFi;-48;69
4313;a4:6c:2a:d4:be:31;LakeheadU;-47;69
4314;a4:6c:2a:d4:be:32;eduroam;-48;69
4315;a4:6c:2a:e0:1f:bb;Free Tbaytel WiFi;-81;69
4316;00:42:68:59:8b:ff;LU-Guest;-68;70
4317;a6:53:22:40:4f:e8;eduroam;-83;70
4318;00:42:68:59:8b:fc;LU-Events;-68;70
4319;00:42:68:59:8b:fb;Free Tbaytel WiFi;-69;70
4320;00:42:68:59:8b:fe;LakeheadU;-68;70
4321;00:42:68:59:8b:fd;eduroam;-69;70
4322;e8:de:27:f8:06:78;TP-LINK_F80678_Xiaoping;-62;70
4323;c0:c1:c0:8e:e8:c5;unavailable;-73;70
4324;c8:d7:19:24:c6:d7;LINKSYS-750;-89;70
4325;c8:d7:19:24:c6:d5;LINKSYS-750;-67;70
4326;80:e0:1d:f6:a5:11;LakeheadU;-78;70
4327;80:e0:1d:f6:a5:12;eduroam;-79;70
4328;80:e0:1d:f6:a5:13;LU-Events;-86;70
4329;80:e0:1d:f6:a5:14;Free Tbaytel WiFi;-83;70
4330;06:56:78:d0:60:49;EBF06ED2;-80;70
4331;a6:53:22:40:4f:81;eduroam;-83;70
4332;9c:53:22:40:4f:81;TBAYTech;-84;70
4333;9c:53:22:40:4f:80;TBAYTech;-56;70
4334;80:e0:1d:ee:3f:00;LU-Guest;-72;70
4335;80:e0:1d:ee:3f:01;LakeheadU;-71;70
4336;80:e0:1d:ee:3f:02;eduroam;-72;70
4337;80:e0:1d:ee:3f:03;LU-Events;-71;70
4338;80:e0:1d:ee:3f:04;Free Tbaytel WiFi;-73;70
4339;80:e0:1d:ee:3f:0e;LakeheadU;-83;70
4340;80:e0:1d:ee:3f:0c;LU-Events;-82;70
4341;a2:53:22:40:4f:e8;NOSMSecure;-83;70
4342;ba:a3:32:e1:97:09;Xerox;-59;70
4343;80:e0:1d:c1:ea:a3;LU-Events;-87;70
4344;aa:53:22:40:4f:81;NOSMConnect;-83;70
4345;80:e0:1d:ee:3f:63;Free Tbaytel WiFi;-73;70
4346;80:e0:1d:ee:3f:64;eduroam;-73;70
4347;80:e0:1d:ee:3f:60;LakeheadU;-73;70
4348;80:e0:1d:ee:3f:61;LU-Guest;-73;70
4349;80:e0:1d:ee:3f:62;LU-Events;-73;70
4350;a4:6c:2a:d4:be:3e;LakeheadU;-55;70
4351;a4:6c:2a:d4:be:3f;LU-Guest;-55;70
4352;a4:6c:2a:d4:be:3c;LU-Events;-55;70
4353;a4:6c:2a:d4:be:3d;eduroam;-55;70
4354;a4:6c:2a:d4:be:3b;Free Tbaytel WiFi;-55;70
4355;00:42:68:59:8b:f1;LakeheadU;-62;70
4356;00:42:68:59:8b:f0;LU-Guest;-62;70
4357;00:42:68:59:8b:f3;LU-Events;-63;70
4358;80:e0:1d:f6:a4:db;Free Tbaytel WiFi;-77;70
4359;00:42:68:59:8b:f2;eduroam;-62;70
4360;80:e0:1d:f6:a4:dd;eduroam;-77;70
4361;00:42:68:59:8b:f4;Free Tbaytel WiFi;-63;70
4362;80:e0:1d:f6:a4:dc;LU-Events;-76;70
4363;80:e0:1d:f6:a4:df;LU-Guest;-77;70
4364;80:e0:1d:f6:a4:de;LakeheadU;-77;70
4365;a2:53:22:40:4f:81;NOSMSecure;-83;70
4366;a2:53:22:40:4f:80;NOSMSecure;-61;70
4367;80:e0:1d:ee:3f:6c;Free Tbaytel WiFi;-76;70
4368;80:e0:1d:ee:3f:6d;LU-Events;-77;70
4369;80:e0:1d:ee:3f:6e;LU-Guest;-75;70
4370;80:e0:1d:f6:a4:d0;LU-Guest;-58;70
4371;80:e0:1d:ee:3f:6f;LakeheadU;-76;70
4372;80:e0:1d:f6:a4:d2;eduroam;-64;70
4373;80:e0:1d:f6:a4:d1;LakeheadU;-64;70
4374;80:e0:1d:f6:a4:d4;Free Tbaytel WiFi;-65;70
4375;80:e0:1d:ee:3f:6b;eduroam;-76;70
4376;80:e0:1d:f6:a4:d3;LU-Events;-64;70
4377;9e:93:4e:3b:a7:b6;DIRECT-jiPhaser 3260;-79;70
4378;80:e0:1d:f8:49:43;LU-Events;-90;70
4379;80:e0:1d:f8:49:44;Free Tbaytel WiFi;-83;70
4380;80:e0:1d:f8:49:41;LakeheadU;-83;70
4381;80:e0:1d:f8:49:42;eduroam;-83;70
4382;80:e0:1d:f8:49:40;LU-Guest;-82;70
4383;82:f2:e0:d1:f9:74;portthru;-68;70
4384;a4:6c:2a:e0:1f:b3;LU-Events;-70;70
4385;a4:6c:2a:e0:1f:b4;Free Tbaytel WiFi;-67;70
4386;a4:6c:2a:e0:1f:b0;LU-Guest;-68;70
4387;a4:6c:2a:e0:1f:b1;LakeheadU;-68;70
4388;a4:6c:2a:e0:1f:b2;eduroam;-68;70
4389;a4:6c:2a:d4:be:30;LU-Guest;-42;70
4390;a4:6c:2a:e0:1f:bc;LU-Events;-82;70
4391;a4:6c:2a:e0:1f:bd;eduroam;-82;70
4392;a4:6c:2a:e0:1f:be;LakeheadU;-83;70
4393;a4:6c:2a:e0:1f:bf;LU-Guest;-82;70
4394;a4:6c:2a:d4:be:33;LU-Events;-42;70
4395;a4:6c:2a:d4:be:34;Free Tbaytel WiFi;-40;70
4396;a4:6c:2a:d4:be:31;LakeheadU;-42;70
4397;a4:6c:2a:d4:be:32;eduroam;-43;70
4398;a4:6c:2a:e0:1f:bb;Free Tbaytel WiFi;-83;70
4399;a4:6c:2a:d4:be:34;Free Tbaytel WiFi;-40;71
4400;a4:6c:2a:d4:be:30;LU-Guest;-42;71
4401;a4:6c:2a:d4:be:33;LU-Events;-42;71
4402;a4:6c:2a:d4:be:31;LakeheadU;-42;71
4403;a4:6c:2a:d4:be:32;eduroam;-43;71
4404;a4:6c:2a:d4:be:3b;Free Tbaytel WiFi;-55;71
4405;a4:6c:2a:d4:be:3f;LU-Guest;-55;71
4406;a4:6c:2a:d4:be:3d;eduroam;-55;71
4407;a4:6c:2a:d4:be:3c;LU-Events;-55;71
4408;a4:6c:2a:d4:be:3e;LakeheadU;-55;71
4409;9c:53:22:40:4f:80;TBAYTech;-56;71
4410;80:e0:1d:f6:a4:d0;LU-Guest;-58;71
4411;ba:a3:32:e1:97:09;Xerox;-59;71
4412;a2:53:22:40:4f:80;NOSMSecure;-61;71
4413;e8:de:27:f8:06:78;TP-LINK_F80678_Xiaoping;-62;71
4414;00:42:68:59:8b:f0;LU-Guest;-62;71
4415;00:42:68:59:8b:f1;LakeheadU;-62;71
4416;00:42:68:59:8b:f2;eduroam;-62;71
4417;00:42:68:59:8b:f4;Free Tbaytel WiFi;-63;71
4418;00:42:68:59:8b:f3;LU-Events;-63;71
4419;80:e0:1d:f6:a4:d2;eduroam;-64;71
4420;80:e0:1d:f6:a4:d1;LakeheadU;-64;71
4421;80:e0:1d:f6:a4:d3;LU-Events;-64;71
4422;80:e0:1d:f6:a4:d4;Free Tbaytel WiFi;-65;71
4423;c8:d7:19:24:c6:d5;LINKSYS-750;-67;71
4424;a4:6c:2a:e0:1f:b4;Free Tbaytel WiFi;-67;71
4425;82:f2:e0:d1:f9:74;portthru;-68;71
4426;00:42:68:59:8b:ff;LU-Guest;-68;71
4427;00:42:68:59:8b:fc;LU-Events;-68;71
4428;a4:6c:2a:e0:1f:b2;eduroam;-68;71
4429;a4:6c:2a:e0:1f:b1;LakeheadU;-68;71
4430;a4:6c:2a:e0:1f:b0;LU-Guest;-68;71
4431;00:42:68:59:8b:fe;LakeheadU;-68;71
4432;00:42:68:59:8b:fb;Free Tbaytel WiFi;-69;71
4433;00:42:68:59:8b:fd;eduroam;-69;71
4434;a4:6c:2a:e0:1f:b3;LU-Events;-70;71
4435;80:e0:1d:ee:3f:01;LakeheadU;-71;71
4436;80:e0:1d:ee:3f:03;LU-Events;-71;71
4437;80:e0:1d:ee:3f:02;eduroam;-72;71
4438;80:e0:1d:ee:3f:00;LU-Guest;-72;71
4439;80:e0:1d:ee:3f:04;Free Tbaytel WiFi;-73;71
4440;c0:c1:c0:8e:e8:c5;unavailable;-73;71
4441;80:e0:1d:ee:3f:64;eduroam;-73;71
4442;80:e0:1d:ee:3f:63;Free Tbaytel WiFi;-73;71
4443;80:e0:1d:ee:3f:62;LU-Events;-73;71
4444;80:e0:1d:ee:3f:61;LU-Guest;-73;71
4445;80:e0:1d:ee:3f:60;LakeheadU;-73;71
4446;80:e0:1d:ee:3f:6e;LU-Guest;-75;71
4447;80:e0:1d:f6:a4:dc;LU-Events;-76;71
4448;80:e0:1d:ee:3f:6c;Free Tbaytel WiFi;-76;71
4449;80:e0:1d:ee:3f:6f;LakeheadU;-76;71
4450;80:e0:1d:ee:3f:6b;eduroam;-76;71
4451;80:e0:1d:f6:a4:de;LakeheadU;-77;71
4452;80:e0:1d:f6:a4:db;Free Tbaytel WiFi;-77;71
4453;80:e0:1d:f6:a4:df;LU-Guest;-77;71
4454;80:e0:1d:f6:a4:dd;eduroam;-77;71
4455;80:e0:1d:ee:3f:6d;LU-Events;-77;71
4456;80:e0:1d:f6:a5:11;LakeheadU;-78;71
4457;80:e0:1d:f6:a5:12;eduroam;-79;71
4458;9e:93:4e:3b:a7:b6;DIRECT-jiPhaser 3260;-79;71
4459;06:56:78:d0:60:49;EBF06ED2;-80;71
4460;a4:6c:2a:e0:1f:bd;eduroam;-82;71
4461;80:e0:1d:ee:3f:0c;LU-Events;-82;71
4462;80:e0:1d:f8:49:40;LU-Guest;-82;71
4463;a4:6c:2a:e0:1f:bf;LU-Guest;-82;71
4464;a4:6c:2a:e0:1f:bc;LU-Events;-82;71
4465;a6:53:22:40:4f:81;eduroam;-83;71
4466;a2:53:22:40:4f:81;NOSMSecure;-83;71
4467;aa:53:22:40:4f:81;NOSMConnect;-83;71
4468;80:e0:1d:ee:3f:0e;LakeheadU;-83;71
4469;a4:6c:2a:e0:1f:bb;Free Tbaytel WiFi;-83;71
4470;a4:6c:2a:e0:1f:be;LakeheadU;-83;71
4471;80:e0:1d:f8:49:44;Free Tbaytel WiFi;-83;71
4472;80:e0:1d:f6:a5:14;Free Tbaytel WiFi;-83;71
4473;80:e0:1d:f8:49:41;LakeheadU;-83;71
4474;80:e0:1d:f8:49:42;eduroam;-83;71
4475;a6:53:22:40:4f:e8;eduroam;-83;71
4476;a2:53:22:40:4f:e8;NOSMSecure;-83;71
4477;9c:53:22:40:4f:81;TBAYTech;-84;71
4478;80:e0:1d:f6:a5:13;LU-Events;-86;71
4479;80:e0:1d:c1:ea:a3;LU-Events;-87;71
4480;c8:d7:19:24:c6:d7;LINKSYS-750;-89;71
4481;80:e0:1d:f8:49:43;LU-Events;-90;71
4482;00:42:68:59:8b:ff;LU-Guest;-59;72
4483;00:42:68:59:8b:fc;LU-Events;-59;72
4484;00:42:68:59:8b:fb;Free Tbaytel WiFi;-63;72
4485;00:42:68:59:8b:fe;LakeheadU;-59;72
4486;00:42:68:59:8b:fd;eduroam;-59;72
4487;e8:de:27:f8:06:78;TP-LINK_F80678_Xiaoping;-62;72
4488;c0:c1:c0:8e:e8:c5;unavailable;-80;72
4489;c8:d7:19:24:c6:d7;LINKSYS-750;-93;72
4490;a6:53:22:40:4f:81;eduroam;-82;72
4491;9c:53:22:40:4f:81;TBAYTech;-82;72
4492;80:e0:1d:ee:3f:03;LU-Events;-74;72
4493;80:e0:1d:ee:3f:0e;LakeheadU;-78;72
4494;a4:6c:2a:d4:ba:54;Free Tbaytel WiFi;-83;72
4495;a4:6c:2a:d4:ba:50;LU-Guest;-82;72
4496;a4:6c:2a:d4:ba:51;LakeheadU;-82;72
4497;80:e0:1d:ee:3f:0c;LU-Events;-78;72
4498;a4:6c:2a:d4:ba:52;eduroam;-83;72
4499;ba:a3:32:e1:97:09;Xerox;-62;72
4500;aa:53:22:40:4f:81;NOSMConnect;-82;72
4501;80:e0:1d:ee:3f:63;Free Tbaytel WiFi;-79;72
4502;80:e0:1d:ee:3f:64;eduroam;-79;72
4503;80:e0:1d:ee:3f:60;LakeheadU;-79;72
4504;80:e0:1d:ee:3f:61;LU-Guest;-79;72
4505;80:e0:1d:ee:3f:62;LU-Events;-78;72
4506;a4:6c:2a:d4:be:3e;LakeheadU;-60;72
4507;a4:6c:2a:d4:be:3f;LU-Guest;-60;72
4508;a4:6c:2a:d4:be:3c;LU-Events;-60;72
4509;a4:6c:2a:d4:be:3d;eduroam;-60;72
4510;a4:6c:2a:d4:be:3b;Free Tbaytel WiFi;-60;72
4511;00:42:68:59:8b:f1;LakeheadU;-56;72
4512;00:42:68:59:8b:f0;LU-Guest;-56;72
4513;00:42:68:59:8b:f3;LU-Events;-55;72
4514;80:e0:1d:f6:a4:db;Free Tbaytel WiFi;-78;72
4515;00:42:68:59:8b:f2;eduroam;-60;72
4516;80:e0:1d:f6:a4:dd;eduroam;-78;72
4517;00:42:68:59:8b:f4;Free Tbaytel WiFi;-56;72
4518;80:e0:1d:f6:a4:dc;LU-Events;-78;72
4519;80:e0:1d:f6:a4:df;LU-Guest;-78;72
4520;80:e0:1d:f6:a4:de;LakeheadU;-78;72
4521;a2:53:22:40:4f:81;NOSMSecure;-82;72
4522;80:e0:1d:ee:3f:6d;LU-Events;-83;72
4523;80:e0:1d:f6:a4:d0;LU-Guest;-64;72
4524;80:e0:1d:f6:a4:d2;eduroam;-64;72
4525;80:e0:1d:f8:49:44;Free Tbaytel WiFi;-85;72
4526;80:e0:1d:f8:49:40;LU-Guest;-86;72
4527;82:f2:e0:d1:f9:74;portthru;-66;72
4528;a4:6c:2a:e0:1f:b3;LU-Events;-75;72
4529;a4:6c:2a:e0:1f:b4;Free Tbaytel WiFi;-75;72
4530;a4:6c:2a:e0:1f:b0;LU-Guest;-75;72
4531;a4:6c:2a:e0:1f:b2;eduroam;-74;72
4532;a4:6c:2a:d4:be:30;LU-Guest;-45;72
4533;a4:6c:2a:e0:1f:bc;LU-Events;-89;72
4534;a4:6c:2a:e0:1f:bd;eduroam;-89;72
4535;a4:6c:2a:e0:1f:be;LakeheadU;-90;72
4536;a4:6c:2a:e0:1f:bf;LU-Guest;-89;72
4537;a4:6c:2a:d4:be:33;LU-Events;-44;72
4538;a4:6c:2a:d4:be:34;Free Tbaytel WiFi;-43;72
4539;a4:6c:2a:d4:be:31;LakeheadU;-42;72
4540;a4:6c:2a:d4:be:32;eduroam;-46;72
4541;a4:6c:2a:e0:1f:bb;Free Tbaytel WiFi;-89;72
4542;a4:6c:2a:d4:be:31;LakeheadU;-42;73
4543;a4:6c:2a:d4:be:34;Free Tbaytel WiFi;-43;73
4544;a4:6c:2a:d4:be:33;LU-Events;-44;73
4545;a4:6c:2a:d4:be:30;LU-Guest;-45;73
4546;a4:6c:2a:d4:be:32;eduroam;-46;73
4547;00:42:68:59:8b:f3;LU-Events;-55;73
4548;00:42:68:59:8b:f0;LU-Guest;-56;73
4549;00:42:68:59:8b:f1;LakeheadU;-56;73
4550;00:42:68:59:8b:f4;Free Tbaytel WiFi;-56;73
4551;00:42:68:59:8b:ff;LU-Guest;-59;73
4552;00:42:68:59:8b:fc;LU-Events;-59;73
4553;00:42:68:59:8b:fd;eduroam;-59;73
4554;00:42:68:59:8b:fe;LakeheadU;-59;73
4555;a4:6c:2a:d4:be:3b;Free Tbaytel WiFi;-60;73
4556;a4:6c:2a:d4:be:3f;LU-Guest;-60;73
4557;a4:6c:2a:d4:be:3d;eduroam;-60;73
4558;a4:6c:2a:d4:be:3c;LU-Events;-60;73
4559;a4:6c:2a:d4:be:3e;LakeheadU;-60;73
4560;00:42:68:59:8b:f2;eduroam;-60;73
4561;ba:a3:32:e1:97:09;Xerox;-62;73
4562;e8:de:27:f8:06:78;TP-LINK_F80678_Xiaoping;-62;73
4563;00:42:68:59:8b:fb;Free Tbaytel WiFi;-63;73
4564;80:e0:1d:f6:a4:d0;LU-Guest;-64;73
4565;80:e0:1d:f6:a4:d2;eduroam;-64;73
4566;82:f2:e0:d1:f9:74;portthru;-66;73
4567;80:e0:1d:ee:3f:03;LU-Events;-74;73
4568;a4:6c:2a:e0:1f:b2;eduroam;-74;73
4569;a4:6c:2a:e0:1f:b3;LU-Events;-75;73
4570;a4:6c:2a:e0:1f:b0;LU-Guest;-75;73
4571;a4:6c:2a:e0:1f:b4;Free Tbaytel WiFi;-75;73
4572;80:e0:1d:f6:a4:de;LakeheadU;-78;73
4573;80:e0:1d:f6:a4:db;Free Tbaytel WiFi;-78;73
4574;80:e0:1d:f6:a4:df;LU-Guest;-78;73
4575;80:e0:1d:f6:a4:dd;eduroam;-78;73
4576;80:e0:1d:f6:a4:dc;LU-Events;-78;73
4577;80:e0:1d:ee:3f:0e;LakeheadU;-78;73
4578;80:e0:1d:ee:3f:0c;LU-Events;-78;73
4579;80:e0:1d:ee:3f:62;LU-Events;-78;73
4580;80:e0:1d:ee:3f:64;eduroam;-79;73
4581;80:e0:1d:ee:3f:63;Free Tbaytel WiFi;-79;73
4582;80:e0:1d:ee:3f:61;LU-Guest;-79;73
4583;80:e0:1d:ee:3f:60;LakeheadU;-79;73
4584;c0:c1:c0:8e:e8:c5;unavailable;-80;73
4585;a6:53:22:40:4f:81;eduroam;-82;73
4586;a2:53:22:40:4f:81;NOSMSecure;-82;73
4587;9c:53:22:40:4f:81;TBAYTech;-82;73
4588;aa:53:22:40:4f:81;NOSMConnect;-82;73
4589;a4:6c:2a:d4:ba:50;LU-Guest;-82;73
4590;a4:6c:2a:d4:ba:51;LakeheadU;-82;73
4591;80:e0:1d:ee:3f:6d;LU-Events;-83;73
4592;a4:6c:2a:d4:ba:54;Free Tbaytel WiFi;-83;73
4593;a4:6c:2a:d4:ba:52;eduroam;-83;73
4594;80:e0:1d:f8:49:44;Free Tbaytel WiFi;-85;73
4595;80:e0:1d:f8:49:40;LU-Guest;-86;73
4596;a4:6c:2a:e0:1f:bd;eduroam;-89;73
4597;a4:6c:2a:e0:1f:bb;Free Tbaytel WiFi;-89;73
4598;a4:6c:2a:e0:1f:bf;LU-Guest;-89;73
4599;a4:6c:2a:e0:1f:bc;LU-Events;-89;73
4600;a4:6c:2a:e0:1f:be;LakeheadU;-90;73
4601;c8:d7:19:24:c6:d7;LINKSYS-750;-93;73
4602;00:42:68:59:8b:f1;LakeheadU;-44;74
4603;00:42:68:59:8b:f2;eduroam;-44;74
4604;00:42:68:59:8b:f3;LU-Events;-44;74
4605;00:42:68:59:8b:f4;Free Tbaytel WiFi;-46;74
4606;00:42:68:59:8b:f0;LU-Guest;-48;74
4607;00:42:68:59:8b:fc;LU-Events;-52;74
4608;00:42:68:59:8b:fd;eduroam;-52;74
4609;00:42:68:59:8b:fe;LakeheadU;-53;74
4610;00:42:68:59:8b:fb;Free Tbaytel WiFi;-54;74
4611;00:42:68:59:8b:ff;LU-Guest;-55;74
4612;a4:6c:2a:d4:be:32;eduroam;-55;74
4613;a4:6c:2a:d4:be:34;Free Tbaytel WiFi;-56;74
4614;a4:6c:2a:d4:be:30;LU-Guest;-58;74
4615;a4:6c:2a:d4:be:33;LU-Events;-58;74
4616;a4:6c:2a:d4:be:31;LakeheadU;-58;74
4617;a4:6c:2a:d4:be:3b;Free Tbaytel WiFi;-63;74
4618;a4:6c:2a:d4:be:3f;LU-Guest;-63;74
4619;a4:6c:2a:d4:be:3d;eduroam;-63;74
4620;80:e0:1d:f6:a4:d2;eduroam;-63;74
4621;a4:6c:2a:d4:be:3c;LU-Events;-63;74
4622;a4:6c:2a:d4:be:3e;LakeheadU;-63;74
4623;80:e0:1d:f6:a4:d1;LakeheadU;-64;74
4624;e8:de:27:f8:06:78;TP-LINK_F80678_Xiaoping;-66;74
4625;aa:53:22:40:4f:80;NOSMConnect;-71;74
4626;ce:d7:19:24:c6:d5;LINKSYS-750-guest;-73;74
4627;ba:a3:32:e1:97:09;Xerox;-74;74
4628;c8:d7:19:24:c6:d5;LINKSYS-750;-74;74
4629;80:e0:1d:ee:3f:62;LU-Events;-76;74
4630;a4:6c:2a:d4:ba:50;LU-Guest;-76;74
4631;80:e0:1d:ee:3f:02;eduroam;-76;74
4632;80:e0:1d:ee:3f:64;eduroam;-77;74
4633;a4:6c:2a:d4:ba:54;Free Tbaytel WiFi;-77;74
4634;a4:6c:2a:d4:ba:51;LakeheadU;-77;74
4635;80:e0:1d:ee:3f:04;Free Tbaytel WiFi;-77;74
4636;a4:6c:2a:d4:ba:53;LU-Events;-77;74
4637;82:f2:e0:d1:f9:74;portthru;-78;74
4638;c0:c1:c0:8e:e8:c5;unavailable;-78;74
4639;a4:6c:2a:e0:1f:b1;LakeheadU;-78;74
4640;a4:6c:2a:e0:1f:b3;LU-Events;-79;74
4641;a4:6c:2a:e0:1f:b0;LU-Guest;-79;74
4642;a4:6c:2a:e0:1f:b2;eduroam;-80;74
4643;a4:6c:2a:e0:1f:b4;Free Tbaytel WiFi;-80;74
4644;80:e0:1d:ee:3f:03;LU-Events;-81;74
4645;80:e0:1d:f6:a4:dc;LU-Events;-81;74
4646;a4:6c:2a:d4:bf:13;LU-Events;-81;74
4647;80:e0:1d:ee:3f:01;LakeheadU;-81;74
4648;a4:6c:2a:d4:bf:1e;LakeheadU;-81;74
4649;80:e0:1d:f6:a4:de;LakeheadU;-82;74
4650;a4:6c:2a:d4:bf:1c;LU-Events;-82;74
4651;aa:53:22:40:4f:e8;NOSMConnect;-83;74
4652;80:e0:1d:f6:a5:13;LU-Events;-83;74
4653;80:e0:1d:ee:3f:6d;LU-Events;-84;74
4654;80:e0:1d:f6:a5:14;Free Tbaytel WiFi;-84;74
4655;80:e0:1d:c1:ea:a4;Free Tbaytel WiFi;-85;74
4656;a2:53:22:40:4e:04;NOSMSecure;-85;74
4657;a6:53:22:40:4e:04;eduroam;-85;74
4658;80:e0:1d:f6:a5:10;LU-Guest;-85;74
4659;aa:53:22:40:4e:04;NOSMConnect;-86;74
4660;ae:53:22:40:4e:04;NOSMConnect24;-87;74
4661;a4:6c:2a:d4:ba:5c;LU-Events;-87;74
4662;80:e0:1d:c1:ea:a3;LU-Events;-88;74
4663;a4:6c:2a:d4:ba:5f;LU-Guest;-88;74
4664;a4:6c:2a:d4:ba:5b;Free Tbaytel WiFi;-88;74
4665;9c:53:22:40:4f:81;TBAYTech;-89;74
4666;aa:53:22:40:4f:81;NOSMConnect;-89;74
4667;a4:6c:2a:d4:ba:5e;LakeheadU;-89;74
4668;a6:53:22:40:4f:81;eduroam;-90;74
4669;a2:53:22:40:4f:81;NOSMSecure;-90;74
4670;a6:53:22:40:4f:e8;eduroam;-86;75
4671;00:42:68:59:8b:fb;Free Tbaytel WiFi;-55;75
4672;e8:de:27:f8:06:78;TP-LINK_F80678_Xiaoping;-66;75
4673;c0:c1:c0:8e:e8:c5;unavailable;-83;75
4674;80:e0:1d:f6:a5:13;LU-Events;-85;75
4675;06:56:78:d0:60:49;EBF06ED2;-88;75
4676;a6:53:22:40:4f:81;eduroam;-92;75
4677;9c:53:22:40:4f:80;TBAYTech;-70;75
4678;80:e0:1d:ee:3f:0e;LakeheadU;-85;75
4679;a4:6c:2a:d4:ba:54;Free Tbaytel WiFi;-79;75
4680;80:e0:1d:ee:3f:0f;LU-Guest;-85;75
4681;a4:6c:2a:d4:ba:50;LU-Guest;-80;75
4682;80:e0:1d:ee:3f:0b;Free Tbaytel WiFi;-86;75
4683;a4:6c:2a:d4:ba:51;LakeheadU;-83;75
4684;80:e0:1d:ee:3f:0c;LU-Events;-85;75
4685;a4:6c:2a:d4:ba:52;eduroam;-80;75
4686;80:e0:1d:ee:3f:0d;eduroam;-86;75
4687;ba:a3:32:e1:97:09;Xerox;-66;75
4688;80:e0:1d:c1:ea:a3;LU-Events;-83;75
4689;80:e0:1d:c1:ea:a4;Free Tbaytel WiFi;-82;75
4690;a4:6c:2a:d4:ba:5c;LU-Events;-92;75
4691;a4:6c:2a:d4:ba:5e;LakeheadU;-91;75
4692;a4:6c:2a:d4:ba:5f;LU-Guest;-91;75
4693;a4:6c:2a:d4:ba:5b;Free Tbaytel WiFi;-91;75
4694;aa:53:22:40:4f:81;NOSMConnect;-92;75
4695;80:e0:1d:ee:3f:60;LakeheadU;-80;75
4696;a4:6c:2a:d4:bf:1c;LU-Events;-88;75
4697;a4:6c:2a:d4:be:3e;LakeheadU;-67;75
4698;a4:6c:2a:d4:be:3f;LU-Guest;-66;75
4699;a4:6c:2a:d4:be:3c;LU-Events;-67;75
4700;a4:6c:2a:d4:be:3d;eduroam;-67;75
4701;a4:6c:2a:d4:be:3b;Free Tbaytel WiFi;-67;75
4702;00:42:68:59:8b:f0;LU-Guest;-52;75
4703;00:42:68:59:8b:f4;Free Tbaytel WiFi;-52;75
4704;80:e0:1d:f6:a4:dc;LU-Events;-86;75
4705;a2:53:22:40:4f:81;NOSMSecure;-93;75
4706;80:e0:1d:f6:a4:d0;LU-Guest;-66;75
4707;80:e0:1d:f6:a4:d2;eduroam;-66;75
4708;80:e0:1d:f6:a4:d1;LakeheadU;-66;75
4709;80:e0:1d:f6:a4:d4;Free Tbaytel WiFi;-66;75
4710;80:e0:1d:f6:a4:d3;LU-Events;-66;75
4711;9c:53:22:40:4e:05;TBAYTech;-93;75
4712;aa:53:22:40:4e:05;NOSMConnect;-93;75
4713;82:f2:e0:d1:f9:74;portthru;-73;75
4714;a4:6c:2a:e0:1f:b3;LU-Events;-85;75
4715;a4:6c:2a:e0:1f:b0;LU-Guest;-84;75
4716;a4:6c:2a:e0:1f:b1;LakeheadU;-84;75
4717;a6:53:22:40:4f:e8;eduroam;-86;76
4718;00:42:68:59:8b:fb;Free Tbaytel WiFi;-55;76
4719;e8:de:27:f8:06:78;TP-LINK_F80678_Xiaoping;-66;76
4720;c0:c1:c0:8e:e8:c5;unavailable;-83;76
4721;80:e0:1d:f6:a5:13;LU-Events;-85;76
4722;06:56:78:d0:60:49;EBF06ED2;-88;76
4723;a6:53:22:40:4f:81;eduroam;-92;76
4724;9c:53:22:40:4f:80;TBAYTech;-70;76
4725;80:e0:1d:ee:3f:0e;LakeheadU;-85;76
4726;a4:6c:2a:d4:ba:54;Free Tbaytel WiFi;-79;76
4727;80:e0:1d:ee:3f:0f;LU-Guest;-85;76
4728;a4:6c:2a:d4:ba:50;LU-Guest;-80;76
4729;80:e0:1d:ee:3f:0b;Free Tbaytel WiFi;-86;76
4730;a4:6c:2a:d4:ba:51;LakeheadU;-83;76
4731;80:e0:1d:ee:3f:0c;LU-Events;-85;76
4732;a4:6c:2a:d4:ba:52;eduroam;-80;76
4733;80:e0:1d:ee:3f:0d;eduroam;-86;76
4734;ba:a3:32:e1:97:09;Xerox;-66;76
4735;80:e0:1d:c1:ea:a3;LU-Events;-83;76
4736;80:e0:1d:c1:ea:a4;Free Tbaytel WiFi;-82;76
4737;a4:6c:2a:d4:ba:5c;LU-Events;-92;76
4738;a4:6c:2a:d4:ba:5e;LakeheadU;-91;76
4739;a4:6c:2a:d4:ba:5f;LU-Guest;-91;76
4740;a4:6c:2a:d4:ba:5b;Free Tbaytel WiFi;-91;76
4741;aa:53:22:40:4f:81;NOSMConnect;-92;76
4742;80:e0:1d:ee:3f:60;LakeheadU;-80;76
4743;a4:6c:2a:d4:bf:1c;LU-Events;-88;76
4744;a4:6c:2a:d4:be:3e;LakeheadU;-67;76
4745;a4:6c:2a:d4:be:3f;LU-Guest;-66;76
4746;a4:6c:2a:d4:be:3c;LU-Events;-67;76
4747;a4:6c:2a:d4:be:3d;eduroam;-67;76
4748;a4:6c:2a:d4:be:3b;Free Tbaytel WiFi;-67;76
4749;00:42:68:59:8b:f0;LU-Guest;-52;76
4750;00:42:68:59:8b:f4;Free Tbaytel WiFi;-52;76
4751;80:e0:1d:f6:a4:dc;LU-Events;-86;76
4752;a2:53:22:40:4f:81;NOSMSecure;-93;76
4753;80:e0:1d:f6:a4:d0;LU-Guest;-66;76
4754;80:e0:1d:f6:a4:d2;eduroam;-66;76
4755;80:e0:1d:f6:a4:d1;LakeheadU;-66;76
4756;80:e0:1d:f6:a4:d4;Free Tbaytel WiFi;-66;76
4757;80:e0:1d:f6:a4:d3;LU-Events;-66;76
4758;9c:53:22:40:4e:05;TBAYTech;-93;76
4759;aa:53:22:40:4e:05;NOSMConnect;-93;76
4760;82:f2:e0:d1:f9:74;portthru;-73;76
4761;a4:6c:2a:e0:1f:b3;LU-Events;-85;76
4762;a4:6c:2a:e0:1f:b0;LU-Guest;-84;76
4763;a4:6c:2a:e0:1f:b1;LakeheadU;-84;76
4764;00:42:68:59:8b:ff;LU-Guest;-49;77
4765;00:42:68:59:8b:fc;LU-Events;-48;77
4766;00:42:68:59:8b:fb;Free Tbaytel WiFi;-52;77
4767;00:42:68:59:8b:fe;LakeheadU;-49;77
4768;00:42:68:59:8b:fd;eduroam;-49;77
4769;e8:de:27:f8:06:78;TP-LINK_F80678_Xiaoping;-83;77
4770;c0:c1:c0:8e:e8:c5;unavailable;-81;77
4771;ae:53:22:40:4e:04;NOSMConnect24;-82;77
4772;80:e0:1d:f6:a5:1b;Free Tbaytel WiFi;-93;77
4773;a2:53:22:40:4e:04;NOSMSecure;-83;77
4774;a2:53:22:40:4e:05;NOSMSecure;-90;77
4775;a6:53:22:40:4f:80;eduroam;-79;77
4776;80:e0:1d:ee:3f:01;LakeheadU;-84;77
4777;80:e0:1d:ee:3f:02;eduroam;-86;77
4778;80:e0:1d:ee:3f:03;LU-Events;-85;77
4779;80:e0:1d:ee:3f:04;Free Tbaytel WiFi;-85;77
4780;a4:6c:2a:d4:ba:53;LU-Events;-69;77
4781;a4:6c:2a:d4:ba:54;Free Tbaytel WiFi;-69;77
4782;a4:6c:2a:d4:ba:50;LU-Guest;-70;77
4783;a4:6c:2a:d4:ba:51;LakeheadU;-69;77
4784;a4:6c:2a:d4:ba:52;eduroam;-70;77
4785;ba:a3:32:e1:97:09;Xerox;-79;77
4786;a4:6c:2a:d4:ba:5c;LU-Events;-83;77
4787;a4:6c:2a:d4:ba:5d;eduroam;-83;77
4788;a4:6c:2a:d4:ba:5e;LakeheadU;-83;77
4789;a4:6c:2a:d4:ba:5f;LU-Guest;-82;77
4790;a4:6c:2a:d4:ba:5b;Free Tbaytel WiFi;-82;77
4791;aa:53:22:40:4f:80;NOSMConnect;-79;77
4792;80:e0:1d:ee:3f:63;Free Tbaytel WiFi;-69;77
4793;80:e0:1d:ee:3f:64;eduroam;-68;77
4794;80:e0:1d:ee:3f:60;LakeheadU;-69;77
4795;80:e0:1d:ee:3f:61;LU-Guest;-69;77
4796;a4:6c:2a:d4:bf:1f;LU-Guest;-78;77
4797;a4:6c:2a:d4:bf:1d;eduroam;-79;77
4798;a4:6c:2a:d4:bf:1e;LakeheadU;-79;77
4799;a4:6c:2a:d4:bf:1b;Free Tbaytel WiFi;-78;77
4800;a4:6c:2a:d4:bf:1c;LU-Events;-78;77
4801;a4:6c:2a:d4:be:3e;LakeheadU;-81;77
4802;a4:6c:2a:d4:be:3f;LU-Guest;-81;77
4803;a4:6c:2a:d4:be:3c;LU-Events;-82;77
4804;a4:6c:2a:d4:be:3d;eduroam;-82;77
4805;a4:6c:2a:d4:be:3b;Free Tbaytel WiFi;-82;77
4806;00:42:68:59:8b:f1;LakeheadU;-49;77
4807;00:42:68:59:8b:f0;LU-Guest;-48;77
4808;00:42:68:59:8b:f3;LU-Events;-48;77
4809;00:42:68:59:8b:f2;eduroam;-52;77
4810;00:42:68:59:8b:f4;Free Tbaytel WiFi;-49;77
4811;80:e0:1d:ee:3f:6c;Free Tbaytel WiFi;-73;77
4812;80:e0:1d:ee:3f:6d;LU-Events;-72;77
4813;80:e0:1d:ee:3f:6e;LU-Guest;-71;77
4814;80:e0:1d:ee:3f:6f;LakeheadU;-72;77
4815;80:e0:1d:ee:3f:6b;eduroam;-72;77
4816;9c:53:22:40:4e:05;TBAYTech;-91;77
4817;aa:53:22:40:4e:05;NOSMConnect;-91;77
4818;aa:53:22:40:4e:04;NOSMConnect;-84;77
4819;a6:53:22:40:4e:05;eduroam;-90;77
4820;a4:6c:2a:e0:1f:b4;Free Tbaytel WiFi;-84;77
4821;a4:6c:2a:d4:bf:13;LU-Events;-78;77
4822;a4:6c:2a:d4:be:34;Free Tbaytel WiFi;-68;77
4823;a4:6c:2a:d4:be:31;LakeheadU;-71;77
4824;a4:6c:2a:d4:be:32;eduroam;-68;77
4825;00:42:68:59:8b:f0;LU-Guest;-48;78
4826;00:42:68:59:8b:f3;LU-Events;-48;78
4827;00:42:68:59:8b:fc;LU-Events;-48;78
4828;00:42:68:59:8b:f4;Free Tbaytel WiFi;-49;78
4829;00:42:68:59:8b:f1;LakeheadU;-49;78
4830;00:42:68:59:8b:ff;LU-Guest;-49;78
4831;00:42:68:59:8b:fd;eduroam;-49;78
4832;00:42:68:59:8b:fe;LakeheadU;-49;78
4833;00:42:68:59:8b:fb;Free Tbaytel WiFi;-52;78
4834;00:42:68:59:8b:f2;eduroam;-52;78
4835;80:e0:1d:ee:3f:64;eduroam;-68;78
4836;a4:6c:2a:d4:be:34;Free Tbaytel WiFi;-68;78
4837;a4:6c:2a:d4:be:32;eduroam;-68;78
4838;a4:6c:2a:d4:ba:54;Free Tbaytel WiFi;-69;78
4839;a4:6c:2a:d4:ba:51;LakeheadU;-69;78
4840;80:e0:1d:ee:3f:60;LakeheadU;-69;78
4841;a4:6c:2a:d4:ba:53;LU-Events;-69;78
4842;80:e0:1d:ee:3f:61;LU-Guest;-69;78
4843;80:e0:1d:ee:3f:63;Free Tbaytel WiFi;-69;78
4844;a4:6c:2a:d4:ba:50;LU-Guest;-70;78
4845;a4:6c:2a:d4:ba:52;eduroam;-70;78
4846;a4:6c:2a:d4:be:31;LakeheadU;-71;78
4847;80:e0:1d:ee:3f:6e;LU-Guest;-71;78
4848;80:e0:1d:ee:3f:6f;LakeheadU;-72;78
4849;80:e0:1d:ee:3f:6b;eduroam;-72;78
4850;80:e0:1d:ee:3f:6d;LU-Events;-72;78
4851;80:e0:1d:ee:3f:6c;Free Tbaytel WiFi;-73;78
4852;a4:6c:2a:d4:bf:1c;LU-Events;-78;78
4853;a4:6c:2a:d4:bf:13;LU-Events;-78;78
4854;a4:6c:2a:d4:bf:1f;LU-Guest;-78;78
4855;a4:6c:2a:d4:bf:1b;Free Tbaytel WiFi;-78;78
4856;ba:a3:32:e1:97:09;Xerox;-79;78
4857;a6:53:22:40:4f:80;eduroam;-79;78
4858;aa:53:22:40:4f:80;NOSMConnect;-79;78
4859;a4:6c:2a:d4:bf:1d;eduroam;-79;78
4860;a4:6c:2a:d4:bf:1e;LakeheadU;-79;78
4861;a4:6c:2a:d4:be:3f;LU-Guest;-81;78
4862;c0:c1:c0:8e:e8:c5;unavailable;-81;78
4863;a4:6c:2a:d4:be:3e;LakeheadU;-81;78
4864;a4:6c:2a:d4:be:3b;Free Tbaytel WiFi;-82;78
4865;a4:6c:2a:d4:be:3d;eduroam;-82;78
4866;a4:6c:2a:d4:be:3c;LU-Events;-82;78
4867;a4:6c:2a:d4:ba:5f;LU-Guest;-82;78
4868;a4:6c:2a:d4:ba:5b;Free Tbaytel WiFi;-82;78
4869;ae:53:22:40:4e:04;NOSMConnect24;-82;78
4870;e8:de:27:f8:06:78;TP-LINK_F80678_Xiaoping;-83;78
4871;a4:6c:2a:d4:ba:5c;LU-Events;-83;78
4872;a4:6c:2a:d4:ba:5e;LakeheadU;-83;78
4873;a2:53:22:40:4e:04;NOSMSecure;-83;78
4874;a4:6c:2a:d4:ba:5d;eduroam;-83;78
4875;80:e0:1d:ee:3f:01;LakeheadU;-84;78
4876;a4:6c:2a:e0:1f:b4;Free Tbaytel WiFi;-84;78
4877;aa:53:22:40:4e:04;NOSMConnect;-84;78
4878;80:e0:1d:ee:3f:04;Free Tbaytel WiFi;-85;78
4879;80:e0:1d:ee:3f:03;LU-Events;-85;78
4880;80:e0:1d:ee:3f:02;eduroam;-86;78
4881;a6:53:22:40:4e:05;eduroam;-90;78
4882;a2:53:22:40:4e:05;NOSMSecure;-90;78
4883;9c:53:22:40:4e:05;TBAYTech;-91;78
4884;aa:53:22:40:4e:05;NOSMConnect;-91;78
4885;80:e0:1d:f6:a5:1b;Free Tbaytel WiFi;-93;78
4886;ae:53:22:40:4f:80;NOSMConnect24;-76;79
4887;00:42:68:59:8b:ff;LU-Guest;-58;79
4888;00:42:68:59:8b:fc;LU-Events;-58;79
4889;00:42:68:59:8b:fb;Free Tbaytel WiFi;-61;79
4890;00:42:68:59:8b:fe;LakeheadU;-57;79
4891;00:42:68:59:8b:fd;eduroam;-57;79
4892;e8:de:27:f8:06:78;TP-LINK_F80678_Xiaoping;-82;79
4893;a2:53:22:40:4e:04;NOSMSecure;-78;79
4894;a2:53:22:40:4e:05;NOSMSecure;-92;79
4895;a6:53:22:40:4f:80;eduroam;-76;79
4896;a4:6c:2a:d4:ba:53;LU-Events;-69;79
4897;a4:6c:2a:d4:ba:54;Free Tbaytel WiFi;-60;79
4898;a4:6c:2a:d4:ba:50;LU-Guest;-61;79
4899;a4:6c:2a:d4:ba:51;LakeheadU;-60;79
4900;a4:6c:2a:d4:ba:52;eduroam;-61;79
4901;ba:a3:32:e1:97:09;Xerox;-89;79
4902;a4:6c:2a:d4:ba:5c;LU-Events;-73;79
4903;a4:6c:2a:d4:ba:5d;eduroam;-74;79
4904;a4:6c:2a:d4:ba:5e;LakeheadU;-74;79
4905;a4:6c:2a:d4:ba:5f;LU-Guest;-73;79
4906;a4:6c:2a:d4:ba:5b;Free Tbaytel WiFi;-72;79
4907;aa:53:22:40:4f:80;NOSMConnect;-76;79
4908;80:e0:1d:ee:3f:63;Free Tbaytel WiFi;-60;79
4909;80:e0:1d:ee:3f:64;eduroam;-60;79
4910;80:e0:1d:ee:3f:60;LakeheadU;-60;79
4911;80:e0:1d:ee:3f:61;LU-Guest;-60;79
4912;80:e0:1d:ee:3f:62;LU-Events;-60;79
4913;a4:6c:2a:d4:bf:1f;LU-Guest;-82;79
4914;a4:6c:2a:d4:bf:1d;eduroam;-83;79
4915;a4:6c:2a:d4:bf:1e;LakeheadU;-82;79
4916;a4:6c:2a:d4:bf:1b;Free Tbaytel WiFi;-83;79
4917;a4:6c:2a:d4:bf:1c;LU-Events;-83;79
4918;a4:6c:2a:d4:be:3e;LakeheadU;-86;79
4919;a4:6c:2a:d4:be:3f;LU-Guest;-86;79
4920;a4:6c:2a:d4:be:3c;LU-Events;-86;79
4921;a4:6c:2a:d4:be:3d;eduroam;-86;79
4922;a4:6c:2a:d4:be:3b;Free Tbaytel WiFi;-86;79
4923;00:42:68:59:8b:f1;LakeheadU;-61;79
4924;00:42:68:59:8b:f0;LU-Guest;-61;79
4925;00:42:68:59:8b:f3;LU-Events;-61;79
4926;00:42:68:59:8b:f2;eduroam;-61;79
4927;00:42:68:59:8b:f4;Free Tbaytel WiFi;-62;79
4928;a2:53:22:40:4f:80;NOSMSecure;-75;79
4929;80:e0:1d:ee:3f:6c;Free Tbaytel WiFi;-73;79
4930;80:e0:1d:ee:3f:6d;LU-Events;-71;79
4931;80:e0:1d:ee:3f:6e;LU-Guest;-72;79
4932;80:e0:1d:f6:a4:d0;LU-Guest;-80;79
4933;80:e0:1d:ee:3f:6f;LakeheadU;-72;79
4934;80:e0:1d:f6:a4:d2;eduroam;-79;79
4935;80:e0:1d:f6:a4:d4;Free Tbaytel WiFi;-79;79
4936;80:e0:1d:ee:3f:6b;eduroam;-72;79
4937;80:e0:1d:f6:a4:d3;LU-Events;-79;79
4938;9c:53:22:40:4e:05;TBAYTech;-93;79
4939;82:f2:e0:d1:f9:74;portthru;-82;79
4940;6c:5a:b0:3d:73:c1;Quanser_UVS;-93;79
4941;a6:53:22:40:4e:05;eduroam;-92;79
4942;a4:6c:2a:d4:bf:14;Free Tbaytel WiFi;-73;79
4943;a4:6c:2a:d4:bf:12;eduroam;-73;79
4944;a4:6c:2a:d4:bf:13;LU-Events;-73;79
4945;a4:6c:2a:d4:bf:10;LU-Guest;-73;79
4946;a4:6c:2a:d4:bf:11;LakeheadU;-73;79
4947;a4:6c:2a:d4:be:30;LU-Guest;-69;79
4948;a4:6c:2a:d4:be:34;Free Tbaytel WiFi;-69;79
4949;a4:6c:2a:d4:be:31;LakeheadU;-69;79
4950;a4:6c:2a:d4:be:32;eduroam;-69;79
4951;ae:53:22:40:4f:80;NOSMConnect24;-76;80
4952;00:42:68:59:8b:ff;LU-Guest;-58;80
4953;00:42:68:59:8b:fc;LU-Events;-58;80
4954;00:42:68:59:8b:fb;Free Tbaytel WiFi;-61;80
4955;00:42:68:59:8b:fe;LakeheadU;-57;80
4956;00:42:68:59:8b:fd;eduroam;-57;80
4957;e8:de:27:f8:06:78;TP-LINK_F80678_Xiaoping;-82;80
4958;a2:53:22:40:4e:04;NOSMSecure;-78;80
4959;a2:53:22:40:4e:05;NOSMSecure;-92;80
4960;a6:53:22:40:4f:80;eduroam;-76;80
4961;a4:6c:2a:d4:ba:53;LU-Events;-69;80
4962;a4:6c:2a:d4:ba:54;Free Tbaytel WiFi;-60;80
4963;a4:6c:2a:d4:ba:50;LU-Guest;-61;80
4964;a4:6c:2a:d4:ba:51;LakeheadU;-60;80
4965;a4:6c:2a:d4:ba:52;eduroam;-61;80
4966;ba:a3:32:e1:97:09;Xerox;-89;80
4967;a4:6c:2a:d4:ba:5c;LU-Events;-73;80
4968;a4:6c:2a:d4:ba:5d;eduroam;-74;80
4969;a4:6c:2a:d4:ba:5e;LakeheadU;-74;80
4970;a4:6c:2a:d4:ba:5f;LU-Guest;-73;80
4971;a4:6c:2a:d4:ba:5b;Free Tbaytel WiFi;-72;80
4972;aa:53:22:40:4f:80;NOSMConnect;-76;80
4973;80:e0:1d:ee:3f:63;Free Tbaytel WiFi;-60;80
4974;80:e0:1d:ee:3f:64;eduroam;-60;80
4975;80:e0:1d:ee:3f:60;LakeheadU;-60;80
4976;80:e0:1d:ee:3f:61;LU-Guest;-60;80
4977;80:e0:1d:ee:3f:62;LU-Events;-60;80
4978;a4:6c:2a:d4:bf:1f;LU-Guest;-82;80
4979;a4:6c:2a:d4:bf:1d;eduroam;-83;80
4980;a4:6c:2a:d4:bf:1e;LakeheadU;-82;80
4981;a4:6c:2a:d4:bf:1b;Free Tbaytel WiFi;-83;80
4982;a4:6c:2a:d4:bf:1c;LU-Events;-83;80
4983;a4:6c:2a:d4:be:3e;LakeheadU;-86;80
4984;a4:6c:2a:d4:be:3f;LU-Guest;-86;80
4985;a4:6c:2a:d4:be:3c;LU-Events;-86;80
4986;a4:6c:2a:d4:be:3d;eduroam;-86;80
4987;a4:6c:2a:d4:be:3b;Free Tbaytel WiFi;-86;80
4988;00:42:68:59:8b:f1;LakeheadU;-61;80
4989;00:42:68:59:8b:f0;LU-Guest;-61;80
4990;00:42:68:59:8b:f3;LU-Events;-61;80
4991;00:42:68:59:8b:f2;eduroam;-61;80
4992;00:42:68:59:8b:f4;Free Tbaytel WiFi;-62;80
4993;a2:53:22:40:4f:80;NOSMSecure;-75;80
4994;80:e0:1d:ee:3f:6c;Free Tbaytel WiFi;-73;80
4995;80:e0:1d:ee:3f:6d;LU-Events;-71;80
4996;80:e0:1d:ee:3f:6e;LU-Guest;-72;80
4997;80:e0:1d:f6:a4:d0;LU-Guest;-80;80
4998;80:e0:1d:ee:3f:6f;LakeheadU;-72;80
4999;80:e0:1d:f6:a4:d2;eduroam;-79;80
5000;80:e0:1d:f6:a4:d4;Free Tbaytel WiFi;-79;80
5001;80:e0:1d:ee:3f:6b;eduroam;-72;80
5002;80:e0:1d:f6:a4:d3;LU-Events;-79;80
5003;9c:53:22:40:4e:05;TBAYTech;-93;80
5004;82:f2:e0:d1:f9:74;portthru;-82;80
5005;6c:5a:b0:3d:73:c1;Quanser_UVS;-93;80
5006;a6:53:22:40:4e:05;eduroam;-92;80
5007;a4:6c:2a:d4:bf:14;Free Tbaytel WiFi;-73;80
5008;a4:6c:2a:d4:bf:12;eduroam;-73;80
5009;a4:6c:2a:d4:bf:13;LU-Events;-73;80
5010;a4:6c:2a:d4:bf:10;LU-Guest;-73;80
5011;a4:6c:2a:d4:bf:11;LakeheadU;-73;80
5012;a4:6c:2a:d4:be:30;LU-Guest;-69;80
5013;a4:6c:2a:d4:be:34;Free Tbaytel WiFi;-69;80
5014;a4:6c:2a:d4:be:31;LakeheadU;-69;80
5015;a4:6c:2a:d4:be:32;eduroam;-69;80
5016;ac:7a:56:c8:62:00;LakeheadU;-85;81
5017;ac:7a:56:c8:62:01;LU-Events;-85;81
5018;ac:7a:56:c8:62:03;LU-Guest;-85;81
5019;80:e0:1d:e6:7b:31;LakeheadU;-85;81
5020;80:e0:1d:e6:7b:34;Free Tbaytel WiFi;-87;81
5021;ac:7a:56:c8:62:08;eduroam;-86;81
5022;ac:7a:56:c8:62:07;eduroam;-92;81
5023;00:42:68:59:8b:ff;LU-Guest;-72;81
5024;00:42:68:59:8b:fc;LU-Events;-72;81
5025;00:42:68:59:8b:fb;Free Tbaytel WiFi;-68;81
5026;00:42:68:59:8b:fe;LakeheadU;-72;81
5027;00:42:68:59:8b:fd;eduroam;-72;81
5028;c8:d7:19:24:c6:d5;LINKSYS-750;-92;81
5029;ae:53:22:40:4e:04;NOSMConnect24;-78;81
5030;a2:53:22:40:4e:04;NOSMSecure;-77;81
5031;a2:53:22:40:4e:05;NOSMSecure;-87;81
5032;a4:6c:2a:d4:ba:53;LU-Events;-60;81
5033;a4:6c:2a:d4:ba:54;Free Tbaytel WiFi;-59;81
5034;a4:6c:2a:d4:ba:50;LU-Guest;-60;81
5035;a4:6c:2a:d4:ba:51;LakeheadU;-59;81
5036;a4:6c:2a:d4:ba:52;eduroam;-59;81
5037;ba:a3:32:e1:97:09;Xerox;-87;81
5038;a4:6c:2a:d4:ba:5c;LU-Events;-86;81
5039;a4:6c:2a:d4:ba:5e;LakeheadU;-86;81
5040;a4:6c:2a:d4:ba:5f;LU-Guest;-86;81
5041;a4:6c:2a:d4:ba:5b;Free Tbaytel WiFi;-85;81
5042;aa:53:22:40:4f:80;NOSMConnect;-83;81
5043;80:e0:1d:ee:3f:63;Free Tbaytel WiFi;-59;81
5044;80:e0:1d:ee:3f:64;eduroam;-59;81
5045;80:e0:1d:ee:3f:60;LakeheadU;-58;81
5046;80:e0:1d:ee:3f:61;LU-Guest;-57;81
5047;80:e0:1d:ee:3f:62;LU-Events;-59;81
5048;a4:6c:2a:d4:bf:1f;LU-Guest;-69;81
5049;a4:6c:2a:d4:bf:1d;eduroam;-69;81
5050;a4:6c:2a:d4:bf:1e;LakeheadU;-70;81
5051;a4:6c:2a:d4:bf:1b;Free Tbaytel WiFi;-69;81
5052;a4:6c:2a:d4:bf:1c;LU-Events;-70;81
5053;a4:6c:2a:d4:be:3e;LakeheadU;-89;81
5054;a4:6c:2a:d4:be:3f;LU-Guest;-89;81
5055;a4:6c:2a:d4:be:3c;LU-Events;-88;81
5056;a4:6c:2a:d4:be:3d;eduroam;-88;81
5057;a4:6c:2a:d4:be:3b;Free Tbaytel WiFi;-88;81
5058;00:42:68:59:8b:f1;LakeheadU;-63;81
5059;00:42:68:59:8b:f0;LU-Guest;-63;81
5060;00:42:68:59:8b:f2;eduroam;-64;81
5061;00:42:68:59:8b:f4;Free Tbaytel WiFi;-64;81
5062;a2:53:22:40:4f:80;NOSMSecure;-82;81
5063;80:e0:1d:ee:3f:6c;Free Tbaytel WiFi;-67;81
5064;80:e0:1d:ee:3f:6d;LU-Events;-66;81
5065;80:e0:1d:ee:3f:6e;LU-Guest;-67;81
5066;80:e0:1d:ee:3f:6f;LakeheadU;-66;81
5067;80:e0:1d:ee:3f:6b;eduroam;-66;81
5068;9c:53:22:40:4e:05;TBAYTech;-88;81
5069;9c:53:22:40:4e:04;TBAYTech;-79;81
5070;aa:53:22:40:4e:05;NOSMConnect;-89;81
5071;aa:53:22:40:4e:04;NOSMConnect;-78;81
5072;82:f2:e0:d1:f9:74;portthru;-78;81
5073;a6:53:22:40:4e:05;eduroam;-88;81
5074;a6:53:22:40:4e:04;eduroam;-79;81
5075;a4:6c:2a:d4:bf:14;Free Tbaytel WiFi;-65;81
5076;a4:6c:2a:d4:bf:12;eduroam;-64;81
5077;a4:6c:2a:d4:bf:13;LU-Events;-65;81
5078;a4:6c:2a:d4:bf:10;LU-Guest;-66;81
5079;a4:6c:2a:d4:bf:11;LakeheadU;-64;81
5080;a4:6c:2a:d4:be:30;LU-Guest;-80;81
5081;a4:6c:2a:d4:be:32;eduroam;-79;81
5082;80:e0:1d:ee:3f:00;LU-Guest;-46;82
5083;80:e0:1d:ee:3f:04;Free Tbaytel WiFi;-47;82
5084;80:e0:1d:ee:3f:02;eduroam;-47;82
5085;80:e0:1d:ee:3f:01;LakeheadU;-47;82
5086;80:e0:1d:ee:3f:03;LU-Events;-47;82
5087;80:e0:1d:ee:3f:0e;LakeheadU;-56;82
5088;80:e0:1d:ac:8b:04;Free Tbaytel WiFi;-56;82
5089;80:e0:1d:ac:8b:02;eduroam;-56;82
5090;80:e0:1d:ee:3f:0b;Free Tbaytel WiFi;-56;82
5091;80:e0:1d:ac:8b:01;LakeheadU;-56;82
5092;80:e0:1d:ac:8b:03;LU-Events;-56;82
5093;80:e0:1d:ee:3f:0c;LU-Events;-56;82
5094;80:e0:1d:ee:3f:0d;eduroam;-57;82
5095;80:e0:1d:ac:8b:00;LU-Guest;-57;82
5096;80:e0:1d:ee:3f:0f;LU-Guest;-57;82
5097;9c:53:22:40:4f:e8;TBAYTech;-60;82
5098;a4:6c:2a:d3:f2:84;Free Tbaytel WiFi;-61;82
5099;a4:6c:2a:d3:f2:82;eduroam;-61;82
5100;a4:6c:2a:d3:f2:81;LakeheadU;-61;82
5101;a4:6c:2a:d3:f2:83;LU-Events;-61;82
5102;ae:53:22:40:4f:e8;NOSMConnect24;-61;82
5103;a6:53:22:40:4f:e8;eduroam;-61;82
5104;a4:6c:2a:d3:f2:80;LU-Guest;-62;82
5105;aa:53:22:40:4f:e8;NOSMConnect;-62;82
5106;80:e0:1d:ac:8b:0e;LakeheadU;-64;82
5107;80:e0:1d:f6:a4:d0;LU-Guest;-64;82
5108;a4:6c:2a:d4:be:32;eduroam;-64;82
5109;80:e0:1d:f6:a4:d4;Free Tbaytel WiFi;-64;82
5110;80:e0:1d:ac:8b:0f;LU-Guest;-65;82
5111;80:e0:1d:ac:8b:0d;eduroam;-65;82
5112;80:e0:1d:ac:8b:0c;LU-Events;-65;82
5113;80:e0:1d:ac:8b:0b;Free Tbaytel WiFi;-66;82
5114;aa:53:22:40:4f:7a;NOSMConnect;-68;82
5115;9c:53:22:40:4f:7a;TBAYTech;-68;82
5116;a4:6c:2a:d4:be:34;Free Tbaytel WiFi;-71;82
5117;ca:5a:b0:3d:73:c3;;-71;82
5118;a4:6c:2a:d4:be:30;LU-Guest;-71;82
5119;80:e0:1d:f6:a5:12;eduroam;-73;82
5120;82:f2:e0:d1:f9:74;portthru;-74;82
5121;80:e0:1d:f6:a5:11;LakeheadU;-74;82
5122;a4:6c:2a:d4:be:3b;Free Tbaytel WiFi;-75;82
5123;a4:6c:2a:d4:be:3d;eduroam;-75;82
5124;ce:d7:19:24:c6:d5;LINKSYS-750-guest;-75;82
5125;ba:a3:32:e1:97:09;Xerox;-75;82
5126;a4:6c:2a:d4:be:3e;LakeheadU;-75;82
5127;a4:6c:2a:d4:be:3c;LU-Events;-75;82
5128;a4:6c:2a:d4:ba:43;LU-Events;-76;82
5129;80:e0:1d:f6:a5:13;LU-Events;-76;82
5130;00:42:68:59:8b:fd;eduroam;-76;82
5131;6c:5a:b0:3d:73:c1;Quanser_UVS;-76;82
5132;9c:53:22:40:4f:80;TBAYTech;-77;82
5133;80:e0:1d:f6:a5:14;Free Tbaytel WiFi;-78;82
5134;80:e0:1d:e6:79:d0;LU-Guest;-79;82
5135;80:e0:1d:f6:a5:1b;Free Tbaytel WiFi;-80;82
5136;80:e0:1d:f6:a5:1f;LU-Guest;-80;82
5137;80:e0:1d:f6:a5:1d;eduroam;-80;82
5138;80:e0:1d:f6:a5:1e;LakeheadU;-80;82
5139;80:e0:1d:f6:a5:1c;LU-Events;-80;82
5140;a4:6c:2a:d3:f2:8b;Free Tbaytel WiFi;-81;82
5141;80:e0:1d:f6:a4:df;LU-Guest;-81;82
5142;a4:6c:2a:d4:bb:02;eduroam;-81;82
5143;c0:c1:c0:8e:e8:c5;unavailable;-81;82
5144;80:e0:1d:f6:a4:dd;eduroam;-81;82
5145;80:e0:1d:f6:a4:db;Free Tbaytel WiFi;-82;82
5146;a4:6c:2a:d4:bb:04;Free Tbaytel WiFi;-82;82
5147;a4:6c:2a:d4:bb:01;LakeheadU;-82;82
5148;a4:6c:2a:d4:bb:03;LU-Events;-82;82
5149;80:e0:1d:f6:a4:de;LakeheadU;-82;82
5150;80:e0:1d:f6:a4:dc;LU-Events;-82;82
5151;9c:53:22:40:4f:e9;TBAYTech;-83;82
5152;aa:53:22:40:4f:e9;NOSMConnect;-83;82
5153;a6:53:22:40:4f:e9;eduroam;-83;82
5154;a2:53:22:40:4f:e9;NOSMSecure;-83;82
5155;7e:a7:b0:c5:e9:67;DIRECT-cfLexmark Cheetah M-67e9;-84;82
5156;80:e0:1d:e6:79:db;Free Tbaytel WiFi;-85;82
5157;80:e0:1d:e6:79:df;LU-Guest;-86;82
5158;e8:de:27:f8:06:78;TP-LINK_F80678_Xiaoping;-86;82
5159;00:42:68:59:8b:ff;LU-Guest;-87;82
5160;00:42:68:59:8b:fb;Free Tbaytel WiFi;-88;82
5161;00:42:68:59:8b:fe;LakeheadU;-88;82
5162;a4:6c:2a:d3:f2:8c;LU-Events;-89;82
5163;a4:6c:2a:d3:f2:8d;eduroam;-89;82
5164;a4:6c:2a:d3:f2:8e;LakeheadU;-89;82
5165;00:42:68:59:8b:fc;LU-Events;-89;82
5166;80:e0:1d:e6:79:dc;LU-Events;-89;82
5167;a4:6c:2a:d3:f2:8f;LU-Guest;-90;82
5168;80:e0:1d:ee:3f:6d;LU-Events;-91;82
