id;BSSID;SSID;AvgRSSI;LocationID
84;a4:6c:2a:d4:bf:1b;Free Tbaytel WiFi;-63;2
85;a4:6c:2a:d4:bf:11;LakeheadU;-64;2
86;a4:6c:2a:d4:bf:10;LU-Guest;-65;2
87;a4:6c:2a:d4:bf:14;Free Tbaytel WiFi;-65;2
88;a4:6c:2a:d4:bf:12;eduroam;-65;2
89;a4:6c:2a:d4:bf:13;LU-Events;-65;2
90;a4:6c:2a:d4:bf:1f;LU-Guest;-70;2
91;a4:6c:2a:d4:bf:1c;LU-Events;-70;2
92;a4:6c:2a:d4:bf:1d;eduroam;-71;2
93;a4:6c:2a:d4:bf:1e;LakeheadU;-71;2
94;00:42:68:59:8b:f4;Free Tbaytel WiFi;-72;2
95;00:42:68:59:8b:fb;Free Tbaytel WiFi;-72;2
96;00:42:68:59:8b:fc;LU-Events;-72;2
97;00:42:68:59:8b:f0;LU-Guest;-73;2
98;00:42:68:59:8b:f1;LakeheadU;-73;2
99;00:42:68:59:8b:f2;eduroam;-73;2
100;a4:6c:2a:d4:ba:50;LU-Guest;-73;2
101;a4:6c:2a:d4:ba:54;Free Tbaytel WiFi;-73;2
102;a4:6c:2a:d4:ba:52;eduroam;-73;2
103;00:42:68:59:8b:fe;LakeheadU;-73;2
104;00:42:68:59:8b:ff;LU-Guest;-73;2
105;00:42:68:59:8b:fd;eduroam;-73;2
106;a4:6c:2a:d4:ba:51;LakeheadU;-74;2
107;a4:6c:2a:d4:ba:53;LU-Events;-74;2
108;00:42:68:59:8b:f3;LU-Events;-74;2
109;ac:7a:56:c8:62:07;Free Tbaytel WiFi;-76;2
110;ac:7a:56:c8:62:01;LU-Events;-76;2
111;ac:7a:56:c8:62:02;;-76;2
112;ac:7a:56:c8:62:03;LU-Guest;-76;2
113;80:e0:1d:ee:3f:63;Free Tbaytel WiFi;-78;2
114;ac:7a:56:c8:62:0d;;-78;2
115;ac:7a:56:c8:62:0e;LU-Events;-79;2
116;ac:7a:56:c8:62:0f;LakeheadU;-79;2
117;a4:6c:2a:d4:be:31;LakeheadU;-80;2
118;a2:53:22:40:4e:04;NOSMSecure;-80;2
119;a4:6c:2a:d4:be:34;Free Tbaytel WiFi;-80;2
120;ac:7a:56:c8:62:0c;LU-Guest;-80;2
121;ac:7a:56:c8:62:08;Free Tbaytel WiFi;-80;2
122;ac:7a:56:c8:62:07;eduroam;-80;2
123;80:e0:1d:ee:3f:6b;eduroam;-80;2
124;a6:53:22:40:4e:04;eduroam;-81;2
125;a4:6c:2a:d4:be:30;LU-Guest;-81;2
126;80:e0:1d:ee:3f:6c;Free Tbaytel WiFi;-81;2
127;80:e0:1d:ee:3f:6f;LakeheadU;-81;2
128;80:e0:1d:ee:3f:6d;LU-Events;-81;2
129;a2:53:22:40:4e:05;NOSMSecure;-82;2
130;9c:53:22:40:4e:05;TBAYTech;-82;2
131;aa:53:22:40:4e:05;NOSMConnect;-82;2
132;a4:6c:2a:d4:be:32;eduroam;-82;2
133;a4:6c:2a:d4:be:33;LU-Events;-82;2
134;80:e0:1d:ee:3f:6e;LU-Guest;-82;2
135;a6:53:22:40:4e:05;eduroam;-83;2
136;ae:53:22:40:4e:04;NOSMConnect24;-83;2
137;80:e0:1d:ee:3f:60;LakeheadU;-84;2
138;80:e0:1d:ee:3f:61;LU-Guest;-84;2
139;80:e0:1d:e6:79:dd;eduroam;-86;2
140;80:e0:1d:ee:40:54;Free Tbaytel WiFi;-87;2
141;80:e0:1d:e6:79:db;Free Tbaytel WiFi;-87;2
142;80:e0:1d:ee:40:50;LU-Guest;-88;2
143;80:e0:1d:ee:40:53;LU-Events;-88;2
144;80:e0:1d:e6:79:df;LU-Guest;-88;2
145;80:e0:1d:e6:79:dc;LU-Events;-88;2
146;82:f2:e0:d1:f9:74;portthru;-89;2
147;80:e0:1d:ee:40:50;LU-Guest;-83;3
148;80:e0:1d:ee:40:52;eduroam;-83;3
149;80:e0:1d:ee:40:51;LakeheadU;-82;3
150;80:e0:1d:ee:40:54;Free Tbaytel WiFi;-81;3
151;80:e0:1d:ee:40:53;LU-Events;-82;3
152;a4:6c:2a:d4:ba:53;LU-Events;-89;3
153;a4:6c:2a:d4:ba:54;Free Tbaytel WiFi;-88;3
154;ac:7a:56:c8:62:0f;LakeheadU;-81;3
155;ac:7a:56:c8:62:0a;;-83;3
156;ac:7a:56:c8:62:0d;;-84;3
157;ac:7a:56:c8:62:0e;LU-Events;-81;3
158;ac:7a:56:c8:62:0b;;-83;3
159;ac:7a:56:c8:62:0c;LU-Guest;-81;3
160;ac:7a:56:c8:62:08;Free Tbaytel WiFi;-83;3
161;ac:7a:56:c8:62:07;eduroam;-82;3
162;a4:6c:2a:d4:bf:1f;LU-Guest;-52;3
163;a4:6c:2a:d4:bf:1d;eduroam;-52;3
164;a4:6c:2a:d4:bf:1e;LakeheadU;-52;3
165;a4:6c:2a:d4:bf:1b;Free Tbaytel WiFi;-53;3
166;a4:6c:2a:d4:bf:1c;LU-Events;-54;3
167;80:e0:1d:e6:79:db;Free Tbaytel WiFi;-85;3
168;00:42:68:59:8b:f4;Free Tbaytel WiFi;-87;3
169;80:e0:1d:e6:79:df;LU-Guest;-84;3
170;80:e0:1d:e6:79:dd;eduroam;-85;3
171;80:e0:1d:e6:79:dc;LU-Events;-85;3
172;80:e0:1d:ee:3f:6c;Free Tbaytel WiFi;-87;3
173;80:e0:1d:ee:3f:6d;LU-Events;-87;3
174;80:e0:1d:ee:3f:6e;LU-Guest;-88;3
175;aa:53:22:40:4e:05;NOSMConnect;-93;3
176;82:f2:e0:d1:f9:74;portthru;-91;3
177;a6:53:22:40:4e:05;eduroam;-93;3
178;a4:6c:2a:d4:bf:14;Free Tbaytel WiFi;-51;3
179;a4:6c:2a:d4:bf:12;eduroam;-51;3
180;a4:6c:2a:d4:bf:13;LU-Events;-51;3
181;a4:6c:2a:d4:bf:10;LU-Guest;-52;3
182;a4:6c:2a:d4:bf:11;LakeheadU;-51;3
183;a2:53:22:40:4e:05;NOSMSecure;-92;4
184;a6:53:22:40:4f:7a;eduroam;-87;4
185;80:e0:1d:ee:40:54;Free Tbaytel WiFi;-83;4
186;80:e0:1d:ee:40:53;LU-Events;-88;4
187;a4:6c:2a:d4:ba:53;LU-Events;-81;4
188;a4:6c:2a:d4:ba:54;Free Tbaytel WiFi;-80;4
189;a4:6c:2a:d4:ba:50;LU-Guest;-81;4
190;ac:7a:56:c8:62:0f;LakeheadU;-84;4
191;ac:7a:56:c8:62:0d;;-84;4
192;ac:7a:56:c8:62:0e;LU-Events;-84;4
193;ac:7a:56:c8:62:0b;;-84;4
194;ac:7a:56:c8:62:0c;LU-Guest;-84;4
195;ac:7a:56:c8:62:00;LakeheadU;-81;4
196;ac:7a:56:c8:62:03;LU-Guest;-80;4
197;00:42:68:59:8b:ff;LU-Guest;-87;4
198;00:42:68:59:8b:fc;LU-Events;-86;4
199;00:42:68:59:8b:fb;Free Tbaytel WiFi;-87;4
200;00:42:68:59:8b:fe;LakeheadU;-88;4
201;80:e0:1d:ee:3f:63;Free Tbaytel WiFi;-77;4
202;80:e0:1d:ee:3f:64;eduroam;-77;4
203;80:e0:1d:ee:3f:60;LakeheadU;-77;4
204;80:e0:1d:ee:3f:61;LU-Guest;-77;4
205;80:e0:1d:ee:3f:62;LU-Events;-76;4
206;a4:6c:2a:d4:bf:1f;LU-Guest;-40;4
207;a4:6c:2a:d4:bf:1d;eduroam;-40;4
208;a4:6c:2a:d4:bf:1e;LakeheadU;-39;4
209;a4:6c:2a:d4:bf:1b;Free Tbaytel WiFi;-49;4
210;a4:6c:2a:d4:bf:1c;LU-Events;-39;4
211;80:e0:1d:e6:79:d2;eduroam;-74;4
212;80:e0:1d:e6:79:d1;LakeheadU;-74;4
213;80:e0:1d:e6:79:d0;LU-Guest;-74;4
214;80:e0:1d:e6:79:d4;Free Tbaytel WiFi;-75;4
215;80:e0:1d:e6:79:d3;LU-Events;-74;4
216;00:42:68:59:8b:f0;LU-Guest;-77;4
217;80:e0:1d:e6:79:db;Free Tbaytel WiFi;-79;4
218;80:e0:1d:e6:79:df;LU-Guest;-79;4
219;80:e0:1d:e6:79:de;LakeheadU;-78;4
220;80:e0:1d:e6:79:dd;eduroam;-79;4
221;80:e0:1d:e6:79:dc;LU-Events;-78;4
222;80:e0:1d:ee:3f:6c;Free Tbaytel WiFi;-87;4
223;80:e0:1d:ee:3f:6e;LU-Guest;-88;4
224;80:e0:1d:ee:3f:6f;LakeheadU;-88;4
225;aa:53:22:40:4e:05;NOSMConnect;-92;4
226;a4:6c:2a:d4:bf:14;Free Tbaytel WiFi;-46;4
227;a4:6c:2a:d4:bf:12;eduroam;-46;4
228;a4:6c:2a:d4:bf:13;LU-Events;-44;4
229;a4:6c:2a:d4:bf:10;LU-Guest;-46;4
230;a4:6c:2a:d4:bf:11;LakeheadU;-47;4
231;a2:53:22:40:4e:05;NOSMSecure;-92;5
232;a6:53:22:40:4f:7a;eduroam;-87;5
233;80:e0:1d:ee:40:54;Free Tbaytel WiFi;-83;5
234;80:e0:1d:ee:40:53;LU-Events;-88;5
235;a4:6c:2a:d4:ba:53;LU-Events;-81;5
236;a4:6c:2a:d4:ba:54;Free Tbaytel WiFi;-80;5
237;a4:6c:2a:d4:ba:50;LU-Guest;-81;5
238;ac:7a:56:c8:62:0f;LakeheadU;-84;5
239;ac:7a:56:c8:62:0d;;-84;5
240;ac:7a:56:c8:62:0e;LU-Events;-84;5
241;ac:7a:56:c8:62:0b;;-84;5
242;ac:7a:56:c8:62:0c;LU-Guest;-84;5
243;ac:7a:56:c8:62:00;LakeheadU;-81;5
244;ac:7a:56:c8:62:03;LU-Guest;-80;5
245;00:42:68:59:8b:ff;LU-Guest;-87;5
246;00:42:68:59:8b:fc;LU-Events;-86;5
247;00:42:68:59:8b:fb;Free Tbaytel WiFi;-87;5
248;00:42:68:59:8b:fe;LakeheadU;-88;5
249;80:e0:1d:ee:3f:63;Free Tbaytel WiFi;-77;5
250;80:e0:1d:ee:3f:64;eduroam;-77;5
251;80:e0:1d:ee:3f:60;LakeheadU;-77;5
252;80:e0:1d:ee:3f:61;LU-Guest;-77;5
253;80:e0:1d:ee:3f:62;LU-Events;-76;5
254;a4:6c:2a:d4:bf:1f;LU-Guest;-40;5
255;a4:6c:2a:d4:bf:1d;eduroam;-40;5
256;a4:6c:2a:d4:bf:1e;LakeheadU;-39;5
257;a4:6c:2a:d4:bf:1b;Free Tbaytel WiFi;-49;5
258;a4:6c:2a:d4:bf:1c;LU-Events;-39;5
259;80:e0:1d:e6:79:d2;eduroam;-74;5
260;80:e0:1d:e6:79:d1;LakeheadU;-74;5
261;80:e0:1d:e6:79:d0;LU-Guest;-74;5
262;80:e0:1d:e6:79:d4;Free Tbaytel WiFi;-75;5
263;80:e0:1d:e6:79:d3;LU-Events;-74;5
264;00:42:68:59:8b:f0;LU-Guest;-77;5
265;80:e0:1d:e6:79:db;Free Tbaytel WiFi;-79;5
266;80:e0:1d:e6:79:df;LU-Guest;-79;5
267;80:e0:1d:e6:79:de;LakeheadU;-78;5
268;80:e0:1d:e6:79:dd;eduroam;-79;5
269;80:e0:1d:e6:79:dc;LU-Events;-78;5
270;80:e0:1d:ee:3f:6c;Free Tbaytel WiFi;-87;5
271;80:e0:1d:ee:3f:6e;LU-Guest;-88;5
272;80:e0:1d:ee:3f:6f;LakeheadU;-88;5
273;aa:53:22:40:4e:05;NOSMConnect;-92;5
274;a4:6c:2a:d4:bf:14;Free Tbaytel WiFi;-46;5
275;a4:6c:2a:d4:bf:12;eduroam;-46;5
276;a4:6c:2a:d4:bf:13;LU-Events;-44;5
277;a4:6c:2a:d4:bf:10;LU-Guest;-46;5
278;a4:6c:2a:d4:bf:11;LakeheadU;-47;5
279;80:e0:1d:ee:40:54;Free Tbaytel WiFi;-83;6
280;a4:6c:2a:d4:ba:54;Free Tbaytel WiFi;-73;6
281;a4:6c:2a:d4:ba:50;LU-Guest;-72;6
282;a4:6c:2a:d4:ba:51;LakeheadU;-74;6
283;a4:6c:2a:d4:ba:52;eduroam;-73;6
284;a4:6c:2a:d4:ba:5c;LU-Events;-93;6
285;a4:6c:2a:d4:ba:5e;LakeheadU;-92;6
286;a4:6c:2a:d4:ba:5f;LU-Guest;-92;6
287;a4:6c:2a:d4:ba:5b;Free Tbaytel WiFi;-92;6
288;ac:7a:56:c8:62:0f;LakeheadU;-80;6
289;ac:7a:56:c8:62:0e;LU-Events;-76;6
290;ac:7a:56:c8:62:0c;LU-Guest;-79;6
291;ac:7a:56:c8:62:08;Free Tbaytel WiFi;-78;6
292;ac:7a:56:c8:62:07;eduroam;-78;6
293;00:42:68:59:8b:ff;LU-Guest;-82;6
294;00:42:68:59:8b:fc;LU-Events;-81;6
295;00:42:68:59:8b:fb;Free Tbaytel WiFi;-81;6
296;00:42:68:59:8b:fe;LakeheadU;-81;6
297;00:42:68:59:8b:fd;eduroam;-82;6
298;80:e0:1d:ee:3f:63;Free Tbaytel WiFi;-72;6
299;80:e0:1d:ee:3f:64;eduroam;-72;6
300;80:e0:1d:ee:3f:60;LakeheadU;-73;6
301;80:e0:1d:ee:3f:61;LU-Guest;-73;6
302;80:e0:1d:ee:3f:62;LU-Events;-71;6
303;a4:6c:2a:d4:bf:1f;LU-Guest;-46;6
304;a4:6c:2a:d4:bf:1d;eduroam;-46;6
305;a4:6c:2a:d4:bf:1e;LakeheadU;-46;6
306;a4:6c:2a:d4:bf:1b;Free Tbaytel WiFi;-46;6
307;a4:6c:2a:d4:bf:1c;LU-Events;-47;6
308;80:e0:1d:e6:79:d2;eduroam;-73;6
309;80:e0:1d:e6:79:d1;LakeheadU;-72;6
310;80:e0:1d:e6:79:d4;Free Tbaytel WiFi;-72;6
311;80:e0:1d:e6:79:d3;LU-Events;-72;6
312;80:e0:1d:e6:79:db;Free Tbaytel WiFi;-77;6
313;80:e0:1d:e6:79:df;LU-Guest;-77;6
314;80:e0:1d:e6:79:de;LakeheadU;-76;6
315;80:e0:1d:e6:79:dd;eduroam;-76;6
316;80:e0:1d:e6:79:dc;LU-Events;-77;6
317;a2:53:22:40:4f:80;NOSMSecure;-90;6
318;80:e0:1d:ee:3f:6c;Free Tbaytel WiFi;-80;6
319;80:e0:1d:ee:3f:6d;LU-Events;-80;6
320;80:e0:1d:ee:3f:6e;LU-Guest;-81;6
321;80:e0:1d:ee:3f:6b;eduroam;-80;6
322;a4:6c:2a:d4:bf:14;Free Tbaytel WiFi;-46;6
323;a4:6c:2a:d4:bf:12;eduroam;-46;6
324;a4:6c:2a:d4:bf:13;LU-Events;-47;6
325;a4:6c:2a:d4:bf:10;LU-Guest;-46;6
326;a4:6c:2a:d4:bf:11;LakeheadU;-46;6
327;80:e0:1d:ee:40:54;Free Tbaytel WiFi;-83;7
328;a4:6c:2a:d4:ba:54;Free Tbaytel WiFi;-73;7
329;a4:6c:2a:d4:ba:50;LU-Guest;-72;7
330;a4:6c:2a:d4:ba:51;LakeheadU;-74;7
331;a4:6c:2a:d4:ba:52;eduroam;-73;7
332;a4:6c:2a:d4:ba:5c;LU-Events;-93;7
333;a4:6c:2a:d4:ba:5e;LakeheadU;-92;7
334;a4:6c:2a:d4:ba:5f;LU-Guest;-92;7
335;a4:6c:2a:d4:ba:5b;Free Tbaytel WiFi;-92;7
336;ac:7a:56:c8:62:0f;LakeheadU;-80;7
337;ac:7a:56:c8:62:0e;LU-Events;-76;7
338;ac:7a:56:c8:62:0c;LU-Guest;-79;7
339;ac:7a:56:c8:62:08;Free Tbaytel WiFi;-78;7
340;ac:7a:56:c8:62:07;eduroam;-78;7
341;00:42:68:59:8b:ff;LU-Guest;-82;7
342;00:42:68:59:8b:fc;LU-Events;-81;7
343;00:42:68:59:8b:fb;Free Tbaytel WiFi;-81;7
344;00:42:68:59:8b:fe;LakeheadU;-81;7
345;00:42:68:59:8b:fd;eduroam;-82;7
346;80:e0:1d:ee:3f:63;Free Tbaytel WiFi;-72;7
347;80:e0:1d:ee:3f:64;eduroam;-72;7
348;80:e0:1d:ee:3f:60;LakeheadU;-73;7
349;80:e0:1d:ee:3f:61;LU-Guest;-73;7
350;80:e0:1d:ee:3f:62;LU-Events;-71;7
351;a4:6c:2a:d4:bf:1f;LU-Guest;-46;7
352;a4:6c:2a:d4:bf:1d;eduroam;-46;7
353;a4:6c:2a:d4:bf:1e;LakeheadU;-46;7
354;a4:6c:2a:d4:bf:1b;Free Tbaytel WiFi;-46;7
355;a4:6c:2a:d4:bf:1c;LU-Events;-47;7
356;80:e0:1d:e6:79:d2;eduroam;-73;7
357;80:e0:1d:e6:79:d1;LakeheadU;-72;7
358;80:e0:1d:e6:79:d4;Free Tbaytel WiFi;-72;7
359;80:e0:1d:e6:79:d3;LU-Events;-72;7
360;80:e0:1d:e6:79:db;Free Tbaytel WiFi;-77;7
361;80:e0:1d:e6:79:df;LU-Guest;-77;7
362;80:e0:1d:e6:79:de;LakeheadU;-76;7
363;80:e0:1d:e6:79:dd;eduroam;-76;7
364;80:e0:1d:e6:79:dc;LU-Events;-77;7
365;a2:53:22:40:4f:80;NOSMSecure;-90;7
366;80:e0:1d:ee:3f:6c;Free Tbaytel WiFi;-80;7
367;80:e0:1d:ee:3f:6d;LU-Events;-80;7
368;80:e0:1d:ee:3f:6e;LU-Guest;-81;7
369;80:e0:1d:ee:3f:6b;eduroam;-80;7
370;a4:6c:2a:d4:bf:14;Free Tbaytel WiFi;-46;7
371;a4:6c:2a:d4:bf:12;eduroam;-46;7
372;a4:6c:2a:d4:bf:13;LU-Events;-47;7
373;a4:6c:2a:d4:bf:10;LU-Guest;-46;7
374;a4:6c:2a:d4:bf:11;LakeheadU;-46;7
375;80:e0:1d:ee:40:54;Free Tbaytel WiFi;-83;8
376;a4:6c:2a:d4:ba:54;Free Tbaytel WiFi;-73;8
377;a4:6c:2a:d4:ba:50;LU-Guest;-72;8
378;a4:6c:2a:d4:ba:51;LakeheadU;-74;8
379;a4:6c:2a:d4:ba:52;eduroam;-73;8
380;a4:6c:2a:d4:ba:5c;LU-Events;-93;8
381;a4:6c:2a:d4:ba:5e;LakeheadU;-92;8
382;a4:6c:2a:d4:ba:5f;LU-Guest;-92;8
383;a4:6c:2a:d4:ba:5b;Free Tbaytel WiFi;-92;8
384;ac:7a:56:c8:62:0f;LakeheadU;-80;8
385;ac:7a:56:c8:62:0e;LU-Events;-76;8
386;ac:7a:56:c8:62:0c;LU-Guest;-79;8
387;ac:7a:56:c8:62:08;Free Tbaytel WiFi;-78;8
388;ac:7a:56:c8:62:07;eduroam;-78;8
389;00:42:68:59:8b:ff;LU-Guest;-82;8
390;00:42:68:59:8b:fc;LU-Events;-81;8
391;00:42:68:59:8b:fb;Free Tbaytel WiFi;-81;8
392;00:42:68:59:8b:fe;LakeheadU;-81;8
393;00:42:68:59:8b:fd;eduroam;-82;8
394;a4:6c:2a:d4:bf:1f;LU-Guest;-46;8
395;a4:6c:2a:d4:bf:1d;eduroam;-46;8
396;a4:6c:2a:d4:bf:1e;LakeheadU;-46;8
397;a4:6c:2a:d4:bf:1b;Free Tbaytel WiFi;-46;8
398;a4:6c:2a:d4:bf:1c;LU-Events;-47;8
399;80:e0:1d:e6:79:d2;eduroam;-73;8
400;80:e0:1d:e6:79:d1;LakeheadU;-72;8
401;80:e0:1d:e6:79:d4;Free Tbaytel WiFi;-72;8
402;80:e0:1d:e6:79:d3;LU-Events;-72;8
403;80:e0:1d:e6:79:db;Free Tbaytel WiFi;-77;8
404;80:e0:1d:e6:79:df;LU-Guest;-77;8
405;80:e0:1d:e6:79:de;LakeheadU;-76;8
406;80:e0:1d:e6:79:dd;eduroam;-76;8
407;80:e0:1d:e6:79:dc;LU-Events;-77;8
408;a2:53:22:40:4f:80;NOSMSecure;-90;8
409;80:e0:1d:ee:3f:6c;Free Tbaytel WiFi;-80;8
410;80:e0:1d:ee:3f:6d;LU-Events;-80;8
411;80:e0:1d:ee:3f:6e;LU-Guest;-81;8
412;80:e0:1d:ee:3f:6b;eduroam;-80;8
413;a4:6c:2a:d4:bf:14;Free Tbaytel WiFi;-46;8
414;a4:6c:2a:d4:bf:12;eduroam;-46;8
415;a4:6c:2a:d4:bf:13;LU-Events;-47;8
416;a4:6c:2a:d4:bf:10;LU-Guest;-46;8
417;a4:6c:2a:d4:bf:11;LakeheadU;-46;8
418;a4:6c:2a:d4:bf:10;LU-Guest;-67;9
419;a4:6c:2a:d4:bf:14;Free Tbaytel WiFi;-67;9
420;a4:6c:2a:d4:bf:12;eduroam;-67;9
421;a4:6c:2a:d4:bf:11;LakeheadU;-67;9
422;a4:6c:2a:d4:bf:13;LU-Events;-68;9
423;00:42:68:59:8b:f0;LU-Guest;-69;9
424;00:42:68:59:8b:f2;eduroam;-69;9
425;00:42:68:59:8b:f4;Free Tbaytel WiFi;-70;9
426;80:e0:1d:e6:79:d4;Free Tbaytel WiFi;-71;9
427;80:e0:1d:e6:79:d2;eduroam;-71;9
428;80:e0:1d:e6:79:d1;LakeheadU;-71;9
429;80:e0:1d:e6:79:d0;LU-Guest;-71;9
430;ac:7a:56:c8:62:07;eduroam;-73;9
431;80:e0:1d:ee:3f:6b;eduroam;-73;9
432;80:e0:1d:ee:3f:6c;Free Tbaytel WiFi;-74;9
433;80:e0:1d:ee:3f:6e;LU-Guest;-74;9
434;00:42:68:59:8b:ff;LU-Guest;-74;9
435;ac:7a:56:c8:62:08;Free Tbaytel WiFi;-74;9
436;80:e0:1d:ee:3f:6f;LakeheadU;-74;9
437;ac:7a:56:c8:62:0f;LakeheadU;-75;9
438;00:42:68:59:8b:fe;LakeheadU;-75;9
439;a4:6c:2a:d4:ba:52;eduroam;-75;9
440;ac:7a:56:c8:62:0e;LU-Events;-76;9
441;ac:7a:56:c8:62:0c;LU-Guest;-76;9
442;a4:6c:2a:d4:ba:50;LU-Guest;-76;9
443;a4:6c:2a:d4:ba:51;LakeheadU;-76;9
444;ac:7a:56:c8:62:0d;;-76;9
445;80:e0:1d:e6:79:dc;LU-Events;-77;9
446;a4:6c:2a:d4:bf:1b;Free Tbaytel WiFi;-78;9
447;a4:6c:2a:d4:bf:1c;LU-Events;-78;9
448;80:e0:1d:e6:79:db;Free Tbaytel WiFi;-78;9
449;80:e0:1d:e6:79:dd;eduroam;-78;9
450;80:e0:1d:e6:79:de;LakeheadU;-78;9
451;82:f2:e0:d1:f9:74;portthru;-78;9
452;a4:6c:2a:d4:bf:1f;LU-Guest;-79;9
453;a4:6c:2a:d4:bf:1e;LakeheadU;-79;9
454;80:e0:1d:e6:79:df;LU-Guest;-79;9
455;a4:6c:2a:d4:bf:1d;eduroam;-80;9
456;80:e0:1d:ee:40:53;LU-Events;-82;9
457;a2:53:22:40:4e:05;NOSMSecure;-87;9
458;a6:53:22:40:4e:05;eduroam;-87;9
459;9c:53:22:40:4e:05;TBAYTech;-87;9
460;aa:53:22:40:4e:05;NOSMConnect;-87;9
461;80:e0:1d:e6:7b:30;LU-Guest;-86;10
462;a4:6c:2a:e0:20:01;LakeheadU;-82;10
463;a4:6c:2a:e0:20:03;LU-Events;-84;10
464;a4:6c:2a:e0:20:02;eduroam;-83;10
465;a4:6c:2a:e0:20:04;Free Tbaytel WiFi;-85;10
466;a2:53:22:40:4e:05;NOSMSecure;-79;10
467;a4:6c:2a:d4:ba:54;Free Tbaytel WiFi;-77;10
468;a4:6c:2a:d4:ba:50;LU-Guest;-77;10
469;a4:6c:2a:d4:ba:51;LakeheadU;-82;10
470;a4:6c:2a:d4:ba:52;eduroam;-78;10
471;a4:6c:2a:d4:be:3b;Free Tbaytel WiFi;-93;10
472;9c:53:22:40:4e:05;TBAYTech;-79;10
473;a4:6c:2a:d4:be:30;LU-Guest;-77;10
474;a4:6c:2a:d4:be:33;LU-Events;-77;10
475;a4:6c:2a:d4:be:34;Free Tbaytel WiFi;-77;10
476;a4:6c:2a:d4:be:31;LakeheadU;-77;10
477;a4:6c:2a:d4:be:32;eduroam;-77;10
478;ac:7a:56:c8:62:0f;LakeheadU;-70;10
479;ac:7a:56:c8:62:0a;;-73;10
480;ac:7a:56:c8:62:0d;;-73;10
481;ac:7a:56:c8:62:0e;LU-Events;-73;10
482;ac:7a:56:c8:62:0c;LU-Guest;-71;10
483;ac:7a:56:c8:62:00;LakeheadU;-72;10
484;ac:7a:56:c8:62:01;LU-Events;-74;10
485;ac:7a:56:c8:62:03;LU-Guest;-74;10
486;ac:7a:56:c8:62:08;Free Tbaytel WiFi;-73;10
487;ac:7a:56:c8:62:07;eduroam;-71;10
488;00:42:68:59:8b:ff;LU-Guest;-80;10
489;00:42:68:59:8b:fe;LakeheadU;-80;10
490;80:e0:1d:ee:3f:63;Free Tbaytel WiFi;-71;10
491;80:e0:1d:ee:3f:64;eduroam;-69;10
492;80:e0:1d:ee:3f:60;LakeheadU;-71;10
493;80:e0:1d:ee:3f:61;LU-Guest;-71;10
494;80:e0:1d:ee:3f:62;LU-Events;-72;10
495;a4:6c:2a:d4:bf:1f;LU-Guest;-78;10
496;a4:6c:2a:d4:bf:1d;eduroam;-79;10
497;a4:6c:2a:d4:bf:1e;LakeheadU;-79;10
498;a4:6c:2a:d4:bf:1b;Free Tbaytel WiFi;-78;10
499;a4:6c:2a:d4:bf:1c;LU-Events;-79;10
500;00:42:68:59:8b:f0;LU-Guest;-73;10
501;80:e0:1d:e6:79:db;Free Tbaytel WiFi;-70;10
502;80:e0:1d:e6:79:df;LU-Guest;-70;10
503;80:e0:1d:ee:3f:6c;Free Tbaytel WiFi;-71;10
504;80:e0:1d:ee:3f:6e;LU-Guest;-71;10
505;80:e0:1d:ee:3f:6f;LakeheadU;-71;10
506;80:e0:1d:ee:3f:6b;eduroam;-70;10
507;aa:53:22:40:4e:05;NOSMConnect;-80;10
508;82:f2:e0:d1:f9:74;portthru;-80;10
509;a6:53:22:40:4e:05;eduroam;-79;10
510;a4:6c:2a:d4:bf:14;Free Tbaytel WiFi;-68;10
511;a4:6c:2a:d4:bf:12;eduroam;-68;10
512;a4:6c:2a:d4:bf:13;LU-Events;-69;10
513;a4:6c:2a:d4:bf:10;LU-Guest;-69;10
514;a4:6c:2a:d4:bf:11;LakeheadU;-68;10
515;80:e0:1d:e6:7b:30;LU-Guest;-86;11
516;a4:6c:2a:e0:20:01;LakeheadU;-82;11
517;a4:6c:2a:e0:20:03;LU-Events;-84;11
518;a4:6c:2a:e0:20:02;eduroam;-83;11
519;a4:6c:2a:e0:20:04;Free Tbaytel WiFi;-85;11
520;a2:53:22:40:4e:05;NOSMSecure;-79;11
521;a4:6c:2a:d4:ba:54;Free Tbaytel WiFi;-77;11
522;a4:6c:2a:d4:ba:50;LU-Guest;-77;11
523;a4:6c:2a:d4:ba:51;LakeheadU;-82;11
524;a4:6c:2a:d4:ba:52;eduroam;-78;11
525;a4:6c:2a:d4:be:3b;Free Tbaytel WiFi;-93;11
526;9c:53:22:40:4e:05;TBAYTech;-79;11
527;a4:6c:2a:d4:be:30;LU-Guest;-77;11
528;a4:6c:2a:d4:be:33;LU-Events;-77;11
529;a4:6c:2a:d4:be:34;Free Tbaytel WiFi;-77;11
530;a4:6c:2a:d4:be:31;LakeheadU;-77;11
531;a4:6c:2a:d4:be:32;eduroam;-77;11
532;ac:7a:56:c8:62:0f;LakeheadU;-70;11
533;ac:7a:56:c8:62:0a;;-73;11
534;ac:7a:56:c8:62:0d;;-73;11
535;ac:7a:56:c8:62:0e;LU-Events;-73;11
536;ac:7a:56:c8:62:0c;LU-Guest;-71;11
537;ac:7a:56:c8:62:00;LakeheadU;-72;11
538;ac:7a:56:c8:62:01;LU-Events;-74;11
539;ac:7a:56:c8:62:03;LU-Guest;-74;11
540;ac:7a:56:c8:62:08;Free Tbaytel WiFi;-73;11
541;ac:7a:56:c8:62:07;eduroam;-71;11
542;00:42:68:59:8b:ff;LU-Guest;-80;11
543;00:42:68:59:8b:fe;LakeheadU;-80;11
544;80:e0:1d:ee:3f:63;Free Tbaytel WiFi;-71;11
545;80:e0:1d:ee:3f:64;eduroam;-69;11
546;80:e0:1d:ee:3f:60;LakeheadU;-71;11
547;80:e0:1d:ee:3f:61;LU-Guest;-71;11
548;80:e0:1d:ee:3f:62;LU-Events;-72;11
549;a4:6c:2a:d4:bf:1f;LU-Guest;-78;11
550;a4:6c:2a:d4:bf:1d;eduroam;-79;11
551;a4:6c:2a:d4:bf:1e;LakeheadU;-79;11
552;a4:6c:2a:d4:bf:1b;Free Tbaytel WiFi;-78;11
553;a4:6c:2a:d4:bf:1c;LU-Events;-79;11
554;00:42:68:59:8b:f0;LU-Guest;-73;11
555;80:e0:1d:e6:79:db;Free Tbaytel WiFi;-70;11
556;80:e0:1d:e6:79:df;LU-Guest;-70;11
557;80:e0:1d:ee:3f:6c;Free Tbaytel WiFi;-71;11
558;80:e0:1d:ee:3f:6e;LU-Guest;-71;11
559;80:e0:1d:ee:3f:6f;LakeheadU;-71;11
560;80:e0:1d:ee:3f:6b;eduroam;-70;11
561;aa:53:22:40:4e:05;NOSMConnect;-80;11
562;82:f2:e0:d1:f9:74;portthru;-80;11
563;a6:53:22:40:4e:05;eduroam;-79;11
564;a4:6c:2a:d4:bf:14;Free Tbaytel WiFi;-68;11
565;a4:6c:2a:d4:bf:12;eduroam;-68;11
566;a4:6c:2a:d4:bf:13;LU-Events;-69;11
567;a4:6c:2a:d4:bf:10;LU-Guest;-69;11
568;a4:6c:2a:d4:bf:11;LakeheadU;-68;11
569;80:e0:1d:e6:7b:31;LakeheadU;-87;12
570;80:e0:1d:e6:7b:34;Free Tbaytel WiFi;-88;12
571;80:e0:1d:e6:7b:33;LU-Events;-87;12
572;ae:53:22:40:4f:7a;NOSMConnect24;-85;12
573;a2:53:22:40:4e:04;NOSMSecure;-68;12
574;a2:53:22:40:4e:05;NOSMSecure;-76;12
575;a6:53:22:40:4f:80;eduroam;-83;12
576;a6:53:22:40:4f:7a;eduroam;-80;12
577;80:e0:1d:ee:40:54;Free Tbaytel WiFi;-88;12
578;a4:6c:2a:d4:ba:53;LU-Events;-83;12
579;a4:6c:2a:d4:ba:54;Free Tbaytel WiFi;-82;12
580;a4:6c:2a:d4:ba:51;LakeheadU;-79;12
581;80:e0:1d:f6:a4:d1;LakeheadU;-85;12
582;9c:53:22:40:4e:05;TBAYTech;-76;12
583;9c:53:22:40:4e:04;TBAYTech;-68;12
584;a4:6c:2a:d4:be:33;LU-Events;-66;12
585;a4:6c:2a:d4:be:34;Free Tbaytel WiFi;-81;12
586;a4:6c:2a:d4:be:31;LakeheadU;-81;12
587;ac:7a:56:c8:62:0f;LakeheadU;-67;12
588;ac:7a:56:c8:62:0a;;-70;12
589;ac:7a:56:c8:62:0d;;-69;12
590;ac:7a:56:c8:62:0e;LU-Events;-68;12
591;ac:7a:56:c8:62:0b;;-69;12
592;ac:7a:56:c8:62:0c;LU-Guest;-68;12
593;ac:7a:56:c8:62:00;LakeheadU;-74;12
594;ac:7a:56:c8:62:01;LU-Events;-73;12
595;ac:7a:56:c8:62:03;LU-Guest;-73;12
596;ac:7a:56:c8:62:08;Free Tbaytel WiFi;-69;12
597;ac:7a:56:c8:62:07;eduroam;-70;12
598;00:42:68:59:8b:ff;LU-Guest;-88;12
599;00:42:68:59:8b:fc;LU-Events;-88;12
600;00:42:68:59:8b:fb;Free Tbaytel WiFi;-85;12
601;00:42:68:59:8b:fe;LakeheadU;-89;12
602;00:42:68:59:8b:fd;eduroam;-84;12
603;e8:de:27:f8:06:78;TP-LINK_F80678_Xiaoping;-84;12
604;ae:53:22:40:4e:04;NOSMConnect24;-68;12
605;9c:53:22:40:4f:7a;TBAYTech;-80;12
606;d2:5d:05:d7:2e:bc;Xerox;-81;12
607;80:e0:1d:ee:3f:63;Free Tbaytel WiFi;-56;12
608;80:e0:1d:ee:3f:64;eduroam;-57;12
609;80:e0:1d:ee:3f:60;LakeheadU;-57;12
610;80:e0:1d:ee:3f:61;LU-Guest;-57;12
611;80:e0:1d:ee:3f:62;LU-Events;-56;12
612;a4:6c:2a:d4:bf:1f;LU-Guest;-79;12
613;a4:6c:2a:d4:bf:1d;eduroam;-80;12
614;a4:6c:2a:d4:bf:1e;LakeheadU;-79;12
615;a4:6c:2a:d4:bf:1b;Free Tbaytel WiFi;-80;12
616;a4:6c:2a:d4:bf:1c;LU-Events;-80;12
617;80:e0:1d:e6:79:d2;eduroam;-67;12
618;80:e0:1d:e6:79:d1;LakeheadU;-66;12
619;80:e0:1d:e6:79:d0;LU-Guest;-63;12
620;80:e0:1d:e6:79:d4;Free Tbaytel WiFi;-79;12
621;80:e0:1d:e6:79:d3;LU-Events;-66;12
622;00:42:68:59:8b:f0;LU-Guest;-77;12
623;80:e0:1d:e6:79:db;Free Tbaytel WiFi;-70;12
624;00:42:68:59:8b:f2;eduroam;-77;12
625;00:42:68:59:8b:f4;Free Tbaytel WiFi;-69;12
626;80:e0:1d:e6:79:df;LU-Guest;-71;12
627;80:e0:1d:e6:79:de;LakeheadU;-71;12
628;80:e0:1d:e6:79:dd;eduroam;-71;12
629;80:e0:1d:e6:79:dc;LU-Events;-71;12
630;a2:53:22:40:4f:80;NOSMSecure;-82;12
631;a2:53:22:40:4f:7a;NOSMSecure;-80;12
632;80:e0:1d:ee:3f:6c;Free Tbaytel WiFi;-68;12
633;80:e0:1d:ee:3f:6d;LU-Events;-66;12
634;80:e0:1d:ee:3f:6e;LU-Guest;-66;12
635;80:e0:1d:ee:3f:6f;LakeheadU;-65;12
636;80:e0:1d:ee:3f:6b;eduroam;-65;12
637;aa:53:22:40:4e:05;NOSMConnect;-74;12
638;aa:53:22:40:4e:04;NOSMConnect;-69;12
639;82:f2:e0:d1:f9:74;portthru;-74;12
640;a6:53:22:40:4e:05;eduroam;-77;12
641;a6:53:22:40:4e:04;eduroam;-68;12
642;a4:6c:2a:d4:bf:14;Free Tbaytel WiFi;-71;12
643;a4:6c:2a:d4:bf:12;eduroam;-70;12
644;a4:6c:2a:d4:bf:13;LU-Events;-70;12
645;a4:6c:2a:d4:bf:10;LU-Guest;-70;12
646;a4:6c:2a:d4:bf:11;LakeheadU;-70;12
647;80:e0:1d:e6:7b:31;LakeheadU;-87;13
648;ae:53:22:40:4f:7a;NOSMConnect24;-85;13
649;a2:53:22:40:4e:04;NOSMSecure;-68;13
650;a2:53:22:40:4e:05;NOSMSecure;-76;13
651;a6:53:22:40:4f:80;eduroam;-83;13
652;a6:53:22:40:4f:7a;eduroam;-80;13
653;80:e0:1d:ee:40:54;Free Tbaytel WiFi;-88;13
654;a4:6c:2a:d4:ba:53;LU-Events;-83;13
655;a4:6c:2a:d4:ba:54;Free Tbaytel WiFi;-82;13
656;9c:53:22:40:4e:05;TBAYTech;-76;13
657;9c:53:22:40:4e:04;TBAYTech;-68;13
658;a4:6c:2a:d4:be:34;Free Tbaytel WiFi;-81;13
659;a4:6c:2a:d4:be:31;LakeheadU;-81;13
660;ac:7a:56:c8:62:0f;LakeheadU;-67;13
661;ac:7a:56:c8:62:0a;;-70;13
662;ac:7a:56:c8:62:0d;;-69;13
663;ac:7a:56:c8:62:0e;LU-Events;-68;13
664;ac:7a:56:c8:62:0b;;-69;13
665;ac:7a:56:c8:62:0c;LU-Guest;-68;13
666;ac:7a:56:c8:62:00;LakeheadU;-74;13
667;ac:7a:56:c8:62:01;LU-Events;-73;13
668;ac:7a:56:c8:62:03;LU-Guest;-73;13
669;ac:7a:56:c8:62:08;Free Tbaytel WiFi;-69;13
670;ac:7a:56:c8:62:07;eduroam;-70;13
671;00:42:68:59:8b:ff;LU-Guest;-88;13
672;00:42:68:59:8b:fc;LU-Events;-88;13
673;00:42:68:59:8b:fb;Free Tbaytel WiFi;-85;13
674;00:42:68:59:8b:fe;LakeheadU;-89;13
675;00:42:68:59:8b:fd;eduroam;-84;13
676;e8:de:27:f8:06:78;TP-LINK_F80678_Xiaoping;-84;13
677;ae:53:22:40:4e:04;NOSMConnect24;-68;13
678;9c:53:22:40:4f:7a;TBAYTech;-80;13
679;d2:5d:05:d7:2e:bc;Xerox;-81;13
680;80:e0:1d:ee:3f:63;Free Tbaytel WiFi;-56;13
681;80:e0:1d:ee:3f:64;eduroam;-57;13
682;80:e0:1d:ee:3f:60;LakeheadU;-57;13
683;80:e0:1d:ee:3f:61;LU-Guest;-57;13
684;80:e0:1d:ee:3f:62;LU-Events;-56;13
685;a4:6c:2a:d4:bf:1f;LU-Guest;-79;13
686;a4:6c:2a:d4:bf:1d;eduroam;-80;13
687;a4:6c:2a:d4:bf:1e;LakeheadU;-79;13
688;a4:6c:2a:d4:bf:1b;Free Tbaytel WiFi;-80;13
689;a4:6c:2a:d4:bf:1c;LU-Events;-80;13
690;80:e0:1d:e6:79:d2;eduroam;-67;13
691;80:e0:1d:e6:79:d1;LakeheadU;-66;13
692;80:e0:1d:e6:79:d0;LU-Guest;-63;13
693;80:e0:1d:e6:79:d4;Free Tbaytel WiFi;-79;13
694;80:e0:1d:e6:79:d3;LU-Events;-66;13
695;00:42:68:59:8b:f0;LU-Guest;-77;13
696;80:e0:1d:e6:79:db;Free Tbaytel WiFi;-70;13
697;00:42:68:59:8b:f2;eduroam;-77;13
698;80:e0:1d:e6:79:df;LU-Guest;-71;13
699;80:e0:1d:e6:79:de;LakeheadU;-71;13
700;80:e0:1d:e6:79:dd;eduroam;-71;13
701;80:e0:1d:e6:79:dc;LU-Events;-71;13
702;a2:53:22:40:4f:80;NOSMSecure;-82;13
703;a2:53:22:40:4f:7a;NOSMSecure;-80;13
704;80:e0:1d:ee:3f:6c;Free Tbaytel WiFi;-68;13
705;80:e0:1d:ee:3f:6d;LU-Events;-66;13
706;80:e0:1d:ee:3f:6e;LU-Guest;-66;13
707;80:e0:1d:ee:3f:6f;LakeheadU;-65;13
708;80:e0:1d:ee:3f:6b;eduroam;-65;13
709;aa:53:22:40:4e:05;NOSMConnect;-74;13
710;aa:53:22:40:4e:04;NOSMConnect;-69;13
711;82:f2:e0:d1:f9:74;portthru;-74;13
712;a6:53:22:40:4e:05;eduroam;-77;13
713;a6:53:22:40:4e:04;eduroam;-68;13
714;a4:6c:2a:d4:bf:14;Free Tbaytel WiFi;-71;13
715;a4:6c:2a:d4:bf:12;eduroam;-70;13
716;a4:6c:2a:d4:bf:13;LU-Events;-70;13
717;a4:6c:2a:d4:bf:10;LU-Guest;-70;13
718;a4:6c:2a:d4:bf:11;LakeheadU;-70;13
719;a2:53:22:40:4e:04;NOSMSecure;-56;14
720;a4:6c:2a:d4:ba:54;Free Tbaytel WiFi;-85;14
721;a4:6c:2a:d4:ba:50;LU-Guest;-84;14
722;a4:6c:2a:d4:ba:52;eduroam;-85;14
723;9c:53:22:40:4e:04;TBAYTech;-56;14
724;a4:6c:2a:d4:be:30;LU-Guest;-84;14
725;a4:6c:2a:d4:be:34;Free Tbaytel WiFi;-83;14
726;a4:6c:2a:d4:be:31;LakeheadU;-83;14
727;a4:6c:2a:d4:be:32;eduroam;-85;14
728;ac:7a:56:c8:62:0f;LakeheadU;-71;14
729;ac:7a:56:c8:62:0d;;-74;14
730;ac:7a:56:c8:62:0e;LU-Events;-74;14
731;ac:7a:56:c8:62:0b;;-75;14
732;ac:7a:56:c8:62:0c;LU-Guest;-74;14
733;ac:7a:56:c8:62:01;LU-Events;-67;14
734;ac:7a:56:c8:62:03;LU-Guest;-66;14
735;ac:7a:56:c8:62:08;Free Tbaytel WiFi;-72;14
736;ac:7a:56:c8:62:07;eduroam;-71;14
737;00:42:68:59:8b:ff;LU-Guest;-87;14
738;00:42:68:59:8b:fc;LU-Events;-85;14
739;00:42:68:59:8b:fb;Free Tbaytel WiFi;-85;14
740;00:42:68:59:8b:fe;LakeheadU;-87;14
741;00:42:68:59:8b:fd;eduroam;-85;14
742;ae:53:22:40:4e:04;NOSMConnect24;-56;14
743;d2:5d:05:d7:2e:bc;Xerox;-81;14
744;80:e0:1d:ee:3f:63;Free Tbaytel WiFi;-53;14
745;80:e0:1d:ee:3f:64;eduroam;-53;14
746;80:e0:1d:ee:3f:60;LakeheadU;-53;14
747;80:e0:1d:ee:3f:61;LU-Guest;-54;14
748;80:e0:1d:ee:3f:62;LU-Events;-53;14
749;a4:6c:2a:d4:bf:1f;LU-Guest;-78;14
750;a4:6c:2a:d4:bf:1d;eduroam;-78;14
751;a4:6c:2a:d4:bf:1e;LakeheadU;-76;14
752;a4:6c:2a:d4:bf:1b;Free Tbaytel WiFi;-77;14
753;a4:6c:2a:d4:bf:1c;LU-Events;-77;14
754;80:e0:1d:e6:79:d1;LakeheadU;-72;14
755;80:e0:1d:e6:79:d0;LU-Guest;-70;14
756;80:e0:1d:e6:79:d4;Free Tbaytel WiFi;-70;14
757;00:42:68:59:8b:f3;LU-Events;-78;14
758;80:e0:1d:e6:79:db;Free Tbaytel WiFi;-70;14
759;00:42:68:59:8b:f4;Free Tbaytel WiFi;-83;14
760;80:e0:1d:e6:79:df;LU-Guest;-70;14
761;80:e0:1d:e6:79:de;LakeheadU;-70;14
762;80:e0:1d:e6:79:dd;eduroam;-70;14
763;80:e0:1d:e6:79:dc;LU-Events;-71;14
764;80:e0:1d:ac:8b:00;LU-Guest;-86;14
765;80:e0:1d:ee:3f:6c;Free Tbaytel WiFi;-68;14
766;80:e0:1d:ee:3f:6d;LU-Events;-62;14
767;80:e0:1d:ee:3f:6e;LU-Guest;-61;14
768;80:e0:1d:ee:3f:6f;LakeheadU;-62;14
769;80:e0:1d:ee:3f:6b;eduroam;-62;14
770;aa:53:22:40:4e:04;NOSMConnect;-56;14
771;a6:53:22:40:4e:04;eduroam;-57;14
772;a2:53:22:40:4e:04;NOSMSecure;-56;15
773;a4:6c:2a:d4:ba:54;Free Tbaytel WiFi;-85;15
774;a4:6c:2a:d4:ba:50;LU-Guest;-84;15
775;a4:6c:2a:d4:ba:52;eduroam;-85;15
776;9c:53:22:40:4e:04;TBAYTech;-56;15
777;a4:6c:2a:d4:be:30;LU-Guest;-84;15
778;a4:6c:2a:d4:be:34;Free Tbaytel WiFi;-83;15
779;a4:6c:2a:d4:be:31;LakeheadU;-83;15
780;a4:6c:2a:d4:be:32;eduroam;-85;15
781;ac:7a:56:c8:62:0f;LakeheadU;-71;15
782;ac:7a:56:c8:62:0d;;-74;15
783;ac:7a:56:c8:62:0e;LU-Events;-74;15
784;ac:7a:56:c8:62:0b;;-75;15
785;ac:7a:56:c8:62:0c;LU-Guest;-74;15
786;ac:7a:56:c8:62:01;LU-Events;-67;15
787;ac:7a:56:c8:62:03;LU-Guest;-66;15
788;ac:7a:56:c8:62:08;Free Tbaytel WiFi;-72;15
789;ac:7a:56:c8:62:07;eduroam;-71;15
790;00:42:68:59:8b:ff;LU-Guest;-87;15
791;00:42:68:59:8b:fc;LU-Events;-85;15
792;00:42:68:59:8b:fb;Free Tbaytel WiFi;-85;15
793;00:42:68:59:8b:fe;LakeheadU;-87;15
794;00:42:68:59:8b:fd;eduroam;-85;15
795;ae:53:22:40:4e:04;NOSMConnect24;-56;15
796;d2:5d:05:d7:2e:bc;Xerox;-81;15
797;80:e0:1d:ee:3f:63;Free Tbaytel WiFi;-53;15
798;80:e0:1d:ee:3f:64;eduroam;-53;15
799;80:e0:1d:ee:3f:60;LakeheadU;-53;15
800;80:e0:1d:ee:3f:61;LU-Guest;-54;15
801;80:e0:1d:ee:3f:62;LU-Events;-53;15
802;a4:6c:2a:d4:bf:1f;LU-Guest;-78;15
803;a4:6c:2a:d4:bf:1d;eduroam;-78;15
804;a4:6c:2a:d4:bf:1e;LakeheadU;-76;15
805;a4:6c:2a:d4:bf:1b;Free Tbaytel WiFi;-77;15
806;a4:6c:2a:d4:bf:1c;LU-Events;-77;15
807;80:e0:1d:e6:79:d1;LakeheadU;-72;15
808;80:e0:1d:e6:79:d0;LU-Guest;-70;15
809;80:e0:1d:e6:79:d4;Free Tbaytel WiFi;-70;15
810;00:42:68:59:8b:f3;LU-Events;-78;15
811;80:e0:1d:e6:79:db;Free Tbaytel WiFi;-70;15
812;00:42:68:59:8b:f4;Free Tbaytel WiFi;-83;15
813;80:e0:1d:e6:79:df;LU-Guest;-70;15
814;80:e0:1d:e6:79:de;LakeheadU;-70;15
815;80:e0:1d:e6:79:dd;eduroam;-70;15
816;80:e0:1d:e6:79:dc;LU-Events;-71;15
817;80:e0:1d:ac:8b:00;LU-Guest;-86;15
818;80:e0:1d:ee:3f:6c;Free Tbaytel WiFi;-68;15
819;80:e0:1d:ee:3f:6d;LU-Events;-62;15
820;80:e0:1d:ee:3f:6e;LU-Guest;-61;15
821;80:e0:1d:ee:3f:6f;LakeheadU;-62;15
822;80:e0:1d:ee:3f:6b;eduroam;-62;15
823;aa:53:22:40:4e:04;NOSMConnect;-56;15
824;a6:53:22:40:4e:04;eduroam;-57;15
825;a2:53:22:40:4e:04;NOSMSecure;-56;16
826;a4:6c:2a:d4:ba:54;Free Tbaytel WiFi;-85;16
827;a4:6c:2a:d4:ba:50;LU-Guest;-84;16
828;a4:6c:2a:d4:ba:52;eduroam;-85;16
829;9c:53:22:40:4e:04;TBAYTech;-56;16
830;a4:6c:2a:d4:be:30;LU-Guest;-84;16
831;a4:6c:2a:d4:be:34;Free Tbaytel WiFi;-83;16
832;a4:6c:2a:d4:be:31;LakeheadU;-83;16
833;a4:6c:2a:d4:be:32;eduroam;-85;16
834;ac:7a:56:c8:62:0f;LakeheadU;-71;16
835;ac:7a:56:c8:62:0d;;-74;16
836;ac:7a:56:c8:62:0e;LU-Events;-74;16
837;ac:7a:56:c8:62:0b;;-75;16
838;ac:7a:56:c8:62:0c;LU-Guest;-74;16
839;ac:7a:56:c8:62:01;LU-Events;-67;16
840;ac:7a:56:c8:62:03;LU-Guest;-66;16
841;ac:7a:56:c8:62:08;Free Tbaytel WiFi;-72;16
842;ac:7a:56:c8:62:07;eduroam;-71;16
843;00:42:68:59:8b:ff;LU-Guest;-87;16
844;00:42:68:59:8b:fc;LU-Events;-85;16
845;00:42:68:59:8b:fb;Free Tbaytel WiFi;-85;16
846;00:42:68:59:8b:fe;LakeheadU;-87;16
847;00:42:68:59:8b:fd;eduroam;-85;16
848;ae:53:22:40:4e:04;NOSMConnect24;-56;16
849;d2:5d:05:d7:2e:bc;Xerox;-81;16
850;80:e0:1d:ee:3f:63;Free Tbaytel WiFi;-53;16
851;80:e0:1d:ee:3f:64;eduroam;-53;16
852;80:e0:1d:ee:3f:60;LakeheadU;-53;16
853;80:e0:1d:ee:3f:61;LU-Guest;-54;16
854;80:e0:1d:ee:3f:62;LU-Events;-53;16
855;a4:6c:2a:d4:bf:1f;LU-Guest;-78;16
856;a4:6c:2a:d4:bf:1d;eduroam;-78;16
857;a4:6c:2a:d4:bf:1e;LakeheadU;-76;16
858;a4:6c:2a:d4:bf:1b;Free Tbaytel WiFi;-77;16
859;a4:6c:2a:d4:bf:1c;LU-Events;-77;16
860;80:e0:1d:e6:79:d1;LakeheadU;-72;16
861;80:e0:1d:e6:79:d0;LU-Guest;-70;16
862;80:e0:1d:e6:79:d4;Free Tbaytel WiFi;-70;16
863;00:42:68:59:8b:f3;LU-Events;-78;16
864;80:e0:1d:e6:79:db;Free Tbaytel WiFi;-70;16
865;00:42:68:59:8b:f4;Free Tbaytel WiFi;-83;16
866;80:e0:1d:e6:79:df;LU-Guest;-70;16
867;80:e0:1d:e6:79:de;LakeheadU;-70;16
868;80:e0:1d:e6:79:dd;eduroam;-70;16
869;80:e0:1d:e6:79:dc;LU-Events;-71;16
870;80:e0:1d:ac:8b:00;LU-Guest;-86;16
871;80:e0:1d:ee:3f:6c;Free Tbaytel WiFi;-68;16
872;80:e0:1d:ee:3f:6d;LU-Events;-62;16
873;80:e0:1d:ee:3f:6e;LU-Guest;-61;16
874;80:e0:1d:ee:3f:6f;LakeheadU;-62;16
875;80:e0:1d:ee:3f:6b;eduroam;-62;16
876;aa:53:22:40:4e:04;NOSMConnect;-56;16
877;a6:53:22:40:4e:04;eduroam;-57;16
878;a4:6c:2a:e0:20:01;LakeheadU;-72;17
879;a4:6c:2a:e0:20:00;LU-Guest;-72;17
880;a4:6c:2a:e0:20:03;LU-Events;-72;17
881;a4:6c:2a:e0:20:02;eduroam;-72;17
882;a4:6c:2a:e0:20:04;Free Tbaytel WiFi;-71;17
883;aa:53:22:40:4f:7b;NOSMConnect;-93;17
884;a4:6c:2a:e0:20:0f;LU-Guest;-91;17
885;a4:6c:2a:e0:20:0c;LU-Events;-92;17
886;a4:6c:2a:e0:20:0b;Free Tbaytel WiFi;-92;17
887;a4:6c:2a:e0:20:0d;eduroam;-91;17
888;a2:53:22:40:4e:04;NOSMSecure;-70;17
889;a6:53:22:40:4f:7b;eduroam;-92;17
890;9c:53:22:40:4e:04;TBAYTech;-71;17
891;ac:7a:56:c8:62:0f;LakeheadU;-68;17
892;ac:7a:56:c8:62:0a;;-69;17
893;ac:7a:56:c8:62:0d;;-68;17
894;ac:7a:56:c8:62:0e;LU-Events;-67;17
895;ac:7a:56:c8:62:0b;;-69;17
896;ac:7a:56:c8:62:0c;LU-Guest;-67;17
897;ac:7a:56:c8:62:00;LakeheadU;-65;17
898;ac:7a:56:c8:62:01;LU-Events;-65;17
899;ac:7a:56:c8:62:02;;-65;17
900;ac:7a:56:c8:62:03;LU-Guest;-64;17
901;ac:7a:56:c8:62:08;Free Tbaytel WiFi;-69;17
902;ac:7a:56:c8:62:07;eduroam;-67;17
903;00:42:68:59:8b:fd;eduroam;-92;17
904;c8:d7:19:24:c6:d5;LINKSYS-750;-72;17
905;ae:53:22:40:4e:04;NOSMConnect24;-70;17
906;9c:53:22:40:4f:7b;TBAYTech;-92;17
907;d2:5d:05:d7:2e:bc;Xerox;-85;17
908;80:e0:1d:ee:3f:63;Free Tbaytel WiFi;-67;17
909;80:e0:1d:ee:3f:64;eduroam;-68;17
910;80:e0:1d:ee:3f:60;LakeheadU;-67;17
911;80:e0:1d:ee:3f:61;LU-Guest;-67;17
912;80:e0:1d:ee:3f:62;LU-Events;-68;17
913;a4:6c:2a:d4:bf:1f;LU-Guest;-84;17
914;a4:6c:2a:d4:bf:1d;eduroam;-84;17
915;a4:6c:2a:d4:bf:1e;LakeheadU;-85;17
916;a4:6c:2a:d4:bf:1b;Free Tbaytel WiFi;-86;17
917;a4:6c:2a:d4:bf:1c;LU-Events;-85;17
918;80:e0:1d:e6:79:d2;eduroam;-64;17
919;80:e0:1d:e6:79:d1;LakeheadU;-65;17
920;80:e0:1d:e6:79:d0;LU-Guest;-65;17
921;80:e0:1d:e6:79:d4;Free Tbaytel WiFi;-64;17
922;80:e0:1d:e6:79:d3;LU-Events;-64;17
923;80:e0:1d:e6:79:db;Free Tbaytel WiFi;-68;17
924;00:42:68:59:8b:f2;eduroam;-87;17
925;80:e0:1d:e6:79:df;LU-Guest;-67;17
926;80:e0:1d:e6:79:de;LakeheadU;-67;17
927;80:e0:1d:e6:79:dd;eduroam;-68;17
928;80:e0:1d:e6:79:dc;LU-Events;-65;17
929;80:e0:1d:ac:8b:03;LU-Events;-80;17
930;80:e0:1d:ac:8b:02;eduroam;-80;17
931;80:e0:1d:ac:8b:01;LakeheadU;-80;17
932;80:e0:1d:ee:3f:6c;Free Tbaytel WiFi;-78;17
933;80:e0:1d:ee:3f:6d;LU-Events;-71;17
934;80:e0:1d:ee:3f:6f;LakeheadU;-71;17
935;aa:53:22:40:4e:04;NOSMConnect;-72;17
936;82:f2:e0:d1:f9:74;portthru;-77;17
937;a6:53:22:40:4e:04;eduroam;-74;17
938;a4:6c:2a:d4:bf:14;Free Tbaytel WiFi;-74;17
939;a4:6c:2a:d4:bf:12;eduroam;-72;17
940;a4:6c:2a:d4:bf:13;LU-Events;-75;17
941;a4:6c:2a:d4:bf:10;LU-Guest;-72;17
942;a4:6c:2a:d4:bf:11;LakeheadU;-73;17
943;a4:6c:2a:e0:20:01;LakeheadU;-72;18
944;a4:6c:2a:e0:20:00;LU-Guest;-72;18
945;a4:6c:2a:e0:20:03;LU-Events;-72;18
946;a4:6c:2a:e0:20:02;eduroam;-72;18
947;a4:6c:2a:e0:20:04;Free Tbaytel WiFi;-71;18
948;aa:53:22:40:4f:7b;NOSMConnect;-93;18
949;a4:6c:2a:e0:20:0f;LU-Guest;-91;18
950;a4:6c:2a:e0:20:0c;LU-Events;-92;18
951;a4:6c:2a:e0:20:0b;Free Tbaytel WiFi;-92;18
952;a4:6c:2a:e0:20:0d;eduroam;-91;18
953;a2:53:22:40:4e:04;NOSMSecure;-70;18
954;a6:53:22:40:4f:7b;eduroam;-92;18
955;9c:53:22:40:4e:04;TBAYTech;-71;18
956;ac:7a:56:c8:62:0f;LakeheadU;-68;18
957;ac:7a:56:c8:62:0a;;-69;18
958;ac:7a:56:c8:62:0d;;-68;18
959;ac:7a:56:c8:62:0e;LU-Events;-67;18
960;ac:7a:56:c8:62:0b;;-69;18
961;ac:7a:56:c8:62:0c;LU-Guest;-67;18
962;ac:7a:56:c8:62:00;LakeheadU;-65;18
963;ac:7a:56:c8:62:01;LU-Events;-65;18
964;ac:7a:56:c8:62:02;;-65;18
965;ac:7a:56:c8:62:03;LU-Guest;-64;18
966;ac:7a:56:c8:62:08;Free Tbaytel WiFi;-69;18
967;ac:7a:56:c8:62:07;eduroam;-67;18
968;00:42:68:59:8b:fd;eduroam;-92;18
969;c8:d7:19:24:c6:d5;LINKSYS-750;-72;18
970;ae:53:22:40:4e:04;NOSMConnect24;-70;18
971;9c:53:22:40:4f:7b;TBAYTech;-92;18
972;d2:5d:05:d7:2e:bc;Xerox;-85;18
973;80:e0:1d:ee:3f:63;Free Tbaytel WiFi;-67;18
974;80:e0:1d:ee:3f:64;eduroam;-68;18
975;80:e0:1d:ee:3f:60;LakeheadU;-67;18
976;80:e0:1d:ee:3f:61;LU-Guest;-67;18
977;80:e0:1d:ee:3f:62;LU-Events;-68;18
978;a4:6c:2a:d4:bf:1f;LU-Guest;-84;18
979;a4:6c:2a:d4:bf:1d;eduroam;-84;18
980;a4:6c:2a:d4:bf:1e;LakeheadU;-85;18
981;a4:6c:2a:d4:bf:1b;Free Tbaytel WiFi;-86;18
982;a4:6c:2a:d4:bf:1c;LU-Events;-85;18
983;80:e0:1d:e6:79:d2;eduroam;-64;18
984;80:e0:1d:e6:79:d1;LakeheadU;-65;18
985;80:e0:1d:e6:79:d0;LU-Guest;-65;18
986;80:e0:1d:e6:79:d4;Free Tbaytel WiFi;-64;18
987;80:e0:1d:e6:79:d3;LU-Events;-64;18
988;80:e0:1d:e6:79:db;Free Tbaytel WiFi;-68;18
989;00:42:68:59:8b:f2;eduroam;-87;18
990;80:e0:1d:e6:79:df;LU-Guest;-67;18
991;80:e0:1d:e6:79:de;LakeheadU;-67;18
992;80:e0:1d:e6:79:dd;eduroam;-68;18
993;80:e0:1d:e6:79:dc;LU-Events;-65;18
994;80:e0:1d:ac:8b:03;LU-Events;-80;18
995;80:e0:1d:ac:8b:02;eduroam;-80;18
996;80:e0:1d:ac:8b:01;LakeheadU;-80;18
997;80:e0:1d:ee:3f:6c;Free Tbaytel WiFi;-78;18
998;80:e0:1d:ee:3f:6d;LU-Events;-71;18
999;80:e0:1d:ee:3f:6f;LakeheadU;-71;18
1000;aa:53:22:40:4e:04;NOSMConnect;-72;18
1001;82:f2:e0:d1:f9:74;portthru;-77;18
1002;a6:53:22:40:4e:04;eduroam;-74;18
1003;a4:6c:2a:d4:bf:14;Free Tbaytel WiFi;-74;18
1004;a4:6c:2a:d4:bf:12;eduroam;-72;18
1005;a4:6c:2a:d4:bf:13;LU-Events;-75;18
1006;a4:6c:2a:d4:bf:10;LU-Guest;-72;18
1007;a4:6c:2a:d4:bf:11;LakeheadU;-73;18
1008;a4:6c:2a:e0:20:01;LakeheadU;-71;19
1009;a4:6c:2a:e0:20:00;LU-Guest;-73;19
1010;a4:6c:2a:e0:20:03;LU-Events;-72;19
1011;a4:6c:2a:e0:20:02;eduroam;-71;19
1012;a4:6c:2a:e0:20:04;Free Tbaytel WiFi;-72;19
1013;aa:53:22:40:4f:7b;NOSMConnect;-92;19
1014;a4:6c:2a:e0:20:0c;LU-Events;-78;19
1015;a2:53:22:40:4e:05;NOSMSecure;-80;19
1016;a6:53:22:40:4f:7b;eduroam;-92;19
1017;a6:53:22:40:4f:7a;eduroam;-70;19
1018;aa:53:22:40:4f:80;NOSMConnect;-87;19
1019;80:e0:1d:f6:a4:d4;Free Tbaytel WiFi;-79;19
1020;9c:53:22:40:4e:05;TBAYTech;-79;19
1021;9c:53:22:40:4e:04;TBAYTech;-73;19
1022;ac:7a:56:c8:62:0f;LakeheadU;-67;19
1023;ac:7a:56:c8:62:0a;;-63;19
1024;ac:7a:56:c8:62:0d;;-63;19
1025;ac:7a:56:c8:62:0e;LU-Events;-68;19
1026;ac:7a:56:c8:62:0b;;-63;19
1027;ac:7a:56:c8:62:0c;LU-Guest;-68;19
1028;ac:7a:56:c8:62:00;LakeheadU;-58;19
1029;ac:7a:56:c8:62:01;LU-Events;-58;19
1030;ac:7a:56:c8:62:02;;-58;19
1031;ac:7a:56:c8:62:03;LU-Guest;-58;19
1032;ac:7a:56:c8:62:08;Free Tbaytel WiFi;-69;19
1033;ac:7a:56:c8:62:07;eduroam;-67;19
1034;e8:de:27:f8:06:78;TP-LINK_F80678_Xiaoping;-80;19
1035;c8:d7:19:24:c6:d5;LINKSYS-750;-74;19
1036;d2:5d:05:d7:2e:bc;Xerox;-87;19
1037;80:e0:1d:ee:3f:63;Free Tbaytel WiFi;-73;19
1038;80:e0:1d:ee:3f:64;eduroam;-72;19
1039;80:e0:1d:ee:3f:61;LU-Guest;-71;19
1040;80:e0:1d:ee:3f:62;LU-Events;-72;19
1041;a4:6c:2a:d4:bf:1f;LU-Guest;-81;19
1042;a4:6c:2a:d4:bf:1d;eduroam;-80;19
1043;a4:6c:2a:d4:bf:1e;LakeheadU;-80;19
1044;a4:6c:2a:d4:bf:1b;Free Tbaytel WiFi;-81;19
1045;a4:6c:2a:d4:bf:1c;LU-Events;-80;19
1046;80:e0:1d:e6:79:d2;eduroam;-69;19
1047;80:e0:1d:e6:79:d0;LU-Guest;-57;19
1048;80:e0:1d:e6:79:d4;Free Tbaytel WiFi;-57;19
1049;80:e0:1d:e6:79:db;Free Tbaytel WiFi;-65;19
1050;80:e0:1d:e6:79:df;LU-Guest;-64;19
1051;80:e0:1d:e6:79:de;LakeheadU;-65;19
1052;80:e0:1d:e6:79:dd;eduroam;-65;19
1053;80:e0:1d:e6:79:dc;LU-Events;-64;19
1054;a2:53:22:40:4f:7b;NOSMSecure;-93;19
1055;80:e0:1d:ac:8b:04;Free Tbaytel WiFi;-83;19
1056;80:e0:1d:ac:8b:03;LU-Events;-83;19
1057;80:e0:1d:ee:3f:6c;Free Tbaytel WiFi;-77;19
1058;80:e0:1d:ee:3f:6f;LakeheadU;-75;19
1059;80:e0:1d:ee:3f:6b;eduroam;-78;19
1060;aa:53:22:40:4e:05;NOSMConnect;-80;19
1061;80:e0:1d:ac:8b:0d;eduroam;-93;19
1062;82:f2:e0:d1:f9:74;portthru;-75;19
1063;80:e0:1d:ac:8b:0c;LU-Events;-93;19
1064;6c:5a:b0:3d:73:c0;Quanser_UVS-5G;-93;19
1065;a6:53:22:40:4e:05;eduroam;-80;19
1066;80:e0:1d:ac:8b:0f;LU-Guest;-93;19
1067;a4:6c:2a:d4:bf:14;Free Tbaytel WiFi;-75;19
1068;a4:6c:2a:d4:bf:12;eduroam;-74;19
1069;a4:6c:2a:d4:bf:13;LU-Events;-76;19
1070;a4:6c:2a:d4:bf:10;LU-Guest;-75;19
1071;a4:6c:2a:d4:bf:11;LakeheadU;-73;19
1072;a4:6c:2a:e0:20:01;LakeheadU;-71;20
1073;a4:6c:2a:e0:20:00;LU-Guest;-73;20
1074;a4:6c:2a:e0:20:03;LU-Events;-72;20
1075;a4:6c:2a:e0:20:02;eduroam;-71;20
1076;a4:6c:2a:e0:20:04;Free Tbaytel WiFi;-72;20
1077;aa:53:22:40:4f:7b;NOSMConnect;-92;20
1078;a4:6c:2a:e0:20:0c;LU-Events;-78;20
1079;a2:53:22:40:4e:05;NOSMSecure;-80;20
1080;a6:53:22:40:4f:7b;eduroam;-92;20
1081;a6:53:22:40:4f:7a;eduroam;-70;20
1082;aa:53:22:40:4f:80;NOSMConnect;-87;20
1083;80:e0:1d:f6:a4:d4;Free Tbaytel WiFi;-79;20
1084;9c:53:22:40:4e:05;TBAYTech;-79;20
1085;9c:53:22:40:4e:04;TBAYTech;-73;20
1086;ac:7a:56:c8:62:0f;LakeheadU;-67;20
1087;ac:7a:56:c8:62:0a;;-63;20
1088;ac:7a:56:c8:62:0d;;-63;20
1089;ac:7a:56:c8:62:0e;LU-Events;-68;20
1090;ac:7a:56:c8:62:0b;;-63;20
1091;ac:7a:56:c8:62:0c;LU-Guest;-68;20
1092;ac:7a:56:c8:62:00;LakeheadU;-58;20
1093;ac:7a:56:c8:62:01;LU-Events;-58;20
1094;ac:7a:56:c8:62:02;;-58;20
1095;ac:7a:56:c8:62:03;LU-Guest;-58;20
1096;ac:7a:56:c8:62:08;Free Tbaytel WiFi;-69;20
1097;ac:7a:56:c8:62:07;eduroam;-67;20
1098;e8:de:27:f8:06:78;TP-LINK_F80678_Xiaoping;-80;20
1099;c8:d7:19:24:c6:d5;LINKSYS-750;-74;20
1100;d2:5d:05:d7:2e:bc;Xerox;-87;20
1101;80:e0:1d:ee:3f:63;Free Tbaytel WiFi;-73;20
1102;80:e0:1d:ee:3f:64;eduroam;-72;20
1103;80:e0:1d:ee:3f:61;LU-Guest;-71;20
1104;80:e0:1d:ee:3f:62;LU-Events;-72;20
1105;a4:6c:2a:d4:bf:1f;LU-Guest;-81;20
1106;a4:6c:2a:d4:bf:1d;eduroam;-80;20
1107;a4:6c:2a:d4:bf:1e;LakeheadU;-80;20
1108;a4:6c:2a:d4:bf:1b;Free Tbaytel WiFi;-81;20
1109;a4:6c:2a:d4:bf:1c;LU-Events;-80;20
1110;80:e0:1d:e6:79:d2;eduroam;-69;20
1111;80:e0:1d:e6:79:d0;LU-Guest;-57;20
1112;80:e0:1d:e6:79:d4;Free Tbaytel WiFi;-57;20
1113;80:e0:1d:e6:79:db;Free Tbaytel WiFi;-65;20
1114;80:e0:1d:e6:79:df;LU-Guest;-64;20
1115;80:e0:1d:e6:79:de;LakeheadU;-65;20
1116;80:e0:1d:e6:79:dd;eduroam;-65;20
1117;80:e0:1d:e6:79:dc;LU-Events;-64;20
1118;a2:53:22:40:4f:7b;NOSMSecure;-93;20
1119;80:e0:1d:ac:8b:04;Free Tbaytel WiFi;-83;20
1120;80:e0:1d:ac:8b:03;LU-Events;-83;20
1121;80:e0:1d:ee:3f:6c;Free Tbaytel WiFi;-77;20
1122;80:e0:1d:ee:3f:6f;LakeheadU;-75;20
1123;80:e0:1d:ee:3f:6b;eduroam;-78;20
1124;aa:53:22:40:4e:05;NOSMConnect;-80;20
1125;80:e0:1d:ac:8b:0d;eduroam;-93;20
1126;82:f2:e0:d1:f9:74;portthru;-75;20
1127;80:e0:1d:ac:8b:0c;LU-Events;-93;20
1128;6c:5a:b0:3d:73:c0;Quanser_UVS-5G;-93;20
1129;a6:53:22:40:4e:05;eduroam;-80;20
1130;80:e0:1d:ac:8b:0f;LU-Guest;-93;20
1131;a4:6c:2a:d4:bf:14;Free Tbaytel WiFi;-75;20
1132;a4:6c:2a:d4:bf:12;eduroam;-74;20
1133;a4:6c:2a:d4:bf:13;LU-Events;-76;20
1134;a4:6c:2a:d4:bf:10;LU-Guest;-75;20
1135;a4:6c:2a:d4:bf:11;LakeheadU;-73;20
1136;80:e0:1d:e6:79:d4;Free Tbaytel WiFi;-57;21
1137;80:e0:1d:e6:79:d0;LU-Guest;-57;21
1138;ac:7a:56:c8:62:07;Free Tbaytel WiFi;-58;21
1139;ac:7a:56:c8:62:01;LU-Events;-58;21
1140;ac:7a:56:c8:62:03;LU-Guest;-58;21
1141;ac:7a:56:c8:62:00;LakeheadU;-58;21
1142;ac:7a:56:c8:62:02;;-58;21
1143;ac:7a:56:c8:62:0d;;-63;21
1144;ac:7a:56:c8:62:0b;;-63;21
1145;ac:7a:56:c8:62:0a;;-63;21
1146;80:e0:1d:e6:79:df;LU-Guest;-64;21
1147;80:e0:1d:e6:79:dc;LU-Events;-64;21
1148;80:e0:1d:e6:79:db;Free Tbaytel WiFi;-65;21
1149;80:e0:1d:e6:79:dd;eduroam;-65;21
1150;80:e0:1d:e6:79:de;LakeheadU;-65;21
1151;ac:7a:56:c8:62:0f;LakeheadU;-67;21
1152;ac:7a:56:c8:62:07;eduroam;-67;21
1153;ac:7a:56:c8:62:0e;LU-Events;-68;21
1154;ac:7a:56:c8:62:0c;LU-Guest;-68;21
1155;ac:7a:56:c8:62:08;Free Tbaytel WiFi;-69;21
1156;80:e0:1d:e6:79:d2;eduroam;-69;21
1157;a6:53:22:40:4f:7a;eduroam;-70;21
1158;a4:6c:2a:e0:20:01;LakeheadU;-71;21
1159;80:e0:1d:ee:3f:61;LU-Guest;-71;21
1160;a4:6c:2a:e0:20:02;eduroam;-71;21
1161;80:e0:1d:ee:3f:62;LU-Events;-72;21
1162;80:e0:1d:ee:3f:64;eduroam;-72;21
1163;a4:6c:2a:e0:20:04;Free Tbaytel WiFi;-72;21
1164;a4:6c:2a:e0:20:03;LU-Events;-72;21
1165;80:e0:1d:ee:3f:63;Free Tbaytel WiFi;-73;21
1166;a4:6c:2a:e0:20:00;LU-Guest;-73;21
1167;a4:6c:2a:d4:bf:11;LakeheadU;-73;21
1168;9c:53:22:40:4e:04;TBAYTech;-73;21
1169;a4:6c:2a:d4:bf:12;eduroam;-74;21
1170;c8:d7:19:24:c6:d5;LINKSYS-750;-74;21
1171;80:e0:1d:ee:3f:6f;LakeheadU;-75;21
1172;a4:6c:2a:d4:bf:14;Free Tbaytel WiFi;-75;21
1173;a4:6c:2a:d4:bf:10;LU-Guest;-75;21
1174;82:f2:e0:d1:f9:74;portthru;-75;21
1175;a4:6c:2a:d4:bf:13;LU-Events;-76;21
1176;80:e0:1d:ee:3f:6c;Free Tbaytel WiFi;-77;21
1177;80:e0:1d:ee:3f:6b;eduroam;-78;21
1178;a4:6c:2a:e0:20:0c;LU-Events;-78;21
1179;80:e0:1d:f6:a4:d4;Free Tbaytel WiFi;-79;21
1180;9c:53:22:40:4e:05;TBAYTech;-79;21
1181;a4:6c:2a:d4:bf:1c;LU-Events;-80;21
1182;e8:de:27:f8:06:78;TP-LINK_F80678_Xiaoping;-80;21
1183;a4:6c:2a:d4:bf:1d;eduroam;-80;21
1184;a4:6c:2a:d4:bf:1e;LakeheadU;-80;21
1185;a2:53:22:40:4e:05;NOSMSecure;-80;21
1186;a6:53:22:40:4e:05;eduroam;-80;21
1187;aa:53:22:40:4e:05;NOSMConnect;-80;21
1188;a4:6c:2a:d4:bf:1b;Free Tbaytel WiFi;-81;21
1189;a4:6c:2a:d4:bf:1f;LU-Guest;-81;21
1190;80:e0:1d:ac:8b:03;LU-Events;-83;21
1191;80:e0:1d:ac:8b:04;Free Tbaytel WiFi;-83;21
1192;aa:53:22:40:4f:80;NOSMConnect;-87;21
1193;d2:5d:05:d7:2e:bc;Xerox;-87;21
1194;aa:53:22:40:4f:7b;NOSMConnect;-92;21
1195;a6:53:22:40:4f:7b;eduroam;-92;21
1196;6c:5a:b0:3d:73:c0;Quanser_UVS-5G;-93;21
1197;a2:53:22:40:4f:7b;NOSMSecure;-93;21
1198;80:e0:1d:ac:8b:0d;eduroam;-93;21
1199;80:e0:1d:ac:8b:0f;LU-Guest;-93;21
1200;80:e0:1d:ac:8b:0c;LU-Events;-93;21
1201;a4:6c:2a:e0:20:01;LakeheadU;-81;22
1202;a4:6c:2a:e0:20:00;LU-Guest;-69;22
1203;a4:6c:2a:e0:20:03;LU-Events;-70;22
1204;a4:6c:2a:e0:20:02;eduroam;-69;22
1205;a4:6c:2a:e0:20:04;Free Tbaytel WiFi;-69;22
1206;ae:53:22:40:4f:7a;NOSMConnect24;-73;22
1207;aa:53:22:40:4f:7a;NOSMConnect;-76;22
1208;aa:53:22:40:4f:7b;NOSMConnect;-87;22
1209;a4:6c:2a:e0:20:0e;LakeheadU;-82;22
1210;a4:6c:2a:e0:20:0d;eduroam;-84;22
1211;80:e0:1d:f6:a5:12;eduroam;-78;22
1212;a2:53:22:40:4e:05;NOSMSecure;-87;22
1213;a6:53:22:40:4f:7b;eduroam;-87;22
1214;a6:53:22:40:4f:7a;eduroam;-72;22
1215;80:e0:1d:f6:a4:db;Free Tbaytel WiFi;-86;22
1216;80:e0:1d:f6:a4:dc;LU-Events;-86;22
1217;80:e0:1d:f6:a4:df;LU-Guest;-87;22
1218;9c:53:22:40:4e:05;TBAYTech;-86;22
1219;9c:53:22:40:4e:04;TBAYTech;-78;22
1220;ac:7a:56:c8:62:0f;LakeheadU;-62;22
1221;ac:7a:56:c8:62:0e;LU-Events;-62;22
1222;ac:7a:56:c8:62:0c;LU-Guest;-62;22
1223;ac:7a:56:c8:62:00;LakeheadU;-53;22
1224;ac:7a:56:c8:62:01;LU-Events;-83;22
1225;ac:7a:56:c8:62:04;;-53;22
1226;ac:7a:56:c8:62:02;;-54;22
1227;ac:7a:56:c8:62:03;LU-Guest;-53;22
1228;ac:7a:56:c8:62:08;Free Tbaytel WiFi;-59;22
1229;ac:7a:56:c8:62:07;eduroam;-62;22
1230;d8:b1:90:df:9f:e3;LU-Events;-80;22
1231;d8:b1:90:df:9f:e2;eduroam;-81;22
1232;d8:b1:90:df:9f:e1;LakeheadU;-82;22
1233;d8:b1:90:df:9f:e0;LU-Guest;-82;22
1234;ae:53:22:40:4e:04;NOSMConnect24;-77;22
1235;9c:53:22:40:4f:7b;TBAYTech;-86;22
1236;9c:53:22:40:4f:7a;TBAYTech;-71;22
1237;80:e0:1d:ee:3f:63;Free Tbaytel WiFi;-80;22
1238;a4:6c:2a:d4:bf:1f;LU-Guest;-82;22
1239;a4:6c:2a:d4:bf:1d;eduroam;-82;22
1240;a4:6c:2a:d4:bf:1e;LakeheadU;-82;22
1241;a4:6c:2a:d4:bf:1b;Free Tbaytel WiFi;-82;22
1242;a4:6c:2a:d4:bf:1c;LU-Events;-82;22
1243;80:e0:1d:e6:79:d2;eduroam;-56;22
1244;80:e0:1d:e6:79:d1;LakeheadU;-55;22
1245;80:e0:1d:e6:79:d0;LU-Guest;-57;22
1246;80:e0:1d:e6:79:d4;Free Tbaytel WiFi;-57;22
1247;80:e0:1d:e6:79:d3;LU-Events;-57;22
1248;80:e0:1d:e6:79:db;Free Tbaytel WiFi;-59;22
1249;80:e0:1d:e6:79:df;LU-Guest;-59;22
1250;80:e0:1d:e6:79:de;LakeheadU;-59;22
1251;80:e0:1d:e6:79:dd;eduroam;-59;22
1252;80:e0:1d:e6:79:dc;LU-Events;-58;22
1253;a2:53:22:40:4f:7b;NOSMSecure;-86;22
1254;a2:53:22:40:4f:7a;NOSMSecure;-73;22
1255;80:e0:1d:ee:3f:6c;Free Tbaytel WiFi;-86;22
1256;80:e0:1d:ee:3f:6f;LakeheadU;-86;22
1257;aa:53:22:40:4e:05;NOSMConnect;-87;22
1258;80:e0:1d:ac:8b:0e;LakeheadU;-87;22
1259;80:e0:1d:ac:8b:0d;eduroam;-86;22
1260;82:f2:e0:d1:f9:74;portthru;-82;22
1261;80:e0:1d:ac:8b:0c;LU-Events;-87;22
1262;80:e0:1d:ac:8b:0b;Free Tbaytel WiFi;-86;22
1263;a6:53:22:40:4e:05;eduroam;-87;22
1264;a6:53:22:40:4e:04;eduroam;-84;22
1265;80:e0:1d:ac:8b:0f;LU-Guest;-87;22
1266;a4:6c:2a:d4:bf:14;Free Tbaytel WiFi;-77;22
1267;a4:6c:2a:d4:bf:12;eduroam;-77;22
1268;a4:6c:2a:d4:bf:13;LU-Events;-75;22
1269;a4:6c:2a:d4:bf:10;LU-Guest;-75;22
1270;a4:6c:2a:d4:bf:11;LakeheadU;-74;22
1271;a4:6c:2a:e0:20:01;LakeheadU;-81;23
1272;a4:6c:2a:e0:20:00;LU-Guest;-69;23
1273;a4:6c:2a:e0:20:03;LU-Events;-70;23
1274;a4:6c:2a:e0:20:02;eduroam;-69;23
1275;a4:6c:2a:e0:20:04;Free Tbaytel WiFi;-69;23
1276;ae:53:22:40:4f:7a;NOSMConnect24;-73;23
1277;aa:53:22:40:4f:7a;NOSMConnect;-76;23
1278;aa:53:22:40:4f:7b;NOSMConnect;-87;23
1279;a4:6c:2a:e0:20:0e;LakeheadU;-82;23
1280;a4:6c:2a:e0:20:0d;eduroam;-84;23
1281;80:e0:1d:f6:a5:12;eduroam;-78;23
1282;a2:53:22:40:4e:05;NOSMSecure;-87;23
1283;a6:53:22:40:4f:7b;eduroam;-87;23
1284;a6:53:22:40:4f:7a;eduroam;-72;23
1285;80:e0:1d:f6:a4:db;Free Tbaytel WiFi;-86;23
1286;80:e0:1d:f6:a4:dc;LU-Events;-86;23
1287;80:e0:1d:f6:a4:df;LU-Guest;-87;23
1288;9c:53:22:40:4e:05;TBAYTech;-86;23
1289;9c:53:22:40:4e:04;TBAYTech;-78;23
1290;ac:7a:56:c8:62:0f;LakeheadU;-62;23
1291;ac:7a:56:c8:62:0e;LU-Events;-62;23
1292;ac:7a:56:c8:62:0c;LU-Guest;-62;23
1293;ac:7a:56:c8:62:00;LakeheadU;-53;23
1294;ac:7a:56:c8:62:01;LU-Events;-83;23
1295;ac:7a:56:c8:62:04;;-53;23
1296;ac:7a:56:c8:62:02;;-54;23
1297;ac:7a:56:c8:62:03;LU-Guest;-53;23
1298;ac:7a:56:c8:62:08;Free Tbaytel WiFi;-59;23
1299;ac:7a:56:c8:62:07;eduroam;-62;23
1300;d8:b1:90:df:9f:e3;LU-Events;-80;23
1301;d8:b1:90:df:9f:e2;eduroam;-81;23
1302;d8:b1:90:df:9f:e1;LakeheadU;-82;23
1303;d8:b1:90:df:9f:e0;LU-Guest;-82;23
1304;ae:53:22:40:4e:04;NOSMConnect24;-77;23
1305;9c:53:22:40:4f:7b;TBAYTech;-86;23
1306;9c:53:22:40:4f:7a;TBAYTech;-71;23
1307;80:e0:1d:ee:3f:63;Free Tbaytel WiFi;-80;23
1308;a4:6c:2a:d4:bf:1f;LU-Guest;-82;23
1309;a4:6c:2a:d4:bf:1d;eduroam;-82;23
1310;a4:6c:2a:d4:bf:1e;LakeheadU;-82;23
1311;a4:6c:2a:d4:bf:1b;Free Tbaytel WiFi;-82;23
1312;a4:6c:2a:d4:bf:1c;LU-Events;-82;23
1313;80:e0:1d:e6:79:d2;eduroam;-56;23
1314;80:e0:1d:e6:79:d1;LakeheadU;-55;23
1315;80:e0:1d:e6:79:d0;LU-Guest;-57;23
1316;80:e0:1d:e6:79:d4;Free Tbaytel WiFi;-57;23
1317;80:e0:1d:e6:79:d3;LU-Events;-57;23
1318;80:e0:1d:e6:79:db;Free Tbaytel WiFi;-59;23
1319;80:e0:1d:e6:79:df;LU-Guest;-59;23
1320;80:e0:1d:e6:79:de;LakeheadU;-59;23
1321;80:e0:1d:e6:79:dd;eduroam;-59;23
1322;80:e0:1d:e6:79:dc;LU-Events;-58;23
1323;a2:53:22:40:4f:7b;NOSMSecure;-86;23
1324;a2:53:22:40:4f:7a;NOSMSecure;-73;23
1325;80:e0:1d:ee:3f:6c;Free Tbaytel WiFi;-86;23
1326;80:e0:1d:ee:3f:6f;LakeheadU;-86;23
1327;aa:53:22:40:4e:05;NOSMConnect;-87;23
1328;80:e0:1d:ac:8b:0e;LakeheadU;-87;23
1329;80:e0:1d:ac:8b:0d;eduroam;-86;23
1330;82:f2:e0:d1:f9:74;portthru;-82;23
1331;80:e0:1d:ac:8b:0c;LU-Events;-87;23
1332;80:e0:1d:ac:8b:0b;Free Tbaytel WiFi;-86;23
1333;a6:53:22:40:4e:05;eduroam;-87;23
1334;a6:53:22:40:4e:04;eduroam;-84;23
1335;80:e0:1d:ac:8b:0f;LU-Guest;-87;23
1336;a4:6c:2a:d4:bf:14;Free Tbaytel WiFi;-77;23
1337;a4:6c:2a:d4:bf:12;eduroam;-77;23
1338;a4:6c:2a:d4:bf:13;LU-Events;-75;23
1339;a4:6c:2a:d4:bf:10;LU-Guest;-75;23
1340;a4:6c:2a:d4:bf:11;LakeheadU;-74;23
1341;a4:6c:2a:e0:20:01;LakeheadU;-71;24
1342;a4:6c:2a:e0:20:00;LU-Guest;-73;24
1343;a4:6c:2a:e0:20:03;LU-Events;-73;24
1344;a4:6c:2a:e0:20:02;eduroam;-74;24
1345;a4:6c:2a:e0:20:04;Free Tbaytel WiFi;-73;24
1346;ae:53:22:40:4f:7a;NOSMConnect24;-60;24
1347;aa:53:22:40:4f:7a;NOSMConnect;-60;24
1348;aa:53:22:40:4f:7b;NOSMConnect;-86;24
1349;80:e0:1d:f6:a5:11;LakeheadU;-70;24
1350;80:e0:1d:f6:a5:12;eduroam;-71;24
1351;80:e0:1d:f6:a5:10;LU-Guest;-70;24
1352;80:e0:1d:f6:a5:14;Free Tbaytel WiFi;-70;24
1353;80:e0:1d:f6:a5:1b;Free Tbaytel WiFi;-92;24
1354;80:e0:1d:f6:a5:1d;eduroam;-93;24
1355;a6:53:22:40:4f:7b;eduroam;-87;24
1356;a6:53:22:40:4f:7a;eduroam;-60;24
1357;ac:7a:56:c8:62:0f;LakeheadU;-57;24
1358;ac:7a:56:c8:62:0e;LU-Events;-57;24
1359;ac:7a:56:c8:62:0c;LU-Guest;-57;24
1360;ac:7a:56:c8:62:00;LakeheadU;-57;24
1361;ac:7a:56:c8:62:01;LU-Events;-56;24
1362;ac:7a:56:c8:62:02;;-56;24
1363;ac:7a:56:c8:62:03;LU-Guest;-56;24
1364;ac:7a:56:c8:62:08;Free Tbaytel WiFi;-55;24
1365;ac:7a:56:c8:62:07;eduroam;-57;24
1366;d8:b1:90:df:9f:e2;eduroam;-79;24
1367;d8:b1:90:df:9f:e1;LakeheadU;-79;24
1368;9c:53:22:40:4f:7b;TBAYTech;-87;24
1369;9c:53:22:40:4f:7a;TBAYTech;-56;24
1370;a4:6c:2a:d4:bf:1f;LU-Guest;-81;24
1371;a4:6c:2a:d4:bf:1d;eduroam;-82;24
1372;a4:6c:2a:d4:bf:1e;LakeheadU;-82;24
1373;a4:6c:2a:d4:bf:1b;Free Tbaytel WiFi;-81;24
1374;a4:6c:2a:d4:bf:1c;LU-Events;-82;24
1375;80:e0:1d:e6:79:d0;LU-Guest;-56;24
1376;80:e0:1d:e6:79:d4;Free Tbaytel WiFi;-57;24
1377;80:e0:1d:e6:79:db;Free Tbaytel WiFi;-60;24
1378;80:e0:1d:e6:79:df;LU-Guest;-60;24
1379;80:e0:1d:e6:79:de;LakeheadU;-60;24
1380;80:e0:1d:e6:79:dd;eduroam;-60;24
1381;80:e0:1d:e6:79:dc;LU-Events;-59;24
1382;a2:53:22:40:4f:7b;NOSMSecure;-86;24
1383;a2:53:22:40:4f:7a;NOSMSecure;-60;24
1384;80:e0:1d:ac:8b:04;Free Tbaytel WiFi;-75;24
1385;80:e0:1d:ac:8b:03;LU-Events;-76;24
1386;80:e0:1d:ac:8b:02;eduroam;-76;24
1387;80:e0:1d:ac:8b:01;LakeheadU;-77;24
1388;80:e0:1d:ac:8b:00;LU-Guest;-75;24
1389;80:e0:1d:ee:3f:6c;Free Tbaytel WiFi;-89;24
1390;80:e0:1d:ee:3f:6e;LU-Guest;-91;24
1391;6c:5a:b0:3d:73:bf;Quanser_UVS-5G;-93;24
1392;80:e0:1d:ac:8b:0c;LU-Events;-91;24
1393;80:e0:1d:ac:8b:0b;Free Tbaytel WiFi;-91;24
1394;6c:5a:b0:3d:73:c0;Quanser_UVS-5G;-82;24
1395;80:e0:1d:ac:8b:0f;LU-Guest;-93;24
1396;a4:6c:2a:d4:bf:12;eduroam;-77;24
1397;a4:6c:2a:d4:bf:11;LakeheadU;-78;24
1398;a4:6c:2a:e0:20:01;LakeheadU;-76;25
1399;a4:6c:2a:e0:20:00;LU-Guest;-76;25
1400;a4:6c:2a:e0:20:03;LU-Events;-77;25
1401;a4:6c:2a:e0:20:02;eduroam;-76;25
1402;a4:6c:2a:e0:20:04;Free Tbaytel WiFi;-74;25
1403;ae:53:22:40:4f:7a;NOSMConnect24;-58;25
1404;aa:53:22:40:4f:7a;NOSMConnect;-58;25
1405;aa:53:22:40:4f:7b;NOSMConnect;-85;25
1406;80:e0:1d:f6:a5:12;eduroam;-84;25
1407;80:e0:1d:f6:a5:14;Free Tbaytel WiFi;-84;25
1408;a6:53:22:40:4f:7b;eduroam;-85;25
1409;a6:53:22:40:4f:7a;eduroam;-58;25
1410;ac:7a:56:c8:62:0f;LakeheadU;-58;25
1411;ac:7a:56:c8:62:0e;LU-Events;-58;25
1412;ac:7a:56:c8:62:0c;LU-Guest;-58;25
1413;ac:7a:56:c8:62:00;LakeheadU;-55;25
1414;ac:7a:56:c8:62:01;LU-Events;-55;25
1415;ac:7a:56:c8:62:02;;-55;25
1416;ac:7a:56:c8:62:03;LU-Guest;-55;25
1417;ac:7a:56:c8:62:08;Free Tbaytel WiFi;-61;25
1418;ac:7a:56:c8:62:07;eduroam;-58;25
1419;d8:b1:90:df:9f:e4;Free Tbaytel WiFi;-79;25
1420;d8:b1:90:df:9f:e3;LU-Events;-78;25
1421;d8:b1:90:df:9f:e2;eduroam;-80;25
1422;d8:b1:90:df:9f:e1;LakeheadU;-79;25
1423;d8:b1:90:df:9f:e0;LU-Guest;-79;25
1424;ca:5a:b0:3d:73:c3;;-71;25
1425;9c:53:22:40:4f:7b;TBAYTech;-85;25
1426;9c:53:22:40:4f:7a;TBAYTech;-58;25
1427;a4:6c:2a:d4:bf:1f;LU-Guest;-89;25
1428;a4:6c:2a:d4:bf:1d;eduroam;-89;25
1429;a4:6c:2a:d4:bf:1e;LakeheadU;-87;25
1430;a4:6c:2a:d4:bf:1b;Free Tbaytel WiFi;-89;25
1431;a4:6c:2a:d4:bf:1c;LU-Events;-89;25
1432;80:e0:1d:e6:79:d2;eduroam;-50;25
1433;80:e0:1d:e6:79:d1;LakeheadU;-51;25
1434;80:e0:1d:e6:79:d0;LU-Guest;-51;25
1435;80:e0:1d:e6:79:d4;Free Tbaytel WiFi;-51;25
1436;80:e0:1d:e6:79:db;Free Tbaytel WiFi;-53;25
1437;80:e0:1d:e6:79:df;LU-Guest;-53;25
1438;80:e0:1d:e6:79:de;LakeheadU;-53;25
1439;80:e0:1d:e6:79:dd;eduroam;-53;25
1440;80:e0:1d:e6:79:dc;LU-Events;-52;25
1441;a2:53:22:40:4f:7b;NOSMSecure;-86;25
1442;a2:53:22:40:4f:7a;NOSMSecure;-58;25
1443;80:e0:1d:ac:8b:04;Free Tbaytel WiFi;-78;25
1444;80:e0:1d:ac:8b:00;LU-Guest;-78;25
1445;80:e0:1d:ee:3f:6c;Free Tbaytel WiFi;-91;25
1446;80:e0:1d:ee:3f:6e;LU-Guest;-92;25
1447;80:e0:1d:ac:8b:0e;LakeheadU;-83;25
1448;80:e0:1d:ac:8b:0d;eduroam;-83;25
1449;80:e0:1d:ac:8b:0c;LU-Events;-83;25
1450;80:e0:1d:ac:8b:0b;Free Tbaytel WiFi;-83;25
1451;6c:5a:b0:3d:73:c0;Quanser_UVS-5G;-82;25
1452;6c:5a:b0:3d:73:c1;Quanser_UVS;-70;25
1453;80:e0:1d:ac:8b:0f;LU-Guest;-84;25
1454;a4:6c:2a:d4:bf:12;eduroam;-82;25
1455;a4:6c:2a:d4:bf:13;LU-Events;-83;25
1456;a4:6c:2a:e0:20:01;LakeheadU;-76;26
1457;a4:6c:2a:e0:20:00;LU-Guest;-76;26
1458;a4:6c:2a:e0:20:03;LU-Events;-77;26
1459;a4:6c:2a:e0:20:02;eduroam;-76;26
1460;a4:6c:2a:e0:20:04;Free Tbaytel WiFi;-74;26
1461;ae:53:22:40:4f:7a;NOSMConnect24;-58;26
1462;aa:53:22:40:4f:7a;NOSMConnect;-58;26
1463;aa:53:22:40:4f:7b;NOSMConnect;-85;26
1464;80:e0:1d:f6:a5:12;eduroam;-84;26
1465;80:e0:1d:f6:a5:14;Free Tbaytel WiFi;-84;26
1466;a6:53:22:40:4f:7b;eduroam;-85;26
1467;a6:53:22:40:4f:7a;eduroam;-58;26
1468;ac:7a:56:c8:62:0f;LakeheadU;-58;26
1469;ac:7a:56:c8:62:0e;LU-Events;-58;26
1470;ac:7a:56:c8:62:0c;LU-Guest;-58;26
1471;ac:7a:56:c8:62:00;LakeheadU;-55;26
1472;ac:7a:56:c8:62:01;LU-Events;-55;26
1473;ac:7a:56:c8:62:02;;-55;26
1474;ac:7a:56:c8:62:03;LU-Guest;-55;26
1475;ac:7a:56:c8:62:08;Free Tbaytel WiFi;-61;26
1476;ac:7a:56:c8:62:07;eduroam;-58;26
1477;d8:b1:90:df:9f:e4;Free Tbaytel WiFi;-79;26
1478;d8:b1:90:df:9f:e3;LU-Events;-78;26
1479;d8:b1:90:df:9f:e2;eduroam;-80;26
1480;d8:b1:90:df:9f:e1;LakeheadU;-79;26
1481;d8:b1:90:df:9f:e0;LU-Guest;-79;26
1482;ca:5a:b0:3d:73:c3;;-71;26
1483;9c:53:22:40:4f:7b;TBAYTech;-85;26
1484;9c:53:22:40:4f:7a;TBAYTech;-58;26
1485;a4:6c:2a:d4:bf:1f;LU-Guest;-89;26
1486;a4:6c:2a:d4:bf:1d;eduroam;-89;26
1487;a4:6c:2a:d4:bf:1e;LakeheadU;-87;26
1488;a4:6c:2a:d4:bf:1b;Free Tbaytel WiFi;-89;26
1489;a4:6c:2a:d4:bf:1c;LU-Events;-89;26
1490;80:e0:1d:e6:79:d2;eduroam;-50;26
1491;80:e0:1d:e6:79:d1;LakeheadU;-51;26
1492;80:e0:1d:e6:79:d0;LU-Guest;-51;26
1493;80:e0:1d:e6:79:d4;Free Tbaytel WiFi;-51;26
1494;80:e0:1d:e6:79:db;Free Tbaytel WiFi;-53;26
1495;80:e0:1d:e6:79:df;LU-Guest;-53;26
1496;80:e0:1d:e6:79:de;LakeheadU;-53;26
1497;80:e0:1d:e6:79:dd;eduroam;-53;26
1498;80:e0:1d:e6:79:dc;LU-Events;-52;26
1499;a2:53:22:40:4f:7b;NOSMSecure;-86;26
1500;a2:53:22:40:4f:7a;NOSMSecure;-58;26
1501;80:e0:1d:ac:8b:04;Free Tbaytel WiFi;-78;26
1502;80:e0:1d:ac:8b:00;LU-Guest;-78;26
1503;80:e0:1d:ee:3f:6c;Free Tbaytel WiFi;-91;26
1504;80:e0:1d:ee:3f:6e;LU-Guest;-92;26
1505;80:e0:1d:ac:8b:0e;LakeheadU;-83;26
1506;80:e0:1d:ac:8b:0d;eduroam;-83;26
1507;80:e0:1d:ac:8b:0c;LU-Events;-83;26
1508;80:e0:1d:ac:8b:0b;Free Tbaytel WiFi;-83;26
1509;6c:5a:b0:3d:73:c0;Quanser_UVS-5G;-82;26
1510;6c:5a:b0:3d:73:c1;Quanser_UVS;-70;26
1511;80:e0:1d:ac:8b:0f;LU-Guest;-84;26
1512;a4:6c:2a:d4:bf:12;eduroam;-82;26
1513;a4:6c:2a:d4:bf:13;LU-Events;-83;26
1514;a4:6c:2a:e0:20:01;LakeheadU;-80;27
1515;a4:6c:2a:e0:20:00;LU-Guest;-81;27
1516;a4:6c:2a:e0:20:03;LU-Events;-80;27
1517;a4:6c:2a:e0:20:02;eduroam;-80;27
1518;a4:6c:2a:e0:20:04;Free Tbaytel WiFi;-79;27
1519;00:1f:33:bd:d5:34;Lab1012;-72;27
1520;ae:53:22:40:4f:7a;NOSMConnect24;-50;27
1521;aa:53:22:40:4f:7a;NOSMConnect;-50;27
1522;aa:53:22:40:4f:7b;NOSMConnect;-73;27
1523;7e:a7:b0:c5:e9:67;DIRECT-cfLexmark Cheetah M-67e9;-68;27
1524;a6:53:22:40:4f:7b;eduroam;-73;27
1525;a6:53:22:40:4f:7a;eduroam;-49;27
1526;9c:53:22:40:4e:05;TBAYTech;-93;27
1527;ac:7a:56:c8:62:0f;LakeheadU;-61;27
1528;ac:7a:56:c8:62:0e;LU-Events;-58;27
1529;ac:7a:56:c8:62:0c;LU-Guest;-58;27
1530;ac:7a:56:c8:62:00;LakeheadU;-58;27
1531;ac:7a:56:c8:62:01;LU-Events;-59;27
1532;ac:7a:56:c8:62:02;;-59;27
1533;ac:7a:56:c8:62:03;LU-Guest;-58;27
1534;ac:7a:56:c8:62:08;Free Tbaytel WiFi;-67;27
1535;ac:7a:56:c8:62:07;eduroam;-59;27
1536;a6:53:22:40:4f:e8;eduroam;-79;27
1537;d8:b1:90:df:9f:e4;Free Tbaytel WiFi;-83;27
1538;d8:b1:90:df:9f:e3;LU-Events;-84;27
1539;d8:b1:90:df:9f:e2;eduroam;-84;27
1540;d8:b1:90:df:9f:e1;LakeheadU;-82;27
1541;d8:b1:90:df:9f:e0;LU-Guest;-82;27
1542;9c:53:22:40:4f:7b;TBAYTech;-73;27
1543;9c:53:22:40:4f:7a;TBAYTech;-49;27
1544;ba:5a:b0:3d:73:b1;;-78;27
1545;a4:6c:2a:d4:bf:1f;LU-Guest;-85;27
1546;a4:6c:2a:d4:bf:1e;LakeheadU;-85;27
1547;a4:6c:2a:d4:bf:1b;Free Tbaytel WiFi;-85;27
1548;a4:6c:2a:d4:bf:1c;LU-Events;-87;27
1549;80:e0:1d:e6:79:d2;eduroam;-39;27
1550;80:e0:1d:e6:79:d1;LakeheadU;-42;27
1551;80:e0:1d:e6:79:d0;LU-Guest;-43;27
1552;80:e0:1d:e6:79:d4;Free Tbaytel WiFi;-42;27
1553;80:e0:1d:e6:79:d3;LU-Events;-42;27
1554;80:e0:1d:e6:79:db;Free Tbaytel WiFi;-37;27
1555;80:e0:1d:e6:79:df;LU-Guest;-37;27
1556;80:e0:1d:e6:79:de;LakeheadU;-38;27
1557;80:e0:1d:e6:79:dd;eduroam;-38;27
1558;80:e0:1d:e6:79:dc;LU-Events;-37;27
1559;a2:53:22:40:4f:7b;NOSMSecure;-73;27
1560;a2:53:22:40:4f:7a;NOSMSecure;-49;27
1561;80:e0:1d:ac:8b:00;LU-Guest;-69;27
1562;80:e0:1d:ee:3f:6d;LU-Events;-91;27
1563;80:e0:1d:ee:3f:6f;LakeheadU;-91;27
1564;80:e0:1d:ee:3f:6b;eduroam;-91;27
1565;6c:5a:b0:3d:73:bf;Quanser_UVS-5G;-78;27
1566;80:e0:1d:ac:8b:0e;LakeheadU;-83;27
1567;80:e0:1d:ac:8b:0d;eduroam;-83;27
1568;80:e0:1d:ac:8b:0c;LU-Events;-82;27
1569;80:e0:1d:ac:8b:0b;Free Tbaytel WiFi;-82;27
1570;6c:5a:b0:3d:73:c0;Quanser_UVS-5G;-73;27
1571;6c:5a:b0:3d:73:c1;Quanser_UVS;-57;27
1572;80:e0:1d:ac:8b:0f;LU-Guest;-82;27
1573;a4:6c:2a:d4:bf:14;Free Tbaytel WiFi;-80;27
1574;a4:6c:2a:d4:bf:12;eduroam;-80;27
1575;a4:6c:2a:e0:20:01;LakeheadU;-80;28
1576;a4:6c:2a:e0:20:00;LU-Guest;-81;28
1577;a4:6c:2a:e0:20:03;LU-Events;-80;28
1578;a4:6c:2a:e0:20:02;eduroam;-80;28
1579;a4:6c:2a:e0:20:04;Free Tbaytel WiFi;-79;28
1580;00:1f:33:bd:d5:34;Lab1012;-72;28
1581;ae:53:22:40:4f:7a;NOSMConnect24;-50;28
1582;aa:53:22:40:4f:7a;NOSMConnect;-50;28
1583;aa:53:22:40:4f:7b;NOSMConnect;-73;28
1584;7e:a7:b0:c5:e9:67;DIRECT-cfLexmark Cheetah M-67e9;-68;28
1585;a6:53:22:40:4f:7b;eduroam;-73;28
1586;a6:53:22:40:4f:7a;eduroam;-49;28
1587;9c:53:22:40:4e:05;TBAYTech;-93;28
1588;ac:7a:56:c8:62:0f;LakeheadU;-61;28
1589;ac:7a:56:c8:62:0e;LU-Events;-58;28
1590;ac:7a:56:c8:62:0c;LU-Guest;-58;28
1591;ac:7a:56:c8:62:00;LakeheadU;-58;28
1592;ac:7a:56:c8:62:01;LU-Events;-59;28
1593;ac:7a:56:c8:62:02;;-59;28
1594;ac:7a:56:c8:62:03;LU-Guest;-58;28
1595;ac:7a:56:c8:62:08;Free Tbaytel WiFi;-67;28
1596;ac:7a:56:c8:62:07;eduroam;-59;28
1597;a6:53:22:40:4f:e8;eduroam;-79;28
1598;d8:b1:90:df:9f:e4;Free Tbaytel WiFi;-83;28
1599;d8:b1:90:df:9f:e3;LU-Events;-84;28
1600;d8:b1:90:df:9f:e2;eduroam;-84;28
1601;d8:b1:90:df:9f:e1;LakeheadU;-82;28
1602;d8:b1:90:df:9f:e0;LU-Guest;-82;28
1603;9c:53:22:40:4f:7b;TBAYTech;-73;28
1604;9c:53:22:40:4f:7a;TBAYTech;-49;28
1605;ba:5a:b0:3d:73:b1;;-78;28
1606;a4:6c:2a:d4:bf:1f;LU-Guest;-85;28
1607;a4:6c:2a:d4:bf:1e;LakeheadU;-85;28
1608;a4:6c:2a:d4:bf:1b;Free Tbaytel WiFi;-85;28
1609;a4:6c:2a:d4:bf:1c;LU-Events;-87;28
1610;80:e0:1d:e6:79:d2;eduroam;-39;28
1611;80:e0:1d:e6:79:d1;LakeheadU;-42;28
1612;80:e0:1d:e6:79:d0;LU-Guest;-43;28
1613;80:e0:1d:e6:79:d4;Free Tbaytel WiFi;-42;28
1614;80:e0:1d:e6:79:d3;LU-Events;-42;28
1615;80:e0:1d:e6:79:db;Free Tbaytel WiFi;-37;28
1616;80:e0:1d:e6:79:df;LU-Guest;-37;28
1617;80:e0:1d:e6:79:de;LakeheadU;-38;28
1618;80:e0:1d:e6:79:dd;eduroam;-38;28
1619;80:e0:1d:e6:79:dc;LU-Events;-37;28
1620;a2:53:22:40:4f:7b;NOSMSecure;-73;28
1621;a2:53:22:40:4f:7a;NOSMSecure;-49;28
1622;80:e0:1d:ac:8b:00;LU-Guest;-69;28
1623;80:e0:1d:ee:3f:6d;LU-Events;-91;28
1624;80:e0:1d:ee:3f:6f;LakeheadU;-91;28
1625;80:e0:1d:ee:3f:6b;eduroam;-91;28
1626;6c:5a:b0:3d:73:bf;Quanser_UVS-5G;-78;28
1627;80:e0:1d:ac:8b:0e;LakeheadU;-83;28
1628;80:e0:1d:ac:8b:0d;eduroam;-83;28
1629;80:e0:1d:ac:8b:0c;LU-Events;-82;28
1630;80:e0:1d:ac:8b:0b;Free Tbaytel WiFi;-82;28
1631;6c:5a:b0:3d:73:c0;Quanser_UVS-5G;-73;28
1632;6c:5a:b0:3d:73:c1;Quanser_UVS;-57;28
1633;80:e0:1d:ac:8b:0f;LU-Guest;-82;28
1634;a4:6c:2a:d4:bf:14;Free Tbaytel WiFi;-80;28
1635;a4:6c:2a:d4:bf:12;eduroam;-80;28
1636;a4:6c:2a:e0:20:01;LakeheadU;-80;29
1637;a4:6c:2a:e0:20:00;LU-Guest;-81;29
1638;a4:6c:2a:e0:20:03;LU-Events;-80;29
1639;a4:6c:2a:e0:20:02;eduroam;-80;29
1640;a4:6c:2a:e0:20:04;Free Tbaytel WiFi;-79;29
1641;00:1f:33:bd:d5:34;Lab1012;-72;29
1642;ae:53:22:40:4f:7a;NOSMConnect24;-50;29
1643;aa:53:22:40:4f:7a;NOSMConnect;-50;29
1644;aa:53:22:40:4f:7b;NOSMConnect;-73;29
1645;7e:a7:b0:c5:e9:67;DIRECT-cfLexmark Cheetah M-67e9;-68;29
1646;a6:53:22:40:4f:7b;eduroam;-73;29
1647;a6:53:22:40:4f:7a;eduroam;-49;29
1648;9c:53:22:40:4e:05;TBAYTech;-93;29
1649;ac:7a:56:c8:62:0f;LakeheadU;-61;29
1650;ac:7a:56:c8:62:0e;LU-Events;-58;29
1651;ac:7a:56:c8:62:0c;LU-Guest;-58;29
1652;ac:7a:56:c8:62:00;LakeheadU;-58;29
1653;ac:7a:56:c8:62:01;LU-Events;-59;29
1654;ac:7a:56:c8:62:02;;-59;29
1655;ac:7a:56:c8:62:03;LU-Guest;-58;29
1656;ac:7a:56:c8:62:08;Free Tbaytel WiFi;-67;29
1657;ac:7a:56:c8:62:07;eduroam;-59;29
1658;a6:53:22:40:4f:e8;eduroam;-79;29
1659;d8:b1:90:df:9f:e4;Free Tbaytel WiFi;-83;29
1660;d8:b1:90:df:9f:e3;LU-Events;-84;29
1661;d8:b1:90:df:9f:e2;eduroam;-84;29
1662;d8:b1:90:df:9f:e1;LakeheadU;-82;29
1663;d8:b1:90:df:9f:e0;LU-Guest;-82;29
1664;9c:53:22:40:4f:7b;TBAYTech;-73;29
1665;9c:53:22:40:4f:7a;TBAYTech;-49;29
1666;ba:5a:b0:3d:73:b1;;-78;29
1667;a4:6c:2a:d4:bf:1f;LU-Guest;-85;29
1668;a4:6c:2a:d4:bf:1e;LakeheadU;-85;29
1669;a4:6c:2a:d4:bf:1b;Free Tbaytel WiFi;-85;29
1670;a4:6c:2a:d4:bf:1c;LU-Events;-87;29
1671;80:e0:1d:e6:79:d2;eduroam;-39;29
1672;80:e0:1d:e6:79:d1;LakeheadU;-42;29
1673;80:e0:1d:e6:79:d0;LU-Guest;-43;29
1674;80:e0:1d:e6:79:d4;Free Tbaytel WiFi;-42;29
1675;80:e0:1d:e6:79:d3;LU-Events;-42;29
1676;80:e0:1d:e6:79:db;Free Tbaytel WiFi;-37;29
1677;80:e0:1d:e6:79:df;LU-Guest;-37;29
1678;80:e0:1d:e6:79:de;LakeheadU;-38;29
1679;80:e0:1d:e6:79:dd;eduroam;-38;29
1680;80:e0:1d:e6:79:dc;LU-Events;-37;29
1681;a2:53:22:40:4f:7b;NOSMSecure;-73;29
1682;a2:53:22:40:4f:7a;NOSMSecure;-49;29
1683;80:e0:1d:ac:8b:00;LU-Guest;-69;29
1684;80:e0:1d:ee:3f:6d;LU-Events;-91;29
1685;80:e0:1d:ee:3f:6f;LakeheadU;-91;29
1686;80:e0:1d:ee:3f:6b;eduroam;-91;29
1687;6c:5a:b0:3d:73:bf;Quanser_UVS-5G;-78;29
1688;80:e0:1d:ac:8b:0e;LakeheadU;-83;29
1689;80:e0:1d:ac:8b:0d;eduroam;-83;29
1690;80:e0:1d:ac:8b:0c;LU-Events;-82;29
1691;80:e0:1d:ac:8b:0b;Free Tbaytel WiFi;-82;29
1692;6c:5a:b0:3d:73:c0;Quanser_UVS-5G;-73;29
1693;6c:5a:b0:3d:73:c1;Quanser_UVS;-57;29
1694;80:e0:1d:ac:8b:0f;LU-Guest;-82;29
1695;a4:6c:2a:d4:bf:14;Free Tbaytel WiFi;-80;29
1696;a4:6c:2a:d4:bf:12;eduroam;-80;29
1697;80:e0:1d:e6:79:d0;LU-Guest;-50;30
1698;80:e0:1d:e6:79:d3;LU-Events;-51;30
1699;80:e0:1d:e6:79:dc;LU-Events;-52;30
1700;80:e0:1d:e6:79:db;Free Tbaytel WiFi;-53;30
1701;80:e0:1d:e6:79:de;LakeheadU;-53;30
1702;80:e0:1d:e6:79:dd;eduroam;-54;30
1703;80:e0:1d:e6:79:df;LU-Guest;-54;30
1704;80:e0:1d:e6:79:d4;Free Tbaytel WiFi;-55;30
1705;80:e0:1d:e6:79:d2;eduroam;-55;30
1706;80:e0:1d:e6:79:d1;LakeheadU;-58;30
1707;a6:53:22:40:4f:7a;eduroam;-59;30
1708;9c:53:22:40:4f:7a;TBAYTech;-59;30
1709;aa:53:22:40:4f:7a;NOSMConnect;-60;30
1710;6c:5a:b0:3d:73:c1;Quanser_UVS;-61;30
1711;ac:7a:56:c8:62:01;LU-Events;-64;30
1712;ac:7a:56:c8:62:07;Free Tbaytel WiFi;-64;30
1713;ac:7a:56:c8:62:03;LU-Guest;-65;30
1714;ac:7a:56:c8:62:04;;-65;30
1715;ac:7a:56:c8:62:0c;LU-Guest;-69;30
1716;ac:7a:56:c8:62:07;eduroam;-69;30
1717;ac:7a:56:c8:62:0e;LU-Events;-70;30
1718;ac:7a:56:c8:62:0f;LakeheadU;-70;30
1719;ac:7a:56:c8:62:08;Free Tbaytel WiFi;-73;30
1720;a4:6c:2a:d3:f4:d4;Free Tbaytel WiFi;-76;30
1721;a4:6c:2a:d3:f4:d1;LakeheadU;-76;30
1722;a4:6c:2a:d3:f4:d0;LU-Guest;-76;30
1723;a4:6c:2a:d3:f4:d3;LU-Events;-76;30
1724;a4:6c:2a:d4:bf:12;eduroam;-77;30
1725;80:e0:1d:ac:8b:0e;LakeheadU;-77;30
1726;a4:6c:2a:d3:f4:d2;eduroam;-77;30
1727;a4:6c:2a:d4:bf:10;LU-Guest;-77;30
1728;aa:53:22:40:4f:7b;NOSMConnect;-78;30
1729;a6:53:22:40:4f:7b;eduroam;-78;30
1730;a2:53:22:40:4f:7b;NOSMSecure;-78;30
1731;80:e0:1d:ac:8b:0b;Free Tbaytel WiFi;-78;30
1732;80:e0:1d:ac:8b:0c;LU-Events;-78;30
1733;9c:53:22:40:4f:7b;TBAYTech;-78;30
1734;80:e0:1d:ac:8b:0d;eduroam;-78;30
1735;80:e0:1d:ac:8b:0f;LU-Guest;-79;30
1736;6c:5a:b0:3d:73:c0;Quanser_UVS-5G;-79;30
1737;d8:b1:90:df:9f:e2;eduroam;-80;30
1738;a4:6c:2a:d4:bf:1b;Free Tbaytel WiFi;-84;30
1739;a4:6c:2a:d4:bf:1c;LU-Events;-84;30
1740;a4:6c:2a:d4:bf:1f;LU-Guest;-84;30
1741;a4:6c:2a:d4:bf:1e;LakeheadU;-84;30
1742;80:e0:1d:f6:a5:10;LU-Guest;-84;30
1743;a4:6c:2a:d4:bf:1d;eduroam;-85;30
1744;6c:5a:b0:3d:73:bf;Quanser_UVS-5G;-88;30
1745;ba:5a:b0:3d:73:b1;;-88;30
1746;80:e0:1d:ee:3f:0c;LU-Events;-92;30
1747;80:e0:1d:ee:3f:0f;LU-Guest;-92;30
1748;80:e0:1d:ee:3f:0b;Free Tbaytel WiFi;-92;30
1749;aa:53:22:40:4f:7b;NOSMConnect;-78;31
1750;80:e0:1d:f6:a5:10;LU-Guest;-79;31
1751;a6:53:22:40:4f:7b;eduroam;-78;31
1752;ac:7a:56:c8:62:0f;LakeheadU;-71;31
1753;ac:7a:56:c8:62:0d;;-74;31
1754;ac:7a:56:c8:62:0e;LU-Events;-73;31
1755;ac:7a:56:c8:62:0b;;-73;31
1756;ac:7a:56:c8:62:0c;LU-Guest;-73;31
1757;ac:7a:56:c8:62:08;Free Tbaytel WiFi;-73;31
1758;ac:7a:56:c8:62:07;eduroam;-72;31
1759;9c:53:22:40:4f:7b;TBAYTech;-78;31
1760;9c:53:22:40:4f:7a;TBAYTech;-57;31
1761;a4:6c:2a:d3:f4:d0;LU-Guest;-76;31
1762;a4:6c:2a:d3:f4:d1;LakeheadU;-77;31
1763;a4:6c:2a:d3:f4:d4;Free Tbaytel WiFi;-78;31
1764;a4:6c:2a:d3:f4:d2;eduroam;-77;31
1765;a4:6c:2a:d3:f4:d3;LU-Events;-77;31
1766;80:e0:1d:ee:3f:00;LU-Guest;-77;31
1767;80:e0:1d:ee:3f:04;Free Tbaytel WiFi;-76;31
1768;ba:5a:b0:3d:73:b1;;-88;31
1769;80:e0:1d:ee:3f:0b;Free Tbaytel WiFi;-90;31
1770;80:e0:1d:ee:3f:0d;eduroam;-90;31
1771;a4:6c:2a:d4:bf:1f;LU-Guest;-89;31
1772;a4:6c:2a:d4:bf:1e;LakeheadU;-88;31
1773;a4:6c:2a:d4:bf:1b;Free Tbaytel WiFi;-89;31
1774;a4:6c:2a:d4:bf:1c;LU-Events;-89;31
1775;80:e0:1d:e6:79:d2;eduroam;-54;31
1776;80:e0:1d:e6:79:d1;LakeheadU;-58;31
1777;80:e0:1d:e6:79:d0;LU-Guest;-55;31
1778;80:e0:1d:e6:79:d4;Free Tbaytel WiFi;-54;31
1779;80:e0:1d:e6:79:d3;LU-Events;-60;31
1780;80:e0:1d:e6:79:db;Free Tbaytel WiFi;-60;31
1781;80:e0:1d:e6:79:df;LU-Guest;-60;31
1782;80:e0:1d:e6:79:de;LakeheadU;-60;31
1783;80:e0:1d:e6:79:dd;eduroam;-60;31
1784;80:e0:1d:e6:79:dc;LU-Events;-60;31
1785;a2:53:22:40:4f:7b;NOSMSecure;-78;31
1786;a2:53:22:40:4f:7a;NOSMSecure;-59;31
1787;80:e0:1d:ac:8b:04;Free Tbaytel WiFi;-61;31
1788;80:e0:1d:ac:8b:02;eduroam;-60;31
1789;80:e0:1d:ac:8b:01;LakeheadU;-59;31
1790;80:e0:1d:ac:8b:00;LU-Guest;-60;31
1791;6c:5a:b0:3d:73:bf;Quanser_UVS-5G;-89;31
1792;80:e0:1d:ac:8b:0e;LakeheadU;-71;31
1793;80:e0:1d:ac:8b:0d;eduroam;-72;31
1794;80:e0:1d:ac:8b:0c;LU-Events;-72;31
1795;80:e0:1d:ac:8b:0b;Free Tbaytel WiFi;-72;31
1796;6c:5a:b0:3d:73:c0;Quanser_UVS-5G;-83;31
1797;80:e0:1d:ac:8b:0f;LU-Guest;-71;31
1798;a4:6c:2a:d4:bf:12;eduroam;-80;31
1799;a4:6c:2a:d4:bf:13;LU-Events;-80;31
1800;a4:6c:2a:d4:bf:11;LakeheadU;-79;31
1801;aa:53:22:40:4f:7b;NOSMConnect;-78;32
1802;80:e0:1d:f6:a5:10;LU-Guest;-79;32
1803;a6:53:22:40:4f:7b;eduroam;-78;32
1804;ac:7a:56:c8:62:0f;LakeheadU;-71;32
1805;ac:7a:56:c8:62:0d;;-74;32
1806;ac:7a:56:c8:62:0e;LU-Events;-73;32
1807;ac:7a:56:c8:62:0b;;-73;32
1808;ac:7a:56:c8:62:0c;LU-Guest;-73;32
1809;ac:7a:56:c8:62:08;Free Tbaytel WiFi;-73;32
1810;ac:7a:56:c8:62:07;eduroam;-72;32
1811;9c:53:22:40:4f:7b;TBAYTech;-78;32
1812;9c:53:22:40:4f:7a;TBAYTech;-57;32
1813;a4:6c:2a:d3:f4:d0;LU-Guest;-76;32
1814;a4:6c:2a:d3:f4:d1;LakeheadU;-77;32
1815;a4:6c:2a:d3:f4:d4;Free Tbaytel WiFi;-78;32
1816;a4:6c:2a:d3:f4:d2;eduroam;-77;32
1817;a4:6c:2a:d3:f4:d3;LU-Events;-77;32
1818;80:e0:1d:ee:3f:00;LU-Guest;-77;32
1819;80:e0:1d:ee:3f:04;Free Tbaytel WiFi;-76;32
1820;ba:5a:b0:3d:73:b1;;-88;32
1821;80:e0:1d:ee:3f:0b;Free Tbaytel WiFi;-90;32
1822;80:e0:1d:ee:3f:0d;eduroam;-90;32
1823;a4:6c:2a:d4:bf:1f;LU-Guest;-89;32
1824;a4:6c:2a:d4:bf:1e;LakeheadU;-88;32
1825;a4:6c:2a:d4:bf:1b;Free Tbaytel WiFi;-89;32
1826;a4:6c:2a:d4:bf:1c;LU-Events;-89;32
1827;80:e0:1d:e6:79:d2;eduroam;-54;32
1828;80:e0:1d:e6:79:d1;LakeheadU;-58;32
1829;80:e0:1d:e6:79:d0;LU-Guest;-55;32
1830;80:e0:1d:e6:79:d4;Free Tbaytel WiFi;-54;32
1831;80:e0:1d:e6:79:d3;LU-Events;-60;32
1832;80:e0:1d:e6:79:db;Free Tbaytel WiFi;-60;32
1833;80:e0:1d:e6:79:df;LU-Guest;-60;32
1834;80:e0:1d:e6:79:de;LakeheadU;-60;32
1835;80:e0:1d:e6:79:dd;eduroam;-60;32
1836;80:e0:1d:e6:79:dc;LU-Events;-60;32
1837;a2:53:22:40:4f:7b;NOSMSecure;-78;32
1838;a2:53:22:40:4f:7a;NOSMSecure;-59;32
1839;80:e0:1d:ac:8b:04;Free Tbaytel WiFi;-61;32
1840;80:e0:1d:ac:8b:02;eduroam;-60;32
1841;80:e0:1d:ac:8b:01;LakeheadU;-59;32
1842;80:e0:1d:ac:8b:00;LU-Guest;-60;32
1843;6c:5a:b0:3d:73:bf;Quanser_UVS-5G;-89;32
1844;80:e0:1d:ac:8b:0e;LakeheadU;-71;32
1845;80:e0:1d:ac:8b:0d;eduroam;-72;32
1846;80:e0:1d:ac:8b:0c;LU-Events;-72;32
1847;80:e0:1d:ac:8b:0b;Free Tbaytel WiFi;-72;32
1848;6c:5a:b0:3d:73:c0;Quanser_UVS-5G;-83;32
1849;80:e0:1d:ac:8b:0f;LU-Guest;-71;32
1850;a4:6c:2a:d4:bf:12;eduroam;-80;32
1851;a4:6c:2a:d4:bf:13;LU-Events;-80;32
1852;a4:6c:2a:d4:bf:11;LakeheadU;-79;32
1853;ae:53:22:40:4f:7a;NOSMConnect24;-64;33
1854;aa:53:22:40:4f:7a;NOSMConnect;-64;33
1855;aa:53:22:40:4f:7b;NOSMConnect;-89;33
1856;a6:53:22:40:4f:7b;eduroam;-88;33
1857;a6:53:22:40:4f:7a;eduroam;-64;33
1858;ac:7a:56:c8:62:0e;LU-Events;-77;33
1859;ac:7a:56:c8:62:0c;LU-Guest;-79;33
1860;a4:6c:2a:d3:f2:84;Free Tbaytel WiFi;-83;33
1861;ac:7a:56:c8:62:08;Free Tbaytel WiFi;-79;33
1862;ac:7a:56:c8:62:07;eduroam;-79;33
1863;a6:53:22:40:4f:e8;eduroam;-83;33
1864;9c:53:22:40:4f:7b;TBAYTech;-88;33
1865;a4:6c:2a:d3:f4:d0;LU-Guest;-69;33
1866;a4:6c:2a:d3:f4:d1;LakeheadU;-65;33
1867;a4:6c:2a:d3:f4:d4;Free Tbaytel WiFi;-69;33
1868;a4:6c:2a:d3:f4:d2;eduroam;-65;33
1869;a4:6c:2a:d3:f4:d3;LU-Events;-65;33
1870;ba:5a:b0:3d:73:b1;;-90;33
1871;80:e0:1d:ee:3f:0e;LakeheadU;-86;33
1872;a4:6c:2a:d4:bf:1f;LU-Guest;-84;33
1873;a4:6c:2a:d4:bf:1b;Free Tbaytel WiFi;-86;33
1874;a4:6c:2a:d4:bf:1c;LU-Events;-85;33
1875;80:e0:1d:e6:79:d2;eduroam;-57;33
1876;80:e0:1d:e6:79:d1;LakeheadU;-58;33
1877;80:e0:1d:e6:79:d0;LU-Guest;-58;33
1878;80:e0:1d:e6:79:d4;Free Tbaytel WiFi;-58;33
1879;80:e0:1d:e6:79:d3;LU-Events;-61;33
1880;80:e0:1d:e6:79:db;Free Tbaytel WiFi;-66;33
1881;80:e0:1d:e6:79:df;LU-Guest;-66;33
1882;80:e0:1d:e6:79:de;LakeheadU;-66;33
1883;80:e0:1d:e6:79:dd;eduroam;-66;33
1884;80:e0:1d:e6:79:dc;LU-Events;-66;33
1885;a2:53:22:40:4f:7b;NOSMSecure;-88;33
1886;a2:53:22:40:4f:7a;NOSMSecure;-63;33
1887;80:e0:1d:ac:8b:01;LakeheadU;-50;33
1888;6c:5a:b0:3d:73:bf;Quanser_UVS-5G;-89;33
1889;ae:53:22:40:4f:e8;NOSMConnect24;-82;33
1890;80:e0:1d:ac:8b:0e;LakeheadU;-67;33
1891;80:e0:1d:ac:8b:0d;eduroam;-67;33
1892;80:e0:1d:ac:8b:0c;LU-Events;-67;33
1893;80:e0:1d:ac:8b:0b;Free Tbaytel WiFi;-67;33
1894;6c:5a:b0:3d:73:c0;Quanser_UVS-5G;-86;33
1895;6c:5a:b0:3d:73:c1;Quanser_UVS;-66;33
1896;80:e0:1d:ac:8b:0f;LU-Guest;-67;33
1897;a4:6c:2a:d4:bf:14;Free Tbaytel WiFi;-76;33
1898;a4:6c:2a:d4:bf:12;eduroam;-76;33
1899;a4:6c:2a:d4:bf:13;LU-Events;-77;33
1900;a4:6c:2a:d4:bf:10;LU-Guest;-76;33
1901;a4:6c:2a:d4:bf:11;LakeheadU;-75;33
1902;ae:53:22:40:4f:7a;NOSMConnect24;-64;34
1903;aa:53:22:40:4f:7a;NOSMConnect;-64;34
1904;aa:53:22:40:4f:7b;NOSMConnect;-89;34
1905;a6:53:22:40:4f:7b;eduroam;-88;34
1906;a6:53:22:40:4f:7a;eduroam;-64;34
1907;ac:7a:56:c8:62:0e;LU-Events;-77;34
1908;ac:7a:56:c8:62:0c;LU-Guest;-79;34
1909;a4:6c:2a:d3:f2:84;Free Tbaytel WiFi;-83;34
1910;ac:7a:56:c8:62:08;Free Tbaytel WiFi;-79;34
1911;ac:7a:56:c8:62:07;eduroam;-79;34
1912;a6:53:22:40:4f:e8;eduroam;-83;34
1913;9c:53:22:40:4f:7b;TBAYTech;-88;34
1914;a4:6c:2a:d3:f4:d0;LU-Guest;-69;34
1915;a4:6c:2a:d3:f4:d1;LakeheadU;-65;34
1916;a4:6c:2a:d3:f4:d4;Free Tbaytel WiFi;-69;34
1917;a4:6c:2a:d3:f4:d2;eduroam;-65;34
1918;a4:6c:2a:d3:f4:d3;LU-Events;-65;34
1919;ba:5a:b0:3d:73:b1;;-90;34
1920;80:e0:1d:ee:3f:0e;LakeheadU;-86;34
1921;a4:6c:2a:d4:bf:1f;LU-Guest;-84;34
1922;a4:6c:2a:d4:bf:1b;Free Tbaytel WiFi;-86;34
1923;a4:6c:2a:d4:bf:1c;LU-Events;-85;34
1924;80:e0:1d:e6:79:d2;eduroam;-57;34
1925;80:e0:1d:e6:79:d1;LakeheadU;-58;34
1926;80:e0:1d:e6:79:d0;LU-Guest;-58;34
1927;80:e0:1d:e6:79:d4;Free Tbaytel WiFi;-58;34
1928;80:e0:1d:e6:79:d3;LU-Events;-61;34
1929;80:e0:1d:e6:79:db;Free Tbaytel WiFi;-66;34
1930;80:e0:1d:e6:79:df;LU-Guest;-66;34
1931;80:e0:1d:e6:79:de;LakeheadU;-66;34
1932;80:e0:1d:e6:79:dd;eduroam;-66;34
1933;80:e0:1d:e6:79:dc;LU-Events;-66;34
1934;a2:53:22:40:4f:7b;NOSMSecure;-88;34
1935;a2:53:22:40:4f:7a;NOSMSecure;-63;34
1936;80:e0:1d:ac:8b:01;LakeheadU;-50;34
1937;6c:5a:b0:3d:73:bf;Quanser_UVS-5G;-89;34
1938;ae:53:22:40:4f:e8;NOSMConnect24;-82;34
1939;80:e0:1d:ac:8b:0e;LakeheadU;-67;34
1940;80:e0:1d:ac:8b:0d;eduroam;-67;34
1941;80:e0:1d:ac:8b:0c;LU-Events;-67;34
1942;80:e0:1d:ac:8b:0b;Free Tbaytel WiFi;-67;34
1943;6c:5a:b0:3d:73:c0;Quanser_UVS-5G;-86;34
1944;6c:5a:b0:3d:73:c1;Quanser_UVS;-66;34
1945;80:e0:1d:ac:8b:0f;LU-Guest;-67;34
1946;a4:6c:2a:d4:bf:14;Free Tbaytel WiFi;-76;34
1947;a4:6c:2a:d4:bf:12;eduroam;-76;34
1948;a4:6c:2a:d4:bf:13;LU-Events;-77;34
1949;a4:6c:2a:d4:bf:10;LU-Guest;-76;34
1950;a4:6c:2a:d4:bf:11;LakeheadU;-75;34
1951;a4:6c:2a:e0:20:01;LakeheadU;-86;35
1952;ae:53:22:40:4f:7a;NOSMConnect24;-70;35
1953;aa:53:22:40:4f:7a;NOSMConnect;-74;35
1954;aa:53:22:40:4f:7b;NOSMConnect;-88;35
1955;a6:53:22:40:4f:7b;eduroam;-88;35
1956;a6:53:22:40:4f:7a;eduroam;-70;35
1957;ac:7a:56:c8:62:0f;LakeheadU;-80;35
1958;ac:7a:56:c8:62:0a;;-83;35
1959;ac:7a:56:c8:62:0d;;-82;35
1960;ac:7a:56:c8:62:0e;LU-Events;-79;35
1961;ac:7a:56:c8:62:0b;;-82;35
1962;ac:7a:56:c8:62:0c;LU-Guest;-80;35
1963;ac:7a:56:c8:62:08;Free Tbaytel WiFi;-82;35
1964;ac:7a:56:c8:62:07;eduroam;-81;35
1965;ca:5a:b0:3d:73:c3;;-82;35
1966;9c:53:22:40:4f:7b;TBAYTech;-89;35
1967;a4:6c:2a:d3:f4:d1;LakeheadU;-78;35
1968;a4:6c:2a:d3:f4:d4;Free Tbaytel WiFi;-83;35
1969;a4:6c:2a:d3:f4:d3;LU-Events;-78;35
1970;a4:6c:2a:d4:bf:1f;LU-Guest;-90;35
1971;a4:6c:2a:d4:bf:1d;eduroam;-89;35
1972;a4:6c:2a:d4:bf:1e;LakeheadU;-91;35
1973;a4:6c:2a:d4:bf:1b;Free Tbaytel WiFi;-90;35
1974;a4:6c:2a:d4:bf:1c;LU-Events;-90;35
1975;80:e0:1d:e6:79:d2;eduroam;-66;35
1976;80:e0:1d:e6:79:d1;LakeheadU;-63;35
1977;80:e0:1d:e6:79:d0;LU-Guest;-63;35
1978;80:e0:1d:e6:79:d4;Free Tbaytel WiFi;-63;35
1979;80:e0:1d:e6:79:d3;LU-Events;-63;35
1980;80:e0:1d:e6:79:db;Free Tbaytel WiFi;-69;35
1981;80:e0:1d:e6:79:df;LU-Guest;-68;35
1982;80:e0:1d:e6:79:de;LakeheadU;-67;35
1983;80:e0:1d:e6:79:dd;eduroam;-67;35
1984;80:e0:1d:e6:79:dc;LU-Events;-66;35
1985;a2:53:22:40:4f:7b;NOSMSecure;-89;35
1986;80:e0:1d:ac:8b:04;Free Tbaytel WiFi;-61;35
1987;80:e0:1d:ac:8b:03;LU-Events;-59;35
1988;80:e0:1d:ac:8b:02;eduroam;-59;35
1989;80:e0:1d:ac:8b:01;LakeheadU;-59;35
1990;80:e0:1d:ac:8b:00;LU-Guest;-61;35
1991;80:e0:1d:ac:8b:0e;LakeheadU;-75;35
1992;80:e0:1d:ac:8b:0d;eduroam;-74;35
1993;80:e0:1d:ac:8b:0c;LU-Events;-73;35
1994;80:e0:1d:ac:8b:0b;Free Tbaytel WiFi;-74;35
1995;6c:5a:b0:3d:73:c1;Quanser_UVS;-79;35
1996;80:e0:1d:ac:8b:0f;LU-Guest;-74;35
1997;a4:6c:2a:d4:bf:14;Free Tbaytel WiFi;-75;35
1998;a4:6c:2a:d4:bf:12;eduroam;-84;35
1999;a4:6c:2a:d4:bf:13;LU-Events;-84;35
2000;a4:6c:2a:d4:bf:10;LU-Guest;-84;35
2001;a4:6c:2a:d4:bf:11;LakeheadU;-83;35
2002;80:e0:1d:ac:8b:02;eduroam;-59;36
2003;80:e0:1d:ac:8b:01;LakeheadU;-59;36
2004;80:e0:1d:ac:8b:03;LU-Events;-59;36
2005;80:e0:1d:ac:8b:00;LU-Guest;-61;36
2006;80:e0:1d:ac:8b:04;Free Tbaytel WiFi;-61;36
2007;80:e0:1d:e6:79:d4;Free Tbaytel WiFi;-63;36
2008;80:e0:1d:e6:79:d3;LU-Events;-63;36
2009;80:e0:1d:e6:79:d1;LakeheadU;-63;36
2010;80:e0:1d:e6:79:d0;LU-Guest;-63;36
2011;80:e0:1d:e6:79:dc;LU-Events;-66;36
2012;80:e0:1d:e6:79:d2;eduroam;-66;36
2013;80:e0:1d:e6:79:dd;eduroam;-67;36
2014;80:e0:1d:e6:79:de;LakeheadU;-67;36
2015;80:e0:1d:e6:79:df;LU-Guest;-68;36
2016;80:e0:1d:e6:79:db;Free Tbaytel WiFi;-69;36
2017;a6:53:22:40:4f:7a;eduroam;-70;36
2018;ae:53:22:40:4f:7a;NOSMConnect24;-70;36
2019;80:e0:1d:ac:8b:0c;LU-Events;-73;36
2020;80:e0:1d:ac:8b:0b;Free Tbaytel WiFi;-74;36
2021;80:e0:1d:ac:8b:0f;LU-Guest;-74;36
2022;80:e0:1d:ac:8b:0d;eduroam;-74;36
2023;aa:53:22:40:4f:7a;NOSMConnect;-74;36
2024;a4:6c:2a:d4:bf:14;Free Tbaytel WiFi;-75;36
2025;80:e0:1d:ac:8b:0e;LakeheadU;-75;36
2026;a4:6c:2a:d3:f4:d3;LU-Events;-78;36
2027;a4:6c:2a:d3:f4:d1;LakeheadU;-78;36
2028;ac:7a:56:c8:62:0e;LU-Events;-79;36
2029;6c:5a:b0:3d:73:c1;Quanser_UVS;-79;36
2030;ac:7a:56:c8:62:0f;LakeheadU;-80;36
2031;ac:7a:56:c8:62:0c;LU-Guest;-80;36
2032;ac:7a:56:c8:62:07;eduroam;-81;36
2033;ac:7a:56:c8:62:08;Free Tbaytel WiFi;-82;36
2034;ca:5a:b0:3d:73:c3;;-82;36
2035;ac:7a:56:c8:62:0d;;-82;36
2036;ac:7a:56:c8:62:0b;;-82;36
2037;a4:6c:2a:d3:f4:d4;Free Tbaytel WiFi;-83;36
2038;a4:6c:2a:d4:bf:11;LakeheadU;-83;36
2039;ac:7a:56:c8:62:0a;;-83;36
2040;a4:6c:2a:d4:bf:12;eduroam;-84;36
2041;a4:6c:2a:d4:bf:10;LU-Guest;-84;36
2042;a4:6c:2a:d4:bf:13;LU-Events;-84;36
2043;a4:6c:2a:e0:20:01;LakeheadU;-86;36
2044;aa:53:22:40:4f:7b;NOSMConnect;-88;36
2045;a6:53:22:40:4f:7b;eduroam;-88;36
2046;a2:53:22:40:4f:7b;NOSMSecure;-89;36
2047;9c:53:22:40:4f:7b;TBAYTech;-89;36
2048;a4:6c:2a:d4:bf:1d;eduroam;-89;36
2049;a4:6c:2a:d4:bf:1b;Free Tbaytel WiFi;-90;36
2050;a4:6c:2a:d4:bf:1f;LU-Guest;-90;36
2051;a4:6c:2a:d4:bf:1c;LU-Events;-90;36
2052;a4:6c:2a:d4:bf:1e;LakeheadU;-91;36
2053;aa:53:22:40:4f:7b;NOSMConnect;-86;37
2054;a6:53:22:40:4f:7b;eduroam;-85;37
2055;ac:7a:56:c8:62:0f;LakeheadU;-77;37
2056;ac:7a:56:c8:62:0e;LU-Events;-75;37
2057;ac:7a:56:c8:62:0c;LU-Guest;-76;37
2058;a4:6c:2a:d3:f2:80;LU-Guest;-85;37
2059;ac:7a:56:c8:62:08;Free Tbaytel WiFi;-75;37
2060;ac:7a:56:c8:62:07;eduroam;-75;37
2061;aa:53:22:40:4f:e8;NOSMConnect;-83;37
2062;a4:6c:2a:d3:f4:df;LU-Guest;-76;37
2063;a4:6c:2a:d3:f4:dd;eduroam;-77;37
2064;a4:6c:2a:d3:f4:db;Free Tbaytel WiFi;-77;37
2065;9c:53:22:40:4f:7b;TBAYTech;-86;37
2066;ba:5a:b0:3d:73:b1;;-87;37
2067;80:e0:1d:ee:3f:0f;LU-Guest;-83;37
2068;80:e0:1d:ee:3f:0c;LU-Events;-83;37
2069;80:e0:1d:e6:79:d2;eduroam;-65;37
2070;80:e0:1d:e6:79:d1;LakeheadU;-66;37
2071;80:e0:1d:e6:79:d0;LU-Guest;-66;37
2072;80:e0:1d:e6:79:d4;Free Tbaytel WiFi;-66;37
2073;80:e0:1d:e6:79:d3;LU-Events;-65;37
2074;80:e0:1d:e6:79:db;Free Tbaytel WiFi;-77;37
2075;80:e0:1d:e6:79:df;LU-Guest;-72;37
2076;80:e0:1d:e6:79:de;LakeheadU;-73;37
2077;80:e0:1d:e6:79:dd;eduroam;-72;37
2078;80:e0:1d:e6:79:dc;LU-Events;-72;37
2079;a2:53:22:40:4f:7b;NOSMSecure;-85;37
2080;6c:5a:b0:3d:73:bf;Quanser_UVS-5G;-88;37
2081;ae:53:22:40:4f:e8;NOSMConnect24;-83;37
2082;80:e0:1d:ac:8b:0e;LakeheadU;-55;37
2083;80:e0:1d:ac:8b:0d;eduroam;-54;37
2084;80:e0:1d:ac:8b:0c;LU-Events;-55;37
2085;80:e0:1d:ac:8b:0b;Free Tbaytel WiFi;-55;37
2086;6c:5a:b0:3d:73:c0;Quanser_UVS-5G;-77;37
2087;80:e0:1d:ac:8b:0f;LU-Guest;-54;37
2088;ae:53:22:40:4f:7a;NOSMConnect24;-65;38
2089;aa:53:22:40:4f:7a;NOSMConnect;-65;38
2090;aa:53:22:40:4f:7b;NOSMConnect;-86;38
2091;80:e0:1d:f6:a5:10;LU-Guest;-85;38
2092;80:e0:1d:f6:a5:1b;Free Tbaytel WiFi;-92;38
2093;80:e0:1d:f6:a5:1f;LU-Guest;-92;38
2094;a6:53:22:40:4f:7b;eduroam;-86;38
2095;a6:53:22:40:4f:7a;eduroam;-65;38
2096;ac:7a:56:c8:62:0a;;-84;38
2097;ac:7a:56:c8:62:0d;;-84;38
2098;ac:7a:56:c8:62:0e;LU-Events;-82;38
2099;ac:7a:56:c8:62:0b;;-84;38
2100;ac:7a:56:c8:62:0c;LU-Guest;-82;38
2101;a4:6c:2a:d3:f2:84;Free Tbaytel WiFi;-77;38
2102;ac:7a:56:c8:62:01;LU-Events;-73;38
2103;ac:7a:56:c8:62:02;;-73;38
2104;ac:7a:56:c8:62:08;Free Tbaytel WiFi;-80;38
2105;ac:7a:56:c8:62:07;eduroam;-84;38
2106;a4:6c:2a:d3:f4:df;LU-Guest;-72;38
2107;a4:6c:2a:d3:f4:dd;eduroam;-70;38
2108;a4:6c:2a:d3:f4:de;LakeheadU;-73;38
2109;a4:6c:2a:d3:f4:db;Free Tbaytel WiFi;-72;38
2110;a4:6c:2a:d3:f4:dc;LU-Events;-71;38
2111;9c:53:22:40:4f:7b;TBAYTech;-86;38
2112;9c:53:22:40:4f:7a;TBAYTech;-65;38
2113;a4:6c:2a:d3:f4:d0;LU-Guest;-68;38
2114;a4:6c:2a:d3:f4:d1;LakeheadU;-69;38
2115;a4:6c:2a:d3:f4:d4;Free Tbaytel WiFi;-69;38
2116;a4:6c:2a:d3:f4:d2;eduroam;-70;38
2117;a4:6c:2a:d3:f4:d3;LU-Events;-68;38
2118;80:e0:1d:ee:3f:0e;LakeheadU;-78;38
2119;80:e0:1d:ee:3f:0f;LU-Guest;-78;38
2120;80:e0:1d:ee:3f:0c;LU-Events;-79;38
2121;80:e0:1d:e6:79:d2;eduroam;-67;38
2122;80:e0:1d:e6:79:d1;LakeheadU;-67;38
2123;80:e0:1d:e6:79:d0;LU-Guest;-67;38
2124;80:e0:1d:e6:79:d4;Free Tbaytel WiFi;-67;38
2125;80:e0:1d:e6:79:d3;LU-Events;-68;38
2126;80:e0:1d:e6:79:db;Free Tbaytel WiFi;-74;38
2127;80:e0:1d:e6:79:df;LU-Guest;-74;38
2128;80:e0:1d:e6:79:de;LakeheadU;-75;38
2129;80:e0:1d:e6:79:dd;eduroam;-74;38
2130;80:e0:1d:e6:79:dc;LU-Events;-74;38
2131;a2:53:22:40:4f:7b;NOSMSecure;-86;38
2132;a2:53:22:40:4f:7a;NOSMSecure;-65;38
2133;80:e0:1d:ac:8b:04;Free Tbaytel WiFi;-48;38
2134;80:e0:1d:ac:8b:03;LU-Events;-49;38
2135;80:e0:1d:ac:8b:02;eduroam;-48;38
2136;80:e0:1d:ac:8b:01;LakeheadU;-47;38
2137;80:e0:1d:ac:8b:00;LU-Guest;-48;38
2138;6c:5a:b0:3d:73:bf;Quanser_UVS-5G;-90;38
2139;80:e0:1d:ac:8b:0e;LakeheadU;-53;38
2140;80:e0:1d:ac:8b:0d;eduroam;-53;38
2141;80:e0:1d:ac:8b:0c;LU-Events;-53;38
2142;80:e0:1d:ac:8b:0b;Free Tbaytel WiFi;-54;38
2143;6c:5a:b0:3d:73:c0;Quanser_UVS-5G;-80;38
2144;6c:5a:b0:3d:73:c1;Quanser_UVS;-69;38
2145;80:e0:1d:ac:8b:0f;LU-Guest;-52;38
2146;80:e0:1d:ac:8b:0e;LakeheadU;-53;39
2147;80:e0:1d:ac:8b:0d;eduroam;-53;39
2148;80:e0:1d:ac:8b:0c;LU-Events;-53;39
2149;80:e0:1d:ac:8b:0b;Free Tbaytel WiFi;-54;39
2150;80:e0:1d:ac:8b:0f;LU-Guest;-52;39
2151;9c:53:22:40:4f:e8;TBAYTech;-74;40
2152;aa:53:22:40:4f:7b;NOSMConnect;-88;40
2153;a4:6c:2a:d4:ba:40;LU-Guest;-86;40
2154;80:e0:1d:f6:a5:1b;Free Tbaytel WiFi;-91;40
2155;80:e0:1d:f6:a5:1f;LU-Guest;-92;40
2156;80:e0:1d:f6:a5:1c;LU-Events;-92;40
2157;a6:53:22:40:4f:7b;eduroam;-88;40
2158;a2:53:22:40:4f:e8;NOSMSecure;-75;40
2159;80:e0:1d:f6:a4:df;LU-Guest;-93;40
2160;ac:7a:56:c8:62:0f;LakeheadU;-89;40
2161;ac:7a:56:c8:62:0d;;-89;40
2162;ac:7a:56:c8:62:0c;LU-Guest;-88;40
2163;a4:6c:2a:d3:f2:80;LU-Guest;-74;40
2164;a4:6c:2a:d3:f2:83;LU-Events;-73;40
2165;a4:6c:2a:d3:f2:82;eduroam;-73;40
2166;aa:53:22:40:4f:e8;NOSMConnect;-76;40
2167;a4:6c:2a:d3:f4:df;LU-Guest;-84;40
2168;a4:6c:2a:d3:f4:dd;eduroam;-83;40
2169;a4:6c:2a:d3:f4:de;LakeheadU;-83;40
2170;a4:6c:2a:d3:f4:db;Free Tbaytel WiFi;-84;40
2171;a4:6c:2a:d3:f4:dc;LU-Events;-83;40
2172;9c:53:22:40:4f:7b;TBAYTech;-87;40
2173;9c:53:22:40:4f:7a;TBAYTech;-64;40
2174;a4:6c:2a:d3:f4:d0;LU-Guest;-64;40
2175;a4:6c:2a:d3:f4:d1;LakeheadU;-64;40
2176;a4:6c:2a:d3:f4:d4;Free Tbaytel WiFi;-64;40
2177;a4:6c:2a:d3:f4:d2;eduroam;-65;40
2178;a4:6c:2a:d3:f4:d3;LU-Events;-64;40
2179;80:e0:1d:ee:3f:00;LU-Guest;-59;40
2180;80:e0:1d:ee:3f:01;LakeheadU;-60;40
2181;80:e0:1d:ee:3f:02;eduroam;-59;40
2182;80:e0:1d:ee:3f:04;Free Tbaytel WiFi;-60;40
2183;80:e0:1d:ee:3f:0e;LakeheadU;-73;40
2184;80:e0:1d:ee:3f:0f;LU-Guest;-73;40
2185;80:e0:1d:ee:3f:0b;Free Tbaytel WiFi;-72;40
2186;80:e0:1d:ee:3f:0c;LU-Events;-74;40
2187;80:e0:1d:ee:3f:0d;eduroam;-73;40
2188;80:e0:1d:e6:79:d0;LU-Guest;-76;40
2189;80:e0:1d:e6:79:d4;Free Tbaytel WiFi;-76;40
2190;80:e0:1d:e6:79:d3;LU-Events;-76;40
2191;80:e0:1d:e6:79:db;Free Tbaytel WiFi;-80;40
2192;80:e0:1d:e6:79:df;LU-Guest;-80;40
2193;80:e0:1d:e6:79:de;LakeheadU;-80;40
2194;80:e0:1d:e6:79:dd;eduroam;-80;40
2195;80:e0:1d:e6:79:dc;LU-Events;-79;40
2196;a2:53:22:40:4f:7b;NOSMSecure;-88;40
2197;ae:53:22:40:4f:e8;NOSMConnect24;-76;40
2198;80:e0:1d:ac:8b:0e;LakeheadU;-58;40
2199;80:e0:1d:ac:8b:0d;eduroam;-57;40
2200;80:e0:1d:ac:8b:0c;LU-Events;-58;40
2201;80:e0:1d:ac:8b:0b;Free Tbaytel WiFi;-56;40
2202;6c:5a:b0:3d:73:c0;Quanser_UVS-5G;-81;40
2203;6c:5a:b0:3d:73:c1;Quanser_UVS;-64;40
2204;80:e0:1d:ac:8b:0f;LU-Guest;-57;40
2205;80:e0:1d:ac:8b:0b;Free Tbaytel WiFi;-56;41
2206;80:e0:1d:ac:8b:0f;LU-Guest;-57;41
2207;80:e0:1d:ac:8b:0d;eduroam;-57;41
2208;80:e0:1d:ac:8b:0e;LakeheadU;-58;41
2209;80:e0:1d:ac:8b:0c;LU-Events;-58;41
2210;80:e0:1d:ee:3f:00;LU-Guest;-59;41
2211;80:e0:1d:ee:3f:02;eduroam;-59;41
2212;80:e0:1d:ee:3f:04;Free Tbaytel WiFi;-60;41
2213;80:e0:1d:ee:3f:01;LakeheadU;-60;41
2214;a4:6c:2a:d3:f4:d4;Free Tbaytel WiFi;-64;41
2215;a4:6c:2a:d3:f4:d3;LU-Events;-64;41
2216;a4:6c:2a:d3:f4:d1;LakeheadU;-64;41
2217;6c:5a:b0:3d:73:c1;Quanser_UVS;-64;41
2218;9c:53:22:40:4f:7a;TBAYTech;-64;41
2219;a4:6c:2a:d3:f4:d0;LU-Guest;-64;41
2220;a4:6c:2a:d3:f4:d2;eduroam;-65;41
2221;80:e0:1d:ee:3f:0b;Free Tbaytel WiFi;-72;41
2222;80:e0:1d:ee:3f:0f;LU-Guest;-73;41
2223;80:e0:1d:ee:3f:0e;LakeheadU;-73;41
2224;a4:6c:2a:d3:f2:82;eduroam;-73;41
2225;a4:6c:2a:d3:f2:83;LU-Events;-73;41
2226;80:e0:1d:ee:3f:0d;eduroam;-73;41
2227;80:e0:1d:ee:3f:0c;LU-Events;-74;41
2228;9c:53:22:40:4f:e8;TBAYTech;-74;41
2229;a4:6c:2a:d3:f2:80;LU-Guest;-74;41
2230;a2:53:22:40:4f:e8;NOSMSecure;-75;41
2231;80:e0:1d:e6:79:d4;Free Tbaytel WiFi;-76;41
2232;80:e0:1d:e6:79:d3;LU-Events;-76;41
2233;80:e0:1d:e6:79:d0;LU-Guest;-76;41
2234;aa:53:22:40:4f:e8;NOSMConnect;-76;41
2235;ae:53:22:40:4f:e8;NOSMConnect24;-76;41
2236;80:e0:1d:e6:79:dc;LU-Events;-79;41
2237;80:e0:1d:e6:79:db;Free Tbaytel WiFi;-80;41
2238;80:e0:1d:e6:79:df;LU-Guest;-80;41
2239;80:e0:1d:e6:79:dd;eduroam;-80;41
2240;80:e0:1d:e6:79:de;LakeheadU;-80;41
2241;6c:5a:b0:3d:73:c0;Quanser_UVS-5G;-81;41
2242;a4:6c:2a:d3:f4:dd;eduroam;-83;41
2243;a4:6c:2a:d3:f4:dc;LU-Events;-83;41
2244;a4:6c:2a:d3:f4:de;LakeheadU;-83;41
2245;a4:6c:2a:d3:f4:df;LU-Guest;-84;41
2246;a4:6c:2a:d3:f4:db;Free Tbaytel WiFi;-84;41
2247;a4:6c:2a:d4:ba:40;LU-Guest;-86;41
2248;9c:53:22:40:4f:7b;TBAYTech;-87;41
2249;aa:53:22:40:4f:7b;NOSMConnect;-88;41
2250;a6:53:22:40:4f:7b;eduroam;-88;41
2251;a2:53:22:40:4f:7b;NOSMSecure;-88;41
2252;ac:7a:56:c8:62:0c;LU-Guest;-88;41
2253;ac:7a:56:c8:62:0d;;-89;41
2254;ac:7a:56:c8:62:0f;LakeheadU;-89;41
2255;80:e0:1d:f6:a5:1b;Free Tbaytel WiFi;-91;41
2256;80:e0:1d:f6:a5:1f;LU-Guest;-92;41
2257;80:e0:1d:f6:a5:1c;LU-Events;-92;41
2258;80:e0:1d:f6:a4:df;LU-Guest;-93;41
2259;9c:53:22:40:4f:e8;TBAYTech;-74;42
2260;ae:53:22:40:4f:7a;NOSMConnect24;-70;42
2261;aa:53:22:40:4f:7b;NOSMConnect;-90;42
2262;80:e0:1d:f6:a5:12;eduroam;-77;42
2263;80:e0:1d:f6:a5:10;LU-Guest;-76;42
2264;80:e0:1d:f6:a5:13;LU-Events;-75;42
2265;80:e0:1d:f6:a5:14;Free Tbaytel WiFi;-76;42
2266;80:e0:1d:f6:a5:1b;Free Tbaytel WiFi;-81;42
2267;80:e0:1d:f6:a5:1e;LakeheadU;-81;42
2268;80:e0:1d:f6:a5:1f;LU-Guest;-82;42
2269;80:e0:1d:f6:a5:1c;LU-Events;-81;42
2270;80:e0:1d:f6:a5:1d;eduroam;-81;42
2271;a6:53:22:40:4f:7b;eduroam;-89;42
2272;a2:53:22:40:4f:e8;NOSMSecure;-74;42
2273;80:e0:1d:f6:a4:db;Free Tbaytel WiFi;-89;42
2274;80:e0:1d:f6:a4:dd;eduroam;-90;42
2275;80:e0:1d:f6:a4:df;LU-Guest;-88;42
2276;ac:7a:56:c8:62:0a;;-91;42
2277;ac:7a:56:c8:62:0c;LU-Guest;-89;42
2278;a4:6c:2a:d3:f2:8c;LU-Events;-84;42
2279;a4:6c:2a:d3:f2:8f;LU-Guest;-84;42
2280;a4:6c:2a:d3:f2:81;LakeheadU;-74;42
2281;a4:6c:2a:d3:f2:80;LU-Guest;-75;42
2282;a4:6c:2a:d3:f2:83;LU-Events;-74;42
2283;a4:6c:2a:d3:f2:82;eduroam;-76;42
2284;a4:6c:2a:d3:f2:84;Free Tbaytel WiFi;-76;42
2285;ac:7a:56:c8:62:08;Free Tbaytel WiFi;-90;42
2286;ac:7a:56:c8:62:07;eduroam;-90;42
2287;a6:53:22:40:4f:e8;eduroam;-74;42
2288;a4:6c:2a:d3:f4:df;LU-Guest;-81;42
2289;a4:6c:2a:d3:f4:dd;eduroam;-82;42
2290;a4:6c:2a:d3:f4:de;LakeheadU;-81;42
2291;a4:6c:2a:d3:f4:dc;LU-Events;-83;42
2292;9c:53:22:40:4f:7b;TBAYTech;-90;42
2293;9c:53:22:40:4f:7a;TBAYTech;-69;42
2294;a4:6c:2a:d3:f4:d0;LU-Guest;-72;42
2295;a4:6c:2a:d3:f4:d1;LakeheadU;-72;42
2296;a4:6c:2a:d3:f4:d4;Free Tbaytel WiFi;-72;42
2297;a4:6c:2a:d3:f4:d2;eduroam;-72;42
2298;a4:6c:2a:d3:f4:d3;LU-Events;-73;42
2299;80:e0:1d:ee:3f:00;LU-Guest;-57;42
2300;80:e0:1d:ee:3f:01;LakeheadU;-56;42
2301;80:e0:1d:ee:3f:02;eduroam;-56;42
2302;80:e0:1d:ee:3f:03;LU-Events;-57;42
2303;80:e0:1d:ee:3f:04;Free Tbaytel WiFi;-57;42
2304;80:e0:1d:ee:3f:0e;LakeheadU;-68;42
2305;80:e0:1d:ee:3f:0f;LU-Guest;-68;42
2306;80:e0:1d:ee:3f:0b;Free Tbaytel WiFi;-68;42
2307;80:e0:1d:ee:3f:0c;LU-Events;-67;42
2308;80:e0:1d:ee:3f:0d;eduroam;-67;42
2309;d2:5d:05:d7:2e:bc;Xerox;-89;42
2310;80:e0:1d:e6:79:d2;eduroam;-76;42
2311;80:e0:1d:e6:79:d1;LakeheadU;-76;42
2312;80:e0:1d:e6:79:d0;LU-Guest;-76;42
2313;80:e0:1d:e6:79:d4;Free Tbaytel WiFi;-76;42
2314;80:e0:1d:e6:79:d3;LU-Events;-75;42
2315;80:e0:1d:e6:79:db;Free Tbaytel WiFi;-84;42
2316;80:e0:1d:e6:79:df;LU-Guest;-84;42
2317;a2:53:22:40:4f:7b;NOSMSecure;-91;42
2318;a2:53:22:40:4f:7a;NOSMSecure;-69;42
2319;80:e0:1d:ac:8b:04;Free Tbaytel WiFi;-54;42
2320;80:e0:1d:ac:8b:02;eduroam;-55;42
2321;80:e0:1d:ac:8b:00;LU-Guest;-67;42
2322;80:e0:1d:ac:8b:0e;LakeheadU;-61;42
2323;80:e0:1d:ac:8b:0d;eduroam;-61;42
2324;82:f2:e0:d1:f9:74;portthru;-86;42
2325;80:e0:1d:ac:8b:0c;LU-Events;-60;42
2326;80:e0:1d:ac:8b:0b;Free Tbaytel WiFi;-62;42
2327;6c:5a:b0:3d:73:c0;Quanser_UVS-5G;-86;42
2328;6c:5a:b0:3d:73:c1;Quanser_UVS;-72;42
2329;80:e0:1d:ac:8b:0f;LU-Guest;-60;42
2330;9c:53:22:40:4f:e8;TBAYTech;-74;43
2331;ae:53:22:40:4f:7a;NOSMConnect24;-70;43
2332;aa:53:22:40:4f:7b;NOSMConnect;-90;43
2333;80:e0:1d:f6:a5:12;eduroam;-77;43
2334;80:e0:1d:f6:a5:10;LU-Guest;-76;43
2335;80:e0:1d:f6:a5:13;LU-Events;-75;43
2336;80:e0:1d:f6:a5:14;Free Tbaytel WiFi;-76;43
2337;80:e0:1d:f6:a5:1b;Free Tbaytel WiFi;-81;43
2338;80:e0:1d:f6:a5:1e;LakeheadU;-81;43
2339;80:e0:1d:f6:a5:1f;LU-Guest;-82;43
2340;80:e0:1d:f6:a5:1c;LU-Events;-81;43
2341;80:e0:1d:f6:a5:1d;eduroam;-81;43
2342;a6:53:22:40:4f:7b;eduroam;-89;43
2343;a2:53:22:40:4f:e8;NOSMSecure;-74;43
2344;80:e0:1d:f6:a4:db;Free Tbaytel WiFi;-89;43
2345;80:e0:1d:f6:a4:dd;eduroam;-90;43
2346;80:e0:1d:f6:a4:df;LU-Guest;-88;43
2347;ac:7a:56:c8:62:0a;;-91;43
2348;ac:7a:56:c8:62:0c;LU-Guest;-89;43
2349;a4:6c:2a:d3:f2:8c;LU-Events;-84;43
2350;a4:6c:2a:d3:f2:8f;LU-Guest;-84;43
2351;a4:6c:2a:d3:f2:81;LakeheadU;-74;43
2352;a4:6c:2a:d3:f2:80;LU-Guest;-75;43
2353;a4:6c:2a:d3:f2:83;LU-Events;-74;43
2354;a4:6c:2a:d3:f2:82;eduroam;-76;43
2355;a4:6c:2a:d3:f2:84;Free Tbaytel WiFi;-76;43
2356;ac:7a:56:c8:62:08;Free Tbaytel WiFi;-90;43
2357;ac:7a:56:c8:62:07;eduroam;-90;43
2358;a6:53:22:40:4f:e8;eduroam;-74;43
2359;a4:6c:2a:d3:f4:df;LU-Guest;-81;43
2360;a4:6c:2a:d3:f4:dd;eduroam;-82;43
2361;a4:6c:2a:d3:f4:de;LakeheadU;-81;43
2362;a4:6c:2a:d3:f4:dc;LU-Events;-83;43
2363;9c:53:22:40:4f:7b;TBAYTech;-90;43
2364;9c:53:22:40:4f:7a;TBAYTech;-69;43
2365;a4:6c:2a:d3:f4:d0;LU-Guest;-72;43
2366;a4:6c:2a:d3:f4:d1;LakeheadU;-72;43
2367;a4:6c:2a:d3:f4:d4;Free Tbaytel WiFi;-72;43
2368;a4:6c:2a:d3:f4:d2;eduroam;-72;43
2369;a4:6c:2a:d3:f4:d3;LU-Events;-73;43
2370;80:e0:1d:ee:3f:00;LU-Guest;-57;43
2371;80:e0:1d:ee:3f:01;LakeheadU;-56;43
2372;80:e0:1d:ee:3f:02;eduroam;-56;43
2373;80:e0:1d:ee:3f:03;LU-Events;-57;43
2374;80:e0:1d:ee:3f:04;Free Tbaytel WiFi;-57;43
2375;80:e0:1d:ee:3f:0e;LakeheadU;-68;43
2376;80:e0:1d:ee:3f:0f;LU-Guest;-68;43
2377;80:e0:1d:ee:3f:0b;Free Tbaytel WiFi;-68;43
2378;80:e0:1d:ee:3f:0c;LU-Events;-67;43
2379;80:e0:1d:ee:3f:0d;eduroam;-67;43
2380;d2:5d:05:d7:2e:bc;Xerox;-89;43
2381;80:e0:1d:e6:79:d2;eduroam;-76;43
2382;80:e0:1d:e6:79:d1;LakeheadU;-76;43
2383;80:e0:1d:e6:79:d0;LU-Guest;-76;43
2384;80:e0:1d:e6:79:d4;Free Tbaytel WiFi;-76;43
2385;80:e0:1d:e6:79:d3;LU-Events;-75;43
2386;80:e0:1d:e6:79:db;Free Tbaytel WiFi;-84;43
2387;80:e0:1d:e6:79:df;LU-Guest;-84;43
2388;a2:53:22:40:4f:7b;NOSMSecure;-91;43
2389;a2:53:22:40:4f:7a;NOSMSecure;-69;43
2390;80:e0:1d:ac:8b:04;Free Tbaytel WiFi;-54;43
2391;80:e0:1d:ac:8b:02;eduroam;-55;43
2392;80:e0:1d:ac:8b:00;LU-Guest;-67;43
2393;80:e0:1d:ac:8b:0e;LakeheadU;-61;43
2394;80:e0:1d:ac:8b:0d;eduroam;-61;43
2395;82:f2:e0:d1:f9:74;portthru;-86;43
2396;80:e0:1d:ac:8b:0c;LU-Events;-60;43
2397;80:e0:1d:ac:8b:0b;Free Tbaytel WiFi;-62;43
2398;6c:5a:b0:3d:73:c0;Quanser_UVS-5G;-86;43
2399;6c:5a:b0:3d:73:c1;Quanser_UVS;-72;43
2400;80:e0:1d:ac:8b:0f;LU-Guest;-60;43
2401;9c:53:22:40:4f:e9;TBAYTech;-91;44
2402;9c:53:22:40:4f:e8;TBAYTech;-68;44
2403;ae:53:22:40:4f:7a;NOSMConnect24;-74;44
2404;80:e0:1d:f6:a5:1f;LU-Guest;-83;44
2405;80:e0:1d:f6:a5:1c;LU-Events;-82;44
2406;a6:53:22:40:4f:7a;eduroam;-73;44
2407;a2:53:22:40:4f:e8;NOSMSecure;-69;44
2408;a2:53:22:40:4f:e9;NOSMSecure;-90;44
2409;a4:6c:2a:d4:be:3e;LakeheadU;-92;44
2410;a4:6c:2a:d4:be:3c;LU-Events;-92;44
2411;a4:6c:2a:d4:be:3d;eduroam;-93;44
2412;80:e0:1d:f6:a4:d0;LU-Guest;-73;44
2413;80:e0:1d:f6:a4:d2;eduroam;-74;44
2414;80:e0:1d:f6:a4:d1;LakeheadU;-72;44
2415;80:e0:1d:f6:a4:d4;Free Tbaytel WiFi;-74;44
2416;80:e0:1d:f6:a4:d3;LU-Events;-74;44
2417;a4:6c:2a:d4:be:32;eduroam;-76;44
2418;a4:6c:2a:d3:f2:8c;LU-Events;-77;44
2419;a4:6c:2a:d3:f2:8b;Free Tbaytel WiFi;-76;44
2420;a4:6c:2a:d3:f2:8e;LakeheadU;-77;44
2421;a4:6c:2a:d3:f2:8d;eduroam;-77;44
2422;a4:6c:2a:d3:f2:8f;LU-Guest;-77;44
2423;a4:6c:2a:d3:f2:81;LakeheadU;-57;44
2424;a4:6c:2a:d3:f2:80;LU-Guest;-73;44
2425;a4:6c:2a:d3:f2:83;LU-Events;-57;44
2426;a4:6c:2a:d3:f2:82;eduroam;-59;44
2427;a4:6c:2a:d3:f2:84;Free Tbaytel WiFi;-58;44
2428;aa:53:22:40:4f:e9;NOSMConnect;-92;44
2429;a6:53:22:40:4f:e9;eduroam;-91;44
2430;a6:53:22:40:4f:e8;eduroam;-69;44
2431;80:e0:1d:ee:3f:00;LU-Guest;-47;44
2432;80:e0:1d:ee:3f:01;LakeheadU;-46;44
2433;80:e0:1d:ee:3f:02;eduroam;-46;44
2434;80:e0:1d:ee:3f:03;LU-Events;-46;44
2435;80:e0:1d:ee:3f:04;Free Tbaytel WiFi;-46;44
2436;80:e0:1d:ee:3f:0e;LakeheadU;-56;44
2437;80:e0:1d:ee:3f:0f;LU-Guest;-56;44
2438;80:e0:1d:ee:3f:0b;Free Tbaytel WiFi;-56;44
2439;80:e0:1d:ee:3f:0c;LU-Events;-56;44
2440;80:e0:1d:ee:3f:0d;eduroam;-56;44
2441;80:e0:1d:e6:79:db;Free Tbaytel WiFi;-89;44
2442;80:e0:1d:e6:79:df;LU-Guest;-88;44
2443;a2:53:22:40:4f:7a;NOSMSecure;-74;44
2444;80:e0:1d:ac:8b:04;Free Tbaytel WiFi;-53;44
2445;80:e0:1d:ac:8b:03;LU-Events;-53;44
2446;80:e0:1d:ac:8b:02;eduroam;-53;44
2447;80:e0:1d:ac:8b:01;LakeheadU;-53;44
2448;80:e0:1d:ac:8b:00;LU-Guest;-53;44
2449;ae:53:22:40:4f:e8;NOSMConnect24;-70;44
2450;80:e0:1d:ac:8b:0e;LakeheadU;-77;44
2451;80:e0:1d:ac:8b:0d;eduroam;-78;44
2452;82:f2:e0:d1:f9:74;portthru;-85;44
2453;80:e0:1d:ac:8b:0c;LU-Events;-77;44
2454;80:e0:1d:ac:8b:0b;Free Tbaytel WiFi;-71;44
2455;6c:5a:b0:3d:73:c1;Quanser_UVS;-73;44
2456;80:e0:1d:ac:8b:0f;LU-Guest;-77;44
2457;80:e0:1d:ee:3f:04;Free Tbaytel WiFi;-46;45
2458;80:e0:1d:ee:3f:02;eduroam;-46;45
2459;80:e0:1d:ee:3f:01;LakeheadU;-46;45
2460;80:e0:1d:ee:3f:03;LU-Events;-46;45
2461;80:e0:1d:ee:3f:00;LU-Guest;-47;45
2462;80:e0:1d:ac:8b:00;LU-Guest;-53;45
2463;80:e0:1d:ac:8b:04;Free Tbaytel WiFi;-53;45
2464;80:e0:1d:ac:8b:02;eduroam;-53;45
2465;80:e0:1d:ac:8b:01;LakeheadU;-53;45
2466;80:e0:1d:ac:8b:03;LU-Events;-53;45
2467;80:e0:1d:ee:3f:0c;LU-Events;-56;45
2468;80:e0:1d:ee:3f:0f;LU-Guest;-56;45
2469;80:e0:1d:ee:3f:0e;LakeheadU;-56;45
2470;80:e0:1d:ee:3f:0b;Free Tbaytel WiFi;-56;45
2471;80:e0:1d:ee:3f:0d;eduroam;-56;45
2472;a4:6c:2a:d3:f2:83;LU-Events;-57;45
2473;a4:6c:2a:d3:f2:81;LakeheadU;-57;45
2474;a4:6c:2a:d3:f2:84;Free Tbaytel WiFi;-58;45
2475;a4:6c:2a:d3:f2:82;eduroam;-59;45
2476;9c:53:22:40:4f:e8;TBAYTech;-68;45
2477;a2:53:22:40:4f:e8;NOSMSecure;-69;45
2478;a6:53:22:40:4f:e8;eduroam;-69;45
2479;ae:53:22:40:4f:e8;NOSMConnect24;-70;45
2480;80:e0:1d:ac:8b:0b;Free Tbaytel WiFi;-71;45
2481;80:e0:1d:f6:a4:d1;LakeheadU;-72;45
2482;6c:5a:b0:3d:73:c1;Quanser_UVS;-73;45
2483;a4:6c:2a:d3:f2:80;LU-Guest;-73;45
2484;a6:53:22:40:4f:7a;eduroam;-73;45
2485;80:e0:1d:f6:a4:d0;LU-Guest;-73;45
2486;a2:53:22:40:4f:7a;NOSMSecure;-74;45
2487;ae:53:22:40:4f:7a;NOSMConnect24;-74;45
2488;80:e0:1d:f6:a4:d2;eduroam;-74;45
2489;80:e0:1d:f6:a4:d3;LU-Events;-74;45
2490;80:e0:1d:f6:a4:d4;Free Tbaytel WiFi;-74;45
2491;a4:6c:2a:d4:be:32;eduroam;-76;45
2492;a4:6c:2a:d3:f2:8b;Free Tbaytel WiFi;-76;45
2493;80:e0:1d:ac:8b:0f;LU-Guest;-77;45
2494;80:e0:1d:ac:8b:0e;LakeheadU;-77;45
2495;80:e0:1d:ac:8b:0c;LU-Events;-77;45
2496;a4:6c:2a:d3:f2:8c;LU-Events;-77;45
2497;a4:6c:2a:d3:f2:8f;LU-Guest;-77;45
2498;a4:6c:2a:d3:f2:8d;eduroam;-77;45
2499;a4:6c:2a:d3:f2:8e;LakeheadU;-77;45
2500;80:e0:1d:ac:8b:0d;eduroam;-78;45
2501;80:e0:1d:f6:a5:1c;LU-Events;-82;45
2502;80:e0:1d:f6:a5:1f;LU-Guest;-83;45
2503;82:f2:e0:d1:f9:74;portthru;-85;45
2504;80:e0:1d:e6:79:df;LU-Guest;-88;45
2505;80:e0:1d:e6:79:db;Free Tbaytel WiFi;-89;45
2506;a2:53:22:40:4f:e9;NOSMSecure;-90;45
2507;a6:53:22:40:4f:e9;eduroam;-91;45
2508;9c:53:22:40:4f:e9;TBAYTech;-91;45
2509;a4:6c:2a:d4:be:3e;LakeheadU;-92;45
2510;a4:6c:2a:d4:be:3c;LU-Events;-92;45
2511;aa:53:22:40:4f:e9;NOSMConnect;-92;45
2512;a4:6c:2a:d4:be:3d;eduroam;-93;45
2513;9c:53:22:40:4f:e9;TBAYTech;-86;46
2514;80:e0:1d:f6:a5:1b;Free Tbaytel WiFi;-82;46
2515;80:e0:1d:f6:a5:1e;LakeheadU;-83;46
2516;80:e0:1d:f6:a5:1f;LU-Guest;-84;46
2517;80:e0:1d:f6:a5:1c;LU-Events;-83;46
2518;80:e0:1d:f6:a5:1d;eduroam;-85;46
2519;a2:53:22:40:4f:e9;NOSMSecure;-86;46
2520;a4:6c:2a:d4:be:3e;LakeheadU;-80;46
2521;a4:6c:2a:d4:be:3f;LU-Guest;-80;46
2522;a4:6c:2a:d4:be:3c;LU-Events;-80;46
2523;a4:6c:2a:d4:be:3d;eduroam;-80;46
2524;a4:6c:2a:d4:be:3b;Free Tbaytel WiFi;-80;46
2525;80:e0:1d:f6:a4:db;Free Tbaytel WiFi;-72;46
2526;80:e0:1d:f6:a4:dd;eduroam;-72;46
2527;80:e0:1d:f6:a4:dc;LU-Events;-72;46
2528;80:e0:1d:f6:a4:df;LU-Guest;-73;46
2529;80:e0:1d:f6:a4:de;LakeheadU;-71;46
2530;a4:6c:2a:d4:be:30;LU-Guest;-66;46
2531;a4:6c:2a:d4:be:33;LU-Events;-66;46
2532;a4:6c:2a:d4:be:34;Free Tbaytel WiFi;-65;46
2533;a4:6c:2a:d4:be:31;LakeheadU;-67;46
2534;a4:6c:2a:d4:be:32;eduroam;-67;46
2535;a4:6c:2a:d3:f2:8c;LU-Events;-86;46
2536;a4:6c:2a:d3:f2:8e;LakeheadU;-85;46
2537;aa:53:22:40:4f:e9;NOSMConnect;-86;46
2538;00:42:68:59:8b:ff;LU-Guest;-90;46
2539;a6:53:22:40:4f:e9;eduroam;-86;46
2540;00:42:68:59:8b:fb;Free Tbaytel WiFi;-90;46
2541;a4:6c:2a:d3:f4:d0;LU-Guest;-75;46
2542;a4:6c:2a:d3:f4:d1;LakeheadU;-75;46
2543;a4:6c:2a:d3:f4:d4;Free Tbaytel WiFi;-77;46
2544;80:e0:1d:ee:3f:00;LU-Guest;-43;46
2545;80:e0:1d:ee:3f:01;LakeheadU;-46;46
2546;80:e0:1d:ee:3f:02;eduroam;-43;46
2547;80:e0:1d:ee:3f:03;LU-Events;-44;46
2548;80:e0:1d:ee:3f:04;Free Tbaytel WiFi;-44;46
2549;80:e0:1d:ee:3f:0e;LakeheadU;-52;46
2550;80:e0:1d:ee:3f:0f;LU-Guest;-52;46
2551;80:e0:1d:ee:3f:0b;Free Tbaytel WiFi;-55;46
2552;80:e0:1d:ee:3f:0c;LU-Events;-55;46
2553;80:e0:1d:ee:3f:0d;eduroam;-53;46
2554;80:e0:1d:e6:79:db;Free Tbaytel WiFi;-89;46
2555;80:e0:1d:ac:8b:03;LU-Events;-55;46
2556;80:e0:1d:ac:8b:00;LU-Guest;-55;46
2557;80:e0:1d:ac:8b:0e;LakeheadU;-71;46
2558;80:e0:1d:ac:8b:0d;eduroam;-70;46
2559;80:e0:1d:ac:8b:0c;LU-Events;-71;46
2560;80:e0:1d:ac:8b:0b;Free Tbaytel WiFi;-69;46
2561;6c:5a:b0:3d:73:c0;Quanser_UVS-5G;-89;46
2562;80:e0:1d:ac:8b:0f;LU-Guest;-72;46
2563;9c:53:22:40:4f:e9;TBAYTech;-86;47
2564;80:e0:1d:f6:a5:1b;Free Tbaytel WiFi;-82;47
2565;80:e0:1d:f6:a5:1e;LakeheadU;-83;47
2566;80:e0:1d:f6:a5:1f;LU-Guest;-84;47
2567;80:e0:1d:f6:a5:1c;LU-Events;-83;47
2568;80:e0:1d:f6:a5:1d;eduroam;-85;47
2569;a2:53:22:40:4f:e9;NOSMSecure;-86;47
2570;a4:6c:2a:d4:be:3e;LakeheadU;-80;47
2571;a4:6c:2a:d4:be:3f;LU-Guest;-80;47
2572;a4:6c:2a:d4:be:3c;LU-Events;-80;47
2573;a4:6c:2a:d4:be:3d;eduroam;-80;47
2574;a4:6c:2a:d4:be:3b;Free Tbaytel WiFi;-80;47
2575;80:e0:1d:f6:a4:db;Free Tbaytel WiFi;-72;47
2576;80:e0:1d:f6:a4:dd;eduroam;-72;47
2577;80:e0:1d:f6:a4:dc;LU-Events;-72;47
2578;80:e0:1d:f6:a4:df;LU-Guest;-73;47
2579;80:e0:1d:f6:a4:de;LakeheadU;-71;47
2580;a4:6c:2a:d4:be:30;LU-Guest;-66;47
2581;a4:6c:2a:d4:be:33;LU-Events;-66;47
2582;a4:6c:2a:d4:be:34;Free Tbaytel WiFi;-65;47
2583;a4:6c:2a:d4:be:31;LakeheadU;-67;47
2584;a4:6c:2a:d4:be:32;eduroam;-67;47
2585;a4:6c:2a:d3:f2:8c;LU-Events;-86;47
2586;a4:6c:2a:d3:f2:8e;LakeheadU;-85;47
2587;aa:53:22:40:4f:e9;NOSMConnect;-86;47
2588;00:42:68:59:8b:ff;LU-Guest;-90;47
2589;a6:53:22:40:4f:e9;eduroam;-86;47
2590;00:42:68:59:8b:fb;Free Tbaytel WiFi;-90;47
2591;a4:6c:2a:d3:f4:d0;LU-Guest;-75;47
2592;a4:6c:2a:d3:f4:d1;LakeheadU;-75;47
2593;a4:6c:2a:d3:f4:d4;Free Tbaytel WiFi;-77;47
2594;80:e0:1d:ee:3f:00;LU-Guest;-43;47
2595;80:e0:1d:ee:3f:01;LakeheadU;-46;47
2596;80:e0:1d:ee:3f:02;eduroam;-43;47
2597;80:e0:1d:ee:3f:03;LU-Events;-44;47
2598;80:e0:1d:ee:3f:04;Free Tbaytel WiFi;-44;47
2599;80:e0:1d:ee:3f:0e;LakeheadU;-52;47
2600;80:e0:1d:ee:3f:0f;LU-Guest;-52;47
2601;80:e0:1d:ee:3f:0b;Free Tbaytel WiFi;-55;47
2602;80:e0:1d:ee:3f:0c;LU-Events;-55;47
2603;80:e0:1d:ee:3f:0d;eduroam;-53;47
2604;80:e0:1d:e6:79:db;Free Tbaytel WiFi;-89;47
2605;80:e0:1d:ac:8b:03;LU-Events;-55;47
2606;80:e0:1d:ac:8b:00;LU-Guest;-55;47
2607;80:e0:1d:ac:8b:0e;LakeheadU;-71;47
2608;80:e0:1d:ac:8b:0d;eduroam;-70;47
2609;80:e0:1d:ac:8b:0c;LU-Events;-71;47
2610;80:e0:1d:ac:8b:0b;Free Tbaytel WiFi;-69;47
2611;6c:5a:b0:3d:73:c0;Quanser_UVS-5G;-89;47
2612;80:e0:1d:ac:8b:0f;LU-Guest;-72;47
2613;9c:53:22:40:4f:e9;TBAYTech;-81;48
2614;9c:53:22:40:4f:e8;TBAYTech;-62;48
2615;80:e0:1d:f6:a5:11;LakeheadU;-60;48
2616;80:e0:1d:f6:a5:12;eduroam;-59;48
2617;80:e0:1d:f6:a5:10;LU-Guest;-60;48
2618;80:e0:1d:f6:a5:14;Free Tbaytel WiFi;-59;48
2619;80:e0:1d:f6:a5:1b;Free Tbaytel WiFi;-82;48
2620;80:e0:1d:f6:a5:1e;LakeheadU;-81;48
2621;80:e0:1d:f6:a5:1f;LU-Guest;-82;48
2622;80:e0:1d:f6:a5:1c;LU-Events;-82;48
2623;a2:53:22:40:4f:e8;NOSMSecure;-67;48
2624;a2:53:22:40:4f:e9;NOSMSecure;-80;48
2625;aa:53:22:40:4f:80;NOSMConnect;-73;48
2626;a4:6c:2a:d4:be:3e;LakeheadU;-84;48
2627;a4:6c:2a:d4:be:3f;LU-Guest;-83;48
2628;a4:6c:2a:d4:be:3c;LU-Events;-84;48
2629;a4:6c:2a:d4:be:3d;eduroam;-84;48
2630;a4:6c:2a:d4:be:3b;Free Tbaytel WiFi;-84;48
2631;80:e0:1d:f6:a4:db;Free Tbaytel WiFi;-70;48
2632;80:e0:1d:f6:a4:dd;eduroam;-70;48
2633;80:e0:1d:f6:a4:dc;LU-Events;-70;48
2634;80:e0:1d:f6:a4:df;LU-Guest;-70;48
2635;80:e0:1d:f6:a4:de;LakeheadU;-70;48
2636;80:e0:1d:f6:a4:d1;LakeheadU;-59;48
2637;ce:d7:19:24:c6:d5;LINKSYS-750-guest;-68;48
2638;a4:6c:2a:d4:be:32;eduroam;-66;48
2639;ac:7a:56:c8:62:0f;LakeheadU;-92;48
2640;a4:6c:2a:d3:f2:84;Free Tbaytel WiFi;-64;48
2641;aa:53:22:40:4f:e9;NOSMConnect;-80;48
2642;aa:53:22:40:4f:e8;NOSMConnect;-62;48
2643;00:42:68:59:8b:ff;LU-Guest;-84;48
2644;a6:53:22:40:4f:e9;eduroam;-81;48
2645;a6:53:22:40:4f:e8;eduroam;-62;48
2646;00:42:68:59:8b:fc;LU-Events;-86;48
2647;00:42:68:59:8b:fb;Free Tbaytel WiFi;-84;48
2648;00:42:68:59:8b:fe;LakeheadU;-88;48
2649;00:42:68:59:8b:fd;eduroam;-85;48
2650;e8:de:27:f8:06:78;TP-LINK_F80678_Xiaoping;-85;48
2651;ca:5a:b0:3d:73:c3;;-68;48
2652;9c:53:22:40:4f:80;TBAYTech;-71;48
2653;80:e0:1d:ee:3f:00;LU-Guest;-44;48
2654;80:e0:1d:ee:3f:01;LakeheadU;-48;48
2655;80:e0:1d:ee:3f:02;eduroam;-44;48
2656;80:e0:1d:ee:3f:03;LU-Events;-48;48
2657;80:e0:1d:ee:3f:04;Free Tbaytel WiFi;-47;48
2658;80:e0:1d:ee:3f:0e;LakeheadU;-52;48
2659;80:e0:1d:ee:3f:0f;LU-Guest;-52;48
2660;80:e0:1d:ee:3f:0b;Free Tbaytel WiFi;-55;48
2661;80:e0:1d:ee:3f:0c;LU-Events;-52;48
2662;80:e0:1d:ee:3f:0d;eduroam;-52;48
2663;80:e0:1d:e6:79:db;Free Tbaytel WiFi;-87;48
2664;80:e0:1d:e6:79:df;LU-Guest;-86;48
2665;80:e0:1d:e6:79:dd;eduroam;-86;48
2666;80:e0:1d:e6:79:dc;LU-Events;-86;48
2667;80:e0:1d:ac:8b:03;LU-Events;-66;48
2668;80:e0:1d:ac:8b:01;LakeheadU;-67;48
2669;ae:53:22:40:4f:e8;NOSMConnect24;-63;48
2670;80:e0:1d:ac:8b:0e;LakeheadU;-88;48
2671;80:e0:1d:ac:8b:0d;eduroam;-88;48
2672;80:e0:1d:ac:8b:0c;LU-Events;-87;48
2673;80:e0:1d:ac:8b:0b;Free Tbaytel WiFi;-88;48
2674;6c:5a:b0:3d:73:c0;Quanser_UVS-5G;-82;48
2675;6c:5a:b0:3d:73:c1;Quanser_UVS;-67;48
2676;80:e0:1d:ac:8b:0f;LU-Guest;-87;48
2677;9c:53:22:40:4f:e9;TBAYTech;-81;49
2678;9c:53:22:40:4f:e8;TBAYTech;-62;49
2679;80:e0:1d:f6:a5:11;LakeheadU;-60;49
2680;80:e0:1d:f6:a5:12;eduroam;-59;49
2681;80:e0:1d:f6:a5:10;LU-Guest;-60;49
2682;80:e0:1d:f6:a5:14;Free Tbaytel WiFi;-59;49
2683;80:e0:1d:f6:a5:1b;Free Tbaytel WiFi;-82;49
2684;80:e0:1d:f6:a5:1e;LakeheadU;-81;49
2685;80:e0:1d:f6:a5:1f;LU-Guest;-82;49
2686;80:e0:1d:f6:a5:1c;LU-Events;-82;49
2687;a2:53:22:40:4f:e8;NOSMSecure;-67;49
2688;a2:53:22:40:4f:e9;NOSMSecure;-80;49
2689;aa:53:22:40:4f:80;NOSMConnect;-73;49
2690;a4:6c:2a:d4:be:3e;LakeheadU;-84;49
2691;a4:6c:2a:d4:be:3f;LU-Guest;-83;49
2692;a4:6c:2a:d4:be:3c;LU-Events;-84;49
2693;a4:6c:2a:d4:be:3d;eduroam;-84;49
2694;a4:6c:2a:d4:be:3b;Free Tbaytel WiFi;-84;49
2695;80:e0:1d:f6:a4:db;Free Tbaytel WiFi;-70;49
2696;80:e0:1d:f6:a4:dd;eduroam;-70;49
2697;80:e0:1d:f6:a4:dc;LU-Events;-70;49
2698;80:e0:1d:f6:a4:df;LU-Guest;-70;49
2699;80:e0:1d:f6:a4:de;LakeheadU;-70;49
2700;ac:7a:56:c8:62:0f;LakeheadU;-92;49
2701;aa:53:22:40:4f:e9;NOSMConnect;-80;49
2702;aa:53:22:40:4f:e8;NOSMConnect;-62;49
2703;00:42:68:59:8b:ff;LU-Guest;-84;49
2704;a6:53:22:40:4f:e9;eduroam;-81;49
2705;a6:53:22:40:4f:e8;eduroam;-62;49
2706;00:42:68:59:8b:fc;LU-Events;-86;49
2707;00:42:68:59:8b:fb;Free Tbaytel WiFi;-84;49
2708;00:42:68:59:8b:fd;eduroam;-85;49
2709;e8:de:27:f8:06:78;TP-LINK_F80678_Xiaoping;-85;49
2710;ca:5a:b0:3d:73:c3;;-68;49
2711;9c:53:22:40:4f:80;TBAYTech;-71;49
2712;80:e0:1d:ee:3f:00;LU-Guest;-44;49
2713;80:e0:1d:ee:3f:01;LakeheadU;-48;49
2714;80:e0:1d:ee:3f:02;eduroam;-44;49
2715;80:e0:1d:ee:3f:03;LU-Events;-48;49
2716;80:e0:1d:ee:3f:04;Free Tbaytel WiFi;-47;49
2717;80:e0:1d:ee:3f:0e;LakeheadU;-52;49
2718;80:e0:1d:ee:3f:0f;LU-Guest;-52;49
2719;80:e0:1d:ee:3f:0b;Free Tbaytel WiFi;-55;49
2720;80:e0:1d:ee:3f:0c;LU-Events;-52;49
2721;80:e0:1d:ee:3f:0d;eduroam;-52;49
2722;80:e0:1d:e6:79:dc;LU-Events;-86;49
2723;80:e0:1d:ac:8b:03;LU-Events;-66;49
2724;80:e0:1d:ac:8b:01;LakeheadU;-67;49
2725;ae:53:22:40:4f:e8;NOSMConnect24;-63;49
2726;80:e0:1d:ac:8b:0e;LakeheadU;-88;49
2727;80:e0:1d:ac:8b:0d;eduroam;-88;49
2728;80:e0:1d:ac:8b:0c;LU-Events;-87;49
2729;80:e0:1d:ac:8b:0b;Free Tbaytel WiFi;-88;49
2730;6c:5a:b0:3d:73:c0;Quanser_UVS-5G;-82;49
2731;6c:5a:b0:3d:73:c1;Quanser_UVS;-67;49
2732;80:e0:1d:ac:8b:0f;LU-Guest;-87;49
2733;ae:53:22:40:4f:80;NOSMConnect24;-77;50
2734;9c:53:22:40:4f:e9;TBAYTech;-81;50
2735;9c:53:22:40:4f:e8;TBAYTech;-49;50
2736;80:e0:1d:f6:a5:11;LakeheadU;-61;50
2737;80:e0:1d:f6:a5:12;eduroam;-61;50
2738;80:e0:1d:f6:a5:10;LU-Guest;-62;50
2739;80:e0:1d:f6:a5:13;LU-Events;-61;50
2740;80:e0:1d:f6:a5:14;Free Tbaytel WiFi;-61;50
2741;80:e0:1d:f6:a5:1b;Free Tbaytel WiFi;-73;50
2742;80:e0:1d:f6:a5:1e;LakeheadU;-74;50
2743;80:e0:1d:f6:a5:1f;LU-Guest;-74;50
2744;80:e0:1d:f6:a5:1c;LU-Events;-73;50
2745;80:e0:1d:f6:a5:1d;eduroam;-74;50
2746;a6:53:22:40:4f:81;eduroam;-92;50
2747;a6:53:22:40:4f:7b;eduroam;-92;50
2748;a2:53:22:40:4f:e8;NOSMSecure;-49;50
2749;a2:53:22:40:4f:e9;NOSMSecure;-81;50
2750;aa:53:22:40:4f:80;NOSMConnect;-75;50
2751;aa:53:22:40:4f:81;NOSMConnect;-93;50
2752;a4:6c:2a:d4:be:3e;LakeheadU;-79;50
2753;a4:6c:2a:d4:be:3f;LU-Guest;-80;50
2754;a4:6c:2a:d4:be:3c;LU-Events;-80;50
2755;a4:6c:2a:d4:be:3d;eduroam;-79;50
2756;a4:6c:2a:d4:be:3b;Free Tbaytel WiFi;-80;50
2757;80:e0:1d:f6:a4:db;Free Tbaytel WiFi;-70;50
2758;80:e0:1d:f6:a4:dd;eduroam;-70;50
2759;80:e0:1d:f6:a4:dc;LU-Events;-69;50
2760;80:e0:1d:f6:a4:df;LU-Guest;-69;50
2761;80:e0:1d:f6:a4:de;LakeheadU;-70;50
2762;80:e0:1d:f6:a4:d0;LU-Guest;-54;50
2763;80:e0:1d:f6:a4:d2;eduroam;-53;50
2764;80:e0:1d:f6:a4:d1;LakeheadU;-54;50
2765;80:e0:1d:f6:a4:d4;Free Tbaytel WiFi;-54;50
2766;80:e0:1d:f6:a4:d3;LU-Events;-53;50
2767;ce:d7:19:24:c6:d5;LINKSYS-750-guest;-70;50
2768;a4:6c:2a:d4:be:30;LU-Guest;-58;50
2769;a4:6c:2a:d4:be:33;LU-Events;-60;50
2770;a4:6c:2a:d4:be:34;Free Tbaytel WiFi;-59;50
2771;a4:6c:2a:d4:be:31;LakeheadU;-59;50
2772;a4:6c:2a:d4:be:32;eduroam;-58;50
2773;aa:53:22:40:4f:e9;NOSMConnect;-81;50
2774;aa:53:22:40:4f:e8;NOSMConnect;-50;50
2775;00:42:68:59:8b:ff;LU-Guest;-85;50
2776;a6:53:22:40:4f:e9;eduroam;-81;50
2777;a6:53:22:40:4f:e8;eduroam;-50;50
2778;00:42:68:59:8b:fc;LU-Events;-86;50
2779;00:42:68:59:8b:fb;Free Tbaytel WiFi;-85;50
2780;c8:d7:19:24:c6:d7;LINKSYS-750;-89;50
2781;a4:6c:2a:d4:bb:03;LU-Events;-78;50
2782;9c:53:22:40:4f:7b;TBAYTech;-93;50
2783;9c:53:22:40:4f:81;TBAYTech;-91;50
2784;80:e0:1d:ee:3f:00;LU-Guest;-53;50
2785;80:e0:1d:ee:3f:01;LakeheadU;-54;50
2786;80:e0:1d:ee:3f:02;eduroam;-54;50
2787;80:e0:1d:ee:3f:03;LU-Events;-53;50
2788;80:e0:1d:ee:3f:04;Free Tbaytel WiFi;-53;50
2789;80:e0:1d:ee:3f:0e;LakeheadU;-60;50
2790;80:e0:1d:ee:3f:0f;LU-Guest;-59;50
2791;80:e0:1d:ee:3f:0b;Free Tbaytel WiFi;-60;50
2792;80:e0:1d:ee:3f:0c;LU-Events;-60;50
2793;80:e0:1d:ee:3f:0d;eduroam;-60;50
2794;d2:5d:05:d7:2e:bc;Xerox;-72;50
2795;80:e0:1d:e6:79:df;LU-Guest;-80;50
2796;80:e0:1d:e6:79:de;LakeheadU;-83;50
2797;80:e0:1d:e6:79:dd;eduroam;-81;50
2798;80:e0:1d:e6:79:dc;LU-Events;-80;50
2799;a2:53:22:40:4f:81;NOSMSecure;-93;50
2800;a2:53:22:40:4f:7b;NOSMSecure;-93;50
2801;80:e0:1d:ac:8b:02;eduroam;-74;50
2802;6c:5a:b0:3d:73:bf;Quanser_UVS-5G;-92;50
2803;ae:53:22:40:4f:e8;NOSMConnect24;-49;50
2804;80:e0:1d:ac:8b:0e;LakeheadU;-85;50
2805;80:e0:1d:ac:8b:0d;eduroam;-86;50
2806;82:f2:e0:d1:f9:74;portthru;-71;50
2807;80:e0:1d:ac:8b:0c;LU-Events;-85;50
2808;80:e0:1d:ac:8b:0b;Free Tbaytel WiFi;-85;50
2809;6c:5a:b0:3d:73:c0;Quanser_UVS-5G;-86;50
2810;80:e0:1d:ac:8b:0f;LU-Guest;-86;50
2811;9c:53:22:40:4f:e8;TBAYTech;-49;51
2812;ae:53:22:40:4f:e8;NOSMConnect24;-49;51
2813;a2:53:22:40:4f:e8;NOSMSecure;-49;51
2814;aa:53:22:40:4f:e8;NOSMConnect;-50;51
2815;a6:53:22:40:4f:e8;eduroam;-50;51
2816;80:e0:1d:ee:3f:00;LU-Guest;-53;51
2817;80:e0:1d:ee:3f:04;Free Tbaytel WiFi;-53;51
2818;80:e0:1d:ee:3f:03;LU-Events;-53;51
2819;80:e0:1d:f6:a4:d3;LU-Events;-53;51
2820;80:e0:1d:f6:a4:d2;eduroam;-53;51
2821;80:e0:1d:ee:3f:02;eduroam;-54;51
2822;80:e0:1d:ee:3f:01;LakeheadU;-54;51
2823;80:e0:1d:f6:a4:d1;LakeheadU;-54;51
2824;80:e0:1d:f6:a4:d0;LU-Guest;-54;51
2825;80:e0:1d:f6:a4:d4;Free Tbaytel WiFi;-54;51
2826;a4:6c:2a:d4:be:32;eduroam;-58;51
2827;a4:6c:2a:d4:be:30;LU-Guest;-58;51
2828;80:e0:1d:ee:3f:0f;LU-Guest;-59;51
2829;a4:6c:2a:d4:be:34;Free Tbaytel WiFi;-59;51
2830;a4:6c:2a:d4:be:31;LakeheadU;-59;51
2831;80:e0:1d:ee:3f:0c;LU-Events;-60;51
2832;80:e0:1d:ee:3f:0e;LakeheadU;-60;51
2833;80:e0:1d:ee:3f:0b;Free Tbaytel WiFi;-60;51
2834;80:e0:1d:ee:3f:0d;eduroam;-60;51
2835;a4:6c:2a:d4:be:33;LU-Events;-60;51
2836;80:e0:1d:f6:a5:14;Free Tbaytel WiFi;-61;51
2837;80:e0:1d:f6:a5:11;LakeheadU;-61;51
2838;80:e0:1d:f6:a5:12;eduroam;-61;51
2839;80:e0:1d:f6:a5:13;LU-Events;-61;51
2840;80:e0:1d:f6:a5:10;LU-Guest;-62;51
2841;80:e0:1d:f6:a4:df;LU-Guest;-69;51
2842;80:e0:1d:f6:a4:dc;LU-Events;-69;51
2843;80:e0:1d:f6:a4:db;Free Tbaytel WiFi;-70;51
2844;80:e0:1d:f6:a4:dd;eduroam;-70;51
2845;80:e0:1d:f6:a4:de;LakeheadU;-70;51
2846;ce:d7:19:24:c6:d5;LINKSYS-750-guest;-70;51
2847;82:f2:e0:d1:f9:74;portthru;-71;51
2848;d2:5d:05:d7:2e:bc;Xerox;-72;51
2849;80:e0:1d:f6:a5:1c;LU-Events;-73;51
2850;80:e0:1d:f6:a5:1b;Free Tbaytel WiFi;-73;51
2851;80:e0:1d:f6:a5:1f;LU-Guest;-74;51
2852;80:e0:1d:f6:a5:1e;LakeheadU;-74;51
2853;80:e0:1d:ac:8b:02;eduroam;-74;51
2854;80:e0:1d:f6:a5:1d;eduroam;-74;51
2855;aa:53:22:40:4f:80;NOSMConnect;-75;51
2856;ae:53:22:40:4f:80;NOSMConnect24;-77;51
2857;a4:6c:2a:d4:bb:03;LU-Events;-78;51
2858;a4:6c:2a:d4:be:3e;LakeheadU;-79;51
2859;a4:6c:2a:d4:be:3d;eduroam;-79;51
2860;a4:6c:2a:d4:be:3c;LU-Events;-80;51
2861;a4:6c:2a:d4:be:3f;LU-Guest;-80;51
2862;a4:6c:2a:d4:be:3b;Free Tbaytel WiFi;-80;51
2863;80:e0:1d:e6:79:df;LU-Guest;-80;51
2864;80:e0:1d:e6:79:dc;LU-Events;-80;51
2865;aa:53:22:40:4f:e9;NOSMConnect;-81;51
2866;a6:53:22:40:4f:e9;eduroam;-81;51
2867;9c:53:22:40:4f:e9;TBAYTech;-81;51
2868;a2:53:22:40:4f:e9;NOSMSecure;-81;51
2869;80:e0:1d:e6:79:dd;eduroam;-81;51
2870;80:e0:1d:e6:79:de;LakeheadU;-83;51
2871;80:e0:1d:ac:8b:0b;Free Tbaytel WiFi;-85;51
2872;80:e0:1d:ac:8b:0e;LakeheadU;-85;51
2873;80:e0:1d:ac:8b:0c;LU-Events;-85;51
2874;00:42:68:59:8b:ff;LU-Guest;-85;51
2875;00:42:68:59:8b:fb;Free Tbaytel WiFi;-85;51
2876;80:e0:1d:ac:8b:0f;LU-Guest;-86;51
2877;80:e0:1d:ac:8b:0d;eduroam;-86;51
2878;6c:5a:b0:3d:73:c0;Quanser_UVS-5G;-86;51
2879;00:42:68:59:8b:fc;LU-Events;-86;51
2880;c8:d7:19:24:c6:d7;LINKSYS-750;-89;51
2881;9c:53:22:40:4f:81;TBAYTech;-91;51
2882;6c:5a:b0:3d:73:bf;Quanser_UVS-5G;-92;51
2883;a6:53:22:40:4f:7b;eduroam;-92;51
2884;a6:53:22:40:4f:81;eduroam;-92;51
2885;9c:53:22:40:4f:7b;TBAYTech;-93;51
2886;a2:53:22:40:4f:7b;NOSMSecure;-93;51
2887;aa:53:22:40:4f:81;NOSMConnect;-93;51
2888;a2:53:22:40:4f:81;NOSMSecure;-93;51
2889;9c:53:22:40:4f:e9;TBAYTech;-83;52
2890;9c:53:22:40:4f:e8;TBAYTech;-66;52
2891;80:e0:1d:f6:a5:11;LakeheadU;-52;52
2892;80:e0:1d:f6:a5:12;eduroam;-52;52
2893;80:e0:1d:f6:a5:10;LU-Guest;-52;52
2894;80:e0:1d:f6:a5:13;LU-Events;-52;52
2895;80:e0:1d:f6:a5:14;Free Tbaytel WiFi;-52;52
2896;80:e0:1d:f6:a5:1b;Free Tbaytel WiFi;-70;52
2897;80:e0:1d:f6:a5:1e;LakeheadU;-71;52
2898;80:e0:1d:f6:a5:1f;LU-Guest;-70;52
2899;80:e0:1d:f6:a5:1c;LU-Events;-70;52
2900;80:e0:1d:f6:a5:1d;eduroam;-70;52
2901;a6:53:22:40:4f:81;eduroam;-92;52
2902;a2:53:22:40:4f:e8;NOSMSecure;-58;52
2903;a2:53:22:40:4f:e9;NOSMSecure;-83;52
2904;aa:53:22:40:4f:81;NOSMConnect;-91;52
2905;a4:6c:2a:d4:be:3e;LakeheadU;-81;52
2906;a4:6c:2a:d4:be:3f;LU-Guest;-79;52
2907;a4:6c:2a:d4:be:3c;LU-Events;-80;52
2908;a4:6c:2a:d4:be:3d;eduroam;-80;52
2909;a4:6c:2a:d4:be:3b;Free Tbaytel WiFi;-80;52
2910;80:e0:1d:f6:a4:db;Free Tbaytel WiFi;-69;52
2911;80:e0:1d:f6:a4:dd;eduroam;-68;52
2912;80:e0:1d:f6:a4:dc;LU-Events;-69;52
2913;80:e0:1d:f6:a4:df;LU-Guest;-68;52
2914;80:e0:1d:f6:a4:de;LakeheadU;-69;52
2915;80:e0:1d:f6:a4:d0;LU-Guest;-51;52
2916;80:e0:1d:f6:a4:d2;eduroam;-50;52
2917;80:e0:1d:f6:a4:d1;LakeheadU;-55;52
2918;80:e0:1d:f6:a4:d4;Free Tbaytel WiFi;-50;52
2919;80:e0:1d:f6:a4:d3;LU-Events;-51;52
2920;a4:6c:2a:d4:be:30;LU-Guest;-59;52
2921;a4:6c:2a:d4:be:33;LU-Events;-61;52
2922;a4:6c:2a:d4:be:34;Free Tbaytel WiFi;-62;52
2923;a4:6c:2a:d4:be:31;LakeheadU;-61;52
2924;a4:6c:2a:d4:be:32;eduroam;-61;52
2925;a4:6c:2a:d3:f2:81;LakeheadU;-80;52
2926;a4:6c:2a:d3:f2:82;eduroam;-80;52
2927;aa:53:22:40:4f:e9;NOSMConnect;-83;52
2928;aa:53:22:40:4f:e8;NOSMConnect;-56;52
2929;00:42:68:59:8b:ff;LU-Guest;-86;52
2930;a6:53:22:40:4f:e9;eduroam;-83;52
2931;a6:53:22:40:4f:e8;eduroam;-58;52
2932;00:42:68:59:8b:fc;LU-Events;-86;52
2933;00:42:68:59:8b:fb;Free Tbaytel WiFi;-84;52
2934;00:42:68:59:8b:fe;LakeheadU;-85;52
2935;00:42:68:59:8b:fd;eduroam;-84;52
2936;ca:5a:b0:3d:73:c3;;-64;52
2937;c8:d7:19:24:c6:d7;LINKSYS-750;-89;52
2938;a4:6c:2a:d4:bb:01;LakeheadU;-69;52
2939;9c:53:22:40:4f:81;TBAYTech;-91;52
2940;80:e0:1d:ee:3f:00;LU-Guest;-58;52
2941;80:e0:1d:ee:3f:01;LakeheadU;-56;52
2942;80:e0:1d:ee:3f:02;eduroam;-58;52
2943;80:e0:1d:ee:3f:03;LU-Events;-60;52
2944;ba:5a:b0:3d:73:b1;;-92;52
2945;a4:6c:2a:d4:bb:0c;LU-Events;-92;52
2946;a4:6c:2a:d4:bb:0d;eduroam;-91;52
2947;a4:6c:2a:d4:bb:0e;LakeheadU;-92;52
2948;80:e0:1d:ee:3f:0e;LakeheadU;-66;52
2949;80:e0:1d:ee:3f:0f;LU-Guest;-66;52
2950;80:e0:1d:ee:3f:0b;Free Tbaytel WiFi;-70;52
2951;80:e0:1d:ee:3f:0c;LU-Events;-67;52
2952;80:e0:1d:ee:3f:0d;eduroam;-66;52
2953;80:e0:1d:e6:79:df;LU-Guest;-86;52
2954;80:e0:1d:e6:79:de;LakeheadU;-87;52
2955;80:e0:1d:e6:79:dc;LU-Events;-87;52
2956;a2:53:22:40:4f:81;NOSMSecure;-91;52
2957;ae:53:22:40:4f:e8;NOSMConnect24;-56;52
2958;80:e0:1d:ac:8b:0d;eduroam;-92;52
2959;82:f2:e0:d1:f9:74;portthru;-70;52
2960;80:e0:1d:ac:8b:0c;LU-Events;-93;52
2961;6c:5a:b0:3d:73:c0;Quanser_UVS-5G;-82;52
2962;80:e0:1d:ee:3f:0b;Free Tbaytel WiFi;-70;53
2963;80:e0:1d:ac:8b:0d;eduroam;-92;53
2964;80:e0:1d:ac:8b:0c;LU-Events;-93;53
2965;ae:53:22:40:4f:80;NOSMConnect24;-66;54
2966;9c:53:22:40:4f:e9;TBAYTech;-83;54
2967;9c:53:22:40:4f:e8;TBAYTech;-62;54
2968;c0:c1:c0:8e:e8:c5;unavailable;-78;54
2969;80:e0:1d:f6:a5:12;eduroam;-48;54
2970;80:e0:1d:f6:a5:10;LU-Guest;-51;54
2971;80:e0:1d:f6:a5:14;Free Tbaytel WiFi;-42;54
2972;80:e0:1d:f6:a5:1b;Free Tbaytel WiFi;-64;54
2973;80:e0:1d:f6:a5:1e;LakeheadU;-64;54
2974;80:e0:1d:f6:a5:1f;LU-Guest;-64;54
2975;80:e0:1d:f6:a5:1c;LU-Events;-63;54
2976;80:e0:1d:f6:a5:1d;eduroam;-64;54
2977;a6:53:22:40:4f:80;eduroam;-67;54
2978;a6:53:22:40:4f:81;eduroam;-93;54
2979;a2:53:22:40:4f:e8;NOSMSecure;-60;54
2980;a2:53:22:40:4f:e9;NOSMSecure;-83;54
2981;aa:53:22:40:4f:80;NOSMConnect;-66;54
2982;aa:53:22:40:4f:81;NOSMConnect;-92;54
2983;a4:6c:2a:d4:be:3e;LakeheadU;-76;54
2984;a4:6c:2a:d4:be:3f;LU-Guest;-77;54
2985;a4:6c:2a:d4:be:3c;LU-Events;-76;54
2986;a4:6c:2a:d4:be:3d;eduroam;-76;54
2987;a4:6c:2a:d4:be:3b;Free Tbaytel WiFi;-77;54
2988;80:e0:1d:f6:a4:db;Free Tbaytel WiFi;-62;54
2989;80:e0:1d:f6:a4:dd;eduroam;-60;54
2990;80:e0:1d:f6:a4:dc;LU-Events;-60;54
2991;80:e0:1d:f6:a4:df;LU-Guest;-60;54
2992;80:e0:1d:f6:a4:de;LakeheadU;-60;54
2993;80:e0:1d:f6:a4:d0;LU-Guest;-50;54
2994;80:e0:1d:f6:a4:d2;eduroam;-50;54
2995;80:e0:1d:f6:a4:d1;LakeheadU;-53;54
2996;80:e0:1d:f6:a4:d4;Free Tbaytel WiFi;-50;54
2997;80:e0:1d:f6:a4:d3;LU-Events;-50;54
2998;a4:6c:2a:d4:be:30;LU-Guest;-61;54
2999;a4:6c:2a:d4:be:33;LU-Events;-61;54
3000;a4:6c:2a:d4:be:34;Free Tbaytel WiFi;-62;54
3001;a4:6c:2a:d4:be:31;LakeheadU;-61;54
3002;a4:6c:2a:d4:be:32;eduroam;-61;54
3003;aa:53:22:40:4f:e9;NOSMConnect;-83;54
3004;aa:53:22:40:4f:e8;NOSMConnect;-64;54
3005;00:42:68:59:8b:ff;LU-Guest;-80;54
3006;a6:53:22:40:4f:e9;eduroam;-84;54
3007;a6:53:22:40:4f:e8;eduroam;-64;54
3008;00:42:68:59:8b:fc;LU-Events;-80;54
3009;00:42:68:59:8b:fb;Free Tbaytel WiFi;-80;54
3010;00:42:68:59:8b:fe;LakeheadU;-81;54
3011;00:42:68:59:8b:fd;eduroam;-81;54
3012;c8:d7:19:24:c6:d7;LINKSYS-750;-84;54
3013;9c:53:22:40:4f:81;TBAYTech;-93;54
3014;80:e0:1d:ee:3f:00;LU-Guest;-61;54
3015;80:e0:1d:ee:3f:01;LakeheadU;-61;54
3016;80:e0:1d:ee:3f:02;eduroam;-61;54
3017;80:e0:1d:ee:3f:04;Free Tbaytel WiFi;-60;54
3018;a4:6c:2a:d4:bb:0d;eduroam;-91;54
3019;a4:6c:2a:d4:bb:0e;LakeheadU;-91;54
3020;a4:6c:2a:d4:bb:0f;LU-Guest;-91;54
3021;80:e0:1d:ee:3f:0e;LakeheadU;-72;54
3022;80:e0:1d:ee:3f:0f;LU-Guest;-72;54
3023;80:e0:1d:ee:3f:0b;Free Tbaytel WiFi;-71;54
3024;80:e0:1d:ee:3f:0c;LU-Events;-72;54
3025;80:e0:1d:ee:3f:0d;eduroam;-72;54
3026;d2:5d:05:d7:2e:bc;Xerox;-73;54
3027;00:42:68:59:8b:f1;LakeheadU;-77;54
3028;00:42:68:59:8b:f3;LU-Events;-76;54
3029;00:42:68:59:8b:f2;eduroam;-75;54
3030;80:e0:1d:e6:79:dc;LU-Events;-93;54
3031;a2:53:22:40:4f:81;NOSMSecure;-91;54
3032;a2:53:22:40:4f:80;NOSMSecure;-67;54
3033;ae:53:22:40:4f:e8;NOSMConnect24;-65;54
3034;82:f2:e0:d1:f9:74;portthru;-65;54
3035;80:e0:1d:ac:8b:0b;Free Tbaytel WiFi;-93;54
3036;9c:53:22:40:4f:e9;TBAYTech;-91;55
3037;9c:53:22:40:4f:e8;TBAYTech;-65;55
3038;80:e0:1d:f6:a5:11;LakeheadU;-53;55
3039;80:e0:1d:f6:a5:12;eduroam;-53;55
3040;80:e0:1d:f6:a5:10;LU-Guest;-48;55
3041;80:e0:1d:f6:a5:14;Free Tbaytel WiFi;-53;55
3042;80:e0:1d:f6:a5:1b;Free Tbaytel WiFi;-67;55
3043;80:e0:1d:f6:a5:1e;LakeheadU;-67;55
3044;80:e0:1d:f6:a5:1f;LU-Guest;-66;55
3045;80:e0:1d:f6:a5:1c;LU-Events;-66;55
3046;80:e0:1d:f6:a5:1d;eduroam;-66;55
3047;a6:53:22:40:4f:81;eduroam;-89;55
3048;a2:53:22:40:4f:e8;NOSMSecure;-65;55
3049;a2:53:22:40:4f:e9;NOSMSecure;-91;55
3050;aa:53:22:40:4f:81;NOSMConnect;-89;55
3051;a4:6c:2a:d4:be:3e;LakeheadU;-77;55
3052;a4:6c:2a:d4:be:3f;LU-Guest;-77;55
3053;a4:6c:2a:d4:be:3c;LU-Events;-77;55
3054;a4:6c:2a:d4:be:3d;eduroam;-76;55
3055;a4:6c:2a:d4:be:3b;Free Tbaytel WiFi;-77;55
3056;80:e0:1d:f6:a4:db;Free Tbaytel WiFi;-57;55
3057;80:e0:1d:f6:a4:dd;eduroam;-56;55
3058;80:e0:1d:f6:a4:dc;LU-Events;-56;55
3059;80:e0:1d:f6:a4:df;LU-Guest;-57;55
3060;80:e0:1d:f6:a4:de;LakeheadU;-56;55
3061;d8:b1:90:e1:2d:a0;LU-Guest;-77;55
3062;d8:b1:90:e1:2d:a3;LU-Events;-78;55
3063;d8:b1:90:e1:2d:a1;LakeheadU;-77;55
3064;d8:b1:90:e1:2d:a2;eduroam;-78;55
3065;80:e0:1d:f6:a4:d2;eduroam;-50;55
3066;80:e0:1d:f6:a4:d1;LakeheadU;-50;55
3067;a4:6c:2a:d4:be:30;LU-Guest;-69;55
3068;a4:6c:2a:d4:be:33;LU-Events;-69;55
3069;a4:6c:2a:d4:be:34;Free Tbaytel WiFi;-66;55
3070;a4:6c:2a:d4:be:31;LakeheadU;-69;55
3071;a4:6c:2a:d4:be:32;eduroam;-68;55
3072;ac:7a:56:c8:62:0a;;-90;55
3073;ac:7a:56:c8:62:08;Free Tbaytel WiFi;-89;55
3074;aa:53:22:40:4f:e9;NOSMConnect;-92;55
3075;aa:53:22:40:4f:e8;NOSMConnect;-65;55
3076;00:42:68:59:8b:ff;LU-Guest;-81;55
3077;a6:53:22:40:4f:e9;eduroam;-91;55
3078;a6:53:22:40:4f:e8;eduroam;-65;55
3079;00:42:68:59:8b:fc;LU-Events;-81;55
3080;00:42:68:59:8b:fb;Free Tbaytel WiFi;-81;55
3081;00:42:68:59:8b:fe;LakeheadU;-83;55
3082;00:42:68:59:8b:fd;eduroam;-82;55
3083;e8:de:27:f8:06:78;TP-LINK_F80678_Xiaoping;-70;55
3084;c8:d7:19:24:c6:d7;LINKSYS-750;-81;55
3085;a4:6c:2a:d4:bb:03;LU-Events;-71;55
3086;a4:6c:2a:d4:bb:04;Free Tbaytel WiFi;-70;55
3087;a4:6c:2a:d4:bb:00;LU-Guest;-70;55
3088;a4:6c:2a:d4:bb:01;LakeheadU;-70;55
3089;a4:6c:2a:d4:bb:02;eduroam;-70;55
3090;9c:53:22:40:4f:81;TBAYTech;-89;55
3091;80:e0:1d:ee:3f:00;LU-Guest;-68;55
3092;80:e0:1d:ee:3f:01;LakeheadU;-68;55
3093;80:e0:1d:ee:3f:02;eduroam;-73;55
3094;80:e0:1d:ee:3f:03;LU-Events;-68;55
3095;80:e0:1d:ee:3f:04;Free Tbaytel WiFi;-69;55
3096;a4:6c:2a:d4:bb:0c;LU-Events;-90;55
3097;a4:6c:2a:d4:bb:0f;LU-Guest;-90;55
3098;80:e0:1d:ee:3f:0e;LakeheadU;-73;55
3099;80:e0:1d:ee:3f:0f;LU-Guest;-72;55
3100;80:e0:1d:ee:3f:0b;Free Tbaytel WiFi;-72;55
3101;80:e0:1d:ee:3f:0c;LU-Events;-73;55
3102;80:e0:1d:ee:3f:0d;eduroam;-73;55
3103;d2:5d:05:d7:2e:bc;Xerox;-65;55
3104;a2:53:22:40:4f:81;NOSMSecure;-89;55
3105;ae:53:22:40:4f:e8;NOSMConnect24;-65;55
3106;82:f2:e0:d1:f9:74;portthru;-65;55
3107;6c:5a:b0:3d:73:c0;Quanser_UVS-5G;-89;55
3108;6c:5a:b0:3d:73:c1;Quanser_UVS;-68;55
3109;9c:53:22:40:4f:e9;TBAYTech;-91;56
3110;9c:53:22:40:4f:e8;TBAYTech;-65;56
3111;80:e0:1d:f6:a5:11;LakeheadU;-53;56
3112;80:e0:1d:f6:a5:12;eduroam;-53;56
3113;80:e0:1d:f6:a5:10;LU-Guest;-48;56
3114;80:e0:1d:f6:a5:14;Free Tbaytel WiFi;-53;56
3115;80:e0:1d:f6:a5:1b;Free Tbaytel WiFi;-67;56
3116;80:e0:1d:f6:a5:1e;LakeheadU;-67;56
3117;80:e0:1d:f6:a5:1f;LU-Guest;-66;56
3118;80:e0:1d:f6:a5:1c;LU-Events;-66;56
3119;80:e0:1d:f6:a5:1d;eduroam;-66;56
3120;a6:53:22:40:4f:81;eduroam;-89;56
3121;a2:53:22:40:4f:e8;NOSMSecure;-65;56
3122;a2:53:22:40:4f:e9;NOSMSecure;-91;56
3123;aa:53:22:40:4f:81;NOSMConnect;-89;56
3124;a4:6c:2a:d4:be:3e;LakeheadU;-77;56
3125;a4:6c:2a:d4:be:3f;LU-Guest;-77;56
3126;a4:6c:2a:d4:be:3c;LU-Events;-77;56
3127;a4:6c:2a:d4:be:3d;eduroam;-76;56
3128;a4:6c:2a:d4:be:3b;Free Tbaytel WiFi;-77;56
3129;80:e0:1d:f6:a4:db;Free Tbaytel WiFi;-57;56
3130;80:e0:1d:f6:a4:dd;eduroam;-56;56
3131;80:e0:1d:f6:a4:dc;LU-Events;-56;56
3132;80:e0:1d:f6:a4:df;LU-Guest;-57;56
3133;80:e0:1d:f6:a4:de;LakeheadU;-56;56
3134;d8:b1:90:e1:2d:a0;LU-Guest;-77;56
3135;d8:b1:90:e1:2d:a3;LU-Events;-78;56
3136;d8:b1:90:e1:2d:a1;LakeheadU;-77;56
3137;d8:b1:90:e1:2d:a2;eduroam;-78;56
3138;80:e0:1d:f6:a4:d2;eduroam;-50;56
3139;80:e0:1d:f6:a4:d1;LakeheadU;-50;56
3140;a4:6c:2a:d4:be:30;LU-Guest;-69;56
3141;a4:6c:2a:d4:be:33;LU-Events;-69;56
3142;a4:6c:2a:d4:be:34;Free Tbaytel WiFi;-66;56
3143;a4:6c:2a:d4:be:31;LakeheadU;-69;56
3144;a4:6c:2a:d4:be:32;eduroam;-68;56
3145;ac:7a:56:c8:62:0a;;-90;56
3146;ac:7a:56:c8:62:08;Free Tbaytel WiFi;-89;56
3147;aa:53:22:40:4f:e9;NOSMConnect;-92;56
3148;aa:53:22:40:4f:e8;NOSMConnect;-65;56
3149;00:42:68:59:8b:ff;LU-Guest;-81;56
3150;a6:53:22:40:4f:e9;eduroam;-91;56
3151;a6:53:22:40:4f:e8;eduroam;-65;56
3152;00:42:68:59:8b:fc;LU-Events;-81;56
3153;00:42:68:59:8b:fb;Free Tbaytel WiFi;-81;56
3154;00:42:68:59:8b:fe;LakeheadU;-83;56
3155;00:42:68:59:8b:fd;eduroam;-82;56
3156;e8:de:27:f8:06:78;TP-LINK_F80678_Xiaoping;-70;56
3157;c8:d7:19:24:c6:d7;LINKSYS-750;-81;56
3158;a4:6c:2a:d4:bb:03;LU-Events;-71;56
3159;a4:6c:2a:d4:bb:04;Free Tbaytel WiFi;-70;56
3160;a4:6c:2a:d4:bb:00;LU-Guest;-70;56
3161;a4:6c:2a:d4:bb:01;LakeheadU;-70;56
3162;a4:6c:2a:d4:bb:02;eduroam;-70;56
3163;9c:53:22:40:4f:81;TBAYTech;-89;56
3164;80:e0:1d:ee:3f:00;LU-Guest;-68;56
3165;80:e0:1d:ee:3f:01;LakeheadU;-68;56
3166;80:e0:1d:ee:3f:02;eduroam;-73;56
3167;80:e0:1d:ee:3f:03;LU-Events;-68;56
3168;80:e0:1d:ee:3f:04;Free Tbaytel WiFi;-69;56
3169;a4:6c:2a:d4:bb:0c;LU-Events;-90;56
3170;a4:6c:2a:d4:bb:0f;LU-Guest;-90;56
3171;80:e0:1d:ee:3f:0e;LakeheadU;-73;56
3172;80:e0:1d:ee:3f:0f;LU-Guest;-72;56
3173;80:e0:1d:ee:3f:0b;Free Tbaytel WiFi;-72;56
3174;80:e0:1d:ee:3f:0c;LU-Events;-73;56
3175;80:e0:1d:ee:3f:0d;eduroam;-73;56
3176;d2:5d:05:d7:2e:bc;Xerox;-65;56
3177;a2:53:22:40:4f:81;NOSMSecure;-89;56
3178;ae:53:22:40:4f:e8;NOSMConnect24;-65;56
3179;82:f2:e0:d1:f9:74;portthru;-65;56
3180;6c:5a:b0:3d:73:c0;Quanser_UVS-5G;-89;56
3181;6c:5a:b0:3d:73:c1;Quanser_UVS;-68;56
3182;9c:53:22:40:4f:e8;TBAYTech;-70;57
3183;80:e0:1d:f6:a5:11;LakeheadU;-56;57
3184;80:e0:1d:f6:a5:12;eduroam;-56;57
3185;80:e0:1d:f6:a5:10;LU-Guest;-56;57
3186;80:e0:1d:f6:a5:13;LU-Events;-55;57
3187;80:e0:1d:f6:a5:14;Free Tbaytel WiFi;-56;57
3188;80:e0:1d:f6:a5:1b;Free Tbaytel WiFi;-77;57
3189;80:e0:1d:f6:a5:1e;LakeheadU;-77;57
3190;80:e0:1d:f6:a5:1f;LU-Guest;-78;57
3191;80:e0:1d:f6:a5:1c;LU-Events;-77;57
3192;80:e0:1d:f6:a5:1d;eduroam;-77;57
3193;a6:53:22:40:4f:80;eduroam;-67;57
3194;a6:53:22:40:4f:81;eduroam;-80;57
3195;aa:53:22:40:4f:81;NOSMConnect;-81;57
3196;a4:6c:2a:d4:be:3e;LakeheadU;-79;57
3197;a4:6c:2a:d4:be:3f;LU-Guest;-78;57
3198;a4:6c:2a:d4:be:3c;LU-Events;-79;57
3199;a4:6c:2a:d4:be:3d;eduroam;-79;57
3200;a4:6c:2a:d4:be:3b;Free Tbaytel WiFi;-79;57
3201;80:e0:1d:f6:a4:db;Free Tbaytel WiFi;-58;57
3202;80:e0:1d:f6:a4:dd;eduroam;-58;57
3203;80:e0:1d:f6:a4:dc;LU-Events;-58;57
3204;80:e0:1d:f6:a4:df;LU-Guest;-58;57
3205;80:e0:1d:f6:a4:de;LakeheadU;-58;57
3206;80:e0:1d:f6:a4:d0;LU-Guest;-47;57
3207;80:e0:1d:f6:a4:d2;eduroam;-43;57
3208;80:e0:1d:f6:a4:d1;LakeheadU;-43;57
3209;80:e0:1d:f6:a4:d4;Free Tbaytel WiFi;-46;57
3210;80:e0:1d:f6:a4:d3;LU-Events;-43;57
3211;a4:6c:2a:d4:be:30;LU-Guest;-62;57
3212;a4:6c:2a:d4:be:33;LU-Events;-62;57
3213;a4:6c:2a:d4:be:34;Free Tbaytel WiFi;-62;57
3214;a4:6c:2a:d4:be:31;LakeheadU;-62;57
3215;a4:6c:2a:d4:be:32;eduroam;-60;57
3216;ac:7a:56:c8:62:0a;;-89;57
3217;ac:7a:56:c8:62:0b;;-88;57
3218;ac:7a:56:c8:62:07;eduroam;-88;57
3219;aa:53:22:40:4f:e8;NOSMConnect;-75;57
3220;00:42:68:59:8b:ff;LU-Guest;-84;57
3221;00:42:68:59:8b:fc;LU-Events;-83;57
3222;00:42:68:59:8b:fb;Free Tbaytel WiFi;-83;57
3223;00:42:68:59:8b:fe;LakeheadU;-83;57
3224;00:42:68:59:8b:fd;eduroam;-84;57
3225;c8:d7:19:24:c6:d7;LINKSYS-750;-79;57
3226;a4:6c:2a:d4:bb:03;LU-Events;-75;57
3227;a4:6c:2a:d4:bb:04;Free Tbaytel WiFi;-74;57
3228;a4:6c:2a:d4:bb:01;LakeheadU;-74;57
3229;a4:6c:2a:d4:bb:02;eduroam;-74;57
3230;9c:53:22:40:4f:81;TBAYTech;-80;57
3231;9c:53:22:40:4f:80;TBAYTech;-68;57
3232;80:e0:1d:ee:3f:00;LU-Guest;-64;57
3233;80:e0:1d:ee:3f:01;LakeheadU;-64;57
3234;80:e0:1d:ee:3f:02;eduroam;-63;57
3235;80:e0:1d:ee:3f:03;LU-Events;-63;57
3236;80:e0:1d:ee:3f:04;Free Tbaytel WiFi;-63;57
3237;80:e0:1d:ee:3f:0e;LakeheadU;-80;57
3238;80:e0:1d:ee:3f:0f;LU-Guest;-80;57
3239;80:e0:1d:ee:3f:0b;Free Tbaytel WiFi;-78;57
3240;80:e0:1d:ee:3f:0c;LU-Events;-80;57
3241;80:e0:1d:ee:3f:0d;eduroam;-80;57
3242;d2:5d:05:d7:2e:bc;Xerox;-71;57
3243;80:e0:1d:ee:3f:63;Free Tbaytel WiFi;-82;57
3244;a2:53:22:40:4f:81;NOSMSecure;-80;57
3245;a2:53:22:40:4f:80;NOSMSecure;-68;57
3246;80:e0:1d:ee:3f:6c;Free Tbaytel WiFi;-89;57
3247;80:e0:1d:ee:3f:6d;LU-Events;-88;57
3248;80:e0:1d:ee:3f:6e;LU-Guest;-90;57
3249;ae:53:22:40:4f:e8;NOSMConnect24;-67;57
3250;82:f2:e0:d1:f9:74;portthru;-66;57
3251;a4:6c:2a:e0:1f:b3;LU-Events;-82;57
3252;a4:6c:2a:e0:1f:b4;Free Tbaytel WiFi;-82;57
3253;a4:6c:2a:e0:1f:b0;LU-Guest;-82;57
3254;a4:6c:2a:e0:1f:b1;LakeheadU;-81;57
3255;a4:6c:2a:e0:1f:b2;eduroam;-81;57
3256;c0:c1:c0:8e:e8:c5;unavailable;-68;58
3257;80:e0:1d:f6:a5:10;LU-Guest;-67;58
3258;80:e0:1d:f6:a5:1b;Free Tbaytel WiFi;-79;58
3259;80:e0:1d:f6:a5:1e;LakeheadU;-79;58
3260;80:e0:1d:f6:a5:1f;LU-Guest;-79;58
3261;80:e0:1d:f6:a5:1c;LU-Events;-79;58
3262;80:e0:1d:f6:a5:1d;eduroam;-79;58
3263;a6:53:22:40:4f:80;eduroam;-65;58
3264;a6:53:22:40:4f:81;eduroam;-85;58
3265;aa:53:22:40:4f:81;NOSMConnect;-85;58
3266;a4:6c:2a:d4:be:3e;LakeheadU;-69;58
3267;a4:6c:2a:d4:be:3f;LU-Guest;-68;58
3268;a4:6c:2a:d4:be:3c;LU-Events;-69;58
3269;a4:6c:2a:d4:be:3d;eduroam;-70;58
3270;a4:6c:2a:d4:be:3b;Free Tbaytel WiFi;-69;58
3271;80:e0:1d:f6:a4:db;Free Tbaytel WiFi;-52;58
3272;80:e0:1d:f6:a4:dd;eduroam;-86;58
3273;80:e0:1d:f6:a4:dc;LU-Events;-51;58
3274;80:e0:1d:f6:a4:df;LU-Guest;-51;58
3275;80:e0:1d:f6:a4:de;LakeheadU;-52;58
3276;d8:b1:90:e1:2d:a3;LU-Events;-84;58
3277;80:e0:1d:f6:a4:d0;LU-Guest;-47;58
3278;80:e0:1d:f6:a4:d2;eduroam;-47;58
3279;80:e0:1d:f6:a4:d1;LakeheadU;-43;58
3280;80:e0:1d:f6:a4:d3;LU-Events;-43;58
3281;ce:d7:19:24:c6:d5;LINKSYS-750-guest;-49;58
3282;a4:6c:2a:d4:be:30;LU-Guest;-58;58
3283;a4:6c:2a:d4:be:33;LU-Events;-58;58
3284;a4:6c:2a:d4:be:34;Free Tbaytel WiFi;-57;58
3285;a4:6c:2a:d4:be:31;LakeheadU;-58;58
3286;a4:6c:2a:d4:be:32;eduroam;-57;58
3287;00:42:68:59:8b:fc;LU-Events;-82;58
3288;00:42:68:59:8b:fb;Free Tbaytel WiFi;-81;58
3289;00:42:68:59:8b:fe;LakeheadU;-81;58
3290;00:42:68:59:8b:fd;eduroam;-82;58
3291;c8:d7:19:24:c6:d7;LINKSYS-750;-73;58
3292;c8:d7:19:24:c6:d5;LINKSYS-750;-48;58
3293;a4:6c:2a:d4:bb:03;LU-Events;-81;58
3294;a4:6c:2a:d4:bb:04;Free Tbaytel WiFi;-80;58
3295;a4:6c:2a:d4:bb:00;LU-Guest;-79;58
3296;a4:6c:2a:d4:bb:01;LakeheadU;-79;58
3297;a4:6c:2a:d4:bb:02;eduroam;-80;58
3298;9c:53:22:40:4f:81;TBAYTech;-84;58
3299;9c:53:22:40:4f:80;TBAYTech;-59;58
3300;80:e0:1d:ee:3f:00;LU-Guest;-63;58
3301;80:e0:1d:ee:3f:01;LakeheadU;-64;58
3302;80:e0:1d:ee:3f:02;eduroam;-63;58
3303;80:e0:1d:ee:3f:03;LU-Events;-64;58
3304;80:e0:1d:ee:3f:04;Free Tbaytel WiFi;-64;58
3305;80:e0:1d:ee:3f:0e;LakeheadU;-79;58
3306;80:e0:1d:ee:3f:0f;LU-Guest;-80;58
3307;80:e0:1d:ee:3f:0b;Free Tbaytel WiFi;-73;58
3308;80:e0:1d:ee:3f:0c;LU-Events;-81;58
3309;80:e0:1d:ee:3f:0d;eduroam;-80;58
3310;d2:5d:05:d7:2e:bc;Xerox;-59;58
3311;80:e0:1d:ee:3f:60;LakeheadU;-78;58
3312;00:42:68:59:8b:f3;LU-Events;-76;58
3313;a2:53:22:40:4f:81;NOSMSecure;-85;58
3314;a2:53:22:40:4f:80;NOSMSecure;-60;58
3315;80:e0:1d:ac:8b:03;LU-Events;-85;58
3316;80:e0:1d:ee:3f:6c;Free Tbaytel WiFi;-86;58
3317;80:e0:1d:ee:3f:6d;LU-Events;-87;58
3318;80:e0:1d:ee:3f:6e;LU-Guest;-85;58
3319;82:f2:e0:d1:f9:74;portthru;-61;58
3320;a4:6c:2a:e0:1f:b3;LU-Events;-83;58
3321;a4:6c:2a:e0:1f:b4;Free Tbaytel WiFi;-82;58
3322;a4:6c:2a:e0:1f:b0;LU-Guest;-82;58
3323;a4:6c:2a:e0:1f:b2;eduroam;-82;58
3324;80:e0:1d:f6:a4:d1;LakeheadU;-43;59
3325;80:e0:1d:f6:a4:d3;LU-Events;-43;59
3326;80:e0:1d:f6:a4:d2;eduroam;-47;59
3327;80:e0:1d:f6:a4:d0;LU-Guest;-47;59
3328;c8:d7:19:24:c6:d5;LINKSYS-750;-48;59
3329;ce:d7:19:24:c6:d5;LINKSYS-750-guest;-49;59
3330;80:e0:1d:f6:a4:df;LU-Guest;-51;59
3331;80:e0:1d:f6:a4:dc;LU-Events;-51;59
3332;80:e0:1d:f6:a4:db;Free Tbaytel WiFi;-52;59
3333;80:e0:1d:f6:a4:de;LakeheadU;-52;59
3334;a4:6c:2a:d4:be:32;eduroam;-57;59
3335;a4:6c:2a:d4:be:34;Free Tbaytel WiFi;-57;59
3336;a4:6c:2a:d4:be:30;LU-Guest;-58;59
3337;a4:6c:2a:d4:be:31;LakeheadU;-58;59
3338;a4:6c:2a:d4:be:33;LU-Events;-58;59
3339;d2:5d:05:d7:2e:bc;Xerox;-59;59
3340;9c:53:22:40:4f:80;TBAYTech;-59;59
3341;a2:53:22:40:4f:80;NOSMSecure;-60;59
3342;82:f2:e0:d1:f9:74;portthru;-61;59
3343;80:e0:1d:ee:3f:00;LU-Guest;-63;59
3344;80:e0:1d:ee:3f:02;eduroam;-63;59
3345;80:e0:1d:ee:3f:01;LakeheadU;-64;59
3346;80:e0:1d:ee:3f:04;Free Tbaytel WiFi;-64;59
3347;80:e0:1d:ee:3f:03;LU-Events;-64;59
3348;a6:53:22:40:4f:80;eduroam;-65;59
3349;80:e0:1d:f6:a5:10;LU-Guest;-67;59
3350;a4:6c:2a:d4:be:3f;LU-Guest;-68;59
3351;c0:c1:c0:8e:e8:c5;unavailable;-68;59
3352;a4:6c:2a:d4:be:3e;LakeheadU;-69;59
3353;a4:6c:2a:d4:be:3c;LU-Events;-69;59
3354;a4:6c:2a:d4:be:3b;Free Tbaytel WiFi;-69;59
3355;a4:6c:2a:d4:be:3d;eduroam;-70;59
3356;80:e0:1d:ee:3f:0b;Free Tbaytel WiFi;-73;59
3357;c8:d7:19:24:c6:d7;LINKSYS-750;-73;59
3358;00:42:68:59:8b:f3;LU-Events;-76;59
3359;80:e0:1d:ee:3f:60;LakeheadU;-78;59
3360;80:e0:1d:f6:a5:1f;LU-Guest;-79;59
3361;80:e0:1d:ee:3f:0e;LakeheadU;-79;59
3362;80:e0:1d:f6:a5:1c;LU-Events;-79;59
3363;80:e0:1d:f6:a5:1b;Free Tbaytel WiFi;-79;59
3364;80:e0:1d:f6:a5:1e;LakeheadU;-79;59
3365;80:e0:1d:f6:a5:1d;eduroam;-79;59
3366;a4:6c:2a:d4:bb:01;LakeheadU;-79;59
3367;a4:6c:2a:d4:bb:00;LU-Guest;-79;59
3368;80:e0:1d:ee:3f:0f;LU-Guest;-80;59
3369;80:e0:1d:ee:3f:0d;eduroam;-80;59
3370;a4:6c:2a:d4:bb:02;eduroam;-80;59
3371;a4:6c:2a:d4:bb:04;Free Tbaytel WiFi;-80;59
3372;80:e0:1d:ee:3f:0c;LU-Events;-81;59
3373;00:42:68:59:8b:fb;Free Tbaytel WiFi;-81;59
3374;00:42:68:59:8b:fe;LakeheadU;-81;59
3375;a4:6c:2a:d4:bb:03;LU-Events;-81;59
3376;00:42:68:59:8b:fc;LU-Events;-82;59
3377;00:42:68:59:8b:fd;eduroam;-82;59
3378;a4:6c:2a:e0:1f:b0;LU-Guest;-82;59
3379;a4:6c:2a:e0:1f:b4;Free Tbaytel WiFi;-82;59
3380;a4:6c:2a:e0:1f:b2;eduroam;-82;59
3381;a4:6c:2a:e0:1f:b3;LU-Events;-83;59
3382;9c:53:22:40:4f:81;TBAYTech;-84;59
3383;d8:b1:90:e1:2d:a3;LU-Events;-84;59
3384;aa:53:22:40:4f:81;NOSMConnect;-85;59
3385;a6:53:22:40:4f:81;eduroam;-85;59
3386;a2:53:22:40:4f:81;NOSMSecure;-85;59
3387;80:e0:1d:ee:3f:6e;LU-Guest;-85;59
3388;80:e0:1d:ac:8b:03;LU-Events;-85;59
3389;80:e0:1d:f6:a4:dd;eduroam;-86;59
3390;80:e0:1d:ee:3f:6c;Free Tbaytel WiFi;-86;59
3391;80:e0:1d:ee:3f:6d;LU-Events;-87;59
3392;c0:c1:c0:8e:e8:c5;unavailable;-53;60
3393;80:e0:1d:f6:a5:1b;Free Tbaytel WiFi;-81;60
3394;80:e0:1d:f6:a5:1e;LakeheadU;-81;60
3395;80:e0:1d:f6:a5:1f;LU-Guest;-81;60
3396;80:e0:1d:f6:a5:1c;LU-Events;-81;60
3397;80:e0:1d:f6:a5:1d;eduroam;-81;60
3398;a6:53:22:40:4f:81;eduroam;-82;60
3399;aa:53:22:40:4f:81;NOSMConnect;-82;60
3400;a4:6c:2a:d4:be:3e;LakeheadU;-70;60
3401;a4:6c:2a:d4:be:3f;LU-Guest;-70;60
3402;a4:6c:2a:d4:be:3c;LU-Events;-70;60
3403;a4:6c:2a:d4:be:3d;eduroam;-70;60
3404;a4:6c:2a:d4:be:3b;Free Tbaytel WiFi;-70;60
3405;80:e0:1d:f6:a4:db;Free Tbaytel WiFi;-57;60
3406;80:e0:1d:f6:a4:dd;eduroam;-54;60
3407;80:e0:1d:f6:a4:dc;LU-Events;-55;60
3408;80:e0:1d:f6:a4:df;LU-Guest;-55;60
3409;80:e0:1d:f6:a4:de;LakeheadU;-54;60
3410;80:e0:1d:f6:a4:d0;LU-Guest;-44;60
3411;80:e0:1d:f6:a4:d2;eduroam;-43;60
3412;80:e0:1d:f6:a4:d1;LakeheadU;-44;60
3413;80:e0:1d:f6:a4:d4;Free Tbaytel WiFi;-47;60
3414;ce:d7:19:24:c6:d5;LINKSYS-750-guest;-45;60
3415;a4:6c:2a:d4:be:30;LU-Guest;-62;60
3416;a4:6c:2a:d4:be:33;LU-Events;-62;60
3417;a4:6c:2a:d4:be:34;Free Tbaytel WiFi;-62;60
3418;a4:6c:2a:d4:be:31;LakeheadU;-62;60
3419;a4:6c:2a:d4:be:32;eduroam;-62;60
3420;00:42:68:59:8b:ff;LU-Guest;-80;60
3421;00:42:68:59:8b:fc;LU-Events;-80;60
3422;00:42:68:59:8b:fb;Free Tbaytel WiFi;-80;60
3423;00:42:68:59:8b:fe;LakeheadU;-80;60
3424;00:42:68:59:8b:fd;eduroam;-80;60
3425;c8:d7:19:24:c6:d7;LINKSYS-750;-66;60
3426;c8:d7:19:24:c6:d5;LINKSYS-750;-49;60
3427;a4:6c:2a:d4:bb:03;LU-Events;-83;60
3428;a4:6c:2a:d4:bb:04;Free Tbaytel WiFi;-83;60
3429;9c:53:22:40:4f:81;TBAYTech;-81;60
3430;9c:53:22:40:4f:80;TBAYTech;-53;60
3431;80:e0:1d:ee:3f:03;LU-Events;-66;60
3432;80:e0:1d:ee:3f:0e;LakeheadU;-79;60
3433;80:e0:1d:ee:3f:0f;LU-Guest;-78;60
3434;80:e0:1d:ee:3f:0b;Free Tbaytel WiFi;-79;60
3435;80:e0:1d:ee:3f:0c;LU-Events;-79;60
3436;80:e0:1d:ee:3f:0d;eduroam;-79;60
3437;d2:5d:05:d7:2e:bc;Xerox;-67;60
3438;80:e0:1d:ee:3f:64;eduroam;-78;60
3439;80:e0:1d:ee:3f:60;LakeheadU;-79;60
3440;80:e0:1d:ee:3f:61;LU-Guest;-77;60
3441;00:42:68:59:8b:f2;eduroam;-73;60
3442;00:42:68:59:8b:f4;Free Tbaytel WiFi;-74;60
3443;a2:53:22:40:4f:81;NOSMSecure;-82;60
3444;80:e0:1d:ee:3f:6c;Free Tbaytel WiFi;-84;60
3445;80:e0:1d:ee:3f:6e;LU-Guest;-84;60
3446;80:e0:1d:ee:3f:6f;LakeheadU;-84;60
3447;80:e0:1d:ee:3f:6b;eduroam;-84;60
3448;ae:53:22:40:4f:e8;NOSMConnect24;-87;60
3449;82:f2:e0:d1:f9:74;portthru;-56;60
3450;a4:6c:2a:e0:1f:b3;LU-Events;-76;60
3451;a4:6c:2a:e0:1f:b4;Free Tbaytel WiFi;-76;60
3452;a4:6c:2a:e0:1f:b1;LakeheadU;-75;60
3453;a4:6c:2a:e0:1f:b2;eduroam;-76;60
3454;ae:53:22:40:4f:80;NOSMConnect24;-60;61
3455;c0:c1:c0:8e:e8:c5;unavailable;-63;61
3456;80:e0:1d:f6:a5:12;eduroam;-69;61
3457;80:e0:1d:f6:a5:10;LU-Guest;-70;61
3458;80:e0:1d:f6:a5:14;Free Tbaytel WiFi;-70;61
3459;80:e0:1d:f6:a5:1b;Free Tbaytel WiFi;-90;61
3460;80:e0:1d:f6:a5:1e;LakeheadU;-89;61
3461;80:e0:1d:f6:a5:1f;LU-Guest;-89;61
3462;80:e0:1d:f6:a5:1c;LU-Events;-90;61
3463;80:e0:1d:f6:a5:1d;eduroam;-90;61
3464;a6:53:22:40:4f:80;eduroam;-58;61
3465;a6:53:22:40:4f:81;eduroam;-85;61
3466;aa:53:22:40:4f:80;NOSMConnect;-61;61
3467;aa:53:22:40:4f:81;NOSMConnect;-84;61
3468;a4:6c:2a:d4:be:3e;LakeheadU;-73;61
3469;a4:6c:2a:d4:be:3f;LU-Guest;-72;61
3470;a4:6c:2a:d4:be:3c;LU-Events;-72;61
3471;a4:6c:2a:d4:be:3d;eduroam;-72;61
3472;a4:6c:2a:d4:be:3b;Free Tbaytel WiFi;-73;61
3473;80:e0:1d:f6:a4:db;Free Tbaytel WiFi;-64;61
3474;80:e0:1d:f6:a4:dd;eduroam;-81;61
3475;80:e0:1d:f6:a4:dc;LU-Events;-82;61
3476;80:e0:1d:f6:a4:df;LU-Guest;-63;61
3477;80:e0:1d:f6:a4:de;LakeheadU;-63;61
3478;ce:d7:19:24:c6:d5;LINKSYS-750-guest;-42;61
3479;a4:6c:2a:d4:be:30;LU-Guest;-57;61
3480;a4:6c:2a:d4:be:33;LU-Events;-57;61
3481;a4:6c:2a:d4:be:34;Free Tbaytel WiFi;-56;61
3482;a4:6c:2a:d4:be:31;LakeheadU;-59;61
3483;a4:6c:2a:d4:be:32;eduroam;-57;61
3484;aa:53:22:40:4f:e9;NOSMConnect;-93;61
3485;00:42:68:59:8b:ff;LU-Guest;-74;61
3486;00:42:68:59:8b:fc;LU-Events;-74;61
3487;00:42:68:59:8b:fb;Free Tbaytel WiFi;-74;61
3488;00:42:68:59:8b:fe;LakeheadU;-75;61
3489;00:42:68:59:8b:fd;eduroam;-74;61
3490;e8:de:27:f8:06:78;TP-LINK_F80678_Xiaoping;-54;61
3491;c8:d7:19:24:c6:d7;LINKSYS-750;-76;61
3492;c8:d7:19:24:c6:d5;LINKSYS-750;-43;61
3493;9c:53:22:40:4f:81;TBAYTech;-84;61
3494;9c:53:22:40:4f:80;TBAYTech;-61;61
3495;80:e0:1d:ee:3f:02;eduroam;-67;61
3496;80:e0:1d:ee:3f:0e;LakeheadU;-78;61
3497;80:e0:1d:ee:3f:0b;Free Tbaytel WiFi;-78;61
3498;80:e0:1d:ee:3f:0c;LU-Events;-78;61
3499;80:e0:1d:ee:3f:0d;eduroam;-77;61
3500;d2:5d:05:d7:2e:bc;Xerox;-54;61
3501;80:e0:1d:ee:3f:63;Free Tbaytel WiFi;-70;61
3502;80:e0:1d:ee:3f:64;eduroam;-70;61
3503;80:e0:1d:ee:3f:60;LakeheadU;-71;61
3504;80:e0:1d:ee:3f:61;LU-Guest;-70;61
3505;80:e0:1d:ee:3f:62;LU-Events;-72;61
3506;00:42:68:59:8b:f4;Free Tbaytel WiFi;-70;61
3507;a2:53:22:40:4f:81;NOSMSecure;-84;61
3508;a2:53:22:40:4f:80;NOSMSecure;-57;61
3509;80:e0:1d:ee:3f:6c;Free Tbaytel WiFi;-81;61
3510;80:e0:1d:ee:3f:6d;LU-Events;-82;61
3511;80:e0:1d:ee:3f:6f;LakeheadU;-81;61
3512;80:e0:1d:ee:3f:6b;eduroam;-82;61
3513;82:f2:e0:d1:f9:74;portthru;-55;61
3514;a4:6c:2a:e0:1f:bc;LU-Events;-93;61
3515;a4:6c:2a:e0:1f:bd;eduroam;-91;61
3516;a4:6c:2a:e0:1f:bf;LU-Guest;-93;61
3517;a4:6c:2a:e0:1f:bb;Free Tbaytel WiFi;-91;61
3518;ae:53:22:40:4f:80;NOSMConnect24;-60;62
3519;c0:c1:c0:8e:e8:c5;unavailable;-63;62
3520;80:e0:1d:f6:a5:12;eduroam;-69;62
3521;80:e0:1d:f6:a5:10;LU-Guest;-70;62
3522;80:e0:1d:f6:a5:14;Free Tbaytel WiFi;-70;62
3523;80:e0:1d:f6:a5:1b;Free Tbaytel WiFi;-90;62
3524;80:e0:1d:f6:a5:1e;LakeheadU;-89;62
3525;80:e0:1d:f6:a5:1f;LU-Guest;-89;62
3526;80:e0:1d:f6:a5:1c;LU-Events;-90;62
3527;80:e0:1d:f6:a5:1d;eduroam;-90;62
3528;a6:53:22:40:4f:80;eduroam;-58;62
3529;a6:53:22:40:4f:81;eduroam;-85;62
3530;aa:53:22:40:4f:80;NOSMConnect;-61;62
3531;aa:53:22:40:4f:81;NOSMConnect;-84;62
3532;a4:6c:2a:d4:be:3e;LakeheadU;-73;62
3533;a4:6c:2a:d4:be:3f;LU-Guest;-72;62
3534;a4:6c:2a:d4:be:3c;LU-Events;-72;62
3535;a4:6c:2a:d4:be:3d;eduroam;-72;62
3536;a4:6c:2a:d4:be:3b;Free Tbaytel WiFi;-73;62
3537;80:e0:1d:f6:a4:db;Free Tbaytel WiFi;-64;62
3538;80:e0:1d:f6:a4:dd;eduroam;-81;62
3539;80:e0:1d:f6:a4:dc;LU-Events;-82;62
3540;80:e0:1d:f6:a4:df;LU-Guest;-63;62
3541;80:e0:1d:f6:a4:de;LakeheadU;-63;62
3542;ce:d7:19:24:c6:d5;LINKSYS-750-guest;-42;62
3543;a4:6c:2a:d4:be:30;LU-Guest;-57;62
3544;a4:6c:2a:d4:be:33;LU-Events;-57;62
3545;a4:6c:2a:d4:be:34;Free Tbaytel WiFi;-56;62
3546;a4:6c:2a:d4:be:31;LakeheadU;-59;62
3547;a4:6c:2a:d4:be:32;eduroam;-57;62
3548;aa:53:22:40:4f:e9;NOSMConnect;-93;62
3549;00:42:68:59:8b:ff;LU-Guest;-74;62
3550;00:42:68:59:8b:fc;LU-Events;-74;62
3551;00:42:68:59:8b:fb;Free Tbaytel WiFi;-74;62
3552;00:42:68:59:8b:fe;LakeheadU;-75;62
3553;00:42:68:59:8b:fd;eduroam;-74;62
3554;e8:de:27:f8:06:78;TP-LINK_F80678_Xiaoping;-54;62
3555;c8:d7:19:24:c6:d7;LINKSYS-750;-76;62
3556;c8:d7:19:24:c6:d5;LINKSYS-750;-43;62
3557;9c:53:22:40:4f:81;TBAYTech;-84;62
3558;9c:53:22:40:4f:80;TBAYTech;-61;62
3559;80:e0:1d:ee:3f:02;eduroam;-67;62
3560;80:e0:1d:ee:3f:0e;LakeheadU;-78;62
3561;80:e0:1d:ee:3f:0b;Free Tbaytel WiFi;-78;62
3562;80:e0:1d:ee:3f:0c;LU-Events;-78;62
3563;80:e0:1d:ee:3f:0d;eduroam;-77;62
3564;d2:5d:05:d7:2e:bc;Xerox;-54;62
3565;80:e0:1d:ee:3f:63;Free Tbaytel WiFi;-70;62
3566;80:e0:1d:ee:3f:64;eduroam;-70;62
3567;80:e0:1d:ee:3f:60;LakeheadU;-71;62
3568;80:e0:1d:ee:3f:61;LU-Guest;-70;62
3569;80:e0:1d:ee:3f:62;LU-Events;-72;62
3570;00:42:68:59:8b:f4;Free Tbaytel WiFi;-70;62
3571;a2:53:22:40:4f:81;NOSMSecure;-84;62
3572;a2:53:22:40:4f:80;NOSMSecure;-57;62
3573;80:e0:1d:ee:3f:6c;Free Tbaytel WiFi;-81;62
3574;80:e0:1d:ee:3f:6d;LU-Events;-82;62
3575;80:e0:1d:ee:3f:6f;LakeheadU;-81;62
3576;80:e0:1d:ee:3f:6b;eduroam;-82;62
3577;82:f2:e0:d1:f9:74;portthru;-55;62
3578;a4:6c:2a:e0:1f:bc;LU-Events;-93;62
3579;a4:6c:2a:e0:1f:bd;eduroam;-91;62
3580;a4:6c:2a:e0:1f:bf;LU-Guest;-93;62
3581;a4:6c:2a:e0:1f:bb;Free Tbaytel WiFi;-91;62
3582;ae:53:22:40:4f:80;NOSMConnect24;-52;63
3583;c0:c1:c0:8e:e8:c5;unavailable;-50;63
3584;80:e0:1d:f6:a5:1b;Free Tbaytel WiFi;-90;63
3585;80:e0:1d:f6:a5:1e;LakeheadU;-90;63
3586;80:e0:1d:f6:a5:1f;LU-Guest;-90;63
3587;80:e0:1d:f6:a5:1c;LU-Events;-90;63
3588;a2:53:22:40:4e:05;NOSMSecure;-92;63
3589;a6:53:22:40:4f:80;eduroam;-50;63
3590;a6:53:22:40:4f:81;eduroam;-78;63
3591;aa:53:22:40:4f:80;NOSMConnect;-52;63
3592;aa:53:22:40:4f:81;NOSMConnect;-78;63
3593;a4:6c:2a:d4:be:3e;LakeheadU;-75;63
3594;a4:6c:2a:d4:be:3f;LU-Guest;-74;63
3595;a4:6c:2a:d4:be:3c;LU-Events;-75;63
3596;a4:6c:2a:d4:be:3d;eduroam;-75;63
3597;a4:6c:2a:d4:be:3b;Free Tbaytel WiFi;-75;63
3598;80:e0:1d:f6:a4:db;Free Tbaytel WiFi;-72;63
3599;80:e0:1d:f6:a4:dc;LU-Events;-69;63
3600;80:e0:1d:f6:a4:df;LU-Guest;-69;63
3601;80:e0:1d:f6:a4:de;LakeheadU;-70;63
3602;80:e0:1d:f6:a4:d0;LU-Guest;-57;63
3603;80:e0:1d:f6:a4:d2;eduroam;-57;63
3604;80:e0:1d:f6:a4:d1;LakeheadU;-57;63
3605;80:e0:1d:f6:a4:d4;Free Tbaytel WiFi;-57;63
3606;80:e0:1d:f6:a4:d3;LU-Events;-57;63
3607;9c:53:22:40:4e:05;TBAYTech;-93;63
3608;ce:d7:19:24:c6:d5;LINKSYS-750-guest;-50;63
3609;a4:6c:2a:d4:be:30;LU-Guest;-49;63
3610;a4:6c:2a:d4:be:33;LU-Events;-48;63
3611;a4:6c:2a:d4:be:34;Free Tbaytel WiFi;-48;63
3612;a4:6c:2a:d4:be:31;LakeheadU;-49;63
3613;a4:6c:2a:d4:be:32;eduroam;-48;63
3614;00:42:68:59:8b:ff;LU-Guest;-75;63
3615;00:42:68:59:8b:fc;LU-Events;-74;63
3616;00:42:68:59:8b:fe;LakeheadU;-74;63
3617;00:42:68:59:8b:fd;eduroam;-74;63
3618;e8:de:27:f8:06:78;TP-LINK_F80678_Xiaoping;-71;63
3619;c8:d7:19:24:c6:d7;LINKSYS-750;-79;63
3620;c8:d7:19:24:c6:d5;LINKSYS-750;-50;63
3621;a4:6c:2a:d4:bb:03;LU-Events;-83;63
3622;a4:6c:2a:d4:bb:04;Free Tbaytel WiFi;-84;63
3623;a4:6c:2a:d4:bb:01;LakeheadU;-84;63
3624;9c:53:22:40:4f:81;TBAYTech;-77;63
3625;9c:53:22:40:4f:80;TBAYTech;-55;63
3626;80:e0:1d:ee:3f:02;eduroam;-71;63
3627;80:e0:1d:ee:3f:0e;LakeheadU;-76;63
3628;80:e0:1d:ee:3f:0f;LU-Guest;-76;63
3629;80:e0:1d:ee:3f:0b;Free Tbaytel WiFi;-76;63
3630;80:e0:1d:ee:3f:0c;LU-Events;-77;63
3631;80:e0:1d:ee:3f:0d;eduroam;-76;63
3632;d2:5d:05:d7:2e:bc;Xerox;-52;63
3633;80:e0:1d:ee:3f:63;Free Tbaytel WiFi;-64;63
3634;80:e0:1d:ee:3f:64;eduroam;-64;63
3635;80:e0:1d:ee:3f:60;LakeheadU;-65;63
3636;80:e0:1d:ee:3f:61;LU-Guest;-65;63
3637;00:42:68:59:8b:f0;LU-Guest;-69;63
3638;00:42:68:59:8b:f2;eduroam;-69;63
3639;a2:53:22:40:4f:81;NOSMSecure;-77;63
3640;a2:53:22:40:4f:80;NOSMSecure;-51;63
3641;80:e0:1d:ee:3f:6d;LU-Events;-71;63
3642;80:e0:1d:ee:3f:6f;LakeheadU;-70;63
3643;80:e0:1d:ee:3f:6b;eduroam;-71;63
3644;aa:53:22:40:4e:05;NOSMConnect;-93;63
3645;82:f2:e0:d1:f9:74;portthru;-49;63
3646;a6:53:22:40:4e:05;eduroam;-93;63
3647;a4:6c:2a:e0:1f:b3;LU-Events;-70;63
3648;a4:6c:2a:e0:1f:b0;LU-Guest;-73;63
3649;a4:6c:2a:e0:1f:b1;LakeheadU;-70;63
3650;a4:6c:2a:e0:1f:b2;eduroam;-70;63
3651;a4:6c:2a:e0:1f:bc;LU-Events;-83;63
3652;a4:6c:2a:e0:1f:bd;eduroam;-84;63
3653;a4:6c:2a:e0:1f:be;LakeheadU;-85;63
3654;a4:6c:2a:e0:1f:bf;LU-Guest;-84;63
3655;a4:6c:2a:e0:1f:bb;Free Tbaytel WiFi;-84;63
3656;ae:53:22:40:4f:80;NOSMConnect24;-52;64
3657;c0:c1:c0:8e:e8:c5;unavailable;-50;64
3658;80:e0:1d:f6:a5:1b;Free Tbaytel WiFi;-90;64
3659;80:e0:1d:f6:a5:1e;LakeheadU;-90;64
3660;80:e0:1d:f6:a5:1f;LU-Guest;-90;64
3661;80:e0:1d:f6:a5:1c;LU-Events;-90;64
3662;a2:53:22:40:4e:05;NOSMSecure;-92;64
3663;a6:53:22:40:4f:80;eduroam;-50;64
3664;a6:53:22:40:4f:81;eduroam;-78;64
3665;aa:53:22:40:4f:80;NOSMConnect;-52;64
3666;aa:53:22:40:4f:81;NOSMConnect;-78;64
3667;a4:6c:2a:d4:be:3e;LakeheadU;-75;64
3668;a4:6c:2a:d4:be:3f;LU-Guest;-74;64
3669;a4:6c:2a:d4:be:3c;LU-Events;-75;64
3670;a4:6c:2a:d4:be:3d;eduroam;-75;64
3671;a4:6c:2a:d4:be:3b;Free Tbaytel WiFi;-75;64
3672;80:e0:1d:f6:a4:db;Free Tbaytel WiFi;-72;64
3673;80:e0:1d:f6:a4:dc;LU-Events;-69;64
3674;80:e0:1d:f6:a4:df;LU-Guest;-69;64
3675;80:e0:1d:f6:a4:de;LakeheadU;-70;64
3676;80:e0:1d:f6:a4:d0;LU-Guest;-57;64
3677;80:e0:1d:f6:a4:d2;eduroam;-57;64
3678;80:e0:1d:f6:a4:d1;LakeheadU;-57;64
3679;80:e0:1d:f6:a4:d4;Free Tbaytel WiFi;-57;64
3680;80:e0:1d:f6:a4:d3;LU-Events;-57;64
3681;9c:53:22:40:4e:05;TBAYTech;-93;64
3682;ce:d7:19:24:c6:d5;LINKSYS-750-guest;-50;64
3683;a4:6c:2a:d4:be:30;LU-Guest;-49;64
3684;a4:6c:2a:d4:be:33;LU-Events;-48;64
3685;a4:6c:2a:d4:be:34;Free Tbaytel WiFi;-48;64
3686;a4:6c:2a:d4:be:31;LakeheadU;-49;64
3687;a4:6c:2a:d4:be:32;eduroam;-48;64
3688;00:42:68:59:8b:ff;LU-Guest;-75;64
3689;00:42:68:59:8b:fc;LU-Events;-74;64
3690;00:42:68:59:8b:fe;LakeheadU;-74;64
3691;00:42:68:59:8b:fd;eduroam;-74;64
3692;e8:de:27:f8:06:78;TP-LINK_F80678_Xiaoping;-71;64
3693;c8:d7:19:24:c6:d7;LINKSYS-750;-79;64
3694;c8:d7:19:24:c6:d5;LINKSYS-750;-50;64
3695;a4:6c:2a:d4:bb:03;LU-Events;-83;64
3696;a4:6c:2a:d4:bb:04;Free Tbaytel WiFi;-84;64
3697;a4:6c:2a:d4:bb:01;LakeheadU;-84;64
3698;9c:53:22:40:4f:81;TBAYTech;-77;64
3699;9c:53:22:40:4f:80;TBAYTech;-55;64
3700;80:e0:1d:ee:3f:02;eduroam;-71;64
3701;80:e0:1d:ee:3f:0e;LakeheadU;-76;64
3702;80:e0:1d:ee:3f:0f;LU-Guest;-76;64
3703;80:e0:1d:ee:3f:0b;Free Tbaytel WiFi;-76;64
3704;80:e0:1d:ee:3f:0c;LU-Events;-77;64
3705;80:e0:1d:ee:3f:0d;eduroam;-76;64
3706;d2:5d:05:d7:2e:bc;Xerox;-52;64
3707;80:e0:1d:ee:3f:63;Free Tbaytel WiFi;-64;64
3708;80:e0:1d:ee:3f:64;eduroam;-64;64
3709;80:e0:1d:ee:3f:60;LakeheadU;-65;64
3710;80:e0:1d:ee:3f:61;LU-Guest;-65;64
3711;00:42:68:59:8b:f0;LU-Guest;-69;64
3712;00:42:68:59:8b:f2;eduroam;-69;64
3713;a2:53:22:40:4f:81;NOSMSecure;-77;64
3714;a2:53:22:40:4f:80;NOSMSecure;-51;64
3715;80:e0:1d:ee:3f:6d;LU-Events;-71;64
3716;80:e0:1d:ee:3f:6f;LakeheadU;-70;64
3717;80:e0:1d:ee:3f:6b;eduroam;-71;64
3718;aa:53:22:40:4e:05;NOSMConnect;-93;64
3719;82:f2:e0:d1:f9:74;portthru;-49;64
3720;a6:53:22:40:4e:05;eduroam;-93;64
3721;a4:6c:2a:e0:1f:b3;LU-Events;-70;64
3722;a4:6c:2a:e0:1f:b0;LU-Guest;-73;64
3723;a4:6c:2a:e0:1f:b1;LakeheadU;-70;64
3724;a4:6c:2a:e0:1f:b2;eduroam;-70;64
3725;a4:6c:2a:e0:1f:bc;LU-Events;-83;64
3726;a4:6c:2a:e0:1f:bd;eduroam;-84;64
3727;a4:6c:2a:e0:1f:be;LakeheadU;-85;64
3728;a4:6c:2a:e0:1f:bf;LU-Guest;-84;64
3729;a4:6c:2a:e0:1f:bb;Free Tbaytel WiFi;-84;64
3730;ae:53:22:40:4f:80;NOSMConnect24;-56;65
3731;c0:c1:c0:8e:e8:c5;unavailable;-68;65
3732;80:e0:1d:f6:a5:10;LU-Guest;-78;65
3733;80:e0:1d:f6:a5:1b;Free Tbaytel WiFi;-90;65
3734;80:e0:1d:f6:a5:1e;LakeheadU;-90;65
3735;80:e0:1d:f6:a5:1f;LU-Guest;-90;65
3736;80:e0:1d:f6:a5:1c;LU-Events;-90;65
3737;80:e0:1d:f6:a5:1d;eduroam;-90;65
3738;a6:53:22:40:4f:81;eduroam;-80;65
3739;aa:53:22:40:4f:80;NOSMConnect;-55;65
3740;aa:53:22:40:4f:81;NOSMConnect;-81;65
3741;a4:6c:2a:d4:be:3e;LakeheadU;-59;65
3742;a4:6c:2a:d4:be:3f;LU-Guest;-60;65
3743;a4:6c:2a:d4:be:3c;LU-Events;-60;65
3744;a4:6c:2a:d4:be:3d;eduroam;-60;65
3745;a4:6c:2a:d4:be:3b;Free Tbaytel WiFi;-60;65
3746;80:e0:1d:f6:a4:db;Free Tbaytel WiFi;-68;65
3747;80:e0:1d:f6:a4:dc;LU-Events;-73;65
3748;80:e0:1d:f6:a4:df;LU-Guest;-72;65
3749;80:e0:1d:f6:a4:de;LakeheadU;-74;65
3750;80:e0:1d:f6:a4:d0;LU-Guest;-57;65
3751;80:e0:1d:f6:a4:d4;Free Tbaytel WiFi;-58;65
3752;ce:d7:19:24:c6:d5;LINKSYS-750-guest;-58;65
3753;a4:6c:2a:d4:be:30;LU-Guest;-43;65
3754;a4:6c:2a:d4:be:33;LU-Events;-43;65
3755;a4:6c:2a:d4:be:34;Free Tbaytel WiFi;-44;65
3756;a4:6c:2a:d4:be:31;LakeheadU;-43;65
3757;a4:6c:2a:d4:be:32;eduroam;-43;65
3758;00:42:68:59:8b:ff;LU-Guest;-66;65
3759;00:42:68:59:8b:fc;LU-Events;-85;65
3760;00:42:68:59:8b:fb;Free Tbaytel WiFi;-66;65
3761;00:42:68:59:8b:fe;LakeheadU;-66;65
3762;00:42:68:59:8b:fd;eduroam;-66;65
3763;e8:de:27:f8:06:78;TP-LINK_F80678_Xiaoping;-57;65
3764;c8:d7:19:24:c6:d7;LINKSYS-750;-87;65
3765;c8:d7:19:24:c6:d5;LINKSYS-750;-58;65
3766;9c:53:22:40:4f:81;TBAYTech;-81;65
3767;80:e0:1d:ee:3f:0e;LakeheadU;-86;65
3768;80:e0:1d:ee:3f:0b;Free Tbaytel WiFi;-85;65
3769;80:e0:1d:ee:3f:0c;LU-Events;-84;65
3770;80:e0:1d:ee:3f:0d;eduroam;-84;65
3771;d2:5d:05:d7:2e:bc;Xerox;-57;65
3772;80:e0:1d:ee:3f:63;Free Tbaytel WiFi;-63;65
3773;80:e0:1d:ee:3f:60;LakeheadU;-63;65
3774;80:e0:1d:ee:3f:61;LU-Guest;-62;65
3775;80:e0:1d:ee:3f:62;LU-Events;-62;65
3776;00:42:68:59:8b:f1;LakeheadU;-62;65
3777;00:42:68:59:8b:f0;LU-Guest;-63;65
3778;00:42:68:59:8b:f2;eduroam;-65;65
3779;00:42:68:59:8b:f4;Free Tbaytel WiFi;-63;65
3780;a2:53:22:40:4f:81;NOSMSecure;-80;65
3781;80:e0:1d:ee:3f:6c;Free Tbaytel WiFi;-69;65
3782;80:e0:1d:ee:3f:6d;LU-Events;-67;65
3783;80:e0:1d:ee:3f:6e;LU-Guest;-68;65
3784;80:e0:1d:ee:3f:6f;LakeheadU;-67;65
3785;80:e0:1d:ee:3f:6b;eduroam;-70;65
3786;82:f2:e0:d1:f9:74;portthru;-62;65
3787;a4:6c:2a:e0:1f:b3;LU-Events;-70;65
3788;a4:6c:2a:e0:1f:b4;Free Tbaytel WiFi;-69;65
3789;a4:6c:2a:e0:1f:b0;LU-Guest;-69;65
3790;a4:6c:2a:e0:1f:b1;LakeheadU;-69;65
3791;a4:6c:2a:e0:1f:b2;eduroam;-69;65
3792;a4:6c:2a:e0:1f:bc;LU-Events;-76;65
3793;a4:6c:2a:e0:1f:bd;eduroam;-75;65
3794;a4:6c:2a:e0:1f:be;LakeheadU;-75;65
3795;a4:6c:2a:e0:1f:bf;LU-Guest;-76;65
3796;a4:6c:2a:e0:1f:bb;Free Tbaytel WiFi;-76;65
3797;ae:53:22:40:4f:80;NOSMConnect24;-56;66
3798;c0:c1:c0:8e:e8:c5;unavailable;-68;66
3799;80:e0:1d:f6:a5:10;LU-Guest;-78;66
3800;80:e0:1d:f6:a5:1b;Free Tbaytel WiFi;-90;66
3801;80:e0:1d:f6:a5:1e;LakeheadU;-90;66
3802;80:e0:1d:f6:a5:1f;LU-Guest;-90;66
3803;80:e0:1d:f6:a5:1c;LU-Events;-90;66
3804;80:e0:1d:f6:a5:1d;eduroam;-90;66
3805;a6:53:22:40:4f:81;eduroam;-80;66
3806;aa:53:22:40:4f:80;NOSMConnect;-55;66
3807;aa:53:22:40:4f:81;NOSMConnect;-81;66
3808;a4:6c:2a:d4:be:3e;LakeheadU;-59;66
3809;a4:6c:2a:d4:be:3f;LU-Guest;-60;66
3810;a4:6c:2a:d4:be:3c;LU-Events;-60;66
3811;a4:6c:2a:d4:be:3d;eduroam;-60;66
3812;a4:6c:2a:d4:be:3b;Free Tbaytel WiFi;-60;66
3813;80:e0:1d:f6:a4:db;Free Tbaytel WiFi;-68;66
3814;80:e0:1d:f6:a4:dc;LU-Events;-73;66
3815;80:e0:1d:f6:a4:df;LU-Guest;-72;66
3816;80:e0:1d:f6:a4:de;LakeheadU;-74;66
3817;80:e0:1d:f6:a4:d0;LU-Guest;-57;66
3818;80:e0:1d:f6:a4:d4;Free Tbaytel WiFi;-58;66
3819;ce:d7:19:24:c6:d5;LINKSYS-750-guest;-58;66
3820;a4:6c:2a:d4:be:30;LU-Guest;-43;66
3821;a4:6c:2a:d4:be:33;LU-Events;-43;66
3822;a4:6c:2a:d4:be:34;Free Tbaytel WiFi;-44;66
3823;a4:6c:2a:d4:be:31;LakeheadU;-43;66
3824;a4:6c:2a:d4:be:32;eduroam;-43;66
3825;00:42:68:59:8b:ff;LU-Guest;-66;66
3826;00:42:68:59:8b:fc;LU-Events;-85;66
3827;00:42:68:59:8b:fb;Free Tbaytel WiFi;-66;66
3828;00:42:68:59:8b:fe;LakeheadU;-66;66
3829;00:42:68:59:8b:fd;eduroam;-66;66
3830;e8:de:27:f8:06:78;TP-LINK_F80678_Xiaoping;-57;66
3831;c8:d7:19:24:c6:d7;LINKSYS-750;-87;66
3832;c8:d7:19:24:c6:d5;LINKSYS-750;-58;66
3833;9c:53:22:40:4f:81;TBAYTech;-81;66
3834;80:e0:1d:ee:3f:0e;LakeheadU;-86;66
3835;80:e0:1d:ee:3f:0b;Free Tbaytel WiFi;-85;66
3836;80:e0:1d:ee:3f:0c;LU-Events;-84;66
3837;80:e0:1d:ee:3f:0d;eduroam;-84;66
3838;d2:5d:05:d7:2e:bc;Xerox;-57;66
3839;80:e0:1d:ee:3f:63;Free Tbaytel WiFi;-63;66
3840;80:e0:1d:ee:3f:60;LakeheadU;-63;66
3841;80:e0:1d:ee:3f:61;LU-Guest;-62;66
3842;80:e0:1d:ee:3f:62;LU-Events;-62;66
3843;00:42:68:59:8b:f1;LakeheadU;-62;66
3844;00:42:68:59:8b:f0;LU-Guest;-63;66
3845;00:42:68:59:8b:f2;eduroam;-65;66
3846;00:42:68:59:8b:f4;Free Tbaytel WiFi;-63;66
3847;a2:53:22:40:4f:81;NOSMSecure;-80;66
3848;80:e0:1d:ee:3f:6c;Free Tbaytel WiFi;-69;66
3849;80:e0:1d:ee:3f:6d;LU-Events;-67;66
3850;80:e0:1d:ee:3f:6e;LU-Guest;-68;66
3851;80:e0:1d:ee:3f:6f;LakeheadU;-67;66
3852;80:e0:1d:ee:3f:6b;eduroam;-70;66
3853;82:f2:e0:d1:f9:74;portthru;-62;66
3854;a4:6c:2a:e0:1f:b3;LU-Events;-70;66
3855;a4:6c:2a:e0:1f:b4;Free Tbaytel WiFi;-69;66
3856;a4:6c:2a:e0:1f:b0;LU-Guest;-69;66
3857;a4:6c:2a:e0:1f:b1;LakeheadU;-69;66
3858;a4:6c:2a:e0:1f:b2;eduroam;-69;66
3859;a4:6c:2a:e0:1f:bc;LU-Events;-76;66
3860;a4:6c:2a:e0:1f:bd;eduroam;-75;66
3861;a4:6c:2a:e0:1f:be;LakeheadU;-75;66
3862;a4:6c:2a:e0:1f:bf;LU-Guest;-76;66
3863;a4:6c:2a:e0:1f:bb;Free Tbaytel WiFi;-76;66
3864;c0:c1:c0:8e:e8:c5;unavailable;-73;67
3865;a6:53:22:40:4f:81;eduroam;-86;67
3866;aa:53:22:40:4f:81;NOSMConnect;-86;67
3867;a4:6c:2a:d4:be:3e;LakeheadU;-54;67
3868;a4:6c:2a:d4:be:3f;LU-Guest;-54;67
3869;a4:6c:2a:d4:be:3c;LU-Events;-55;67
3870;a4:6c:2a:d4:be:3d;eduroam;-55;67
3871;a4:6c:2a:d4:be:3b;Free Tbaytel WiFi;-55;67
3872;80:e0:1d:f6:a4:db;Free Tbaytel WiFi;-77;67
3873;80:e0:1d:f6:a4:dd;eduroam;-78;67
3874;80:e0:1d:f6:a4:dc;LU-Events;-77;67
3875;80:e0:1d:f6:a4:df;LU-Guest;-78;67
3876;80:e0:1d:f6:a4:de;LakeheadU;-77;67
3877;80:e0:1d:f6:a4:d1;LakeheadU;-63;67
3878;80:e0:1d:f6:a4:d4;Free Tbaytel WiFi;-61;67
3879;80:e0:1d:f6:a4:d3;LU-Events;-63;67
3880;ce:d7:19:24:c6:d5;LINKSYS-750-guest;-67;67
3881;a4:6c:2a:d4:be:30;LU-Guest;-41;67
3882;a4:6c:2a:d4:be:33;LU-Events;-39;67
3883;a4:6c:2a:d4:be:34;Free Tbaytel WiFi;-42;67
3884;a4:6c:2a:d4:be:31;LakeheadU;-40;67
3885;a4:6c:2a:d4:be:32;eduroam;-39;67
3886;00:42:68:59:8b:ff;LU-Guest;-65;67
3887;00:42:68:59:8b:fc;LU-Events;-64;67
3888;00:42:68:59:8b:fb;Free Tbaytel WiFi;-64;67
3889;00:42:68:59:8b:fe;LakeheadU;-65;67
3890;00:42:68:59:8b:fd;eduroam;-65;67
3891;e8:de:27:f8:06:78;TP-LINK_F80678_Xiaoping;-60;67
3892;c8:d7:19:24:c6:d7;LINKSYS-750;-92;67
3893;9c:53:22:40:4f:81;TBAYTech;-86;67
3894;80:e0:1d:ee:3f:00;LU-Guest;-74;67
3895;80:e0:1d:ee:3f:02;eduroam;-74;67
3896;80:e0:1d:ee:3f:04;Free Tbaytel WiFi;-75;67
3897;80:e0:1d:ee:3f:0e;LakeheadU;-82;67
3898;80:e0:1d:ee:3f:0f;LU-Guest;-83;67
3899;80:e0:1d:ee:3f:0b;Free Tbaytel WiFi;-83;67
3900;80:e0:1d:ee:3f:0c;LU-Events;-83;67
3901;80:e0:1d:ee:3f:0d;eduroam;-83;67
3902;d2:5d:05:d7:2e:bc;Xerox;-64;67
3903;80:e0:1d:ee:3f:64;eduroam;-68;67
3904;80:e0:1d:ee:3f:61;LU-Guest;-67;67
3905;80:e0:1d:ee:3f:62;LU-Events;-68;67
3906;00:42:68:59:8b:f1;LakeheadU;-65;67
3907;00:42:68:59:8b:f0;LU-Guest;-62;67
3908;00:42:68:59:8b:f3;LU-Events;-61;67
3909;00:42:68:59:8b:f2;eduroam;-61;67
3910;00:42:68:59:8b:f4;Free Tbaytel WiFi;-58;67
3911;a2:53:22:40:4f:81;NOSMSecure;-86;67
3912;a2:53:22:40:4f:80;NOSMSecure;-74;67
3913;80:e0:1d:ee:3f:6c;Free Tbaytel WiFi;-78;67
3914;80:e0:1d:ee:3f:6d;LU-Events;-76;67
3915;80:e0:1d:ee:3f:6e;LU-Guest;-76;67
3916;80:e0:1d:ee:3f:6f;LakeheadU;-77;67
3917;80:e0:1d:ee:3f:6b;eduroam;-77;67
3918;82:f2:e0:d1:f9:74;portthru;-62;67
3919;a4:6c:2a:e0:1f:b3;LU-Events;-63;67
3920;a4:6c:2a:e0:1f:b4;Free Tbaytel WiFi;-63;67
3921;a4:6c:2a:e0:1f:b0;LU-Guest;-77;67
3922;a4:6c:2a:e0:1f:b1;LakeheadU;-63;67
3923;a4:6c:2a:e0:1f:b2;eduroam;-63;67
3924;a4:6c:2a:e0:1f:bc;LU-Events;-86;67
3925;a4:6c:2a:e0:1f:bd;eduroam;-86;67
3926;a4:6c:2a:e0:1f:be;LakeheadU;-87;67
3927;a4:6c:2a:e0:1f:bf;LU-Guest;-87;67
3928;a4:6c:2a:e0:1f:bb;Free Tbaytel WiFi;-86;67
3929;c0:c1:c0:8e:e8:c5;unavailable;-73;68
3930;a6:53:22:40:4f:81;eduroam;-86;68
3931;aa:53:22:40:4f:81;NOSMConnect;-86;68
3932;a4:6c:2a:d4:be:3e;LakeheadU;-54;68
3933;a4:6c:2a:d4:be:3f;LU-Guest;-54;68
3934;a4:6c:2a:d4:be:3c;LU-Events;-55;68
3935;a4:6c:2a:d4:be:3d;eduroam;-55;68
3936;a4:6c:2a:d4:be:3b;Free Tbaytel WiFi;-55;68
3937;80:e0:1d:f6:a4:db;Free Tbaytel WiFi;-77;68
3938;80:e0:1d:f6:a4:dd;eduroam;-78;68
3939;80:e0:1d:f6:a4:dc;LU-Events;-77;68
3940;80:e0:1d:f6:a4:df;LU-Guest;-78;68
3941;80:e0:1d:f6:a4:de;LakeheadU;-77;68
3942;80:e0:1d:f6:a4:d1;LakeheadU;-63;68
3943;80:e0:1d:f6:a4:d4;Free Tbaytel WiFi;-61;68
3944;80:e0:1d:f6:a4:d3;LU-Events;-63;68
3945;ce:d7:19:24:c6:d5;LINKSYS-750-guest;-67;68
3946;a4:6c:2a:d4:be:30;LU-Guest;-41;68
3947;a4:6c:2a:d4:be:33;LU-Events;-39;68
3948;a4:6c:2a:d4:be:34;Free Tbaytel WiFi;-42;68
3949;a4:6c:2a:d4:be:31;LakeheadU;-40;68
3950;a4:6c:2a:d4:be:32;eduroam;-39;68
3951;00:42:68:59:8b:ff;LU-Guest;-65;68
3952;00:42:68:59:8b:fc;LU-Events;-64;68
3953;00:42:68:59:8b:fb;Free Tbaytel WiFi;-64;68
3954;00:42:68:59:8b:fe;LakeheadU;-65;68
3955;00:42:68:59:8b:fd;eduroam;-65;68
3956;e8:de:27:f8:06:78;TP-LINK_F80678_Xiaoping;-60;68
3957;c8:d7:19:24:c6:d7;LINKSYS-750;-92;68
3958;9c:53:22:40:4f:81;TBAYTech;-86;68
3959;80:e0:1d:ee:3f:00;LU-Guest;-74;68
3960;80:e0:1d:ee:3f:02;eduroam;-74;68
3961;80:e0:1d:ee:3f:04;Free Tbaytel WiFi;-75;68
3962;80:e0:1d:ee:3f:0e;LakeheadU;-82;68
3963;80:e0:1d:ee:3f:0f;LU-Guest;-83;68
3964;80:e0:1d:ee:3f:0b;Free Tbaytel WiFi;-83;68
3965;80:e0:1d:ee:3f:0c;LU-Events;-83;68
3966;80:e0:1d:ee:3f:0d;eduroam;-83;68
3967;d2:5d:05:d7:2e:bc;Xerox;-64;68
3968;80:e0:1d:ee:3f:64;eduroam;-68;68
3969;80:e0:1d:ee:3f:61;LU-Guest;-67;68
3970;80:e0:1d:ee:3f:62;LU-Events;-68;68
3971;00:42:68:59:8b:f1;LakeheadU;-65;68
3972;00:42:68:59:8b:f0;LU-Guest;-62;68
3973;00:42:68:59:8b:f3;LU-Events;-61;68
3974;00:42:68:59:8b:f2;eduroam;-61;68
3975;00:42:68:59:8b:f4;Free Tbaytel WiFi;-58;68
3976;a2:53:22:40:4f:81;NOSMSecure;-86;68
3977;a2:53:22:40:4f:80;NOSMSecure;-74;68
3978;80:e0:1d:ee:3f:6c;Free Tbaytel WiFi;-78;68
3979;80:e0:1d:ee:3f:6d;LU-Events;-76;68
3980;80:e0:1d:ee:3f:6e;LU-Guest;-76;68
3981;80:e0:1d:ee:3f:6f;LakeheadU;-77;68
3982;80:e0:1d:ee:3f:6b;eduroam;-77;68
3983;82:f2:e0:d1:f9:74;portthru;-62;68
3984;a4:6c:2a:e0:1f:b3;LU-Events;-63;68
3985;a4:6c:2a:e0:1f:b4;Free Tbaytel WiFi;-63;68
3986;a4:6c:2a:e0:1f:b0;LU-Guest;-77;68
3987;a4:6c:2a:e0:1f:b1;LakeheadU;-63;68
3988;a4:6c:2a:e0:1f:b2;eduroam;-63;68
3989;a4:6c:2a:e0:1f:bc;LU-Events;-86;68
3990;a4:6c:2a:e0:1f:bd;eduroam;-86;68
3991;a4:6c:2a:e0:1f:be;LakeheadU;-87;68
3992;a4:6c:2a:e0:1f:bf;LU-Guest;-87;68
3993;a4:6c:2a:e0:1f:bb;Free Tbaytel WiFi;-86;68
3994;a4:6c:2a:d4:be:30;LU-Guest;-40;69
3995;a4:6c:2a:d4:be:34;Free Tbaytel WiFi;-50;69
3996;00:42:68:59:8b:f0;LU-Guest;-54;69
3997;00:42:68:59:8b:f4;Free Tbaytel WiFi;-54;69
3998;00:42:68:59:8b:f2;eduroam;-55;69
3999;00:42:68:59:8b:f1;LakeheadU;-55;69
4000;00:42:68:59:8b:f3;LU-Events;-55;69
4001;00:42:68:59:8b:ff;LU-Guest;-60;69
4002;00:42:68:59:8b:fb;Free Tbaytel WiFi;-60;69
4003;00:42:68:59:8b:fc;LU-Events;-61;69
4004;00:42:68:59:8b:fd;eduroam;-61;69
4005;00:42:68:59:8b:fe;LakeheadU;-61;69
4006;e8:de:27:f8:06:78;TP-LINK_F80678_Xiaoping;-61;69
4007;a4:6c:2a:d4:be:3e;LakeheadU;-64;69
4008;a4:6c:2a:d4:be:3c;LU-Events;-64;69
4009;a4:6c:2a:d4:be:3f;LU-Guest;-64;69
4010;a4:6c:2a:d4:be:3b;Free Tbaytel WiFi;-64;69
4011;a4:6c:2a:d4:be:3d;eduroam;-64;69
4012;80:e0:1d:ee:3f:62;LU-Events;-66;69
4013;82:f2:e0:d1:f9:74;portthru;-67;69
4014;d2:5d:05:d7:2e:bc;Xerox;-67;69
4015;80:e0:1d:f6:a4:d0;LU-Guest;-67;69
4016;a4:6c:2a:e0:1f:b2;eduroam;-68;69
4017;80:e0:1d:f6:a4:d4;Free Tbaytel WiFi;-68;69
4018;80:e0:1d:f6:a4:d1;LakeheadU;-68;69
4019;80:e0:1d:f6:a4:d2;eduroam;-68;69
4020;ce:d7:19:24:c6:d5;LINKSYS-750-guest;-74;69
4021;80:e0:1d:f6:a4:df;LU-Guest;-77;69
4022;80:e0:1d:f6:a4:db;Free Tbaytel WiFi;-77;69
4023;80:e0:1d:f6:a4:dc;LU-Events;-77;69
4024;80:e0:1d:f6:a4:dd;eduroam;-77;69
4025;80:e0:1d:f6:a4:de;LakeheadU;-78;69
4026;80:e0:1d:ee:3f:6f;LakeheadU;-79;69
4027;80:e0:1d:ee:3f:6d;LU-Events;-79;69
4028;80:e0:1d:ee:3f:6b;eduroam;-80;69
4029;80:e0:1d:ee:3f:6e;LU-Guest;-80;69
4030;80:e0:1d:ee:3f:6c;Free Tbaytel WiFi;-80;69
4031;80:e0:1d:ee:3f:0c;LU-Events;-83;69
4032;9c:53:22:40:4f:81;TBAYTech;-83;69
4033;80:e0:1d:ee:3f:0b;Free Tbaytel WiFi;-84;69
4034;80:e0:1d:ee:3f:0d;eduroam;-84;69
4035;aa:53:22:40:4f:81;NOSMConnect;-84;69
4036;a6:53:22:40:4f:81;eduroam;-84;69
4037;a2:53:22:40:4f:81;NOSMSecure;-84;69
4038;80:e0:1d:ee:3f:0f;LU-Guest;-84;69
4039;80:e0:1d:ee:3f:0e;LakeheadU;-85;69
4040;a4:6c:2a:e0:1f:bf;LU-Guest;-88;69
4041;a4:6c:2a:e0:1f:bb;Free Tbaytel WiFi;-88;69
4042;a4:6c:2a:e0:1f:bc;LU-Events;-88;69
4043;a4:6c:2a:e0:1f:bd;eduroam;-88;69
4044;a4:6c:2a:e0:1f:be;LakeheadU;-88;69
4045;80:e0:1d:f6:a5:1b;Free Tbaytel WiFi;-92;69
4046;80:e0:1d:f6:a5:1c;LU-Events;-92;69
4047;80:e0:1d:f6:a5:1d;eduroam;-92;70
4048;a6:53:22:40:4f:81;eduroam;-89;70
4049;a4:6c:2a:d4:ba:5d;eduroam;-91;70
4050;a4:6c:2a:d4:ba:5e;LakeheadU;-91;70
4051;aa:53:22:40:4f:81;NOSMConnect;-89;70
4052;a4:6c:2a:d4:be:3e;LakeheadU;-68;70
4053;a4:6c:2a:d4:be:3f;LU-Guest;-70;70
4054;a4:6c:2a:d4:be:3c;LU-Events;-69;70
4055;a4:6c:2a:d4:be:3d;eduroam;-68;70
4056;a4:6c:2a:d4:be:3b;Free Tbaytel WiFi;-68;70
4057;80:e0:1d:f6:a4:db;Free Tbaytel WiFi;-68;70
4058;80:e0:1d:f6:a4:dd;eduroam;-69;70
4059;80:e0:1d:f6:a4:dc;LU-Events;-68;70
4060;80:e0:1d:f6:a4:df;LU-Guest;-68;70
4061;80:e0:1d:f6:a4:de;LakeheadU;-68;70
4062;80:e0:1d:f6:a4:d2;eduroam;-65;70
4063;80:e0:1d:f6:a4:d1;LakeheadU;-62;70
4064;80:e0:1d:f6:a4:d4;Free Tbaytel WiFi;-62;70
4065;80:e0:1d:f6:a4:d3;LU-Events;-62;70
4066;a4:6c:2a:d4:be:30;LU-Guest;-57;70
4067;a4:6c:2a:d4:be:33;LU-Events;-57;70
4068;a4:6c:2a:d4:be:34;Free Tbaytel WiFi;-57;70
4069;a4:6c:2a:d4:be:31;LakeheadU;-56;70
4070;a4:6c:2a:d4:be:32;eduroam;-56;70
4071;00:42:68:59:8b:ff;LU-Guest;-49;70
4072;00:42:68:59:8b:fc;LU-Events;-49;70
4073;00:42:68:59:8b:fb;Free Tbaytel WiFi;-50;70
4074;00:42:68:59:8b:fe;LakeheadU;-49;70
4075;00:42:68:59:8b:fd;eduroam;-48;70
4076;c8:d7:19:24:c6:d7;LINKSYS-750;-93;70
4077;9c:53:22:40:4f:81;TBAYTech;-89;70
4078;80:e0:1d:ee:3f:00;LU-Guest;-68;70
4079;80:e0:1d:ee:3f:01;LakeheadU;-68;70
4080;80:e0:1d:ee:3f:02;eduroam;-68;70
4081;80:e0:1d:ee:3f:03;LU-Events;-68;70
4082;80:e0:1d:ee:3f:04;Free Tbaytel WiFi;-68;70
4083;80:e0:1d:ee:3f:0e;LakeheadU;-75;70
4084;80:e0:1d:ee:3f:0f;LU-Guest;-75;70
4085;80:e0:1d:ee:3f:0b;Free Tbaytel WiFi;-76;70
4086;80:e0:1d:ee:3f:0c;LU-Events;-77;70
4087;80:e0:1d:ee:3f:0d;eduroam;-77;70
4088;d2:5d:05:d7:2e:bc;Xerox;-65;70
4089;80:e0:1d:ee:3f:63;Free Tbaytel WiFi;-77;70
4090;80:e0:1d:ee:3f:64;eduroam;-77;70
4091;80:e0:1d:ee:3f:60;LakeheadU;-78;70
4092;80:e0:1d:ee:3f:61;LU-Guest;-76;70
4093;80:e0:1d:ee:3f:62;LU-Events;-77;70
4094;a4:6c:2a:d4:bf:1d;eduroam;-87;70
4095;a4:6c:2a:d4:bf:1e;LakeheadU;-86;70
4096;a4:6c:2a:d4:bf:1b;Free Tbaytel WiFi;-86;70
4097;a4:6c:2a:d4:bf:1c;LU-Events;-86;70
4098;00:42:68:59:8b:f1;LakeheadU;-50;70
4099;00:42:68:59:8b:f0;LU-Guest;-51;70
4100;00:42:68:59:8b:f3;LU-Events;-51;70
4101;00:42:68:59:8b:f2;eduroam;-50;70
4102;00:42:68:59:8b:f4;Free Tbaytel WiFi;-51;70
4103;a2:53:22:40:4f:81;NOSMSecure;-90;70
4104;80:e0:1d:ee:3f:6c;Free Tbaytel WiFi;-81;70
4105;80:e0:1d:ee:3f:6d;LU-Events;-81;70
4106;80:e0:1d:ee:3f:6e;LU-Guest;-82;70
4107;80:e0:1d:ee:3f:6f;LakeheadU;-80;70
4108;80:e0:1d:ee:3f:6b;eduroam;-80;70
4109;82:f2:e0:d1:f9:74;portthru;-64;70
4110;a4:6c:2a:e0:1f:b3;LU-Events;-70;70
4111;a4:6c:2a:e0:1f:b4;Free Tbaytel WiFi;-70;70
4112;a4:6c:2a:e0:1f:b0;LU-Guest;-70;70
4113;a4:6c:2a:e0:1f:b1;LakeheadU;-70;70
4114;a4:6c:2a:e0:1f:b2;eduroam;-70;70
4115;a4:6c:2a:e0:1f:bc;LU-Events;-93;70
4116;a4:6c:2a:e0:1f:be;LakeheadU;-91;70
4117;a4:6c:2a:e0:1f:bf;LU-Guest;-91;70
4118;a4:6c:2a:e0:1f:bb;Free Tbaytel WiFi;-90;70
4119;00:42:68:59:8b:fd;eduroam;-48;71
4120;00:42:68:59:8b:fc;LU-Events;-49;71
4121;00:42:68:59:8b:fe;LakeheadU;-49;71
4122;00:42:68:59:8b:ff;LU-Guest;-49;71
4123;00:42:68:59:8b:f2;eduroam;-50;71
4124;00:42:68:59:8b:f1;LakeheadU;-50;71
4125;00:42:68:59:8b:fb;Free Tbaytel WiFi;-50;71
4126;00:42:68:59:8b:f0;LU-Guest;-51;71
4127;00:42:68:59:8b:f4;Free Tbaytel WiFi;-51;71
4128;00:42:68:59:8b:f3;LU-Events;-51;71
4129;a4:6c:2a:d4:be:31;LakeheadU;-56;71
4130;a4:6c:2a:d4:be:32;eduroam;-56;71
4131;a4:6c:2a:d4:be:34;Free Tbaytel WiFi;-57;71
4132;a4:6c:2a:d4:be:30;LU-Guest;-57;71
4133;a4:6c:2a:d4:be:33;LU-Events;-57;71
4134;80:e0:1d:f6:a4:d4;Free Tbaytel WiFi;-62;71
4135;80:e0:1d:f6:a4:d1;LakeheadU;-62;71
4136;80:e0:1d:f6:a4:d3;LU-Events;-62;71
4137;82:f2:e0:d1:f9:74;portthru;-64;71
4138;d2:5d:05:d7:2e:bc;Xerox;-65;71
4139;80:e0:1d:f6:a4:d2;eduroam;-65;71
4140;a4:6c:2a:d4:be:3e;LakeheadU;-68;71
4141;a4:6c:2a:d4:be:3b;Free Tbaytel WiFi;-68;71
4142;a4:6c:2a:d4:be:3d;eduroam;-68;71
4143;80:e0:1d:f6:a4:df;LU-Guest;-68;71
4144;80:e0:1d:f6:a4:db;Free Tbaytel WiFi;-68;71
4145;80:e0:1d:f6:a4:de;LakeheadU;-68;71
4146;80:e0:1d:f6:a4:dc;LU-Events;-68;71
4147;80:e0:1d:ee:3f:00;LU-Guest;-68;71
4148;80:e0:1d:ee:3f:04;Free Tbaytel WiFi;-68;71
4149;80:e0:1d:ee:3f:02;eduroam;-68;71
4150;80:e0:1d:ee:3f:01;LakeheadU;-68;71
4151;80:e0:1d:ee:3f:03;LU-Events;-68;71
4152;a4:6c:2a:d4:be:3c;LU-Events;-69;71
4153;80:e0:1d:f6:a4:dd;eduroam;-69;71
4154;a4:6c:2a:d4:be:3f;LU-Guest;-70;71
4155;a4:6c:2a:e0:1f:b2;eduroam;-70;71
4156;a4:6c:2a:e0:1f:b0;LU-Guest;-70;71
4157;a4:6c:2a:e0:1f:b4;Free Tbaytel WiFi;-70;71
4158;a4:6c:2a:e0:1f:b1;LakeheadU;-70;71
4159;a4:6c:2a:e0:1f:b3;LU-Events;-70;71
4160;80:e0:1d:ee:3f:0e;LakeheadU;-75;71
4161;80:e0:1d:ee:3f:0f;LU-Guest;-75;71
4162;80:e0:1d:ee:3f:0b;Free Tbaytel WiFi;-76;71
4163;80:e0:1d:ee:3f:61;LU-Guest;-76;71
4164;80:e0:1d:ee:3f:0c;LU-Events;-77;71
4165;80:e0:1d:ee:3f:0d;eduroam;-77;71
4166;80:e0:1d:ee:3f:62;LU-Events;-77;71
4167;80:e0:1d:ee:3f:63;Free Tbaytel WiFi;-77;71
4168;80:e0:1d:ee:3f:64;eduroam;-77;71
4169;80:e0:1d:ee:3f:60;LakeheadU;-78;71
4170;80:e0:1d:ee:3f:6b;eduroam;-80;71
4171;80:e0:1d:ee:3f:6f;LakeheadU;-80;71
4172;80:e0:1d:ee:3f:6d;LU-Events;-81;71
4173;80:e0:1d:ee:3f:6c;Free Tbaytel WiFi;-81;71
4174;80:e0:1d:ee:3f:6e;LU-Guest;-82;71
4175;a4:6c:2a:d4:bf:1c;LU-Events;-86;71
4176;a4:6c:2a:d4:bf:1b;Free Tbaytel WiFi;-86;71
4177;a4:6c:2a:d4:bf:1e;LakeheadU;-86;71
4178;a4:6c:2a:d4:bf:1d;eduroam;-87;71
4179;9c:53:22:40:4f:81;TBAYTech;-89;71
4180;aa:53:22:40:4f:81;NOSMConnect;-89;71
4181;a6:53:22:40:4f:81;eduroam;-89;71
4182;a2:53:22:40:4f:81;NOSMSecure;-90;71
4183;a4:6c:2a:e0:1f:bb;Free Tbaytel WiFi;-90;71
4184;a4:6c:2a:e0:1f:bf;LU-Guest;-91;71
4185;a4:6c:2a:e0:1f:be;LakeheadU;-91;71
4186;a4:6c:2a:d4:ba:5d;eduroam;-91;71
4187;a4:6c:2a:d4:ba:5e;LakeheadU;-91;71
4188;80:e0:1d:f6:a5:1d;eduroam;-92;71
4189;c8:d7:19:24:c6:d7;LINKSYS-750;-93;71
4190;a4:6c:2a:e0:1f:bc;LU-Events;-93;71
4191;a4:6c:2a:d4:ba:53;LU-Events;-71;72
4192;a4:6c:2a:d4:ba:50;LU-Guest;-70;72
4193;a4:6c:2a:d4:ba:51;LakeheadU;-74;72
4194;a4:6c:2a:d4:ba:52;eduroam;-73;72
4195;a4:6c:2a:d4:ba:5c;LU-Events;-87;72
4196;a4:6c:2a:d4:ba:5d;eduroam;-87;72
4197;a4:6c:2a:d4:ba:5f;LU-Guest;-86;72
4198;a4:6c:2a:d4:ba:5b;Free Tbaytel WiFi;-86;72
4199;a4:6c:2a:d4:be:3e;LakeheadU;-74;72
4200;a4:6c:2a:d4:be:3f;LU-Guest;-74;72
4201;a4:6c:2a:d4:be:3c;LU-Events;-74;72
4202;a4:6c:2a:d4:be:3d;eduroam;-74;72
4203;a4:6c:2a:d4:be:3b;Free Tbaytel WiFi;-74;72
4204;80:e0:1d:f6:a4:d2;eduroam;-71;72
4205;80:e0:1d:f6:a4:d3;LU-Events;-75;72
4206;a4:6c:2a:d4:be:30;LU-Guest;-58;72
4207;a4:6c:2a:d4:be:33;LU-Events;-58;72
4208;a4:6c:2a:d4:be:34;Free Tbaytel WiFi;-62;72
4209;a4:6c:2a:d4:be:31;LakeheadU;-57;72
4210;a4:6c:2a:d4:be:32;eduroam;-57;72
4211;00:42:68:59:8b:ff;LU-Guest;-46;72
4212;00:42:68:59:8b:fc;LU-Events;-45;72
4213;00:42:68:59:8b:fb;Free Tbaytel WiFi;-45;72
4214;00:42:68:59:8b:fd;eduroam;-47;72
4215;80:e0:1d:ee:3f:0b;Free Tbaytel WiFi;-92;72
4216;80:e0:1d:ee:3f:0c;LU-Events;-92;72
4217;d2:5d:05:d7:2e:bc;Xerox;-76;72
4218;a4:6c:2a:d4:bf:1d;eduroam;-87;72
4219;a4:6c:2a:d4:bf:1e;LakeheadU;-87;72
4220;a4:6c:2a:d4:bf:1c;LU-Events;-87;72
4221;00:42:68:59:8b:f1;LakeheadU;-44;72
4222;00:42:68:59:8b:f0;LU-Guest;-42;72
4223;00:42:68:59:8b:f3;LU-Events;-45;72
4224;00:42:68:59:8b:f2;eduroam;-45;72
4225;00:42:68:59:8b:f4;Free Tbaytel WiFi;-44;72
4226;80:e0:1d:ee:3f:6c;Free Tbaytel WiFi;-78;72
4227;80:e0:1d:ee:3f:6d;LU-Events;-79;72
4228;80:e0:1d:ee:3f:6e;LU-Guest;-78;72
4229;80:e0:1d:ee:3f:6f;LakeheadU;-79;72
4230;80:e0:1d:ee:3f:6b;eduroam;-78;72
4231;82:f2:e0:d1:f9:74;portthru;-70;72
4232;a4:6c:2a:e0:1f:b3;LU-Events;-80;72
4233;a4:6c:2a:e0:1f:b4;Free Tbaytel WiFi;-79;72
4234;a4:6c:2a:e0:1f:b0;LU-Guest;-79;72
4235;a4:6c:2a:e0:1f:b2;eduroam;-78;72
4236;a4:6c:2a:d4:ba:53;LU-Events;-71;73
4237;a4:6c:2a:d4:ba:50;LU-Guest;-70;73
4238;a4:6c:2a:d4:ba:51;LakeheadU;-74;73
4239;a4:6c:2a:d4:ba:52;eduroam;-73;73
4240;a4:6c:2a:d4:ba:5c;LU-Events;-87;73
4241;a4:6c:2a:d4:ba:5d;eduroam;-87;73
4242;a4:6c:2a:d4:ba:5f;LU-Guest;-86;73
4243;a4:6c:2a:d4:ba:5b;Free Tbaytel WiFi;-86;73
4244;a4:6c:2a:d4:be:3e;LakeheadU;-74;73
4245;a4:6c:2a:d4:be:3f;LU-Guest;-74;73
4246;a4:6c:2a:d4:be:3c;LU-Events;-74;73
4247;a4:6c:2a:d4:be:3d;eduroam;-74;73
4248;a4:6c:2a:d4:be:3b;Free Tbaytel WiFi;-74;73
4249;80:e0:1d:f6:a4:d2;eduroam;-71;73
4250;80:e0:1d:f6:a4:d3;LU-Events;-75;73
4251;a4:6c:2a:d4:be:30;LU-Guest;-58;73
4252;a4:6c:2a:d4:be:33;LU-Events;-58;73
4253;a4:6c:2a:d4:be:34;Free Tbaytel WiFi;-62;73
4254;a4:6c:2a:d4:be:31;LakeheadU;-57;73
4255;a4:6c:2a:d4:be:32;eduroam;-57;73
4256;00:42:68:59:8b:ff;LU-Guest;-46;73
4257;00:42:68:59:8b:fc;LU-Events;-45;73
4258;00:42:68:59:8b:fb;Free Tbaytel WiFi;-45;73
4259;00:42:68:59:8b:fd;eduroam;-47;73
4260;80:e0:1d:ee:3f:0b;Free Tbaytel WiFi;-92;73
4261;80:e0:1d:ee:3f:0c;LU-Events;-92;73
4262;d2:5d:05:d7:2e:bc;Xerox;-76;73
4263;a4:6c:2a:d4:bf:1d;eduroam;-87;73
4264;a4:6c:2a:d4:bf:1e;LakeheadU;-87;73
4265;a4:6c:2a:d4:bf:1c;LU-Events;-87;73
4266;00:42:68:59:8b:f1;LakeheadU;-44;73
4267;00:42:68:59:8b:f0;LU-Guest;-42;73
4268;00:42:68:59:8b:f3;LU-Events;-45;73
4269;00:42:68:59:8b:f2;eduroam;-45;73
4270;00:42:68:59:8b:f4;Free Tbaytel WiFi;-44;73
4271;80:e0:1d:ee:3f:6c;Free Tbaytel WiFi;-78;73
4272;80:e0:1d:ee:3f:6d;LU-Events;-79;73
4273;80:e0:1d:ee:3f:6e;LU-Guest;-78;73
4274;80:e0:1d:ee:3f:6f;LakeheadU;-79;73
4275;80:e0:1d:ee:3f:6b;eduroam;-78;73
4276;82:f2:e0:d1:f9:74;portthru;-70;73
4277;a4:6c:2a:e0:1f:b3;LU-Events;-80;73
4278;a4:6c:2a:e0:1f:b4;Free Tbaytel WiFi;-79;73
4279;a4:6c:2a:e0:1f:b0;LU-Guest;-79;73
4280;a4:6c:2a:e0:1f:b2;eduroam;-78;73
4281;a4:6c:2a:d4:ba:5c;LU-Events;-79;74
4282;a4:6c:2a:d4:ba:5d;eduroam;-79;74
4283;a4:6c:2a:d4:ba:5e;LakeheadU;-79;74
4284;a4:6c:2a:d4:ba:5f;LU-Guest;-80;74
4285;a4:6c:2a:d4:ba:5b;Free Tbaytel WiFi;-80;74
4286;a4:6c:2a:d4:be:3e;LakeheadU;-87;74
4287;a4:6c:2a:d4:be:3f;LU-Guest;-87;74
4288;a4:6c:2a:d4:be:3c;LU-Events;-88;74
4289;a4:6c:2a:d4:be:3d;eduroam;-88;74
4290;a4:6c:2a:d4:be:3b;Free Tbaytel WiFi;-87;74
4291;a4:6c:2a:d4:be:30;LU-Guest;-71;74
4292;a4:6c:2a:d4:be:33;LU-Events;-71;74
4293;a4:6c:2a:d4:be:34;Free Tbaytel WiFi;-75;74
4294;a4:6c:2a:d4:be:31;LakeheadU;-72;74
4295;a4:6c:2a:d4:be:32;eduroam;-71;74
4296;00:42:68:59:8b:ff;LU-Guest;-56;74
4297;00:42:68:59:8b:fc;LU-Events;-52;74
4298;00:42:68:59:8b:fb;Free Tbaytel WiFi;-57;74
4299;00:42:68:59:8b:fe;LakeheadU;-55;74
4300;00:42:68:59:8b:fd;eduroam;-56;74
4301;d2:5d:05:d7:2e:bc;Xerox;-77;74
4302;a4:6c:2a:d4:bf:1f;LU-Guest;-76;74
4303;a4:6c:2a:d4:bf:1d;eduroam;-78;74
4304;a4:6c:2a:d4:bf:1e;LakeheadU;-77;74
4305;a4:6c:2a:d4:bf:1b;Free Tbaytel WiFi;-76;74
4306;a4:6c:2a:d4:bf:1c;LU-Events;-77;74
4307;00:42:68:59:8b:f1;LakeheadU;-47;74
4308;00:42:68:59:8b:f0;LU-Guest;-48;74
4309;00:42:68:59:8b:f3;LU-Events;-48;74
4310;00:42:68:59:8b:f2;eduroam;-47;74
4311;00:42:68:59:8b:f4;Free Tbaytel WiFi;-47;74
4312;80:e0:1d:ee:3f:6c;Free Tbaytel WiFi;-73;74
4313;80:e0:1d:ee:3f:6d;LU-Events;-72;74
4314;80:e0:1d:ee:3f:6e;LU-Guest;-72;74
4315;80:e0:1d:ee:3f:6f;LakeheadU;-72;74
4316;80:e0:1d:ee:3f:6b;eduroam;-72;74
4317;82:f2:e0:d1:f9:74;portthru;-74;74
4318;a4:6c:2a:e0:1f:b3;LU-Events;-85;74
4319;a4:6c:2a:d4:bf:14;Free Tbaytel WiFi;-73;74
4320;a4:6c:2a:d4:bf:12;eduroam;-72;74
4321;a4:6c:2a:d4:bf:13;LU-Events;-72;74
4322;a4:6c:2a:d4:bf:10;LU-Guest;-74;74
4323;a4:6c:2a:d4:bf:11;LakeheadU;-77;74
4324;a4:6c:2a:d4:ba:5c;LU-Events;-79;75
4325;a4:6c:2a:d4:ba:5d;eduroam;-79;75
4326;a4:6c:2a:d4:ba:5e;LakeheadU;-79;75
4327;a4:6c:2a:d4:ba:5f;LU-Guest;-80;75
4328;a4:6c:2a:d4:ba:5b;Free Tbaytel WiFi;-80;75
4329;a4:6c:2a:d4:be:3e;LakeheadU;-87;75
4330;a4:6c:2a:d4:be:3f;LU-Guest;-87;75
4331;a4:6c:2a:d4:be:3c;LU-Events;-88;75
4332;a4:6c:2a:d4:be:3d;eduroam;-88;75
4333;a4:6c:2a:d4:be:3b;Free Tbaytel WiFi;-87;75
4334;a4:6c:2a:d4:be:30;LU-Guest;-71;75
4335;a4:6c:2a:d4:be:33;LU-Events;-71;75
4336;a4:6c:2a:d4:be:34;Free Tbaytel WiFi;-75;75
4337;a4:6c:2a:d4:be:31;LakeheadU;-72;75
4338;a4:6c:2a:d4:be:32;eduroam;-71;75
4339;00:42:68:59:8b:ff;LU-Guest;-56;75
4340;00:42:68:59:8b:fc;LU-Events;-52;75
4341;00:42:68:59:8b:fb;Free Tbaytel WiFi;-57;75
4342;00:42:68:59:8b:fe;LakeheadU;-55;75
4343;00:42:68:59:8b:fd;eduroam;-56;75
4344;d2:5d:05:d7:2e:bc;Xerox;-77;75
4345;a4:6c:2a:d4:bf:1f;LU-Guest;-76;75
4346;a4:6c:2a:d4:bf:1d;eduroam;-78;75
4347;a4:6c:2a:d4:bf:1e;LakeheadU;-77;75
4348;a4:6c:2a:d4:bf:1b;Free Tbaytel WiFi;-76;75
4349;a4:6c:2a:d4:bf:1c;LU-Events;-77;75
4350;00:42:68:59:8b:f1;LakeheadU;-47;75
4351;00:42:68:59:8b:f0;LU-Guest;-48;75
4352;00:42:68:59:8b:f3;LU-Events;-48;75
4353;00:42:68:59:8b:f2;eduroam;-47;75
4354;00:42:68:59:8b:f4;Free Tbaytel WiFi;-47;75
4355;80:e0:1d:ee:3f:6c;Free Tbaytel WiFi;-73;75
4356;80:e0:1d:ee:3f:6d;LU-Events;-72;75
4357;80:e0:1d:ee:3f:6e;LU-Guest;-72;75
4358;80:e0:1d:ee:3f:6f;LakeheadU;-72;75
4359;80:e0:1d:ee:3f:6b;eduroam;-72;75
4360;82:f2:e0:d1:f9:74;portthru;-74;75
4361;a4:6c:2a:e0:1f:b3;LU-Events;-85;75
4362;a4:6c:2a:d4:bf:14;Free Tbaytel WiFi;-73;75
4363;a4:6c:2a:d4:bf:12;eduroam;-72;75
4364;a4:6c:2a:d4:bf:13;LU-Events;-72;75
4365;a4:6c:2a:d4:bf:10;LU-Guest;-74;75
4366;a4:6c:2a:d4:bf:11;LakeheadU;-77;75
4367;80:e0:1d:e6:7b:34;Free Tbaytel WiFi;-87;76
4368;80:e0:1d:e6:7b:33;LU-Events;-84;76
4369;a2:53:22:40:4e:05;NOSMSecure;-91;76
4370;a6:53:22:40:4f:80;eduroam;-81;76
4371;a4:6c:2a:d4:ba:53;LU-Events;-58;76
4372;a4:6c:2a:d4:ba:54;Free Tbaytel WiFi;-58;76
4373;a4:6c:2a:d4:ba:50;LU-Guest;-57;76
4374;a4:6c:2a:d4:ba:51;LakeheadU;-58;76
4375;a4:6c:2a:d4:ba:52;eduroam;-58;76
4376;a4:6c:2a:d4:ba:5c;LU-Events;-73;76
4377;a4:6c:2a:d4:ba:5d;eduroam;-74;76
4378;a4:6c:2a:d4:ba:5e;LakeheadU;-73;76
4379;a4:6c:2a:d4:ba:5f;LU-Guest;-74;76
4380;a4:6c:2a:d4:ba:5b;Free Tbaytel WiFi;-73;76
4381;aa:53:22:40:4f:80;NOSMConnect;-81;76
4382;9c:53:22:40:4e:05;TBAYTech;-92;76
4383;a4:6c:2a:d4:be:33;LU-Events;-76;76
4384;a4:6c:2a:d4:be:31;LakeheadU;-75;76
4385;a4:6c:2a:d4:be:32;eduroam;-76;76
4386;00:42:68:59:8b:ff;LU-Guest;-65;76
4387;00:42:68:59:8b:fc;LU-Events;-64;76
4388;00:42:68:59:8b:fb;Free Tbaytel WiFi;-64;76
4389;00:42:68:59:8b:fe;LakeheadU;-65;76
4390;00:42:68:59:8b:fd;eduroam;-64;76
4391;80:e0:1d:ee:3f:63;Free Tbaytel WiFi;-67;76
4392;80:e0:1d:ee:3f:64;eduroam;-66;76
4393;80:e0:1d:ee:3f:60;LakeheadU;-67;76
4394;80:e0:1d:ee:3f:61;LU-Guest;-67;76
4395;80:e0:1d:ee:3f:62;LU-Events;-67;76
4396;a4:6c:2a:d4:bf:1f;LU-Guest;-80;76
4397;a4:6c:2a:d4:bf:1d;eduroam;-80;76
4398;a4:6c:2a:d4:bf:1e;LakeheadU;-79;76
4399;a4:6c:2a:d4:bf:1b;Free Tbaytel WiFi;-79;76
4400;a4:6c:2a:d4:bf:1c;LU-Events;-80;76
4401;00:42:68:59:8b:f0;LU-Guest;-61;76
4402;00:42:68:59:8b:f4;Free Tbaytel WiFi;-59;76
4403;80:e0:1d:ee:3f:6c;Free Tbaytel WiFi;-72;76
4404;80:e0:1d:ee:3f:6d;LU-Events;-72;76
4405;80:e0:1d:ee:3f:6e;LU-Guest;-72;76
4406;80:e0:1d:ee:3f:6f;LakeheadU;-71;76
4407;80:e0:1d:ee:3f:6b;eduroam;-71;76
4408;aa:53:22:40:4e:05;NOSMConnect;-92;76
4409;82:f2:e0:d1:f9:74;portthru;-77;76
4410;a6:53:22:40:4e:05;eduroam;-91;76
4411;a4:6c:2a:d4:bf:14;Free Tbaytel WiFi;-72;76
4412;a4:6c:2a:d4:bf:12;eduroam;-72;76
4413;a4:6c:2a:d4:bf:13;LU-Events;-72;76
4414;a4:6c:2a:d4:bf:10;LU-Guest;-72;76
4415;a4:6c:2a:d4:bf:11;LakeheadU;-71;76
4416;80:e0:1d:e6:7b:34;Free Tbaytel WiFi;-87;77
4417;80:e0:1d:e6:7b:33;LU-Events;-84;77
4418;a2:53:22:40:4e:05;NOSMSecure;-91;77
4419;a6:53:22:40:4f:80;eduroam;-81;77
4420;a4:6c:2a:d4:ba:53;LU-Events;-58;77
4421;a4:6c:2a:d4:ba:54;Free Tbaytel WiFi;-58;77
4422;a4:6c:2a:d4:ba:50;LU-Guest;-57;77
4423;a4:6c:2a:d4:ba:51;LakeheadU;-58;77
4424;a4:6c:2a:d4:ba:52;eduroam;-58;77
4425;a4:6c:2a:d4:ba:5c;LU-Events;-73;77
4426;a4:6c:2a:d4:ba:5d;eduroam;-74;77
4427;a4:6c:2a:d4:ba:5e;LakeheadU;-73;77
4428;a4:6c:2a:d4:ba:5f;LU-Guest;-74;77
4429;a4:6c:2a:d4:ba:5b;Free Tbaytel WiFi;-73;77
4430;aa:53:22:40:4f:80;NOSMConnect;-81;77
4431;9c:53:22:40:4e:05;TBAYTech;-92;77
4432;a4:6c:2a:d4:be:33;LU-Events;-76;77
4433;a4:6c:2a:d4:be:31;LakeheadU;-75;77
4434;a4:6c:2a:d4:be:32;eduroam;-76;77
4435;00:42:68:59:8b:ff;LU-Guest;-65;77
4436;00:42:68:59:8b:fc;LU-Events;-64;77
4437;00:42:68:59:8b:fb;Free Tbaytel WiFi;-64;77
4438;00:42:68:59:8b:fe;LakeheadU;-65;77
4439;00:42:68:59:8b:fd;eduroam;-64;77
4440;80:e0:1d:ee:3f:63;Free Tbaytel WiFi;-67;77
4441;80:e0:1d:ee:3f:64;eduroam;-66;77
4442;80:e0:1d:ee:3f:60;LakeheadU;-67;77
4443;80:e0:1d:ee:3f:61;LU-Guest;-67;77
4444;80:e0:1d:ee:3f:62;LU-Events;-67;77
4445;a4:6c:2a:d4:bf:1f;LU-Guest;-80;77
4446;a4:6c:2a:d4:bf:1d;eduroam;-80;77
4447;a4:6c:2a:d4:bf:1e;LakeheadU;-79;77
4448;a4:6c:2a:d4:bf:1b;Free Tbaytel WiFi;-79;77
4449;a4:6c:2a:d4:bf:1c;LU-Events;-80;77
4450;00:42:68:59:8b:f0;LU-Guest;-61;77
4451;00:42:68:59:8b:f4;Free Tbaytel WiFi;-59;77
4452;80:e0:1d:ee:3f:6c;Free Tbaytel WiFi;-72;77
4453;80:e0:1d:ee:3f:6d;LU-Events;-72;77
4454;80:e0:1d:ee:3f:6e;LU-Guest;-72;77
4455;80:e0:1d:ee:3f:6f;LakeheadU;-71;77
4456;80:e0:1d:ee:3f:6b;eduroam;-71;77
4457;aa:53:22:40:4e:05;NOSMConnect;-92;77
4458;82:f2:e0:d1:f9:74;portthru;-77;77
4459;a6:53:22:40:4e:05;eduroam;-91;77
4460;a4:6c:2a:d4:bf:14;Free Tbaytel WiFi;-72;77
4461;a4:6c:2a:d4:bf:12;eduroam;-72;77
4462;a4:6c:2a:d4:bf:13;LU-Events;-72;77
4463;a4:6c:2a:d4:bf:10;LU-Guest;-72;77
4464;a4:6c:2a:d4:bf:11;LakeheadU;-71;77
4465;00:42:68:59:8b:f2;eduroam;-61;78
4466;80:e0:1d:ee:3f:62;LU-Events;-62;78
4467;00:42:68:59:8b:f3;LU-Events;-62;78
4468;00:42:68:59:8b:f4;Free Tbaytel WiFi;-63;78
4469;80:e0:1d:ee:3f:60;LakeheadU;-63;78
4470;80:e0:1d:ee:3f:64;eduroam;-63;78
4471;80:e0:1d:ee:3f:61;LU-Guest;-63;78
4472;00:42:68:59:8b:f1;LakeheadU;-63;78
4473;00:42:68:59:8b:f0;LU-Guest;-64;78
4474;a4:6c:2a:d4:bf:12;eduroam;-64;78
4475;80:e0:1d:ee:3f:63;Free Tbaytel WiFi;-64;78
4476;a4:6c:2a:d4:bf:1c;LU-Events;-65;78
4477;a4:6c:2a:d4:bf:1d;eduroam;-65;78
4478;a4:6c:2a:d4:bf:1e;LakeheadU;-65;78
4479;a4:6c:2a:d4:bf:10;LU-Guest;-65;78
4480;a4:6c:2a:d4:bf:14;Free Tbaytel WiFi;-65;78
4481;a4:6c:2a:d4:bf:11;LakeheadU;-65;78
4482;a4:6c:2a:d4:bf:13;LU-Events;-65;78
4483;a4:6c:2a:d4:bf:1f;LU-Guest;-65;78
4484;a4:6c:2a:d4:bf:1b;Free Tbaytel WiFi;-65;78
4485;a4:6c:2a:d4:ba:51;LakeheadU;-70;78
4486;80:e0:1d:ee:3f:6b;eduroam;-72;78
4487;80:e0:1d:ee:3f:6d;LU-Events;-72;78
4488;a4:6c:2a:d4:ba:50;LU-Guest;-72;78
4489;a4:6c:2a:d4:ba:52;eduroam;-72;78
4490;00:42:68:59:8b:fe;LakeheadU;-73;78
4491;80:e0:1d:ee:3f:6f;LakeheadU;-73;78
4492;80:e0:1d:ee:3f:6e;LU-Guest;-73;78
4493;80:e0:1d:ee:3f:6c;Free Tbaytel WiFi;-73;78
4494;a4:6c:2a:d4:ba:54;Free Tbaytel WiFi;-73;78
4495;00:42:68:59:8b:fc;LU-Events;-74;78
4496;00:42:68:59:8b:fb;Free Tbaytel WiFi;-74;78
4497;9c:53:22:40:4e:04;TBAYTech;-74;78
4498;a6:53:22:40:4e:04;eduroam;-74;78
4499;00:42:68:59:8b:fd;eduroam;-75;78
4500;a4:6c:2a:d4:be:33;LU-Events;-75;78
4501;aa:53:22:40:4e:04;NOSMConnect;-75;78
4502;82:f2:e0:d1:f9:74;portthru;-76;78
4503;00:42:68:59:8b:ff;LU-Guest;-76;78
4504;a4:6c:2a:d4:be:31;LakeheadU;-76;78
4505;a4:6c:2a:d4:be:30;LU-Guest;-76;78
4506;ac:7a:56:c8:62:05;;-77;78
4507;a4:6c:2a:d4:be:34;Free Tbaytel WiFi;-79;78
4508;ac:7a:56:c8:62:08;Free Tbaytel WiFi;-79;78
4509;ac:7a:56:c8:62:07;eduroam;-80;78
4510;ac:7a:56:c8:62:0f;LakeheadU;-81;78
4511;ac:7a:56:c8:62:0d;;-81;78
4512;ac:7a:56:c8:62:0b;;-82;78
4513;a4:6c:2a:d4:ba:5d;eduroam;-83;78
4514;a4:6c:2a:d4:ba:5b;Free Tbaytel WiFi;-83;78
4515;ac:7a:56:c8:62:0e;LU-Events;-83;78
4516;ac:7a:56:c8:62:0c;LU-Guest;-83;78
4517;a4:6c:2a:d4:ba:5f;LU-Guest;-84;78
4518;a4:6c:2a:d4:ba:5c;LU-Events;-84;78
4519;80:e0:1d:e6:79:df;LU-Guest;-88;78
4520;80:e0:1d:c2:b3:90;LU-Guest;-82;79
4521;80:e0:1d:c2:b3:93;LU-Events;-83;79
4522;80:e0:1d:c2:b3:92;eduroam;-81;79
4523;a4:6c:2a:e0:20:01;LakeheadU;-69;79
4524;a4:6c:2a:e0:20:00;LU-Guest;-69;79
4525;a4:6c:2a:e0:20:03;LU-Events;-69;79
4526;a4:6c:2a:e0:20:02;eduroam;-69;79
4527;a4:6c:2a:e0:20:04;Free Tbaytel WiFi;-69;79
4528;c0:c1:c0:8e:e8:c5;unavailable;-83;79
4529;a4:6c:2a:e0:20:0f;LU-Guest;-78;79
4530;a4:6c:2a:e0:20:0c;LU-Events;-77;79
4531;a4:6c:2a:e0:20:0b;Free Tbaytel WiFi;-78;79
4532;a4:6c:2a:e0:20:0e;LakeheadU;-77;79
4533;a4:6c:2a:e0:20:0d;eduroam;-78;79
4534;80:e0:1d:ee:40:50;LU-Guest;-59;79
4535;80:e0:1d:ee:40:52;eduroam;-59;79
4536;80:e0:1d:ee:40:51;LakeheadU;-59;79
4537;80:e0:1d:ee:40:54;Free Tbaytel WiFi;-62;79
4538;80:e0:1d:ee:40:53;LU-Events;-59;79
4539;80:e0:1d:ee:40:5b;Free Tbaytel WiFi;-80;79
4540;80:e0:1d:ee:40:5d;eduroam;-80;79
4541;80:e0:1d:ee:40:5c;LU-Events;-81;79
4542;80:e0:1d:ee:40:5f;LU-Guest;-80;79
4543;80:e0:1d:ee:40:5e;LakeheadU;-79;79
4544;a4:6c:2a:d4:ba:53;LU-Events;-69;79
4545;a4:6c:2a:d4:ba:54;Free Tbaytel WiFi;-74;79
4546;a4:6c:2a:d4:ba:50;LU-Guest;-69;79
4547;a4:6c:2a:d4:ba:51;LakeheadU;-69;79
4548;a4:6c:2a:d4:ba:52;eduroam;-69;79
4549;a4:6c:2a:d4:ba:5c;LU-Events;-82;79
4550;a4:6c:2a:d4:ba:5d;eduroam;-82;79
4551;a4:6c:2a:d4:ba:5e;LakeheadU;-82;79
4552;a4:6c:2a:d4:ba:5f;LU-Guest;-82;79
4553;a4:6c:2a:d4:ba:5b;Free Tbaytel WiFi;-82;79
4554;a4:6c:2a:d3:f4:d0;LU-Guest;-85;79
4555;a4:6c:2a:d3:f4:d4;Free Tbaytel WiFi;-84;79
4556;a4:6c:2a:d3:f4:d3;LU-Events;-84;79
4557;a4:6c:2a:d4:bf:1f;LU-Guest;-81;79
4558;a4:6c:2a:d4:bf:1d;eduroam;-81;79
4559;a4:6c:2a:d4:bf:1e;LakeheadU;-80;79
4560;a4:6c:2a:d4:bf:1b;Free Tbaytel WiFi;-81;79
4561;a4:6c:2a:d4:bf:1c;LU-Events;-81;79
4562;6c:5a:b0:3d:73:bf;Quanser_UVS-5G;-93;79
4563;6c:5a:b0:3d:73:c0;Quanser_UVS-5G;-80;79
4564;a4:6c:2a:d4:bf:14;Free Tbaytel WiFi;-66;79
4565;a4:6c:2a:d4:bf:12;eduroam;-66;79
4566;a4:6c:2a:d4:bf:13;LU-Events;-66;79
4567;a4:6c:2a:d4:bf:10;LU-Guest;-66;79
4568;a4:6c:2a:d4:bf:11;LakeheadU;-65;79
4569;80:e0:1d:c2:b3:90;LU-Guest;-82;80
4570;80:e0:1d:c2:b3:93;LU-Events;-83;80
4571;80:e0:1d:c2:b3:92;eduroam;-81;80
4572;a4:6c:2a:e0:20:01;LakeheadU;-69;80
4573;a4:6c:2a:e0:20:00;LU-Guest;-69;80
4574;a4:6c:2a:e0:20:03;LU-Events;-69;80
4575;a4:6c:2a:e0:20:02;eduroam;-69;80
4576;a4:6c:2a:e0:20:04;Free Tbaytel WiFi;-69;80
4577;c0:c1:c0:8e:e8:c5;unavailable;-83;80
4578;a4:6c:2a:e0:20:0f;LU-Guest;-78;80
4579;a4:6c:2a:e0:20:0c;LU-Events;-77;80
4580;a4:6c:2a:e0:20:0b;Free Tbaytel WiFi;-78;80
4581;a4:6c:2a:e0:20:0e;LakeheadU;-77;80
4582;a4:6c:2a:e0:20:0d;eduroam;-78;80
4583;80:e0:1d:ee:40:50;LU-Guest;-59;80
4584;80:e0:1d:ee:40:52;eduroam;-59;80
4585;80:e0:1d:ee:40:51;LakeheadU;-59;80
4586;80:e0:1d:ee:40:54;Free Tbaytel WiFi;-62;80
4587;80:e0:1d:ee:40:53;LU-Events;-59;80
4588;80:e0:1d:ee:40:5b;Free Tbaytel WiFi;-80;80
4589;80:e0:1d:ee:40:5d;eduroam;-80;80
4590;80:e0:1d:ee:40:5c;LU-Events;-81;80
4591;80:e0:1d:ee:40:5f;LU-Guest;-80;80
4592;80:e0:1d:ee:40:5e;LakeheadU;-79;80
4593;a4:6c:2a:d4:ba:53;LU-Events;-69;80
4594;a4:6c:2a:d4:ba:54;Free Tbaytel WiFi;-74;80
4595;a4:6c:2a:d4:ba:50;LU-Guest;-69;80
4596;a4:6c:2a:d4:ba:51;LakeheadU;-69;80
4597;a4:6c:2a:d4:ba:52;eduroam;-69;80
4598;a4:6c:2a:d4:ba:5c;LU-Events;-82;80
4599;a4:6c:2a:d4:ba:5d;eduroam;-82;80
4600;a4:6c:2a:d4:ba:5e;LakeheadU;-82;80
4601;a4:6c:2a:d4:ba:5f;LU-Guest;-82;80
4602;a4:6c:2a:d4:ba:5b;Free Tbaytel WiFi;-82;80
4603;a4:6c:2a:d3:f4:d0;LU-Guest;-85;80
4604;a4:6c:2a:d3:f4:d4;Free Tbaytel WiFi;-84;80
4605;a4:6c:2a:d3:f4:d3;LU-Events;-84;80
4606;a4:6c:2a:d4:bf:1f;LU-Guest;-81;80
4607;a4:6c:2a:d4:bf:1d;eduroam;-81;80
4608;a4:6c:2a:d4:bf:1e;LakeheadU;-80;80
4609;a4:6c:2a:d4:bf:1b;Free Tbaytel WiFi;-81;80
4610;a4:6c:2a:d4:bf:1c;LU-Events;-81;80
4611;6c:5a:b0:3d:73:bf;Quanser_UVS-5G;-93;80
4612;6c:5a:b0:3d:73:c0;Quanser_UVS-5G;-80;80
4613;a4:6c:2a:d4:bf:14;Free Tbaytel WiFi;-66;80
4614;a4:6c:2a:d4:bf:12;eduroam;-66;80
4615;a4:6c:2a:d4:bf:13;LU-Events;-66;80
4616;a4:6c:2a:d4:bf:10;LU-Guest;-66;80
4617;a4:6c:2a:d4:bf:11;LakeheadU;-65;80
4618;80:e0:1d:c2:b3:90;LU-Guest;-82;81
4619;80:e0:1d:c2:b3:93;LU-Events;-83;81
4620;80:e0:1d:c2:b3:92;eduroam;-81;81
4621;a4:6c:2a:e0:20:01;LakeheadU;-69;81
4622;a4:6c:2a:e0:20:00;LU-Guest;-69;81
4623;a4:6c:2a:e0:20:03;LU-Events;-69;81
4624;a4:6c:2a:e0:20:02;eduroam;-69;81
4625;a4:6c:2a:e0:20:04;Free Tbaytel WiFi;-69;81
4626;c0:c1:c0:8e:e8:c5;unavailable;-83;81
4627;a4:6c:2a:e0:20:0f;LU-Guest;-78;81
4628;a4:6c:2a:e0:20:0c;LU-Events;-77;81
4629;a4:6c:2a:e0:20:0b;Free Tbaytel WiFi;-78;81
4630;a4:6c:2a:e0:20:0e;LakeheadU;-77;81
4631;a4:6c:2a:e0:20:0d;eduroam;-78;81
4632;80:e0:1d:ee:40:50;LU-Guest;-59;81
4633;80:e0:1d:ee:40:52;eduroam;-59;81
4634;80:e0:1d:ee:40:51;LakeheadU;-59;81
4635;80:e0:1d:ee:40:54;Free Tbaytel WiFi;-62;81
4636;80:e0:1d:ee:40:53;LU-Events;-59;81
4637;80:e0:1d:ee:40:5b;Free Tbaytel WiFi;-80;81
4638;80:e0:1d:ee:40:5d;eduroam;-80;81
4639;80:e0:1d:ee:40:5c;LU-Events;-81;81
4640;80:e0:1d:ee:40:5f;LU-Guest;-80;81
4641;80:e0:1d:ee:40:5e;LakeheadU;-79;81
4642;a4:6c:2a:d4:ba:53;LU-Events;-69;81
4643;a4:6c:2a:d4:ba:54;Free Tbaytel WiFi;-74;81
4644;a4:6c:2a:d4:ba:50;LU-Guest;-69;81
4645;a4:6c:2a:d4:ba:51;LakeheadU;-69;81
4646;a4:6c:2a:d4:ba:52;eduroam;-69;81
4647;a4:6c:2a:d4:ba:5c;LU-Events;-82;81
4648;a4:6c:2a:d4:ba:5d;eduroam;-82;81
4649;a4:6c:2a:d4:ba:5e;LakeheadU;-82;81
4650;a4:6c:2a:d4:ba:5f;LU-Guest;-82;81
4651;a4:6c:2a:d4:ba:5b;Free Tbaytel WiFi;-82;81
4652;a4:6c:2a:d3:f4:d0;LU-Guest;-85;81
4653;a4:6c:2a:d3:f4:d4;Free Tbaytel WiFi;-84;81
4654;a4:6c:2a:d3:f4:d3;LU-Events;-84;81
4655;a4:6c:2a:d4:bf:1f;LU-Guest;-81;81
4656;a4:6c:2a:d4:bf:1d;eduroam;-81;81
4657;a4:6c:2a:d4:bf:1e;LakeheadU;-80;81
4658;a4:6c:2a:d4:bf:1b;Free Tbaytel WiFi;-81;81
4659;a4:6c:2a:d4:bf:1c;LU-Events;-81;81
4660;6c:5a:b0:3d:73:bf;Quanser_UVS-5G;-93;81
4661;6c:5a:b0:3d:73:c0;Quanser_UVS-5G;-80;81
4662;a4:6c:2a:d4:bf:14;Free Tbaytel WiFi;-66;81
4663;a4:6c:2a:d4:bf:12;eduroam;-66;81
4664;a4:6c:2a:d4:bf:13;LU-Events;-66;81
4665;a4:6c:2a:d4:bf:10;LU-Guest;-66;81
4666;a4:6c:2a:d4:bf:11;LakeheadU;-65;81
4667;80:e0:1d:e6:7b:34;Free Tbaytel WiFi;-81;82
4668;a4:6c:2a:e0:20:01;LakeheadU;-75;82
4669;a4:6c:2a:e0:20:00;LU-Guest;-77;82
4670;a4:6c:2a:e0:20:03;LU-Events;-75;82
4671;a4:6c:2a:e0:20:02;eduroam;-76;82
4672;a4:6c:2a:e0:20:04;Free Tbaytel WiFi;-75;82
4673;a4:6c:2a:e0:20:0f;LU-Guest;-80;82
4674;a4:6c:2a:e0:20:0c;LU-Events;-79;82
4675;a4:6c:2a:e0:20:0b;Free Tbaytel WiFi;-81;82
4676;a4:6c:2a:e0:20:0e;LakeheadU;-80;82
4677;a4:6c:2a:e0:20:0d;eduroam;-81;82
4678;80:e0:1d:c2:b7:fc;LU-Events;-87;82
4679;80:e0:1d:c2:b7:fe;LakeheadU;-88;82
4680;80:e0:1d:ee:40:50;LU-Guest;-57;82
4681;80:e0:1d:ee:40:52;eduroam;-58;82
4682;80:e0:1d:ee:40:51;LakeheadU;-58;82
4683;80:e0:1d:ee:40:54;Free Tbaytel WiFi;-58;82
4684;80:e0:1d:ee:40:53;LU-Events;-58;82
4685;80:e0:1d:ee:40:5b;Free Tbaytel WiFi;-74;82
4686;80:e0:1d:ee:40:5d;eduroam;-74;82
4687;80:e0:1d:ee:40:5c;LU-Events;-74;82
4688;80:e0:1d:ee:40:5f;LU-Guest;-74;82
4689;80:e0:1d:ee:40:5e;LakeheadU;-74;82
4690;a4:6c:2a:d4:ba:53;LU-Events;-56;82
4691;a4:6c:2a:d4:ba:54;Free Tbaytel WiFi;-52;82
4692;a4:6c:2a:d4:ba:50;LU-Guest;-56;82
4693;a4:6c:2a:d4:ba:51;LakeheadU;-56;82
4694;a4:6c:2a:d4:ba:52;eduroam;-56;82
4695;a4:6c:2a:d4:ba:5c;LU-Events;-73;82
4696;a4:6c:2a:d4:ba:5d;eduroam;-73;82
4697;a4:6c:2a:d4:ba:5e;LakeheadU;-73;82
4698;a4:6c:2a:d4:ba:5f;LU-Guest;-73;82
4699;a4:6c:2a:d4:ba:5b;Free Tbaytel WiFi;-72;82
4700;d8:b1:90:df:9f:ee;LakeheadU;-93;82
4701;d8:b1:90:df:9f:ed;eduroam;-93;82
4702;d8:b1:90:df:9f:e4;Free Tbaytel WiFi;-75;82
4703;d8:b1:90:df:9f:e3;LU-Events;-74;82
4704;d8:b1:90:df:9f:e2;eduroam;-73;82
4705;d8:b1:90:df:9f:e1;LakeheadU;-74;82
4706;d8:b1:90:df:9f:e0;LU-Guest;-74;82
4707;a4:6c:2a:d3:f4:d1;LakeheadU;-82;82
4708;a4:6c:2a:d3:f4:d3;LU-Events;-83;82
4709;ba:5a:b0:3d:73:b1;;-85;82
4710;a4:6c:2a:d4:bf:1f;LU-Guest;-83;82
4711;a4:6c:2a:d4:bf:1d;eduroam;-83;82
4712;a4:6c:2a:d4:bf:1e;LakeheadU;-84;82
4713;a4:6c:2a:d4:bf:1b;Free Tbaytel WiFi;-82;82
4714;a4:6c:2a:d4:bf:1c;LU-Events;-83;82
4715;6c:5a:b0:3d:73:bf;Quanser_UVS-5G;-85;82
4716;6c:5a:b0:3d:73:c0;Quanser_UVS-5G;-76;82
4717;a4:6c:2a:e0:1f:b3;LU-Events;-80;82
4718;a4:6c:2a:e0:1f:b4;Free Tbaytel WiFi;-79;82
4719;a4:6c:2a:e0:1f:b0;LU-Guest;-80;82
4720;a4:6c:2a:e0:1f:b1;LakeheadU;-78;82
4721;a4:6c:2a:e0:1f:b2;eduroam;-80;82
4722;a4:6c:2a:d4:bf:14;Free Tbaytel WiFi;-63;82
4723;a4:6c:2a:d4:bf:12;eduroam;-64;82
4724;a4:6c:2a:d4:bf:13;LU-Events;-64;82
4725;a4:6c:2a:d4:bf:10;LU-Guest;-64;82
4726;a4:6c:2a:d4:bf:11;LakeheadU;-64;82
4727;d8:b1:90:e1:29:d3;LU-Events;-85;82
4728;a4:6c:2a:e0:1f:bc;LU-Events;-84;82
4729;a4:6c:2a:e0:1f:bd;eduroam;-86;82
4730;a4:6c:2a:e0:1f:be;LakeheadU;-85;82
4731;a4:6c:2a:e0:1f:bf;LU-Guest;-85;82
4732;a4:6c:2a:e0:1f:bb;Free Tbaytel WiFi;-85;82
4733;80:e0:1d:e6:7b:34;Free Tbaytel WiFi;-81;83
4734;a4:6c:2a:e0:20:01;LakeheadU;-75;83
4735;a4:6c:2a:e0:20:00;LU-Guest;-77;83
4736;a4:6c:2a:e0:20:03;LU-Events;-75;83
4737;a4:6c:2a:e0:20:02;eduroam;-76;83
4738;a4:6c:2a:e0:20:04;Free Tbaytel WiFi;-75;83
4739;a4:6c:2a:e0:20:0f;LU-Guest;-80;83
4740;a4:6c:2a:e0:20:0c;LU-Events;-79;83
4741;a4:6c:2a:e0:20:0b;Free Tbaytel WiFi;-81;83
4742;a4:6c:2a:e0:20:0e;LakeheadU;-80;83
4743;a4:6c:2a:e0:20:0d;eduroam;-81;83
4744;80:e0:1d:c2:b7:fc;LU-Events;-87;83
4745;80:e0:1d:c2:b7:fe;LakeheadU;-88;83
4746;80:e0:1d:ee:40:50;LU-Guest;-57;83
4747;80:e0:1d:ee:40:52;eduroam;-58;83
4748;80:e0:1d:ee:40:51;LakeheadU;-58;83
4749;80:e0:1d:ee:40:54;Free Tbaytel WiFi;-58;83
4750;80:e0:1d:ee:40:53;LU-Events;-58;83
4751;80:e0:1d:ee:40:5b;Free Tbaytel WiFi;-74;83
4752;80:e0:1d:ee:40:5d;eduroam;-74;83
4753;80:e0:1d:ee:40:5c;LU-Events;-74;83
4754;80:e0:1d:ee:40:5f;LU-Guest;-74;83
4755;80:e0:1d:ee:40:5e;LakeheadU;-74;83
4756;a4:6c:2a:d4:ba:53;LU-Events;-56;83
4757;a4:6c:2a:d4:ba:54;Free Tbaytel WiFi;-52;83
4758;a4:6c:2a:d4:ba:50;LU-Guest;-56;83
4759;a4:6c:2a:d4:ba:51;LakeheadU;-56;83
4760;a4:6c:2a:d4:ba:52;eduroam;-56;83
4761;a4:6c:2a:d4:ba:5c;LU-Events;-73;83
4762;a4:6c:2a:d4:ba:5d;eduroam;-73;83
4763;a4:6c:2a:d4:ba:5e;LakeheadU;-73;83
4764;a4:6c:2a:d4:ba:5f;LU-Guest;-73;83
4765;a4:6c:2a:d4:ba:5b;Free Tbaytel WiFi;-72;83
4766;d8:b1:90:df:9f:ee;LakeheadU;-93;83
4767;d8:b1:90:df:9f:ed;eduroam;-93;83
4768;d8:b1:90:df:9f:e4;Free Tbaytel WiFi;-75;83
4769;d8:b1:90:df:9f:e3;LU-Events;-74;83
4770;d8:b1:90:df:9f:e2;eduroam;-73;83
4771;d8:b1:90:df:9f:e1;LakeheadU;-74;83
4772;d8:b1:90:df:9f:e0;LU-Guest;-74;83
4773;a4:6c:2a:d3:f4:d1;LakeheadU;-82;83
4774;a4:6c:2a:d3:f4:d3;LU-Events;-83;83
4775;ba:5a:b0:3d:73:b1;;-85;83
4776;a4:6c:2a:d4:bf:1f;LU-Guest;-83;83
4777;a4:6c:2a:d4:bf:1d;eduroam;-83;83
4778;a4:6c:2a:d4:bf:1e;LakeheadU;-84;83
4779;a4:6c:2a:d4:bf:1b;Free Tbaytel WiFi;-82;83
4780;a4:6c:2a:d4:bf:1c;LU-Events;-83;83
4781;6c:5a:b0:3d:73:bf;Quanser_UVS-5G;-85;83
4782;6c:5a:b0:3d:73:c0;Quanser_UVS-5G;-76;83
4783;a4:6c:2a:e0:1f:b3;LU-Events;-80;83
4784;a4:6c:2a:e0:1f:b4;Free Tbaytel WiFi;-79;83
4785;a4:6c:2a:e0:1f:b0;LU-Guest;-80;83
4786;a4:6c:2a:e0:1f:b1;LakeheadU;-78;83
4787;a4:6c:2a:e0:1f:b2;eduroam;-80;83
4788;a4:6c:2a:d4:bf:14;Free Tbaytel WiFi;-63;83
4789;a4:6c:2a:d4:bf:12;eduroam;-64;83
4790;a4:6c:2a:d4:bf:13;LU-Events;-64;83
4791;a4:6c:2a:d4:bf:10;LU-Guest;-64;83
4792;a4:6c:2a:d4:bf:11;LakeheadU;-64;83
4793;d8:b1:90:e1:29:d3;LU-Events;-85;83
4794;a4:6c:2a:e0:1f:bc;LU-Events;-84;83
4795;a4:6c:2a:e0:1f:bd;eduroam;-86;83
4796;a4:6c:2a:e0:1f:be;LakeheadU;-85;83
4797;a4:6c:2a:e0:1f:bf;LU-Guest;-85;83
4798;a4:6c:2a:e0:1f:bb;Free Tbaytel WiFi;-85;83
4799;a4:6c:2a:d4:ba:54;Free Tbaytel WiFi;-52;84
4800;a4:6c:2a:d4:ba:52;eduroam;-56;84
4801;a4:6c:2a:d4:ba:51;LakeheadU;-56;84
4802;a4:6c:2a:d4:ba:53;LU-Events;-56;84
4803;a4:6c:2a:d4:ba:50;LU-Guest;-56;84
4804;80:e0:1d:ee:40:50;LU-Guest;-57;84
4805;80:e0:1d:ee:40:54;Free Tbaytel WiFi;-58;84
4806;80:e0:1d:ee:40:52;eduroam;-58;84
4807;80:e0:1d:ee:40:53;LU-Events;-58;84
4808;80:e0:1d:ee:40:51;LakeheadU;-58;84
4809;a4:6c:2a:d4:bf:14;Free Tbaytel WiFi;-63;84
4810;a4:6c:2a:d4:bf:12;eduroam;-64;84
4811;a4:6c:2a:d4:bf:13;LU-Events;-64;84
4812;a4:6c:2a:d4:bf:10;LU-Guest;-64;84
4813;a4:6c:2a:d4:bf:11;LakeheadU;-64;84
4814;a4:6c:2a:d4:ba:5b;Free Tbaytel WiFi;-72;84
4815;a4:6c:2a:d4:ba:5c;LU-Events;-73;84
4816;a4:6c:2a:d4:ba:5e;LakeheadU;-73;84
4817;a4:6c:2a:d4:ba:5f;LU-Guest;-73;84
4818;a4:6c:2a:d4:ba:5d;eduroam;-73;84
4819;d8:b1:90:df:9f:e2;eduroam;-73;84
4820;80:e0:1d:ee:40:5d;eduroam;-74;84
4821;80:e0:1d:ee:40:5b;Free Tbaytel WiFi;-74;84
4822;80:e0:1d:ee:40:5c;LU-Events;-74;84
4823;80:e0:1d:ee:40:5f;LU-Guest;-74;84
4824;80:e0:1d:ee:40:5e;LakeheadU;-74;84
4825;d8:b1:90:df:9f:e1;LakeheadU;-74;84
4826;d8:b1:90:df:9f:e3;LU-Events;-74;84
4827;d8:b1:90:df:9f:e0;LU-Guest;-74;84
4828;a4:6c:2a:e0:20:04;Free Tbaytel WiFi;-75;84
4829;a4:6c:2a:e0:20:01;LakeheadU;-75;84
4830;a4:6c:2a:e0:20:03;LU-Events;-75;84
4831;d8:b1:90:df:9f:e4;Free Tbaytel WiFi;-75;84
4832;6c:5a:b0:3d:73:c0;Quanser_UVS-5G;-76;84
4833;a4:6c:2a:e0:20:02;eduroam;-76;84
4834;a4:6c:2a:e0:20:00;LU-Guest;-77;84
4835;a4:6c:2a:e0:1f:b1;LakeheadU;-78;84
4836;a4:6c:2a:e0:20:0c;LU-Events;-79;84
4837;a4:6c:2a:e0:1f:b4;Free Tbaytel WiFi;-79;84
4838;a4:6c:2a:e0:20:0f;LU-Guest;-80;84
4839;a4:6c:2a:e0:20:0e;LakeheadU;-80;84
4840;a4:6c:2a:e0:1f:b0;LU-Guest;-80;84
4841;a4:6c:2a:e0:1f:b2;eduroam;-80;84
4842;a4:6c:2a:e0:1f:b3;LU-Events;-80;84
4843;a4:6c:2a:e0:20:0b;Free Tbaytel WiFi;-81;84
4844;a4:6c:2a:e0:20:0d;eduroam;-81;84
4845;80:e0:1d:e6:7b:34;Free Tbaytel WiFi;-81;84
4846;a4:6c:2a:d4:bf:1b;Free Tbaytel WiFi;-82;84
4847;a4:6c:2a:d3:f4:d1;LakeheadU;-82;84
4848;a4:6c:2a:d4:bf:1d;eduroam;-83;84
4849;a4:6c:2a:d3:f4:d3;LU-Events;-83;84
4850;a4:6c:2a:d4:bf:1f;LU-Guest;-83;84
4851;a4:6c:2a:d4:bf:1c;LU-Events;-83;84
4852;a4:6c:2a:d4:bf:1e;LakeheadU;-84;84
4853;a4:6c:2a:e0:1f:bc;LU-Events;-84;84
4854;6c:5a:b0:3d:73:bf;Quanser_UVS-5G;-85;84
4855;d8:b1:90:e1:29:d3;LU-Events;-85;84
4856;ba:5a:b0:3d:73:b1;;-85;84
4857;a4:6c:2a:e0:1f:bf;LU-Guest;-85;84
4858;a4:6c:2a:e0:1f:bb;Free Tbaytel WiFi;-85;84
4859;a4:6c:2a:e0:1f:be;LakeheadU;-85;84
4860;a4:6c:2a:e0:1f:bd;eduroam;-86;84
4861;80:e0:1d:c2:b7:fc;LU-Events;-87;84
4862;80:e0:1d:c2:b7:fe;LakeheadU;-88;84
4863;d8:b1:90:df:9f:ed;eduroam;-93;84
4864;d8:b1:90:df:9f:ee;LakeheadU;-93;84
4865;80:e0:1d:e6:7b:30;LU-Guest;-69;85
4866;80:e0:1d:e6:7b:32;eduroam;-69;85
4867;80:e0:1d:e6:7b:31;LakeheadU;-68;85
4868;80:e0:1d:e6:7b:34;Free Tbaytel WiFi;-69;85
4869;80:e0:1d:e6:7b:33;LU-Events;-68;85
4870;80:e0:1d:e6:7b:3d;eduroam;-91;85
4871;80:e0:1d:e6:7b:3c;LU-Events;-91;85
4872;80:e0:1d:e6:7b:3f;LU-Guest;-91;85
4873;80:e0:1d:e6:7b:3e;LakeheadU;-92;85
4874;a4:6c:2a:e0:20:01;LakeheadU;-74;85
4875;a4:6c:2a:e0:20:00;LU-Guest;-73;85
4876;a4:6c:2a:e0:20:03;LU-Events;-70;85
4877;a4:6c:2a:e0:20:02;eduroam;-73;85
4878;a4:6c:2a:e0:20:04;Free Tbaytel WiFi;-72;85
4879;c0:c1:c0:8e:e8:c5;unavailable;-67;85
4880;a4:6c:2a:e0:20:0f;LU-Guest;-74;85
4881;a4:6c:2a:e0:20:0c;LU-Events;-74;85
4882;a4:6c:2a:e0:20:0b;Free Tbaytel WiFi;-74;85
4883;a4:6c:2a:e0:20:0e;LakeheadU;-75;85
4884;a4:6c:2a:e0:20:0d;eduroam;-75;85
4885;80:e0:1d:c2:b7:f0;LU-Guest;-78;85
4886;80:e0:1d:c2:b7:f1;LakeheadU;-77;85
4887;80:e0:1d:c2:b7:f2;eduroam;-77;85
4888;80:e0:1d:c2:b7:f3;LU-Events;-77;85
4889;80:e0:1d:c2:b7:f4;Free Tbaytel WiFi;-77;85
4890;80:e0:1d:c2:b7:fc;LU-Events;-86;85
4891;80:e0:1d:c2:b7:fd;eduroam;-89;85
4892;80:e0:1d:c2:b7:fe;LakeheadU;-88;85
4893;80:e0:1d:ee:40:50;LU-Guest;-69;85
4894;80:e0:1d:ee:40:52;eduroam;-68;85
4895;80:e0:1d:ee:40:51;LakeheadU;-69;85
4896;80:e0:1d:ee:40:54;Free Tbaytel WiFi;-70;85
4897;80:e0:1d:ee:40:53;LU-Events;-70;85
4898;d8:b1:90:e1:26:a1;LakeheadU;-81;85
4899;a6:d7:3c:91:f4:6a;DIRECT-1E4P4AT2020-EPL530UGUtE;-77;85
4900;80:e0:1d:ee:40:5b;Free Tbaytel WiFi;-82;85
4901;80:e0:1d:ee:40:5d;eduroam;-83;85
4902;80:e0:1d:ee:40:5c;LU-Events;-80;85
4903;80:e0:1d:ee:40:5f;LU-Guest;-81;85
4904;80:e0:1d:ee:40:5e;LakeheadU;-82;85
4905;a4:6c:2a:d4:ba:53;LU-Events;-59;85
4906;a4:6c:2a:d4:ba:54;Free Tbaytel WiFi;-51;85
4907;a4:6c:2a:d4:ba:50;LU-Guest;-59;85
4908;a4:6c:2a:d4:ba:51;LakeheadU;-58;85
4909;a4:6c:2a:d4:ba:52;eduroam;-58;85
4910;a4:6c:2a:d4:ba:5c;LU-Events;-63;85
4911;a4:6c:2a:d4:ba:5d;eduroam;-63;85
4912;a4:6c:2a:d4:ba:5e;LakeheadU;-63;85
4913;a4:6c:2a:d4:ba:5f;LU-Guest;-64;85
4914;a4:6c:2a:d4:ba:5b;Free Tbaytel WiFi;-63;85
4915;80:e0:1d:e3:ca:30;LakeheadU;-87;85
4916;d8:b1:90:df:9f:ee;LakeheadU;-92;85
4917;d8:b1:90:df:9f:ed;eduroam;-92;85
4918;d8:b1:90:df:9f:ec;LU-Events;-93;85
4919;d8:b1:90:df:9f:eb;Free Tbaytel WiFi;-92;85
4920;d8:b1:90:df:9f:ef;LU-Guest;-92;85
4921;d8:b1:90:df:9f:e4;Free Tbaytel WiFi;-76;85
4922;d8:b1:90:df:9f:e3;LU-Events;-75;85
4923;d8:b1:90:df:9f:e2;eduroam;-75;85
4924;d8:b1:90:df:9f:e1;LakeheadU;-75;85
4925;d8:b1:90:df:9f:e0;LU-Guest;-73;85
4926;fa:25:51:6b:fd:58;DIRECT-1C3WqEB884084GOfC;-88;85
4927;80:e0:1d:c1:ea:ae;LakeheadU;-93;85
4928;80:e0:1d:c1:ea:ab;Free Tbaytel WiFi;-91;85
4929;a4:6c:2a:d4:bf:1f;LU-Guest;-89;85
4930;a4:6c:2a:d4:bf:1c;LU-Events;-90;85
4931;00:42:68:59:8b:f3;LU-Events;-84;85
4932;6c:5a:b0:3d:73:bf;Quanser_UVS-5G;-84;85
4933;6c:5a:b0:3d:73:c0;Quanser_UVS-5G;-72;85
4934;6c:5a:b0:3d:73:c1;Quanser_UVS;-70;85
4935;a4:6c:2a:e0:1f:b3;LU-Events;-66;85
4936;a4:6c:2a:d4:bf:14;Free Tbaytel WiFi;-77;85
4937;a4:6c:2a:e0:1f:bc;LU-Events;-86;85
4938;a4:6c:2a:e0:1f:bd;eduroam;-86;85
4939;a4:6c:2a:e0:1f:be;LakeheadU;-87;85
4940;a4:6c:2a:e0:1f:bf;LU-Guest;-85;85
4941;a4:6c:2a:e0:1f:bb;Free Tbaytel WiFi;-85;85
4942;80:e0:1d:e6:7b:30;LU-Guest;-69;86
4943;80:e0:1d:e6:7b:32;eduroam;-69;86
4944;80:e0:1d:e6:7b:31;LakeheadU;-68;86
4945;80:e0:1d:e6:7b:34;Free Tbaytel WiFi;-69;86
4946;80:e0:1d:e6:7b:33;LU-Events;-68;86
4947;80:e0:1d:e6:7b:3d;eduroam;-91;86
4948;80:e0:1d:e6:7b:3c;LU-Events;-91;86
4949;80:e0:1d:e6:7b:3f;LU-Guest;-91;86
4950;80:e0:1d:e6:7b:3e;LakeheadU;-92;86
4951;a4:6c:2a:e0:20:01;LakeheadU;-74;86
4952;a4:6c:2a:e0:20:00;LU-Guest;-73;86
4953;a4:6c:2a:e0:20:03;LU-Events;-70;86
4954;a4:6c:2a:e0:20:02;eduroam;-73;86
4955;a4:6c:2a:e0:20:04;Free Tbaytel WiFi;-72;86
4956;c0:c1:c0:8e:e8:c5;unavailable;-67;86
4957;a4:6c:2a:e0:20:0f;LU-Guest;-74;86
4958;a4:6c:2a:e0:20:0c;LU-Events;-74;86
4959;a4:6c:2a:e0:20:0b;Free Tbaytel WiFi;-74;86
4960;a4:6c:2a:e0:20:0e;LakeheadU;-75;86
4961;a4:6c:2a:e0:20:0d;eduroam;-75;86
4962;80:e0:1d:c2:b7:f0;LU-Guest;-78;86
4963;80:e0:1d:c2:b7:f1;LakeheadU;-77;86
4964;80:e0:1d:c2:b7:f2;eduroam;-77;86
4965;80:e0:1d:c2:b7:f3;LU-Events;-77;86
4966;80:e0:1d:c2:b7:f4;Free Tbaytel WiFi;-77;86
4967;80:e0:1d:c2:b7:fc;LU-Events;-86;86
4968;80:e0:1d:c2:b7:fd;eduroam;-89;86
4969;80:e0:1d:c2:b7:fe;LakeheadU;-88;86
4970;80:e0:1d:ee:40:50;LU-Guest;-69;86
4971;80:e0:1d:ee:40:52;eduroam;-68;86
4972;80:e0:1d:ee:40:51;LakeheadU;-69;86
4973;80:e0:1d:ee:40:54;Free Tbaytel WiFi;-70;86
4974;80:e0:1d:ee:40:53;LU-Events;-70;86
4975;d8:b1:90:e1:26:a1;LakeheadU;-81;86
4976;a6:d7:3c:91:f4:6a;DIRECT-1E4P4AT2020-EPL530UGUtE;-77;86
4977;80:e0:1d:ee:40:5b;Free Tbaytel WiFi;-82;86
4978;80:e0:1d:ee:40:5d;eduroam;-83;86
4979;80:e0:1d:ee:40:5c;LU-Events;-80;86
4980;80:e0:1d:ee:40:5f;LU-Guest;-81;86
4981;80:e0:1d:ee:40:5e;LakeheadU;-82;86
4982;a4:6c:2a:d4:ba:53;LU-Events;-59;86
4983;a4:6c:2a:d4:ba:54;Free Tbaytel WiFi;-51;86
4984;a4:6c:2a:d4:ba:50;LU-Guest;-59;86
4985;a4:6c:2a:d4:ba:51;LakeheadU;-58;86
4986;a4:6c:2a:d4:ba:52;eduroam;-58;86
4987;a4:6c:2a:d4:ba:5c;LU-Events;-63;86
4988;a4:6c:2a:d4:ba:5d;eduroam;-63;86
4989;a4:6c:2a:d4:ba:5e;LakeheadU;-63;86
4990;a4:6c:2a:d4:ba:5f;LU-Guest;-64;86
4991;a4:6c:2a:d4:ba:5b;Free Tbaytel WiFi;-63;86
4992;80:e0:1d:e3:ca:30;LakeheadU;-87;86
4993;d8:b1:90:df:9f:ee;LakeheadU;-92;86
4994;d8:b1:90:df:9f:ed;eduroam;-92;86
4995;d8:b1:90:df:9f:ec;LU-Events;-93;86
4996;d8:b1:90:df:9f:eb;Free Tbaytel WiFi;-92;86
4997;d8:b1:90:df:9f:ef;LU-Guest;-92;86
4998;d8:b1:90:df:9f:e4;Free Tbaytel WiFi;-76;86
4999;d8:b1:90:df:9f:e3;LU-Events;-75;86
5000;d8:b1:90:df:9f:e2;eduroam;-75;86
5001;d8:b1:90:df:9f:e1;LakeheadU;-75;86
5002;d8:b1:90:df:9f:e0;LU-Guest;-73;86
5003;fa:25:51:6b:fd:58;DIRECT-1C3WqEB884084GOfC;-88;86
5004;80:e0:1d:c1:ea:ae;LakeheadU;-93;86
5005;80:e0:1d:c1:ea:ab;Free Tbaytel WiFi;-91;86
5006;a4:6c:2a:d4:bf:1f;LU-Guest;-89;86
5007;a4:6c:2a:d4:bf:1c;LU-Events;-90;86
5008;00:42:68:59:8b:f3;LU-Events;-84;86
5009;6c:5a:b0:3d:73:bf;Quanser_UVS-5G;-84;86
5010;6c:5a:b0:3d:73:c0;Quanser_UVS-5G;-72;86
5011;6c:5a:b0:3d:73:c1;Quanser_UVS;-70;86
5012;a4:6c:2a:e0:1f:b3;LU-Events;-66;86
5013;a4:6c:2a:d4:bf:14;Free Tbaytel WiFi;-77;86
5014;a4:6c:2a:e0:1f:bc;LU-Events;-86;86
5015;a4:6c:2a:e0:1f:bd;eduroam;-86;86
5016;a4:6c:2a:e0:1f:be;LakeheadU;-87;86
5017;a4:6c:2a:e0:1f:bf;LU-Guest;-85;86
5018;a4:6c:2a:e0:1f:bb;Free Tbaytel WiFi;-85;86
5019;a4:6c:2a:e0:20:0f;LU-Guest;-74;87
5020;a4:6c:2a:e0:20:0c;LU-Events;-74;87
5021;a4:6c:2a:e0:20:0b;Free Tbaytel WiFi;-74;87
5022;a4:6c:2a:e0:20:0e;LakeheadU;-75;87
5023;a4:6c:2a:e0:20:0d;eduroam;-75;87
5024;80:e0:1d:ee:40:5b;Free Tbaytel WiFi;-82;87
5025;80:e0:1d:ee:40:5d;eduroam;-83;87
5026;80:e0:1d:ee:40:5c;LU-Events;-80;87
5027;80:e0:1d:ee:40:5f;LU-Guest;-81;87
5028;80:e0:1d:ee:40:5e;LakeheadU;-82;87
5029;a4:6c:2a:d4:ba:54;Free Tbaytel WiFi;-51;87
5030;d8:b1:90:df:9f:ee;LakeheadU;-92;87
5031;d8:b1:90:df:9f:ed;eduroam;-92;87
5032;d8:b1:90:df:9f:ec;LU-Events;-93;87
5033;d8:b1:90:df:9f:eb;Free Tbaytel WiFi;-92;87
5034;d8:b1:90:df:9f:ef;LU-Guest;-92;87
5035;80:e0:1d:c1:ea:ae;LakeheadU;-93;87
5036;80:e0:1d:c1:ea:ab;Free Tbaytel WiFi;-91;87
5037;80:e0:1d:e6:7b:30;LU-Guest;-67;88
5038;80:e0:1d:e6:7b:32;eduroam;-66;88
5039;80:e0:1d:e6:7b:31;LakeheadU;-66;88
5040;80:e0:1d:e6:7b:34;Free Tbaytel WiFi;-69;88
5041;80:e0:1d:e6:7b:33;LU-Events;-66;88
5042;80:e0:1d:e6:7b:3d;eduroam;-86;88
5043;80:e0:1d:e6:7b:3c;LU-Events;-86;88
5044;80:e0:1d:e6:7b:3f;LU-Guest;-86;88
5045;80:e0:1d:e6:7b:3e;LakeheadU;-87;88
5046;80:e0:1d:e6:7b:3b;Free Tbaytel WiFi;-86;88
5047;a4:6c:2a:e0:20:01;LakeheadU;-59;88
5048;a4:6c:2a:e0:20:00;LU-Guest;-59;88
5049;a4:6c:2a:e0:20:03;LU-Events;-58;88
5050;a4:6c:2a:e0:20:02;eduroam;-59;88
5051;a4:6c:2a:e0:20:04;Free Tbaytel WiFi;-59;88
5052;c0:c1:c0:8e:e8:c5;unavailable;-67;88
5053;a4:6c:2a:e0:20:0f;LU-Guest;-68;88
5054;a4:6c:2a:e0:20:0c;LU-Events;-68;88
5055;a4:6c:2a:e0:20:0b;Free Tbaytel WiFi;-68;88
5056;a4:6c:2a:e0:20:0e;LakeheadU;-68;88
5057;a4:6c:2a:e0:20:0d;eduroam;-69;88
5058;80:e0:1d:c2:b7:f0;LU-Guest;-69;88
5059;80:e0:1d:c2:b7:f1;LakeheadU;-65;88
5060;80:e0:1d:c2:b7:f2;eduroam;-69;88
5061;80:e0:1d:c2:b7:f3;LU-Events;-68;88
5062;80:e0:1d:c2:b7:f4;Free Tbaytel WiFi;-67;88
5063;80:e0:1d:c2:b7:fc;LU-Events;-86;88
5064;80:e0:1d:c2:b7:fd;eduroam;-86;88
5065;80:e0:1d:c2:b7:fe;LakeheadU;-86;88
5066;80:e0:1d:ee:40:50;LU-Guest;-71;88
5067;80:e0:1d:ee:40:54;Free Tbaytel WiFi;-71;88
5068;80:e0:1d:ee:40:53;LU-Events;-71;88
5069;d8:b1:90:e1:26:a2;eduroam;-80;88
5070;d8:b1:90:e1:26:af;LU-Guest;-92;88
5071;80:e0:1d:ee:40:5b;Free Tbaytel WiFi;-86;88
5072;80:e0:1d:ee:40:5d;eduroam;-86;88
5073;80:e0:1d:ee:40:5e;LakeheadU;-87;88
5074;a4:6c:2a:d4:ba:53;LU-Events;-66;88
5075;a4:6c:2a:d4:ba:54;Free Tbaytel WiFi;-66;88
5076;a4:6c:2a:d4:ba:50;LU-Guest;-67;88
5077;a4:6c:2a:d4:ba:51;LakeheadU;-66;88
5078;a4:6c:2a:d4:ba:52;eduroam;-67;88
5079;a4:6c:2a:d4:ba:5c;LU-Events;-76;88
5080;a4:6c:2a:d4:ba:5d;eduroam;-77;88
5081;a4:6c:2a:d4:ba:5e;LakeheadU;-77;88
5082;a4:6c:2a:d4:ba:5f;LU-Guest;-76;88
5083;a4:6c:2a:d4:ba:5b;Free Tbaytel WiFi;-76;88
5084;d8:b1:90:df:9f:ee;LakeheadU;-90;88
5085;d8:b1:90:df:9f:ed;eduroam;-89;88
5086;d8:b1:90:df:9f:ec;LU-Events;-90;88
5087;d8:b1:90:df:9f:eb;Free Tbaytel WiFi;-90;88
5088;d8:b1:90:df:9f:ef;LU-Guest;-90;88
5089;d8:b1:90:df:9f:e4;Free Tbaytel WiFi;-71;88
5090;d8:b1:90:df:9f:e3;LU-Events;-70;88
5091;d8:b1:90:df:9f:e2;eduroam;-70;88
5092;d8:b1:90:df:9f:e1;LakeheadU;-69;88
5093;d8:b1:90:df:9f:e0;LU-Guest;-69;88
5094;ca:5a:b0:3d:73:c3;;-63;88
5095;a4:6c:2a:d3:f4:dc;LU-Events;-91;88
5096;80:e0:1d:d9:e9:2c;LU-Events;-93;88
5097;80:e0:1d:d9:e9:2e;LakeheadU;-93;88
5098;a4:6c:2a:d3:f4:d3;LU-Events;-76;88
5099;80:e0:1d:ee:3f:63;Free Tbaytel WiFi;-84;88
5100;80:e0:1d:e6:79:d0;LU-Guest;-83;88
5101;6c:5a:b0:3d:73:bf;Quanser_UVS-5G;-83;88
5102;6c:5a:b0:3d:73:c0;Quanser_UVS-5G;-72;88
5103;6c:5a:b0:3d:73:c1;Quanser_UVS;-60;88
5104;a4:6c:2a:e0:1f:b3;LU-Events;-75;88
5105;a4:6c:2a:e0:1f:b4;Free Tbaytel WiFi;-74;88
5106;a4:6c:2a:e0:1f:b0;LU-Guest;-75;88
5107;a4:6c:2a:e0:1f:b1;LakeheadU;-73;88
5108;a4:6c:2a:e0:1f:b2;eduroam;-72;88
5109;a4:6c:2a:e0:1f:bc;LU-Events;-84;88
5110;a4:6c:2a:e0:1f:bd;eduroam;-83;88
5111;a4:6c:2a:e0:1f:be;LakeheadU;-83;88
5112;a4:6c:2a:e0:1f:bf;LU-Guest;-85;88
5113;a4:6c:2a:e0:1f:bb;Free Tbaytel WiFi;-84;88
5114;80:e0:1d:e6:7b:30;LU-Guest;-67;89
5115;80:e0:1d:e6:7b:32;eduroam;-66;89
5116;80:e0:1d:e6:7b:31;LakeheadU;-66;89
5117;80:e0:1d:e6:7b:34;Free Tbaytel WiFi;-69;89
5118;80:e0:1d:e6:7b:33;LU-Events;-66;89
5119;80:e0:1d:e6:7b:3d;eduroam;-86;89
5120;80:e0:1d:e6:7b:3c;LU-Events;-86;89
5121;80:e0:1d:e6:7b:3f;LU-Guest;-86;89
5122;80:e0:1d:e6:7b:3e;LakeheadU;-87;89
5123;80:e0:1d:e6:7b:3b;Free Tbaytel WiFi;-86;89
5124;a4:6c:2a:e0:20:01;LakeheadU;-59;89
5125;a4:6c:2a:e0:20:00;LU-Guest;-59;89
5126;a4:6c:2a:e0:20:03;LU-Events;-58;89
5127;a4:6c:2a:e0:20:02;eduroam;-59;89
5128;a4:6c:2a:e0:20:04;Free Tbaytel WiFi;-59;89
5129;c0:c1:c0:8e:e8:c5;unavailable;-67;89
5130;a4:6c:2a:e0:20:0f;LU-Guest;-68;89
5131;a4:6c:2a:e0:20:0c;LU-Events;-68;89
5132;a4:6c:2a:e0:20:0b;Free Tbaytel WiFi;-68;89
5133;a4:6c:2a:e0:20:0e;LakeheadU;-68;89
5134;a4:6c:2a:e0:20:0d;eduroam;-69;89
5135;80:e0:1d:c2:b7:f0;LU-Guest;-69;89
5136;80:e0:1d:c2:b7:f1;LakeheadU;-65;89
5137;80:e0:1d:c2:b7:f2;eduroam;-69;89
5138;80:e0:1d:c2:b7:f3;LU-Events;-68;89
5139;80:e0:1d:c2:b7:f4;Free Tbaytel WiFi;-67;89
5140;80:e0:1d:c2:b7:fc;LU-Events;-86;89
5141;80:e0:1d:c2:b7:fd;eduroam;-86;89
5142;80:e0:1d:c2:b7:fe;LakeheadU;-86;89
5143;80:e0:1d:ee:40:50;LU-Guest;-71;89
5144;80:e0:1d:ee:40:54;Free Tbaytel WiFi;-71;89
5145;80:e0:1d:ee:40:53;LU-Events;-71;89
5146;d8:b1:90:e1:26:a2;eduroam;-80;89
5147;d8:b1:90:e1:26:af;LU-Guest;-92;89
5148;80:e0:1d:ee:40:5b;Free Tbaytel WiFi;-86;89
5149;80:e0:1d:ee:40:5d;eduroam;-86;89
5150;80:e0:1d:ee:40:5e;LakeheadU;-87;89
5151;a4:6c:2a:d4:ba:53;LU-Events;-66;89
5152;a4:6c:2a:d4:ba:54;Free Tbaytel WiFi;-66;89
5153;a4:6c:2a:d4:ba:50;LU-Guest;-67;89
5154;a4:6c:2a:d4:ba:51;LakeheadU;-66;89
5155;a4:6c:2a:d4:ba:52;eduroam;-67;89
5156;a4:6c:2a:d4:ba:5c;LU-Events;-76;89
5157;a4:6c:2a:d4:ba:5d;eduroam;-77;89
5158;a4:6c:2a:d4:ba:5e;LakeheadU;-77;89
5159;a4:6c:2a:d4:ba:5f;LU-Guest;-76;89
5160;a4:6c:2a:d4:ba:5b;Free Tbaytel WiFi;-76;89
5161;d8:b1:90:df:9f:ee;LakeheadU;-90;89
5162;d8:b1:90:df:9f:ed;eduroam;-89;89
5163;d8:b1:90:df:9f:ec;LU-Events;-90;89
5164;d8:b1:90:df:9f:eb;Free Tbaytel WiFi;-90;89
5165;d8:b1:90:df:9f:ef;LU-Guest;-90;89
5166;d8:b1:90:df:9f:e4;Free Tbaytel WiFi;-71;89
5167;d8:b1:90:df:9f:e3;LU-Events;-70;89
5168;d8:b1:90:df:9f:e2;eduroam;-70;89
5169;d8:b1:90:df:9f:e1;LakeheadU;-69;89
5170;d8:b1:90:df:9f:e0;LU-Guest;-69;89
5171;ca:5a:b0:3d:73:c3;;-63;89
5172;a4:6c:2a:d3:f4:dc;LU-Events;-91;89
5173;80:e0:1d:d9:e9:2c;LU-Events;-93;89
5174;80:e0:1d:d9:e9:2e;LakeheadU;-93;89
5175;a4:6c:2a:d3:f4:d3;LU-Events;-76;89
5176;80:e0:1d:ee:3f:63;Free Tbaytel WiFi;-84;89
5177;80:e0:1d:e6:79:d0;LU-Guest;-83;89
5178;6c:5a:b0:3d:73:bf;Quanser_UVS-5G;-83;89
5179;6c:5a:b0:3d:73:c0;Quanser_UVS-5G;-72;89
5180;6c:5a:b0:3d:73:c1;Quanser_UVS;-60;89
5181;a4:6c:2a:e0:1f:b3;LU-Events;-75;89
5182;a4:6c:2a:e0:1f:b4;Free Tbaytel WiFi;-74;89
5183;a4:6c:2a:e0:1f:b0;LU-Guest;-75;89
5184;a4:6c:2a:e0:1f:b1;LakeheadU;-73;89
5185;a4:6c:2a:e0:1f:b2;eduroam;-72;89
5186;a4:6c:2a:e0:1f:bc;LU-Events;-84;89
5187;a4:6c:2a:e0:1f:bd;eduroam;-83;89
5188;a4:6c:2a:e0:1f:be;LakeheadU;-83;89
5189;a4:6c:2a:e0:1f:bf;LU-Guest;-85;89
5190;a4:6c:2a:e0:1f:bb;Free Tbaytel WiFi;-84;89
5191;80:e0:1d:e6:7b:30;LU-Guest;-67;90
5192;80:e0:1d:e6:7b:32;eduroam;-66;90
5193;80:e0:1d:e6:7b:31;LakeheadU;-66;90
5194;80:e0:1d:e6:7b:34;Free Tbaytel WiFi;-69;90
5195;80:e0:1d:e6:7b:33;LU-Events;-66;90
5196;80:e0:1d:e6:7b:3d;eduroam;-86;90
5197;80:e0:1d:e6:7b:3c;LU-Events;-86;90
5198;80:e0:1d:e6:7b:3f;LU-Guest;-86;90
5199;80:e0:1d:e6:7b:3e;LakeheadU;-87;90
5200;80:e0:1d:e6:7b:3b;Free Tbaytel WiFi;-86;90
5201;a4:6c:2a:e0:20:01;LakeheadU;-59;90
5202;a4:6c:2a:e0:20:00;LU-Guest;-59;90
5203;a4:6c:2a:e0:20:03;LU-Events;-58;90
5204;a4:6c:2a:e0:20:02;eduroam;-59;90
5205;a4:6c:2a:e0:20:04;Free Tbaytel WiFi;-59;90
5206;c0:c1:c0:8e:e8:c5;unavailable;-67;90
5207;a4:6c:2a:e0:20:0f;LU-Guest;-68;90
5208;a4:6c:2a:e0:20:0c;LU-Events;-68;90
5209;a4:6c:2a:e0:20:0b;Free Tbaytel WiFi;-68;90
5210;a4:6c:2a:e0:20:0e;LakeheadU;-68;90
5211;a4:6c:2a:e0:20:0d;eduroam;-69;90
5212;80:e0:1d:c2:b7:f0;LU-Guest;-69;90
5213;80:e0:1d:c2:b7:f1;LakeheadU;-65;90
5214;80:e0:1d:c2:b7:f2;eduroam;-69;90
5215;80:e0:1d:c2:b7:f3;LU-Events;-68;90
5216;80:e0:1d:c2:b7:f4;Free Tbaytel WiFi;-67;90
5217;80:e0:1d:c2:b7:fc;LU-Events;-86;90
5218;80:e0:1d:c2:b7:fd;eduroam;-86;90
5219;80:e0:1d:c2:b7:fe;LakeheadU;-86;90
5220;80:e0:1d:ee:40:50;LU-Guest;-71;90
5221;80:e0:1d:ee:40:54;Free Tbaytel WiFi;-71;90
5222;80:e0:1d:ee:40:53;LU-Events;-71;90
5223;d8:b1:90:e1:26:a2;eduroam;-80;90
5224;d8:b1:90:e1:26:af;LU-Guest;-92;90
5225;80:e0:1d:ee:40:5b;Free Tbaytel WiFi;-86;90
5226;80:e0:1d:ee:40:5d;eduroam;-86;90
5227;80:e0:1d:ee:40:5e;LakeheadU;-87;90
5228;a4:6c:2a:d4:ba:53;LU-Events;-66;90
5229;a4:6c:2a:d4:ba:54;Free Tbaytel WiFi;-66;90
5230;a4:6c:2a:d4:ba:50;LU-Guest;-67;90
5231;a4:6c:2a:d4:ba:51;LakeheadU;-66;90
5232;a4:6c:2a:d4:ba:52;eduroam;-67;90
5233;a4:6c:2a:d4:ba:5c;LU-Events;-76;90
5234;a4:6c:2a:d4:ba:5d;eduroam;-77;90
5235;a4:6c:2a:d4:ba:5e;LakeheadU;-77;90
5236;a4:6c:2a:d4:ba:5f;LU-Guest;-76;90
5237;a4:6c:2a:d4:ba:5b;Free Tbaytel WiFi;-76;90
5238;d8:b1:90:df:9f:ee;LakeheadU;-90;90
5239;d8:b1:90:df:9f:ed;eduroam;-89;90
5240;d8:b1:90:df:9f:ec;LU-Events;-90;90
5241;d8:b1:90:df:9f:eb;Free Tbaytel WiFi;-90;90
5242;d8:b1:90:df:9f:ef;LU-Guest;-90;90
5243;d8:b1:90:df:9f:e4;Free Tbaytel WiFi;-71;90
5244;d8:b1:90:df:9f:e3;LU-Events;-70;90
5245;d8:b1:90:df:9f:e2;eduroam;-70;90
5246;d8:b1:90:df:9f:e1;LakeheadU;-69;90
5247;d8:b1:90:df:9f:e0;LU-Guest;-69;90
5248;ca:5a:b0:3d:73:c3;;-63;90
5249;a4:6c:2a:d3:f4:dc;LU-Events;-91;90
5250;80:e0:1d:d9:e9:2c;LU-Events;-93;90
5251;80:e0:1d:d9:e9:2e;LakeheadU;-93;90
5252;a4:6c:2a:d3:f4:d3;LU-Events;-76;90
5253;80:e0:1d:ee:3f:63;Free Tbaytel WiFi;-84;90
5254;80:e0:1d:e6:79:d0;LU-Guest;-83;90
5255;6c:5a:b0:3d:73:bf;Quanser_UVS-5G;-83;90
5256;6c:5a:b0:3d:73:c0;Quanser_UVS-5G;-72;90
5257;6c:5a:b0:3d:73:c1;Quanser_UVS;-60;90
5258;a4:6c:2a:e0:1f:b3;LU-Events;-75;90
5259;a4:6c:2a:e0:1f:b4;Free Tbaytel WiFi;-74;90
5260;a4:6c:2a:e0:1f:b0;LU-Guest;-75;90
5261;a4:6c:2a:e0:1f:b1;LakeheadU;-73;90
5262;a4:6c:2a:e0:1f:b2;eduroam;-72;90
5263;a4:6c:2a:e0:1f:bc;LU-Events;-84;90
5264;a4:6c:2a:e0:1f:bd;eduroam;-83;90
5265;a4:6c:2a:e0:1f:be;LakeheadU;-83;90
5266;a4:6c:2a:e0:1f:bf;LU-Guest;-85;90
5267;a4:6c:2a:e0:1f:bb;Free Tbaytel WiFi;-84;90
5268;80:e0:1d:e6:7b:32;eduroam;-77;91
5269;80:e0:1d:e6:7b:31;LakeheadU;-76;91
5270;80:e0:1d:e6:7b:34;Free Tbaytel WiFi;-77;91
5271;80:e0:1d:e6:7b:33;LU-Events;-75;91
5272;80:e0:1d:e6:7b:3d;eduroam;-89;91
5273;80:e0:1d:e6:7b:3c;LU-Events;-91;91
5274;80:e0:1d:e6:7b:3f;LU-Guest;-90;91
5275;80:e0:1d:e6:7b:3e;LakeheadU;-90;91
5276;80:e0:1d:c2:b3:92;eduroam;-85;91
5277;80:e0:1d:e6:7b:3b;Free Tbaytel WiFi;-89;91
5278;a4:6c:2a:e0:20:01;LakeheadU;-62;91
5279;a4:6c:2a:e0:20:00;LU-Guest;-64;91
5280;a4:6c:2a:e0:20:03;LU-Events;-62;91
5281;a4:6c:2a:e0:20:02;eduroam;-61;91
5282;a4:6c:2a:e0:20:04;Free Tbaytel WiFi;-62;91
5283;00:1f:33:bd:d5:34;Lab1012;-77;91
5284;c0:c1:c0:8e:e8:c5;unavailable;-66;91
5285;a4:6c:2a:e0:20:0f;LU-Guest;-66;91
5286;a4:6c:2a:e0:20:0c;LU-Events;-67;91
5287;a4:6c:2a:e0:20:0b;Free Tbaytel WiFi;-67;91
5288;a4:6c:2a:e0:20:0e;LakeheadU;-67;91
5289;a4:6c:2a:e0:20:0d;eduroam;-66;91
5290;80:e0:1d:c2:b7:f0;LU-Guest;-72;91
5291;80:e0:1d:c2:b7:f3;LU-Events;-71;91
5292;80:e0:1d:c2:b7:f4;Free Tbaytel WiFi;-71;91
5293;80:e0:1d:c2:b7:fd;eduroam;-83;91
5294;80:e0:1d:d9:e8:3d;LU-Events;-92;91
5295;80:e0:1d:d9:e8:3e;LU-Guest;-90;91
5296;80:e0:1d:ee:40:50;LU-Guest;-76;91
5297;80:e0:1d:ee:40:51;LakeheadU;-74;91
5298;80:e0:1d:ee:40:53;LU-Events;-75;91
5299;d8:b1:90:e1:26:a1;LakeheadU;-74;91
5300;d8:b1:90:e1:26:a4;Free Tbaytel WiFi;-74;91
5301;d8:b1:90:e1:26:a3;LU-Events;-73;91
5302;80:e0:1d:f0:90:d4;eduroam;-80;91
5303;80:e0:1d:f0:90:d2;LU-Events;-80;91
5304;80:e0:1d:f0:90:d1;LU-Guest;-81;91
5305;a6:d7:3c:91:f4:6a;DIRECT-1E4P4AT2020-EPL530UGUtE;-76;91
5306;d8:b1:90:e1:26:ac;LU-Events;-86;91
5307;80:e0:1d:ee:40:5c;LU-Events;-87;91
5308;80:e0:1d:ee:40:5e;LakeheadU;-87;91
5309;a4:6c:2a:d4:ba:53;LU-Events;-64;91
5310;a4:6c:2a:d4:ba:54;Free Tbaytel WiFi;-69;91
5311;a4:6c:2a:d4:ba:50;LU-Guest;-68;91
5312;a4:6c:2a:d4:ba:51;LakeheadU;-68;91
5313;a4:6c:2a:d4:ba:52;eduroam;-68;91
5314;a4:6c:2a:d4:ba:5c;LU-Events;-79;91
5315;a4:6c:2a:d4:ba:5e;LakeheadU;-80;91
5316;80:e0:1d:d9:e8:30;LakeheadU;-83;91
5317;ac:7a:56:c8:62:05;;-76;91
5318;d8:b1:90:df:9f:ee;LakeheadU;-83;91
5319;d8:b1:90:df:9f:ed;eduroam;-84;91
5320;d8:b1:90:df:9f:ec;LU-Events;-84;91
5321;d8:b1:90:df:9f:eb;Free Tbaytel WiFi;-84;91
5322;d8:b1:90:df:9f:ef;LU-Guest;-83;91
5323;d8:b1:90:df:9f:e4;Free Tbaytel WiFi;-67;91
5324;d8:b1:90:df:9f:e3;LU-Events;-66;91
5325;d8:b1:90:df:9f:e2;eduroam;-66;91
5326;d8:b1:90:df:9f:e1;LakeheadU;-65;91
5327;d8:b1:90:df:9f:e0;LU-Guest;-66;91
5328;ca:5a:b0:3d:73:c3;;-67;91
5329;a4:6c:2a:d3:f4:dc;LU-Events;-92;91
5330;80:e0:1d:d9:e9:2d;eduroam;-92;91
5331;a4:6c:2a:d3:f4:d3;LU-Events;-82;91
5332;80:e0:1d:d9:e9:22;eduroam;-82;91
5333;ba:5a:b0:3d:73:b1;;-81;91
5334;80:e0:1d:c1:ea:a3;LU-Events;-85;91
5335;a6:d7:3c:91:01:1c;DIRECT-1E48vEB2448B9GO7D;-80;91
5336;6c:5a:b0:3d:73:bf;Quanser_UVS-5G;-82;91
5337;6c:5a:b0:3d:73:c0;Quanser_UVS-5G;-72;91
5338;6c:5a:b0:3d:73:c1;Quanser_UVS;-69;91
5339;a4:6c:2a:e0:1f:b3;LU-Events;-80;91
5340;a4:6c:2a:e0:1f:bc;LU-Events;-89;91
5341;a4:6c:2a:e0:1f:bd;eduroam;-89;91
5342;a4:6c:2a:e0:1f:be;LakeheadU;-90;91
5343;a4:6c:2a:e0:1f:bf;LU-Guest;-90;91
5344;a4:6c:2a:e0:1f:bb;Free Tbaytel WiFi;-89;91
5345;80:e0:1d:e6:7b:32;eduroam;-77;92
5346;80:e0:1d:e6:7b:31;LakeheadU;-76;92
5347;80:e0:1d:e6:7b:34;Free Tbaytel WiFi;-77;92
5348;80:e0:1d:e6:7b:33;LU-Events;-75;92
5349;80:e0:1d:e6:7b:3d;eduroam;-89;92
5350;80:e0:1d:e6:7b:3c;LU-Events;-91;92
5351;80:e0:1d:e6:7b:3f;LU-Guest;-90;92
5352;80:e0:1d:e6:7b:3e;LakeheadU;-90;92
5353;80:e0:1d:c2:b3:92;eduroam;-85;92
5354;80:e0:1d:e6:7b:3b;Free Tbaytel WiFi;-89;92
5355;a4:6c:2a:e0:20:01;LakeheadU;-62;92
5356;a4:6c:2a:e0:20:00;LU-Guest;-64;92
5357;a4:6c:2a:e0:20:03;LU-Events;-62;92
5358;a4:6c:2a:e0:20:02;eduroam;-61;92
5359;a4:6c:2a:e0:20:04;Free Tbaytel WiFi;-62;92
5360;00:1f:33:bd:d5:34;Lab1012;-77;92
5361;c0:c1:c0:8e:e8:c5;unavailable;-66;92
5362;a4:6c:2a:e0:20:0f;LU-Guest;-66;92
5363;a4:6c:2a:e0:20:0c;LU-Events;-67;92
5364;a4:6c:2a:e0:20:0b;Free Tbaytel WiFi;-67;92
5365;a4:6c:2a:e0:20:0e;LakeheadU;-67;92
5366;a4:6c:2a:e0:20:0d;eduroam;-66;92
5367;80:e0:1d:c2:b7:f0;LU-Guest;-72;92
5368;80:e0:1d:c2:b7:f3;LU-Events;-71;92
5369;80:e0:1d:c2:b7:f4;Free Tbaytel WiFi;-71;92
5370;80:e0:1d:c2:b7:fd;eduroam;-83;92
5371;80:e0:1d:d9:e8:3d;LU-Events;-92;92
5372;80:e0:1d:d9:e8:3e;LU-Guest;-90;92
5373;80:e0:1d:ee:40:50;LU-Guest;-76;92
5374;80:e0:1d:ee:40:51;LakeheadU;-74;92
5375;80:e0:1d:ee:40:53;LU-Events;-75;92
5376;d8:b1:90:e1:26:a1;LakeheadU;-74;92
5377;d8:b1:90:e1:26:a4;Free Tbaytel WiFi;-74;92
5378;d8:b1:90:e1:26:a3;LU-Events;-73;92
5379;80:e0:1d:f0:90:d4;eduroam;-80;92
5380;80:e0:1d:f0:90:d2;LU-Events;-80;92
5381;80:e0:1d:f0:90:d1;LU-Guest;-81;92
5382;a6:d7:3c:91:f4:6a;DIRECT-1E4P4AT2020-EPL530UGUtE;-76;92
5383;d8:b1:90:e1:26:ac;LU-Events;-86;92
5384;80:e0:1d:ee:40:5c;LU-Events;-87;92
5385;80:e0:1d:ee:40:5e;LakeheadU;-87;92
5386;a4:6c:2a:d4:ba:53;LU-Events;-64;92
5387;a4:6c:2a:d4:ba:54;Free Tbaytel WiFi;-69;92
5388;a4:6c:2a:d4:ba:50;LU-Guest;-68;92
5389;a4:6c:2a:d4:ba:51;LakeheadU;-68;92
5390;a4:6c:2a:d4:ba:52;eduroam;-68;92
5391;a4:6c:2a:d4:ba:5c;LU-Events;-79;92
5392;a4:6c:2a:d4:ba:5e;LakeheadU;-80;92
5393;80:e0:1d:d9:e8:30;LakeheadU;-83;92
5394;ac:7a:56:c8:62:05;;-76;92
5395;d8:b1:90:df:9f:ee;LakeheadU;-83;92
5396;d8:b1:90:df:9f:ed;eduroam;-84;92
5397;d8:b1:90:df:9f:ec;LU-Events;-84;92
5398;d8:b1:90:df:9f:eb;Free Tbaytel WiFi;-84;92
5399;d8:b1:90:df:9f:ef;LU-Guest;-83;92
5400;d8:b1:90:df:9f:e4;Free Tbaytel WiFi;-67;92
5401;d8:b1:90:df:9f:e3;LU-Events;-66;92
5402;d8:b1:90:df:9f:e2;eduroam;-66;92
5403;d8:b1:90:df:9f:e1;LakeheadU;-65;92
5404;d8:b1:90:df:9f:e0;LU-Guest;-66;92
5405;ca:5a:b0:3d:73:c3;;-67;92
5406;a4:6c:2a:d3:f4:dc;LU-Events;-92;92
5407;80:e0:1d:d9:e9:2d;eduroam;-92;92
5408;a4:6c:2a:d3:f4:d3;LU-Events;-82;92
5409;80:e0:1d:d9:e9:22;eduroam;-82;92
5410;ba:5a:b0:3d:73:b1;;-81;92
5411;80:e0:1d:c1:ea:a3;LU-Events;-85;92
5412;a6:d7:3c:91:01:1c;DIRECT-1E48vEB2448B9GO7D;-80;92
5413;6c:5a:b0:3d:73:bf;Quanser_UVS-5G;-82;92
5414;6c:5a:b0:3d:73:c0;Quanser_UVS-5G;-72;92
5415;6c:5a:b0:3d:73:c1;Quanser_UVS;-69;92
5416;a4:6c:2a:e0:1f:b3;LU-Events;-80;92
5417;a4:6c:2a:e0:1f:bc;LU-Events;-89;92
5418;a4:6c:2a:e0:1f:bd;eduroam;-89;92
5419;a4:6c:2a:e0:1f:be;LakeheadU;-90;92
5420;a4:6c:2a:e0:1f:bf;LU-Guest;-90;92
5421;a4:6c:2a:e0:1f:bb;Free Tbaytel WiFi;-89;92
5422;80:e0:1d:e6:7b:32;eduroam;-77;93
5423;80:e0:1d:e6:7b:31;LakeheadU;-76;93
5424;80:e0:1d:e6:7b:34;Free Tbaytel WiFi;-77;93
5425;80:e0:1d:e6:7b:33;LU-Events;-75;93
5426;80:e0:1d:e6:7b:3d;eduroam;-89;93
5427;80:e0:1d:e6:7b:3c;LU-Events;-91;93
5428;80:e0:1d:e6:7b:3f;LU-Guest;-90;93
5429;80:e0:1d:e6:7b:3e;LakeheadU;-90;93
5430;80:e0:1d:c2:b3:92;eduroam;-85;93
5431;80:e0:1d:e6:7b:3b;Free Tbaytel WiFi;-89;93
5432;a4:6c:2a:e0:20:01;LakeheadU;-62;93
5433;a4:6c:2a:e0:20:00;LU-Guest;-64;93
5434;a4:6c:2a:e0:20:03;LU-Events;-62;93
5435;a4:6c:2a:e0:20:02;eduroam;-61;93
5436;a4:6c:2a:e0:20:04;Free Tbaytel WiFi;-62;93
5437;00:1f:33:bd:d5:34;Lab1012;-77;93
5438;c0:c1:c0:8e:e8:c5;unavailable;-66;93
5439;a4:6c:2a:e0:20:0f;LU-Guest;-66;93
5440;a4:6c:2a:e0:20:0c;LU-Events;-67;93
5441;a4:6c:2a:e0:20:0b;Free Tbaytel WiFi;-67;93
5442;a4:6c:2a:e0:20:0e;LakeheadU;-67;93
5443;a4:6c:2a:e0:20:0d;eduroam;-66;93
5444;80:e0:1d:c2:b7:f0;LU-Guest;-72;93
5445;80:e0:1d:c2:b7:f3;LU-Events;-71;93
5446;80:e0:1d:c2:b7:f4;Free Tbaytel WiFi;-71;93
5447;80:e0:1d:c2:b7:fd;eduroam;-83;93
5448;80:e0:1d:d9:e8:3d;LU-Events;-92;93
5449;80:e0:1d:d9:e8:3e;LU-Guest;-90;93
5450;80:e0:1d:ee:40:50;LU-Guest;-76;93
5451;80:e0:1d:ee:40:51;LakeheadU;-74;93
5452;80:e0:1d:ee:40:53;LU-Events;-75;93
5453;d8:b1:90:e1:26:a1;LakeheadU;-74;93
5454;d8:b1:90:e1:26:a4;Free Tbaytel WiFi;-74;93
5455;d8:b1:90:e1:26:a3;LU-Events;-73;93
5456;80:e0:1d:f0:90:d4;eduroam;-80;93
5457;80:e0:1d:f0:90:d2;LU-Events;-80;93
5458;80:e0:1d:f0:90:d1;LU-Guest;-81;93
5459;a6:d7:3c:91:f4:6a;DIRECT-1E4P4AT2020-EPL530UGUtE;-76;93
5460;d8:b1:90:e1:26:ac;LU-Events;-86;93
5461;80:e0:1d:ee:40:5c;LU-Events;-87;93
5462;80:e0:1d:ee:40:5e;LakeheadU;-87;93
5463;a4:6c:2a:d4:ba:53;LU-Events;-64;93
5464;a4:6c:2a:d4:ba:54;Free Tbaytel WiFi;-69;93
5465;a4:6c:2a:d4:ba:50;LU-Guest;-68;93
5466;a4:6c:2a:d4:ba:51;LakeheadU;-68;93
5467;a4:6c:2a:d4:ba:52;eduroam;-68;93
5468;a4:6c:2a:d4:ba:5c;LU-Events;-79;93
5469;a4:6c:2a:d4:ba:5e;LakeheadU;-80;93
5470;80:e0:1d:d9:e8:30;LakeheadU;-83;93
5471;ac:7a:56:c8:62:05;;-76;93
5472;d8:b1:90:df:9f:ee;LakeheadU;-83;93
5473;d8:b1:90:df:9f:ed;eduroam;-84;93
5474;d8:b1:90:df:9f:ec;LU-Events;-84;93
5475;d8:b1:90:df:9f:eb;Free Tbaytel WiFi;-84;93
5476;d8:b1:90:df:9f:ef;LU-Guest;-83;93
5477;d8:b1:90:df:9f:e4;Free Tbaytel WiFi;-67;93
5478;d8:b1:90:df:9f:e3;LU-Events;-66;93
5479;d8:b1:90:df:9f:e2;eduroam;-66;93
5480;d8:b1:90:df:9f:e1;LakeheadU;-65;93
5481;d8:b1:90:df:9f:e0;LU-Guest;-66;93
5482;ca:5a:b0:3d:73:c3;;-67;93
5483;a4:6c:2a:d3:f4:dc;LU-Events;-92;93
5484;80:e0:1d:d9:e9:2d;eduroam;-92;93
5485;a4:6c:2a:d3:f4:d3;LU-Events;-82;93
5486;80:e0:1d:d9:e9:22;eduroam;-82;93
5487;ba:5a:b0:3d:73:b1;;-81;93
5488;80:e0:1d:c1:ea:a3;LU-Events;-85;93
5489;a6:d7:3c:91:01:1c;DIRECT-1E48vEB2448B9GO7D;-80;93
5490;6c:5a:b0:3d:73:bf;Quanser_UVS-5G;-82;93
5491;6c:5a:b0:3d:73:c0;Quanser_UVS-5G;-72;93
5492;6c:5a:b0:3d:73:c1;Quanser_UVS;-69;93
5493;a4:6c:2a:e0:1f:b3;LU-Events;-80;93
5494;a4:6c:2a:e0:1f:bc;LU-Events;-89;93
5495;a4:6c:2a:e0:1f:bd;eduroam;-89;93
5496;a4:6c:2a:e0:1f:be;LakeheadU;-90;93
5497;a4:6c:2a:e0:1f:bf;LU-Guest;-90;93
5498;a4:6c:2a:e0:1f:bb;Free Tbaytel WiFi;-89;93
5499;d8:b1:90:e1:29:dc;LU-Events;-91;94
5500;d8:b1:90:e1:29:db;Free Tbaytel WiFi;-90;94
5501;d8:b1:90:e1:29:de;LakeheadU;-91;94
5502;80:e0:1d:e6:7b:30;LU-Guest;-77;94
5503;80:e0:1d:e6:7b:34;Free Tbaytel WiFi;-76;94
5504;80:e0:1d:e6:7b:3e;LakeheadU;-93;94
5505;80:e0:1d:c2:b3:94;Free Tbaytel WiFi;-83;94
5506;a4:6c:2a:e0:20:01;LakeheadU;-50;94
5507;a4:6c:2a:e0:20:00;LU-Guest;-51;94
5508;a4:6c:2a:e0:20:03;LU-Events;-79;94
5509;a4:6c:2a:e0:20:02;eduroam;-51;94
5510;a4:6c:2a:e0:20:04;Free Tbaytel WiFi;-50;94
5511;00:1f:33:bd:d5:34;Lab1012;-74;94
5512;c0:c1:c0:8e:e8:c5;unavailable;-66;94
5513;a4:6c:2a:e0:20:0f;LU-Guest;-61;94
5514;a4:6c:2a:e0:20:0c;LU-Events;-58;94
5515;a4:6c:2a:e0:20:0b;Free Tbaytel WiFi;-54;94
5516;a4:6c:2a:e0:20:0e;LakeheadU;-59;94
5517;a4:6c:2a:e0:20:0d;eduroam;-59;94
5518;80:e0:1d:c2:b7:f1;LakeheadU;-68;94
5519;80:e0:1d:c2:b7:ff;LU-Guest;-80;94
5520;80:e0:1d:c2:b7:fb;Free Tbaytel WiFi;-85;94
5521;80:e0:1d:c2:b7:fc;LU-Events;-79;94
5522;80:e0:1d:c2:b7:fd;eduroam;-80;94
5523;80:e0:1d:c2:b7:fe;LakeheadU;-80;94
5524;80:e0:1d:d9:e8:3d;LU-Events;-92;94
5525;80:e0:1d:d9:e8:3e;LU-Guest;-90;94
5526;80:e0:1d:ee:40:50;LU-Guest;-82;94
5527;80:e0:1d:ee:40:52;eduroam;-82;94
5528;80:e0:1d:ee:40:51;LakeheadU;-80;94
5529;80:e0:1d:ee:40:54;Free Tbaytel WiFi;-77;94
5530;d8:b1:90:e1:26:a0;LU-Guest;-66;94
5531;d8:b1:90:e1:26:a2;eduroam;-66;94
5532;d8:b1:90:e1:26:a1;LakeheadU;-66;94
5533;d8:b1:90:e1:26:a4;Free Tbaytel WiFi;-65;94
5534;d8:b1:90:e1:26:a3;LU-Events;-66;94
5535;80:e0:1d:f0:90:d3;Free Tbaytel WiFi;-80;94
5536;80:e0:1d:f0:90:d0;LakeheadU;-82;94
5537;a6:d7:3c:91:f4:6a;DIRECT-1E4P4AT2020-EPL530UGUtE;-80;94
5538;d8:b1:90:e1:26:ac;LU-Events;-84;94
5539;80:e0:1d:ee:40:5b;Free Tbaytel WiFi;-86;94
5540;80:e0:1d:ee:40:5c;LU-Events;-87;94
5541;80:e0:1d:ee:40:5f;LU-Guest;-90;94
5542;80:e0:1d:ee:40:5e;LakeheadU;-87;94
5543;a4:6c:2a:d4:ba:54;Free Tbaytel WiFi;-72;94
5544;a4:6c:2a:d4:ba:50;LU-Guest;-75;94
5545;a4:6c:2a:d4:ba:51;LakeheadU;-73;94
5546;a4:6c:2a:d4:ba:5e;LakeheadU;-89;94
5547;ac:7a:56:c8:62:01;LU-Events;-76;94
5548;80:e0:1d:af:1e:ce;LU-Guest;-92;94
5549;80:e0:1d:af:1e:cd;LU-Events;-93;94
5550;ac:7a:56:c8:62:02;;-75;94
5551;ac:7a:56:c8:62:07;eduroam;-89;94
5552;d8:b1:90:df:9f:ee;LakeheadU;-81;94
5553;d8:b1:90:df:9f:ed;eduroam;-81;94
5554;d8:b1:90:df:9f:ec;LU-Events;-81;94
5555;d8:b1:90:df:9f:eb;Free Tbaytel WiFi;-81;94
5556;d8:b1:90:df:9f:ef;LU-Guest;-81;94
5557;d8:b1:90:df:9f:e4;Free Tbaytel WiFi;-67;94
5558;d8:b1:90:df:9f:e3;LU-Events;-67;94
5559;d8:b1:90:df:9f:e2;eduroam;-65;94
5560;d8:b1:90:df:9f:e1;LakeheadU;-66;94
5561;d8:b1:90:df:9f:e0;LU-Guest;-65;94
5562;a4:6c:2a:d4:bb:03;LU-Events;-79;94
5563;a4:6c:2a:d4:bb:04;Free Tbaytel WiFi;-78;94
5564;ae:53:22:40:4e:04;NOSMConnect24;-86;94
5565;a4:6c:2a:d4:bb:00;LU-Guest;-79;94
5566;a4:6c:2a:d4:bb:01;LakeheadU;-77;94
5567;80:e0:1d:da:42:2c;LU-Events;-92;94
5568;80:e0:1d:af:1e:c1;LU-Guest;-85;94
5569;80:e0:1d:af:1e:c2;LU-Events;-85;94
5570;80:e0:1d:e6:9b:f0;LU-Guest;-83;94
5571;80:e0:1d:e6:9b:f3;LU-Events;-82;94
5572;80:e0:1d:e6:9b:f2;eduroam;-83;94
5573;a4:6c:2a:d3:f4:df;LU-Guest;-90;94
5574;a4:6c:2a:d3:f4:dd;eduroam;-93;94
5575;a4:6c:2a:d3:f4:db;Free Tbaytel WiFi;-90;94
5576;a4:6c:2a:d3:f4:dc;LU-Events;-90;94
5577;80:e0:1d:d9:e9:2e;LakeheadU;-92;94
5578;80:e0:1d:d9:e9:2b;Free Tbaytel WiFi;-91;94
5579;a4:6c:2a:d3:f4:d0;LU-Guest;-81;94
5580;a4:6c:2a:d3:f4:d1;LakeheadU;-80;94
5581;a4:6c:2a:d3:f4:d3;LU-Events;-80;94
5582;80:e0:1d:d9:e9:23;LU-Events;-81;94
5583;80:e0:1d:d9:e9:24;Free Tbaytel WiFi;-82;94
5584;80:e0:1d:d9:e9:21;LakeheadU;-81;94
5585;80:e0:1d:d9:e9:22;eduroam;-81;94
5586;ba:5a:b0:3d:73:b1;;-73;94
5587;a4:6c:2a:d4:bb:0d;eduroam;-93;94
5588;80:e0:1d:e6:79:dd;eduroam;-92;94
5589;6c:5a:b0:3d:73:bf;Quanser_UVS-5G;-73;94
5590;6c:5a:b0:3d:73:c0;Quanser_UVS-5G;-62;94
5591;6c:5a:b0:3d:73:c1;Quanser_UVS;-57;94
5592;a4:6c:2a:e0:1f:b3;LU-Events;-80;94
5593;a4:6c:2a:e0:1f:b0;LU-Guest;-81;94
5594;a4:6c:2a:e0:1f:bc;LU-Events;-92;94
5595;a4:6c:2a:e0:1f:bd;eduroam;-93;94
5596;a4:6c:2a:e0:1f:be;LakeheadU;-92;94
5597;a4:6c:2a:e0:1f:bf;LU-Guest;-90;94
5598;a4:6c:2a:e0:1f:bb;Free Tbaytel WiFi;-92;94
5599;d8:b1:90:e1:29:dc;LU-Events;-91;95
5600;d8:b1:90:e1:29:db;Free Tbaytel WiFi;-90;95
5601;d8:b1:90:e1:29:de;LakeheadU;-91;95
5602;80:e0:1d:e6:7b:30;LU-Guest;-77;95
5603;80:e0:1d:e6:7b:34;Free Tbaytel WiFi;-76;95
5604;80:e0:1d:e6:7b:3e;LakeheadU;-93;95
5605;80:e0:1d:c2:b3:94;Free Tbaytel WiFi;-83;95
5606;a4:6c:2a:e0:20:01;LakeheadU;-50;95
5607;a4:6c:2a:e0:20:00;LU-Guest;-51;95
5608;a4:6c:2a:e0:20:03;LU-Events;-79;95
5609;a4:6c:2a:e0:20:02;eduroam;-51;95
5610;a4:6c:2a:e0:20:04;Free Tbaytel WiFi;-50;95
5611;00:1f:33:bd:d5:34;Lab1012;-74;95
5612;c0:c1:c0:8e:e8:c5;unavailable;-66;95
5613;a4:6c:2a:e0:20:0f;LU-Guest;-61;95
5614;a4:6c:2a:e0:20:0c;LU-Events;-58;95
5615;a4:6c:2a:e0:20:0b;Free Tbaytel WiFi;-54;95
5616;a4:6c:2a:e0:20:0e;LakeheadU;-59;95
5617;a4:6c:2a:e0:20:0d;eduroam;-59;95
5618;80:e0:1d:c2:b7:f1;LakeheadU;-68;95
5619;80:e0:1d:c2:b7:ff;LU-Guest;-80;95
5620;80:e0:1d:c2:b7:fb;Free Tbaytel WiFi;-85;95
5621;80:e0:1d:c2:b7:fc;LU-Events;-79;95
5622;80:e0:1d:c2:b7:fd;eduroam;-80;95
5623;80:e0:1d:c2:b7:fe;LakeheadU;-80;95
5624;80:e0:1d:ee:40:50;LU-Guest;-82;95
5625;80:e0:1d:ee:40:52;eduroam;-82;95
5626;80:e0:1d:ee:40:51;LakeheadU;-80;95
5627;80:e0:1d:ee:40:54;Free Tbaytel WiFi;-77;95
5628;d8:b1:90:e1:26:a0;LU-Guest;-66;95
5629;d8:b1:90:e1:26:a2;eduroam;-66;95
5630;d8:b1:90:e1:26:a1;LakeheadU;-66;95
5631;d8:b1:90:e1:26:a4;Free Tbaytel WiFi;-65;95
5632;d8:b1:90:e1:26:a3;LU-Events;-66;95
5633;80:e0:1d:f0:90:d3;Free Tbaytel WiFi;-80;95
5634;80:e0:1d:f0:90:d0;LakeheadU;-82;95
5635;a6:d7:3c:91:f4:6a;DIRECT-1E4P4AT2020-EPL530UGUtE;-80;95
5636;d8:b1:90:e1:26:ac;LU-Events;-84;95
5637;80:e0:1d:ee:40:5b;Free Tbaytel WiFi;-86;95
5638;80:e0:1d:ee:40:5f;LU-Guest;-90;95
5639;a4:6c:2a:d4:ba:54;Free Tbaytel WiFi;-72;95
5640;a4:6c:2a:d4:ba:50;LU-Guest;-75;95
5641;a4:6c:2a:d4:ba:51;LakeheadU;-73;95
5642;a4:6c:2a:d4:ba:5e;LakeheadU;-89;95
5643;ac:7a:56:c8:62:01;LU-Events;-76;95
5644;80:e0:1d:af:1e:ce;LU-Guest;-92;95
5645;80:e0:1d:af:1e:cd;LU-Events;-93;95
5646;ac:7a:56:c8:62:02;;-75;95
5647;ac:7a:56:c8:62:07;eduroam;-89;95
5648;d8:b1:90:df:9f:ee;LakeheadU;-81;95
5649;d8:b1:90:df:9f:ed;eduroam;-81;95
5650;d8:b1:90:df:9f:ec;LU-Events;-81;95
5651;d8:b1:90:df:9f:eb;Free Tbaytel WiFi;-81;95
5652;d8:b1:90:df:9f:ef;LU-Guest;-81;95
5653;d8:b1:90:df:9f:e4;Free Tbaytel WiFi;-67;95
5654;d8:b1:90:df:9f:e3;LU-Events;-67;95
5655;d8:b1:90:df:9f:e2;eduroam;-65;95
5656;d8:b1:90:df:9f:e1;LakeheadU;-66;95
5657;d8:b1:90:df:9f:e0;LU-Guest;-65;95
5658;a4:6c:2a:d4:bb:03;LU-Events;-79;95
5659;a4:6c:2a:d4:bb:04;Free Tbaytel WiFi;-78;95
5660;ae:53:22:40:4e:04;NOSMConnect24;-86;95
5661;a4:6c:2a:d4:bb:00;LU-Guest;-79;95
5662;a4:6c:2a:d4:bb:01;LakeheadU;-77;95
5663;80:e0:1d:da:42:2c;LU-Events;-92;95
5664;80:e0:1d:af:1e:c1;LU-Guest;-85;95
5665;80:e0:1d:af:1e:c2;LU-Events;-85;95
5666;80:e0:1d:e6:9b:f0;LU-Guest;-83;95
5667;80:e0:1d:e6:9b:f3;LU-Events;-82;95
5668;80:e0:1d:e6:9b:f2;eduroam;-83;95
5669;a4:6c:2a:d3:f4:df;LU-Guest;-90;95
5670;a4:6c:2a:d3:f4:dd;eduroam;-93;95
5671;a4:6c:2a:d3:f4:db;Free Tbaytel WiFi;-90;95
5672;a4:6c:2a:d3:f4:dc;LU-Events;-90;95
5673;80:e0:1d:d9:e9:2e;LakeheadU;-92;95
5674;80:e0:1d:d9:e9:2b;Free Tbaytel WiFi;-91;95
5675;a4:6c:2a:d3:f4:d0;LU-Guest;-81;95
5676;a4:6c:2a:d3:f4:d1;LakeheadU;-80;95
5677;a4:6c:2a:d3:f4:d3;LU-Events;-80;95
5678;80:e0:1d:d9:e9:23;LU-Events;-81;95
5679;80:e0:1d:d9:e9:24;Free Tbaytel WiFi;-82;95
5680;80:e0:1d:d9:e9:21;LakeheadU;-81;95
5681;80:e0:1d:d9:e9:22;eduroam;-81;95
5682;ba:5a:b0:3d:73:b1;;-73;95
5683;a4:6c:2a:d4:bb:0d;eduroam;-93;95
5684;80:e0:1d:e6:79:dd;eduroam;-92;95
5685;6c:5a:b0:3d:73:bf;Quanser_UVS-5G;-73;95
5686;6c:5a:b0:3d:73:c0;Quanser_UVS-5G;-62;95
5687;6c:5a:b0:3d:73:c1;Quanser_UVS;-57;95
5688;a4:6c:2a:e0:1f:b3;LU-Events;-80;95
5689;a4:6c:2a:e0:1f:b0;LU-Guest;-81;95
5690;a4:6c:2a:e0:1f:bc;LU-Events;-92;95
5691;a4:6c:2a:e0:1f:bd;eduroam;-93;95
5692;a4:6c:2a:e0:1f:be;LakeheadU;-92;95
5693;a4:6c:2a:e0:1f:bf;LU-Guest;-90;95
5694;a4:6c:2a:e0:1f:bb;Free Tbaytel WiFi;-92;95
5695;d8:b1:90:e1:29:dc;LU-Events;-91;96
5696;d8:b1:90:e1:29:db;Free Tbaytel WiFi;-90;96
5697;d8:b1:90:e1:29:de;LakeheadU;-91;96
5698;80:e0:1d:e6:7b:30;LU-Guest;-77;96
5699;80:e0:1d:e6:7b:34;Free Tbaytel WiFi;-76;96
5700;80:e0:1d:e6:7b:3e;LakeheadU;-93;96
5701;80:e0:1d:c2:b3:94;Free Tbaytel WiFi;-83;96
5702;a4:6c:2a:e0:20:01;LakeheadU;-50;96
5703;a4:6c:2a:e0:20:00;LU-Guest;-51;96
5704;a4:6c:2a:e0:20:03;LU-Events;-79;96
5705;a4:6c:2a:e0:20:02;eduroam;-51;96
5706;a4:6c:2a:e0:20:04;Free Tbaytel WiFi;-50;96
5707;00:1f:33:bd:d5:34;Lab1012;-74;96
5708;c0:c1:c0:8e:e8:c5;unavailable;-66;96
5709;a4:6c:2a:e0:20:0f;LU-Guest;-61;96
5710;a4:6c:2a:e0:20:0c;LU-Events;-58;96
5711;a4:6c:2a:e0:20:0b;Free Tbaytel WiFi;-54;96
5712;a4:6c:2a:e0:20:0e;LakeheadU;-59;96
5713;a4:6c:2a:e0:20:0d;eduroam;-59;96
5714;80:e0:1d:c2:b7:f1;LakeheadU;-68;96
5715;80:e0:1d:c2:b7:ff;LU-Guest;-80;96
5716;80:e0:1d:c2:b7:fb;Free Tbaytel WiFi;-85;96
5717;80:e0:1d:c2:b7:fc;LU-Events;-79;96
5718;80:e0:1d:c2:b7:fd;eduroam;-80;96
5719;80:e0:1d:c2:b7:fe;LakeheadU;-80;96
5720;80:e0:1d:ee:40:50;LU-Guest;-82;96
5721;80:e0:1d:ee:40:52;eduroam;-82;96
5722;80:e0:1d:ee:40:51;LakeheadU;-80;96
5723;80:e0:1d:ee:40:54;Free Tbaytel WiFi;-77;96
5724;d8:b1:90:e1:26:a0;LU-Guest;-66;96
5725;d8:b1:90:e1:26:a2;eduroam;-66;96
5726;d8:b1:90:e1:26:a1;LakeheadU;-66;96
5727;d8:b1:90:e1:26:a4;Free Tbaytel WiFi;-65;96
5728;d8:b1:90:e1:26:a3;LU-Events;-66;96
5729;80:e0:1d:f0:90:d3;Free Tbaytel WiFi;-80;96
5730;80:e0:1d:f0:90:d0;LakeheadU;-82;96
5731;a6:d7:3c:91:f4:6a;DIRECT-1E4P4AT2020-EPL530UGUtE;-80;96
5732;d8:b1:90:e1:26:ac;LU-Events;-84;96
5733;80:e0:1d:ee:40:5b;Free Tbaytel WiFi;-86;96
5734;80:e0:1d:ee:40:5f;LU-Guest;-90;96
5735;a4:6c:2a:d4:ba:54;Free Tbaytel WiFi;-72;96
5736;a4:6c:2a:d4:ba:50;LU-Guest;-75;96
5737;a4:6c:2a:d4:ba:51;LakeheadU;-73;96
5738;a4:6c:2a:d4:ba:5e;LakeheadU;-89;96
5739;ac:7a:56:c8:62:01;LU-Events;-76;96
5740;80:e0:1d:af:1e:ce;LU-Guest;-92;96
5741;80:e0:1d:af:1e:cd;LU-Events;-93;96
5742;ac:7a:56:c8:62:02;;-75;96
5743;ac:7a:56:c8:62:07;eduroam;-89;96
5744;d8:b1:90:df:9f:ee;LakeheadU;-81;96
5745;d8:b1:90:df:9f:ed;eduroam;-81;96
5746;d8:b1:90:df:9f:ec;LU-Events;-81;96
5747;d8:b1:90:df:9f:eb;Free Tbaytel WiFi;-81;96
5748;d8:b1:90:df:9f:ef;LU-Guest;-81;96
5749;d8:b1:90:df:9f:e4;Free Tbaytel WiFi;-67;96
5750;d8:b1:90:df:9f:e3;LU-Events;-67;96
5751;d8:b1:90:df:9f:e2;eduroam;-65;96
5752;d8:b1:90:df:9f:e1;LakeheadU;-66;96
5753;d8:b1:90:df:9f:e0;LU-Guest;-65;96
5754;a4:6c:2a:d4:bb:03;LU-Events;-79;96
5755;a4:6c:2a:d4:bb:04;Free Tbaytel WiFi;-78;96
5756;ae:53:22:40:4e:04;NOSMConnect24;-86;96
5757;a4:6c:2a:d4:bb:00;LU-Guest;-79;96
5758;a4:6c:2a:d4:bb:01;LakeheadU;-77;96
5759;80:e0:1d:da:42:2c;LU-Events;-92;96
5760;80:e0:1d:af:1e:c1;LU-Guest;-85;96
5761;80:e0:1d:af:1e:c2;LU-Events;-85;96
5762;80:e0:1d:e6:9b:f0;LU-Guest;-83;96
5763;80:e0:1d:e6:9b:f3;LU-Events;-82;96
5764;80:e0:1d:e6:9b:f2;eduroam;-83;96
5765;a4:6c:2a:d3:f4:df;LU-Guest;-90;96
5766;a4:6c:2a:d3:f4:dd;eduroam;-93;96
5767;a4:6c:2a:d3:f4:db;Free Tbaytel WiFi;-90;96
5768;a4:6c:2a:d3:f4:dc;LU-Events;-90;96
5769;80:e0:1d:d9:e9:2e;LakeheadU;-92;96
5770;80:e0:1d:d9:e9:2b;Free Tbaytel WiFi;-91;96
5771;a4:6c:2a:d3:f4:d0;LU-Guest;-81;96
5772;a4:6c:2a:d3:f4:d1;LakeheadU;-80;96
5773;a4:6c:2a:d3:f4:d3;LU-Events;-80;96
5774;80:e0:1d:d9:e9:23;LU-Events;-81;96
5775;80:e0:1d:d9:e9:24;Free Tbaytel WiFi;-82;96
5776;80:e0:1d:d9:e9:21;LakeheadU;-81;96
5777;80:e0:1d:d9:e9:22;eduroam;-81;96
5778;ba:5a:b0:3d:73:b1;;-73;96
5779;a4:6c:2a:d4:bb:0d;eduroam;-93;96
5780;80:e0:1d:e6:79:dd;eduroam;-92;96
5781;6c:5a:b0:3d:73:bf;Quanser_UVS-5G;-73;96
5782;6c:5a:b0:3d:73:c0;Quanser_UVS-5G;-62;96
5783;6c:5a:b0:3d:73:c1;Quanser_UVS;-57;96
5784;a4:6c:2a:e0:1f:b3;LU-Events;-80;96
5785;a4:6c:2a:e0:1f:b0;LU-Guest;-81;96
5786;a4:6c:2a:e0:1f:bc;LU-Events;-92;96
5787;a4:6c:2a:e0:1f:bd;eduroam;-93;96
5788;a4:6c:2a:e0:1f:be;LakeheadU;-92;96
5789;a4:6c:2a:e0:1f:bf;LU-Guest;-90;96
5790;a4:6c:2a:e0:1f:bb;Free Tbaytel WiFi;-92;96
5791;d8:b1:90:e1:29:dc;LU-Events;-87;97
5792;d8:b1:90:e1:29:db;Free Tbaytel WiFi;-89;97
5793;d8:b1:90:e1:29:de;LakeheadU;-88;97
5794;80:e0:1d:e6:7b:31;LakeheadU;-83;97
5795;80:e0:1d:c2:b3:94;Free Tbaytel WiFi;-83;97
5796;a4:6c:2a:e0:20:01;LakeheadU;-43;97
5797;a4:6c:2a:e0:20:00;LU-Guest;-44;97
5798;a4:6c:2a:e0:20:03;LU-Events;-43;97
5799;a4:6c:2a:e0:20:02;eduroam;-42;97
5800;a4:6c:2a:e0:20:04;Free Tbaytel WiFi;-43;97
5801;00:1f:33:bd:d5:34;Lab1012;-74;97
5802;c0:c1:c0:8e:e8:c5;unavailable;-64;97
5803;a4:6c:2a:e0:20:0f;LU-Guest;-48;97
5804;a4:6c:2a:e0:20:0c;LU-Events;-47;97
5805;a4:6c:2a:e0:20:0b;Free Tbaytel WiFi;-51;97
5806;a4:6c:2a:e0:20:0e;LakeheadU;-47;97
5807;a4:6c:2a:e0:20:0d;eduroam;-49;97
5808;80:e0:1d:c2:b7:f1;LakeheadU;-68;97
5809;80:e0:1d:c2:b7:ff;LU-Guest;-80;97
5810;80:e0:1d:c2:b7:fb;Free Tbaytel WiFi;-80;97
5811;80:e0:1d:c2:b7:fc;LU-Events;-80;97
5812;80:e0:1d:c2:b7:fd;eduroam;-81;97
5813;80:e0:1d:c2:b7:fe;LakeheadU;-80;97
5814;80:e0:1d:ee:40:50;LU-Guest;-82;97
5815;80:e0:1d:ee:40:52;eduroam;-82;97
5816;d8:b1:90:e1:26:a0;LU-Guest;-77;97
5817;d8:b1:90:e1:26:a2;eduroam;-74;97
5818;d8:b1:90:e1:26:a1;LakeheadU;-73;97
5819;d8:b1:90:e1:26:a4;Free Tbaytel WiFi;-72;97
5820;d8:b1:90:e1:26:a3;LU-Events;-72;97
5821;80:e0:1d:f0:90:d3;Free Tbaytel WiFi;-80;97
5822;80:e0:1d:f0:90:d1;LU-Guest;-84;97
5823;a6:d7:3c:91:f4:6a;DIRECT-1E4P4AT2020-EPL530UGUtE;-80;97
5824;d8:b1:90:e1:26:ab;Free Tbaytel WiFi;-85;97
5825;d8:b1:90:e1:26:ac;LU-Events;-85;97
5826;d8:b1:90:e1:26:af;LU-Guest;-86;97
5827;80:e0:1d:ee:40:5b;Free Tbaytel WiFi;-90;97
5828;80:e0:1d:ee:40:5f;LU-Guest;-91;97
5829;a4:6c:2a:d4:ba:54;Free Tbaytel WiFi;-72;97
5830;a4:6c:2a:d4:ba:50;LU-Guest;-75;97
5831;a4:6c:2a:d4:ba:51;LakeheadU;-73;97
5832;a4:6c:2a:d4:ba:5c;LU-Events;-89;97
5833;a4:6c:2a:d4:ba:5e;LakeheadU;-89;97
5834;ac:7a:56:c8:62:01;LU-Events;-76;97
5835;80:e0:1d:af:1e:ce;LU-Guest;-92;97
5836;80:e0:1d:af:1e:cd;LU-Events;-93;97
5837;ac:7a:56:c8:62:02;;-75;97
5838;80:e0:1d:af:1e:cf;LakeheadU;-91;97
5839;ac:7a:56:c8:62:07;eduroam;-89;97
5840;d8:b1:90:df:9f:ee;LakeheadU;-81;97
5841;d8:b1:90:df:9f:ed;eduroam;-81;97
5842;d8:b1:90:df:9f:ec;LU-Events;-81;97
5843;d8:b1:90:df:9f:eb;Free Tbaytel WiFi;-81;97
5844;d8:b1:90:df:9f:ef;LU-Guest;-81;97
5845;d8:b1:90:df:9f:e4;Free Tbaytel WiFi;-61;97
5846;d8:b1:90:df:9f:e3;LU-Events;-62;97
5847;d8:b1:90:df:9f:e2;eduroam;-62;97
5848;d8:b1:90:df:9f:e1;LakeheadU;-62;97
5849;d8:b1:90:df:9f:e0;LU-Guest;-62;97
5850;a4:6c:2a:d4:bb:03;LU-Events;-79;97
5851;a4:6c:2a:d4:bb:04;Free Tbaytel WiFi;-71;97
5852;ae:53:22:40:4e:04;NOSMConnect24;-86;97
5853;a4:6c:2a:d4:bb:00;LU-Guest;-71;97
5854;a4:6c:2a:d4:bb:01;LakeheadU;-71;97
5855;a4:6c:2a:d4:bb:02;eduroam;-72;97
5856;80:e0:1d:da:42:2c;LU-Events;-92;97
5857;80:e0:1d:e6:9b:f0;LU-Guest;-83;97
5858;80:e0:1d:e6:9b:f3;LU-Events;-82;97
5859;80:e0:1d:e6:9b:f2;eduroam;-83;97
5860;a4:6c:2a:d3:f4:df;LU-Guest;-87;97
5861;a4:6c:2a:d3:f4:dd;eduroam;-86;97
5862;a4:6c:2a:d3:f4:db;Free Tbaytel WiFi;-86;97
5863;a4:6c:2a:d3:f4:dc;LU-Events;-90;97
5864;80:e0:1d:d9:e9:2e;LakeheadU;-92;97
5865;80:e0:1d:d9:e9:2b;Free Tbaytel WiFi;-91;97
5866;a4:6c:2a:d3:f4:d0;LU-Guest;-73;97
5867;a4:6c:2a:d3:f4:d1;LakeheadU;-73;97
5868;a4:6c:2a:d3:f4:d4;Free Tbaytel WiFi;-73;97
5869;a4:6c:2a:d3:f4:d2;eduroam;-72;97
5870;a4:6c:2a:d3:f4:d3;LU-Events;-73;97
5871;80:e0:1d:d9:e9:23;LU-Events;-81;97
5872;80:e0:1d:d9:e9:24;Free Tbaytel WiFi;-82;97
5873;80:e0:1d:d9:e9:21;LakeheadU;-81;97
5874;80:e0:1d:d9:e9:22;eduroam;-81;97
5875;a4:6c:2a:d4:bb:0c;LU-Events;-89;97
5876;a4:6c:2a:d4:bb:0d;eduroam;-89;97
5877;a4:6c:2a:d4:bb:0e;LakeheadU;-88;97
5878;a4:6c:2a:d4:bb:0f;LU-Guest;-89;97
5879;a4:6c:2a:d4:bb:0b;Free Tbaytel WiFi;-90;97
5880;80:e0:1d:e6:79:d2;eduroam;-76;97
5881;80:e0:1d:e6:79:d1;LakeheadU;-77;97
5882;80:e0:1d:e6:79:d0;LU-Guest;-76;97
5883;80:e0:1d:e6:79:d4;Free Tbaytel WiFi;-78;97
5884;80:e0:1d:e6:79:d3;LU-Events;-77;97
5885;80:e0:1d:e6:79:db;Free Tbaytel WiFi;-88;97
5886;80:e0:1d:e6:79:df;LU-Guest;-88;97
5887;80:e0:1d:e6:79:dd;eduroam;-92;97
5888;6c:5a:b0:3d:73:bf;Quanser_UVS-5G;-73;97
5889;6c:5a:b0:3d:73:c0;Quanser_UVS-5G;-62;97
5890;6c:5a:b0:3d:73:c1;Quanser_UVS;-57;97
5891;a4:6c:2a:e0:1f:b3;LU-Events;-80;97
5892;a4:6c:2a:e0:1f:b0;LU-Guest;-81;97
5893;d8:b1:90:e1:29:d4;Free Tbaytel WiFi;-81;97
5894;d8:b1:90:e1:29:d1;LakeheadU;-80;97
5895;d8:b1:90:e1:29:d2;eduroam;-80;97
5896;a4:6c:2a:e0:1f:bc;LU-Events;-92;97
5897;a4:6c:2a:e0:1f:bd;eduroam;-93;97
5898;a4:6c:2a:e0:1f:be;LakeheadU;-92;97
5899;a4:6c:2a:e0:1f:bf;LU-Guest;-90;97
5900;a4:6c:2a:e0:1f:bb;Free Tbaytel WiFi;-92;97
5901;d8:b1:90:e1:29:dc;LU-Events;-87;98
5902;d8:b1:90:e1:29:db;Free Tbaytel WiFi;-89;98
5903;d8:b1:90:e1:29:de;LakeheadU;-88;98
5904;80:e0:1d:e6:7b:31;LakeheadU;-83;98
5905;a4:6c:2a:e0:20:01;LakeheadU;-43;98
5906;a4:6c:2a:e0:20:00;LU-Guest;-44;98
5907;a4:6c:2a:e0:20:03;LU-Events;-43;98
5908;a4:6c:2a:e0:20:02;eduroam;-42;98
5909;a4:6c:2a:e0:20:04;Free Tbaytel WiFi;-43;98
5910;c0:c1:c0:8e:e8:c5;unavailable;-64;98
5911;a4:6c:2a:e0:20:0f;LU-Guest;-48;98
5912;a4:6c:2a:e0:20:0c;LU-Events;-47;98
5913;a4:6c:2a:e0:20:0b;Free Tbaytel WiFi;-51;98
5914;a4:6c:2a:e0:20:0e;LakeheadU;-47;98
5915;a4:6c:2a:e0:20:0d;eduroam;-49;98
5916;80:e0:1d:c2:b7:fb;Free Tbaytel WiFi;-80;98
5917;80:e0:1d:c2:b7:fc;LU-Events;-80;98
5918;80:e0:1d:c2:b7:fd;eduroam;-81;98
5919;80:e0:1d:c2:b7:fe;LakeheadU;-80;98
5920;d8:b1:90:e1:26:a0;LU-Guest;-77;98
5921;d8:b1:90:e1:26:a2;eduroam;-74;98
5922;d8:b1:90:e1:26:a1;LakeheadU;-73;98
5923;d8:b1:90:e1:26:a4;Free Tbaytel WiFi;-72;98
5924;d8:b1:90:e1:26:a3;LU-Events;-72;98
5925;80:e0:1d:f0:90:d1;LU-Guest;-84;98
5926;d8:b1:90:e1:26:ab;Free Tbaytel WiFi;-85;98
5927;d8:b1:90:e1:26:ac;LU-Events;-85;98
5928;d8:b1:90:e1:26:af;LU-Guest;-86;98
5929;80:e0:1d:ee:40:5b;Free Tbaytel WiFi;-90;98
5930;80:e0:1d:ee:40:5f;LU-Guest;-91;98
5931;a4:6c:2a:d4:ba:5c;LU-Events;-89;98
5932;80:e0:1d:af:1e:cf;LakeheadU;-91;98
5933;d8:b1:90:df:9f:ee;LakeheadU;-81;98
5934;d8:b1:90:df:9f:ed;eduroam;-81;98
5935;d8:b1:90:df:9f:ec;LU-Events;-81;98
5936;d8:b1:90:df:9f:eb;Free Tbaytel WiFi;-81;98
5937;d8:b1:90:df:9f:ef;LU-Guest;-81;98
5938;d8:b1:90:df:9f:e4;Free Tbaytel WiFi;-61;98
5939;d8:b1:90:df:9f:e3;LU-Events;-62;98
5940;d8:b1:90:df:9f:e2;eduroam;-62;98
5941;d8:b1:90:df:9f:e1;LakeheadU;-62;98
5942;d8:b1:90:df:9f:e0;LU-Guest;-62;98
5943;a4:6c:2a:d4:bb:04;Free Tbaytel WiFi;-71;98
5944;a4:6c:2a:d4:bb:00;LU-Guest;-71;98
5945;a4:6c:2a:d4:bb:01;LakeheadU;-71;98
5946;a4:6c:2a:d4:bb:02;eduroam;-72;98
5947;a4:6c:2a:d3:f4:df;LU-Guest;-87;98
5948;a4:6c:2a:d3:f4:dd;eduroam;-86;98
5949;a4:6c:2a:d3:f4:db;Free Tbaytel WiFi;-86;98
5950;a4:6c:2a:d3:f4:d0;LU-Guest;-73;98
5951;a4:6c:2a:d3:f4:d1;LakeheadU;-73;98
5952;a4:6c:2a:d3:f4:d4;Free Tbaytel WiFi;-73;98
5953;a4:6c:2a:d3:f4:d2;eduroam;-72;98
5954;a4:6c:2a:d3:f4:d3;LU-Events;-73;98
5955;a4:6c:2a:d4:bb:0c;LU-Events;-89;98
5956;a4:6c:2a:d4:bb:0d;eduroam;-89;98
5957;a4:6c:2a:d4:bb:0e;LakeheadU;-88;98
5958;a4:6c:2a:d4:bb:0f;LU-Guest;-89;98
5959;a4:6c:2a:d4:bb:0b;Free Tbaytel WiFi;-90;98
5960;80:e0:1d:e6:79:d2;eduroam;-76;98
5961;80:e0:1d:e6:79:d1;LakeheadU;-77;98
5962;80:e0:1d:e6:79:d0;LU-Guest;-76;98
5963;80:e0:1d:e6:79:d4;Free Tbaytel WiFi;-78;98
5964;80:e0:1d:e6:79:d3;LU-Events;-77;98
5965;80:e0:1d:e6:79:db;Free Tbaytel WiFi;-88;98
5966;80:e0:1d:e6:79:df;LU-Guest;-88;98
5967;6c:5a:b0:3d:73:bf;Quanser_UVS-5G;-73;98
5968;6c:5a:b0:3d:73:c0;Quanser_UVS-5G;-62;98
5969;d8:b1:90:e1:29:d4;Free Tbaytel WiFi;-81;98
5970;d8:b1:90:e1:29:d1;LakeheadU;-80;98
5971;d8:b1:90:e1:29:d2;eduroam;-80;98
5972;d8:b1:90:e1:29:dc;LU-Events;-87;99
5973;d8:b1:90:e1:29:db;Free Tbaytel WiFi;-89;99
5974;d8:b1:90:e1:29:de;LakeheadU;-88;99
5975;80:e0:1d:e6:7b:31;LakeheadU;-83;99
5976;a4:6c:2a:e0:20:01;LakeheadU;-43;99
5977;a4:6c:2a:e0:20:00;LU-Guest;-44;99
5978;a4:6c:2a:e0:20:03;LU-Events;-43;99
5979;a4:6c:2a:e0:20:02;eduroam;-42;99
5980;a4:6c:2a:e0:20:04;Free Tbaytel WiFi;-43;99
5981;c0:c1:c0:8e:e8:c5;unavailable;-64;99
5982;a4:6c:2a:e0:20:0f;LU-Guest;-48;99
5983;a4:6c:2a:e0:20:0c;LU-Events;-47;99
5984;a4:6c:2a:e0:20:0b;Free Tbaytel WiFi;-51;99
5985;a4:6c:2a:e0:20:0e;LakeheadU;-47;99
5986;a4:6c:2a:e0:20:0d;eduroam;-49;99
5987;80:e0:1d:c2:b7:fb;Free Tbaytel WiFi;-80;99
5988;80:e0:1d:c2:b7:fc;LU-Events;-80;99
5989;80:e0:1d:c2:b7:fd;eduroam;-81;99
5990;80:e0:1d:c2:b7:fe;LakeheadU;-80;99
5991;d8:b1:90:e1:26:a0;LU-Guest;-77;99
5992;d8:b1:90:e1:26:a2;eduroam;-74;99
5993;d8:b1:90:e1:26:a1;LakeheadU;-73;99
5994;d8:b1:90:e1:26:a4;Free Tbaytel WiFi;-72;99
5995;d8:b1:90:e1:26:a3;LU-Events;-72;99
5996;80:e0:1d:f0:90:d1;LU-Guest;-84;99
5997;d8:b1:90:e1:26:ab;Free Tbaytel WiFi;-85;99
5998;d8:b1:90:e1:26:ac;LU-Events;-85;99
5999;d8:b1:90:e1:26:af;LU-Guest;-86;99
6000;80:e0:1d:ee:40:5b;Free Tbaytel WiFi;-90;99
6001;80:e0:1d:ee:40:5f;LU-Guest;-91;99
6002;a4:6c:2a:d4:ba:5c;LU-Events;-89;99
6003;80:e0:1d:af:1e:cf;LakeheadU;-91;99
6004;d8:b1:90:df:9f:ee;LakeheadU;-81;99
6005;d8:b1:90:df:9f:ed;eduroam;-81;99
6006;d8:b1:90:df:9f:ec;LU-Events;-81;99
6007;d8:b1:90:df:9f:eb;Free Tbaytel WiFi;-81;99
6008;d8:b1:90:df:9f:ef;LU-Guest;-81;99
6009;d8:b1:90:df:9f:e4;Free Tbaytel WiFi;-61;99
6010;d8:b1:90:df:9f:e3;LU-Events;-62;99
6011;d8:b1:90:df:9f:e2;eduroam;-62;99
6012;d8:b1:90:df:9f:e1;LakeheadU;-62;99
6013;d8:b1:90:df:9f:e0;LU-Guest;-62;99
6014;a4:6c:2a:d4:bb:04;Free Tbaytel WiFi;-71;99
6015;a4:6c:2a:d4:bb:00;LU-Guest;-71;99
6016;a4:6c:2a:d4:bb:01;LakeheadU;-71;99
6017;a4:6c:2a:d4:bb:02;eduroam;-72;99
6018;a4:6c:2a:d3:f4:df;LU-Guest;-87;99
6019;a4:6c:2a:d3:f4:dd;eduroam;-86;99
6020;a4:6c:2a:d3:f4:db;Free Tbaytel WiFi;-86;99
6021;a4:6c:2a:d3:f4:d0;LU-Guest;-73;99
6022;a4:6c:2a:d3:f4:d1;LakeheadU;-73;99
6023;a4:6c:2a:d3:f4:d4;Free Tbaytel WiFi;-73;99
6024;a4:6c:2a:d3:f4:d2;eduroam;-72;99
6025;a4:6c:2a:d3:f4:d3;LU-Events;-73;99
6026;a4:6c:2a:d4:bb:0c;LU-Events;-89;99
6027;a4:6c:2a:d4:bb:0d;eduroam;-89;99
6028;a4:6c:2a:d4:bb:0e;LakeheadU;-88;99
6029;a4:6c:2a:d4:bb:0f;LU-Guest;-89;99
6030;a4:6c:2a:d4:bb:0b;Free Tbaytel WiFi;-90;99
6031;80:e0:1d:e6:79:d2;eduroam;-76;99
6032;80:e0:1d:e6:79:d1;LakeheadU;-77;99
6033;80:e0:1d:e6:79:d0;LU-Guest;-76;99
6034;80:e0:1d:e6:79:d4;Free Tbaytel WiFi;-78;99
6035;80:e0:1d:e6:79:d3;LU-Events;-77;99
6036;80:e0:1d:e6:79:db;Free Tbaytel WiFi;-88;99
6037;80:e0:1d:e6:79:df;LU-Guest;-88;99
6038;6c:5a:b0:3d:73:bf;Quanser_UVS-5G;-73;99
6039;6c:5a:b0:3d:73:c0;Quanser_UVS-5G;-62;99
6040;d8:b1:90:e1:29:d4;Free Tbaytel WiFi;-81;99
6041;d8:b1:90:e1:29:d1;LakeheadU;-80;99
6042;d8:b1:90:e1:29:d2;eduroam;-80;99
6043;d8:b1:90:e1:29:dc;LU-Events;-87;100
6044;d8:b1:90:e1:29:db;Free Tbaytel WiFi;-89;100
6045;d8:b1:90:e1:29:de;LakeheadU;-88;100
6046;80:e0:1d:e6:7b:31;LakeheadU;-83;100
6047;a4:6c:2a:e0:20:01;LakeheadU;-57;100
6048;a4:6c:2a:e0:20:00;LU-Guest;-61;100
6049;a4:6c:2a:e0:20:03;LU-Events;-57;100
6050;a4:6c:2a:e0:20:02;eduroam;-57;100
6051;a4:6c:2a:e0:20:04;Free Tbaytel WiFi;-58;100
6052;c0:c1:c0:8e:e8:c5;unavailable;-72;100
6053;a4:6c:2a:e0:20:0f;LU-Guest;-64;100
6054;a4:6c:2a:e0:20:0c;LU-Events;-64;100
6055;a4:6c:2a:e0:20:0b;Free Tbaytel WiFi;-66;100
6056;a4:6c:2a:e0:20:0e;LakeheadU;-65;100
6057;a4:6c:2a:e0:20:0d;eduroam;-65;100
6058;80:e0:1d:c2:b7:f2;eduroam;-71;100
6059;80:e0:1d:c2:b7:ff;LU-Guest;-80;100
6060;80:e0:1d:c2:b7:fb;Free Tbaytel WiFi;-80;100
6061;80:e0:1d:c2:b7:fc;LU-Events;-81;100
6062;80:e0:1d:c2:b7:fd;eduroam;-80;100
6063;80:e0:1d:c2:b7:fe;LakeheadU;-81;100
6064;80:e0:1d:ee:40:53;LU-Events;-79;100
6065;d8:b1:90:e1:26:a2;eduroam;-76;100
6066;d8:b1:90:e1:26:a1;LakeheadU;-77;100
6067;d8:b1:90:e1:26:a3;LU-Events;-75;100
6068;80:e0:1d:f0:90:d1;LU-Guest;-84;100
6069;d8:b1:90:e1:26:ab;Free Tbaytel WiFi;-85;100
6070;d8:b1:90:e1:26:ac;LU-Events;-86;100
6071;d8:b1:90:e1:26:af;LU-Guest;-86;100
6072;80:e0:1d:ee:40:5b;Free Tbaytel WiFi;-90;100
6073;80:e0:1d:ee:40:5c;LU-Events;-90;100
6074;80:e0:1d:ee:40:5f;LU-Guest;-91;100
6075;a4:6c:2a:d4:ba:53;LU-Events;-78;100
6076;a4:6c:2a:d4:ba:50;LU-Guest;-77;100
6077;a4:6c:2a:d4:ba:51;LakeheadU;-78;100
6078;a4:6c:2a:d4:ba:52;eduroam;-78;100
6079;a4:6c:2a:d4:ba:5c;LU-Events;-92;100
6080;ac:7a:56:c8:62:0f;LakeheadU;-80;100
6081;ac:7a:56:c8:62:0d;;-80;100
6082;ac:7a:56:c8:62:0e;LU-Events;-80;100
6083;ac:7a:56:c8:62:0c;LU-Guest;-79;100
6084;80:e0:1d:af:1e:cf;LakeheadU;-91;100
6085;ac:7a:56:c8:62:08;Free Tbaytel WiFi;-79;100
6086;ac:7a:56:c8:62:07;eduroam;-78;100
6087;d8:b1:90:df:9f:ee;LakeheadU;-77;100
6088;d8:b1:90:df:9f:ed;eduroam;-78;100
6089;d8:b1:90:df:9f:ec;LU-Events;-78;100
6090;d8:b1:90:df:9f:eb;Free Tbaytel WiFi;-78;100
6091;d8:b1:90:df:9f:ef;LU-Guest;-78;100
6092;d8:b1:90:df:9f:e4;Free Tbaytel WiFi;-64;100
6093;d8:b1:90:df:9f:e3;LU-Events;-65;100
6094;d8:b1:90:df:9f:e2;eduroam;-63;100
6095;d8:b1:90:df:9f:e1;LakeheadU;-65;100
6096;d8:b1:90:df:9f:e0;LU-Guest;-62;100
6097;ca:5a:b0:3d:73:c3;;-52;100
6098;a4:6c:2a:d4:bb:02;eduroam;-77;100
6099;a4:6c:2a:d3:f4:df;LU-Guest;-82;100
6100;a4:6c:2a:d3:f4:dd;eduroam;-82;100
6101;a4:6c:2a:d3:f4:db;Free Tbaytel WiFi;-86;100
6102;a4:6c:2a:d3:f4:d0;LU-Guest;-73;100
6103;a4:6c:2a:d3:f4:d1;LakeheadU;-73;100
6104;a4:6c:2a:d3:f4:d4;Free Tbaytel WiFi;-73;100
6105;a4:6c:2a:d3:f4:d2;eduroam;-72;100
6106;a4:6c:2a:d3:f4:d3;LU-Events;-73;100
6107;a4:6c:2a:d4:bb:0c;LU-Events;-89;100
6108;a4:6c:2a:d4:bb:0d;eduroam;-89;100
6109;a4:6c:2a:d4:bb:0e;LakeheadU;-88;100
6110;a4:6c:2a:d4:bb:0f;LU-Guest;-89;100
6111;a4:6c:2a:d4:bb:0b;Free Tbaytel WiFi;-90;100
6112;80:e0:1d:e6:79:d2;eduroam;-69;100
6113;80:e0:1d:e6:79:d1;LakeheadU;-67;100
6114;80:e0:1d:e6:79:d0;LU-Guest;-71;100
6115;80:e0:1d:e6:79:d4;Free Tbaytel WiFi;-69;100
6116;80:e0:1d:e6:79:d3;LU-Events;-72;100
6117;80:e0:1d:e6:79:db;Free Tbaytel WiFi;-81;100
6118;80:e0:1d:e6:79:df;LU-Guest;-81;100
6119;80:e0:1d:e6:79:de;LakeheadU;-81;100
6120;80:e0:1d:e6:79:dd;eduroam;-81;100
6121;80:e0:1d:e6:79:dc;LU-Events;-80;100
6122;6c:5a:b0:3d:73:bf;Quanser_UVS-5G;-73;100
6123;6c:5a:b0:3d:73:c0;Quanser_UVS-5G;-57;100
6124;6c:5a:b0:3d:73:c1;Quanser_UVS;-52;100
6125;d8:b1:90:e1:29:d4;Free Tbaytel WiFi;-81;100
6126;d8:b1:90:e1:29:d1;LakeheadU;-80;100
6127;d8:b1:90:e1:29:d2;eduroam;-80;100
6128;d8:b1:90:e1:29:dc;LU-Events;-87;101
6129;a4:6c:2a:e0:20:01;LakeheadU;-57;101
6130;a4:6c:2a:e0:20:00;LU-Guest;-61;101
6131;a4:6c:2a:e0:20:03;LU-Events;-57;101
6132;a4:6c:2a:e0:20:02;eduroam;-57;101
6133;a4:6c:2a:e0:20:04;Free Tbaytel WiFi;-58;101
6134;c0:c1:c0:8e:e8:c5;unavailable;-72;101
6135;a4:6c:2a:e0:20:0f;LU-Guest;-64;101
6136;a4:6c:2a:e0:20:0c;LU-Events;-64;101
6137;a4:6c:2a:e0:20:0b;Free Tbaytel WiFi;-66;101
6138;a4:6c:2a:e0:20:0e;LakeheadU;-65;101
6139;a4:6c:2a:e0:20:0d;eduroam;-65;101
6140;80:e0:1d:c2:b7:f2;eduroam;-71;101
6141;80:e0:1d:c2:b7:ff;LU-Guest;-80;101
6142;80:e0:1d:c2:b7:fb;Free Tbaytel WiFi;-80;101
6143;80:e0:1d:c2:b7:fc;LU-Events;-81;101
6144;80:e0:1d:c2:b7:fd;eduroam;-80;101
6145;80:e0:1d:c2:b7:fe;LakeheadU;-81;101
6146;80:e0:1d:ee:40:53;LU-Events;-79;101
6147;d8:b1:90:e1:26:a2;eduroam;-76;101
6148;d8:b1:90:e1:26:a1;LakeheadU;-77;101
6149;d8:b1:90:e1:26:a3;LU-Events;-75;101
6150;d8:b1:90:e1:26:ab;Free Tbaytel WiFi;-85;101
6151;d8:b1:90:e1:26:ac;LU-Events;-86;101
6152;80:e0:1d:ee:40:5c;LU-Events;-90;101
6153;a4:6c:2a:d4:ba:53;LU-Events;-78;101
6154;a4:6c:2a:d4:ba:50;LU-Guest;-77;101
6155;a4:6c:2a:d4:ba:51;LakeheadU;-78;101
6156;a4:6c:2a:d4:ba:52;eduroam;-78;101
6157;a4:6c:2a:d4:ba:5c;LU-Events;-92;101
6158;ac:7a:56:c8:62:0f;LakeheadU;-80;101
6159;ac:7a:56:c8:62:0d;;-80;101
6160;ac:7a:56:c8:62:0e;LU-Events;-80;101
6161;ac:7a:56:c8:62:0c;LU-Guest;-79;101
6162;ac:7a:56:c8:62:08;Free Tbaytel WiFi;-79;101
6163;ac:7a:56:c8:62:07;eduroam;-78;101
6164;d8:b1:90:df:9f:ee;LakeheadU;-77;101
6165;d8:b1:90:df:9f:ed;eduroam;-78;101
6166;d8:b1:90:df:9f:ec;LU-Events;-78;101
6167;d8:b1:90:df:9f:eb;Free Tbaytel WiFi;-78;101
6168;d8:b1:90:df:9f:ef;LU-Guest;-78;101
6169;d8:b1:90:df:9f:e4;Free Tbaytel WiFi;-64;101
6170;d8:b1:90:df:9f:e3;LU-Events;-65;101
6171;d8:b1:90:df:9f:e2;eduroam;-63;101
6172;d8:b1:90:df:9f:e1;LakeheadU;-65;101
6173;ca:5a:b0:3d:73:c3;;-52;101
6174;a4:6c:2a:d4:bb:02;eduroam;-77;101
6175;a4:6c:2a:d3:f4:df;LU-Guest;-82;101
6176;a4:6c:2a:d3:f4:dd;eduroam;-82;101
6177;80:e0:1d:e6:79:d2;eduroam;-69;101
6178;80:e0:1d:e6:79:d1;LakeheadU;-67;101
6179;80:e0:1d:e6:79:d0;LU-Guest;-71;101
6180;80:e0:1d:e6:79:d4;Free Tbaytel WiFi;-69;101
6181;80:e0:1d:e6:79:d3;LU-Events;-72;101
6182;80:e0:1d:e6:79:db;Free Tbaytel WiFi;-81;101
6183;80:e0:1d:e6:79:df;LU-Guest;-81;101
6184;80:e0:1d:e6:79:de;LakeheadU;-81;101
6185;80:e0:1d:e6:79:dd;eduroam;-81;101
6186;80:e0:1d:e6:79:dc;LU-Events;-80;101
6187;6c:5a:b0:3d:73:bf;Quanser_UVS-5G;-73;101
6188;6c:5a:b0:3d:73:c0;Quanser_UVS-5G;-57;101
6189;6c:5a:b0:3d:73:c1;Quanser_UVS;-52;101
6190;6c:5a:b0:3d:73:c1;Quanser_UVS;-52;102
6191;ca:5a:b0:3d:73:c3;;-52;102
6192;a4:6c:2a:e0:20:03;LU-Events;-57;102
6193;a4:6c:2a:e0:20:02;eduroam;-57;102
6194;a4:6c:2a:e0:20:01;LakeheadU;-57;102
6195;6c:5a:b0:3d:73:c0;Quanser_UVS-5G;-57;102
6196;a4:6c:2a:e0:20:04;Free Tbaytel WiFi;-58;102
6197;a4:6c:2a:e0:20:00;LU-Guest;-61;102
6198;d8:b1:90:df:9f:e2;eduroam;-63;102
6199;a4:6c:2a:e0:20:0c;LU-Events;-64;102
6200;d8:b1:90:df:9f:e4;Free Tbaytel WiFi;-64;102
6201;a4:6c:2a:e0:20:0f;LU-Guest;-64;102
6202;d8:b1:90:df:9f:e1;LakeheadU;-65;102
6203;d8:b1:90:df:9f:e3;LU-Events;-65;102
6204;a4:6c:2a:e0:20:0d;eduroam;-65;102
6205;a4:6c:2a:e0:20:0e;LakeheadU;-65;102
6206;a4:6c:2a:e0:20:0b;Free Tbaytel WiFi;-66;102
6207;80:e0:1d:e6:79:d1;LakeheadU;-67;102
6208;80:e0:1d:e6:79:d4;Free Tbaytel WiFi;-69;102
6209;80:e0:1d:e6:79:d2;eduroam;-69;102
6210;80:e0:1d:e6:79:d0;LU-Guest;-71;102
6211;80:e0:1d:c2:b7:f2;eduroam;-71;102
6212;c0:c1:c0:8e:e8:c5;unavailable;-72;102
6213;80:e0:1d:e6:79:d3;LU-Events;-72;102
6214;6c:5a:b0:3d:73:bf;Quanser_UVS-5G;-73;102
6215;d8:b1:90:e1:26:a3;LU-Events;-75;102
6216;d8:b1:90:e1:26:a2;eduroam;-76;102
6217;d8:b1:90:df:9f:ee;LakeheadU;-77;102
6218;d8:b1:90:e1:26:a1;LakeheadU;-77;102
6219;a4:6c:2a:d4:bb:02;eduroam;-77;102
6220;a4:6c:2a:d4:ba:50;LU-Guest;-77;102
6221;d8:b1:90:df:9f:eb;Free Tbaytel WiFi;-78;102
6222;d8:b1:90:df:9f:ef;LU-Guest;-78;102
6223;d8:b1:90:df:9f:ed;eduroam;-78;102
6224;d8:b1:90:df:9f:ec;LU-Events;-78;102
6225;a4:6c:2a:d4:ba:52;eduroam;-78;102
6226;a4:6c:2a:d4:ba:51;LakeheadU;-78;102
6227;a4:6c:2a:d4:ba:53;LU-Events;-78;102
6228;ac:7a:56:c8:62:07;eduroam;-78;102
6229;80:e0:1d:ee:40:53;LU-Events;-79;102
6230;ac:7a:56:c8:62:08;Free Tbaytel WiFi;-79;102
6231;ac:7a:56:c8:62:0c;LU-Guest;-79;102
6232;80:e0:1d:c2:b7:fb;Free Tbaytel WiFi;-80;102
6233;80:e0:1d:c2:b7:fd;eduroam;-80;102
6234;80:e0:1d:c2:b7:ff;LU-Guest;-80;102
6235;ac:7a:56:c8:62:0f;LakeheadU;-80;102
6236;ac:7a:56:c8:62:0e;LU-Events;-80;102
6237;ac:7a:56:c8:62:0d;;-80;102
6238;80:e0:1d:e6:79:dc;LU-Events;-80;102
6239;80:e0:1d:c2:b7:fe;LakeheadU;-81;102
6240;80:e0:1d:c2:b7:fc;LU-Events;-81;102
6241;80:e0:1d:e6:79:df;LU-Guest;-81;102
6242;80:e0:1d:e6:79:db;Free Tbaytel WiFi;-81;102
6243;80:e0:1d:e6:79:de;LakeheadU;-81;102
6244;80:e0:1d:e6:79:dd;eduroam;-81;102
6245;a4:6c:2a:d3:f4:df;LU-Guest;-82;102
6246;a4:6c:2a:d3:f4:dd;eduroam;-82;102
6247;d8:b1:90:e1:26:ab;Free Tbaytel WiFi;-85;102
6248;d8:b1:90:e1:26:ac;LU-Events;-86;102
6249;d8:b1:90:e1:29:dc;LU-Events;-87;102
6250;80:e0:1d:ee:40:5c;LU-Events;-90;102
6251;a4:6c:2a:d4:ba:5c;LU-Events;-92;102
6252;d8:b1:90:e1:29:dc;LU-Events;-83;103
6253;d8:b1:90:e1:29:dd;eduroam;-84;103
6254;d8:b1:90:e1:29:db;Free Tbaytel WiFi;-84;103
6255;d8:b1:90:e1:29:de;LakeheadU;-85;103
6256;a4:6c:2a:e0:20:01;LakeheadU;-62;103
6257;a4:6c:2a:e0:20:00;LU-Guest;-61;103
6258;a4:6c:2a:e0:20:03;LU-Events;-62;103
6259;a4:6c:2a:e0:20:02;eduroam;-61;103
6260;a4:6c:2a:e0:20:04;Free Tbaytel WiFi;-62;103
6261;00:1f:33:bd:d5:34;Lab1012;-60;103
6262;c0:c1:c0:8e:e8:c5;unavailable;-72;103
6263;a4:6c:2a:e0:20:0c;LU-Events;-75;103
6264;a4:6c:2a:e0:20:0b;Free Tbaytel WiFi;-70;103
6265;a4:6c:2a:e0:20:0e;LakeheadU;-77;103
6266;a4:6c:2a:e0:20:0d;eduroam;-74;103
6267;d8:b1:90:e1:12:b1;LakeheadU;-81;103
6268;80:e0:1d:c2:b7:f1;LakeheadU;-69;103
6269;80:e0:1d:c2:b7:f3;LU-Events;-69;103
6270;80:e0:1d:c2:b7:f4;Free Tbaytel WiFi;-69;103
6271;80:e0:1d:c2:b7:ff;LU-Guest;-83;103
6272;80:e0:1d:c2:b7:fb;Free Tbaytel WiFi;-83;103
6273;80:e0:1d:c2:b7:fc;LU-Events;-83;103
6274;80:e0:1d:c2:b7:fd;eduroam;-84;103
6275;80:e0:1d:c2:b7:fe;LakeheadU;-83;103
6276;7e:a7:b0:c5:e9:67;DIRECT-cfLexmark Cheetah M-67e9;-47;103
6277;80:e0:1d:ee:40:50;LU-Guest;-79;103
6278;80:e0:1d:ee:40:54;Free Tbaytel WiFi;-81;103
6279;80:e0:1d:ee:40:53;LU-Events;-80;103
6280;80:e0:1d:af:21:13;LU-Events;-82;103
6281;80:e0:1d:af:21:11;LakeheadU;-81;103
6282;d8:b1:90:e1:26:ac;LU-Events;-91;103
6283;a4:6c:2a:d4:ba:53;LU-Events;-86;103
6284;80:e0:1d:af:1e:cc;Free Tbaytel WiFi;-90;103
6285;ac:7a:56:c8:62:05;;-75;103
6286;ac:7a:56:c8:62:02;;-73;103
6287;80:e0:1d:af:1e:cf;LakeheadU;-90;103
6288;ac:7a:56:c8:62:07;eduroam;-88;103
6289;d8:b1:90:df:9f:ee;LakeheadU;-86;103
6290;d8:b1:90:df:9f:ed;eduroam;-86;103
6291;d8:b1:90:df:9f:ec;LU-Events;-86;103
6292;d8:b1:90:df:9f:eb;Free Tbaytel WiFi;-87;103
6293;d8:b1:90:df:9f:ef;LU-Guest;-86;103
6294;d8:b1:90:df:9f:e4;Free Tbaytel WiFi;-64;103
6295;d8:b1:90:df:9f:e3;LU-Events;-65;103
6296;d8:b1:90:df:9f:e2;eduroam;-65;103
6297;d8:b1:90:df:9f:e1;LakeheadU;-65;103
6298;d8:b1:90:df:9f:e0;LU-Guest;-65;103
6299;a4:6c:2a:d4:bb:01;LakeheadU;-79;103
6300;80:e0:1d:af:1e:c3;Free Tbaytel WiFi;-78;103
6301;a4:6c:2a:d3:f4:df;LU-Guest;-74;103
6302;a4:6c:2a:d3:f4:dd;eduroam;-76;103
6303;a4:6c:2a:d3:f4:de;LakeheadU;-76;103
6304;a4:6c:2a:d3:f4:db;Free Tbaytel WiFi;-76;103
6305;a4:6c:2a:d3:f4:dc;LU-Events;-77;103
6306;a4:6c:2a:d3:f4:d1;LakeheadU;-65;103
6307;a4:6c:2a:d3:f4:d4;Free Tbaytel WiFi;-65;103
6308;a4:6c:2a:d3:f4:d2;eduroam;-65;103
6309;a4:6c:2a:d3:f4:d3;LU-Events;-67;103
6310;80:e0:1d:e6:79:d2;eduroam;-66;103
6311;80:e0:1d:e6:79:d1;LakeheadU;-66;103
6312;80:e0:1d:e6:79:d0;LU-Guest;-67;103
6313;80:e0:1d:e6:79:d4;Free Tbaytel WiFi;-67;103
6314;80:e0:1d:e6:79:d3;LU-Events;-67;103
6315;80:e0:1d:e6:79:db;Free Tbaytel WiFi;-76;103
6316;80:e0:1d:e6:79:df;LU-Guest;-76;103
6317;80:e0:1d:e6:79:de;LakeheadU;-76;103
6318;80:e0:1d:e6:79:dd;eduroam;-76;103
6319;80:e0:1d:e6:79:dc;LU-Events;-76;103
6320;6c:5a:b0:3d:73:bf;Quanser_UVS-5G;-61;103
6321;6c:5a:b0:3d:73:c0;Quanser_UVS-5G;-48;103
6322;6c:5a:b0:3d:73:c1;Quanser_UVS;-48;103
6323;d8:b1:90:e1:29:d0;LU-Guest;-73;103
6324;d8:b1:90:e1:29:d3;LU-Events;-71;103
6325;d8:b1:90:e1:29:d4;Free Tbaytel WiFi;-73;103
6326;d8:b1:90:e1:29:d1;LakeheadU;-70;103
6327;d8:b1:90:e1:29:d2;eduroam;-71;103
6328;d8:b1:90:e1:29:dc;LU-Events;-83;104
6329;d8:b1:90:e1:29:dd;eduroam;-84;104
6330;d8:b1:90:e1:29:db;Free Tbaytel WiFi;-84;104
6331;d8:b1:90:e1:29:de;LakeheadU;-85;104
6332;a4:6c:2a:e0:20:01;LakeheadU;-62;104
6333;a4:6c:2a:e0:20:00;LU-Guest;-61;104
6334;a4:6c:2a:e0:20:03;LU-Events;-62;104
6335;a4:6c:2a:e0:20:02;eduroam;-61;104
6336;a4:6c:2a:e0:20:04;Free Tbaytel WiFi;-62;104
6337;00:1f:33:bd:d5:34;Lab1012;-60;104
6338;c0:c1:c0:8e:e8:c5;unavailable;-72;104
6339;a4:6c:2a:e0:20:0c;LU-Events;-75;104
6340;a4:6c:2a:e0:20:0b;Free Tbaytel WiFi;-70;104
6341;a4:6c:2a:e0:20:0e;LakeheadU;-77;104
6342;a4:6c:2a:e0:20:0d;eduroam;-74;104
6343;d8:b1:90:e1:12:b1;LakeheadU;-81;104
6344;80:e0:1d:c2:b7:f1;LakeheadU;-69;104
6345;80:e0:1d:c2:b7:f3;LU-Events;-69;104
6346;80:e0:1d:c2:b7:f4;Free Tbaytel WiFi;-69;104
6347;80:e0:1d:c2:b7:ff;LU-Guest;-83;104
6348;80:e0:1d:c2:b7:fb;Free Tbaytel WiFi;-83;104
6349;80:e0:1d:c2:b7:fc;LU-Events;-83;104
6350;80:e0:1d:c2:b7:fd;eduroam;-84;104
6351;80:e0:1d:c2:b7:fe;LakeheadU;-83;104
6352;7e:a7:b0:c5:e9:67;DIRECT-cfLexmark Cheetah M-67e9;-47;104
6353;80:e0:1d:ee:40:50;LU-Guest;-79;104
6354;80:e0:1d:ee:40:54;Free Tbaytel WiFi;-81;104
6355;80:e0:1d:ee:40:53;LU-Events;-80;104
6356;80:e0:1d:af:21:13;LU-Events;-82;104
6357;80:e0:1d:af:21:11;LakeheadU;-81;104
6358;d8:b1:90:e1:26:ac;LU-Events;-91;104
6359;a4:6c:2a:d4:ba:53;LU-Events;-86;104
6360;80:e0:1d:af:1e:cc;Free Tbaytel WiFi;-90;104
6361;ac:7a:56:c8:62:05;;-75;104
6362;ac:7a:56:c8:62:02;;-73;104
6363;80:e0:1d:af:1e:cf;LakeheadU;-90;104
6364;ac:7a:56:c8:62:07;eduroam;-88;104
6365;d8:b1:90:df:9f:ee;LakeheadU;-86;104
6366;d8:b1:90:df:9f:ed;eduroam;-86;104
6367;d8:b1:90:df:9f:ec;LU-Events;-86;104
6368;d8:b1:90:df:9f:eb;Free Tbaytel WiFi;-87;104
6369;d8:b1:90:df:9f:ef;LU-Guest;-86;104
6370;d8:b1:90:df:9f:e4;Free Tbaytel WiFi;-64;104
6371;d8:b1:90:df:9f:e3;LU-Events;-65;104
6372;d8:b1:90:df:9f:e2;eduroam;-65;104
6373;d8:b1:90:df:9f:e1;LakeheadU;-65;104
6374;d8:b1:90:df:9f:e0;LU-Guest;-65;104
6375;a4:6c:2a:d4:bb:01;LakeheadU;-79;104
6376;80:e0:1d:af:1e:c3;Free Tbaytel WiFi;-78;104
6377;a4:6c:2a:d3:f4:df;LU-Guest;-74;104
6378;a4:6c:2a:d3:f4:dd;eduroam;-76;104
6379;a4:6c:2a:d3:f4:de;LakeheadU;-76;104
6380;a4:6c:2a:d3:f4:db;Free Tbaytel WiFi;-76;104
6381;a4:6c:2a:d3:f4:dc;LU-Events;-77;104
6382;a4:6c:2a:d3:f4:d1;LakeheadU;-65;104
6383;a4:6c:2a:d3:f4:d4;Free Tbaytel WiFi;-65;104
6384;a4:6c:2a:d3:f4:d2;eduroam;-65;104
6385;a4:6c:2a:d3:f4:d3;LU-Events;-67;104
6386;80:e0:1d:e6:79:d2;eduroam;-66;104
6387;80:e0:1d:e6:79:d1;LakeheadU;-66;104
6388;80:e0:1d:e6:79:d0;LU-Guest;-67;104
6389;80:e0:1d:e6:79:d4;Free Tbaytel WiFi;-67;104
6390;80:e0:1d:e6:79:d3;LU-Events;-67;104
6391;80:e0:1d:e6:79:db;Free Tbaytel WiFi;-76;104
6392;80:e0:1d:e6:79:df;LU-Guest;-76;104
6393;80:e0:1d:e6:79:de;LakeheadU;-76;104
6394;80:e0:1d:e6:79:dd;eduroam;-76;104
6395;80:e0:1d:e6:79:dc;LU-Events;-76;104
6396;6c:5a:b0:3d:73:bf;Quanser_UVS-5G;-61;104
6397;6c:5a:b0:3d:73:c0;Quanser_UVS-5G;-48;104
6398;6c:5a:b0:3d:73:c1;Quanser_UVS;-48;104
6399;d8:b1:90:e1:29:d0;LU-Guest;-73;104
6400;d8:b1:90:e1:29:d3;LU-Events;-71;104
6401;d8:b1:90:e1:29:d4;Free Tbaytel WiFi;-73;104
6402;d8:b1:90:e1:29:d1;LakeheadU;-70;104
6403;d8:b1:90:e1:29:d2;eduroam;-71;104
6404;d8:b1:90:e1:29:dc;LU-Events;-83;105
6405;d8:b1:90:e1:29:dd;eduroam;-84;105
6406;d8:b1:90:e1:29:db;Free Tbaytel WiFi;-84;105
6407;d8:b1:90:e1:29:de;LakeheadU;-85;105
6408;a4:6c:2a:e0:20:01;LakeheadU;-62;105
6409;a4:6c:2a:e0:20:00;LU-Guest;-61;105
6410;a4:6c:2a:e0:20:03;LU-Events;-62;105
6411;a4:6c:2a:e0:20:02;eduroam;-61;105
6412;a4:6c:2a:e0:20:04;Free Tbaytel WiFi;-62;105
6413;00:1f:33:bd:d5:34;Lab1012;-60;105
6414;c0:c1:c0:8e:e8:c5;unavailable;-72;105
6415;a4:6c:2a:e0:20:0c;LU-Events;-75;105
6416;a4:6c:2a:e0:20:0b;Free Tbaytel WiFi;-70;105
6417;a4:6c:2a:e0:20:0e;LakeheadU;-77;105
6418;a4:6c:2a:e0:20:0d;eduroam;-74;105
6419;d8:b1:90:e1:12:b1;LakeheadU;-81;105
6420;80:e0:1d:c2:b7:f1;LakeheadU;-69;105
6421;80:e0:1d:c2:b7:f3;LU-Events;-69;105
6422;80:e0:1d:c2:b7:f4;Free Tbaytel WiFi;-69;105
6423;80:e0:1d:c2:b7:ff;LU-Guest;-83;105
6424;80:e0:1d:c2:b7:fb;Free Tbaytel WiFi;-83;105
6425;80:e0:1d:c2:b7:fc;LU-Events;-83;105
6426;80:e0:1d:c2:b7:fd;eduroam;-84;105
6427;80:e0:1d:c2:b7:fe;LakeheadU;-83;105
6428;7e:a7:b0:c5:e9:67;DIRECT-cfLexmark Cheetah M-67e9;-47;105
6429;80:e0:1d:ee:40:50;LU-Guest;-79;105
6430;80:e0:1d:ee:40:54;Free Tbaytel WiFi;-81;105
6431;80:e0:1d:ee:40:53;LU-Events;-80;105
6432;80:e0:1d:af:21:13;LU-Events;-82;105
6433;80:e0:1d:af:21:11;LakeheadU;-81;105
6434;d8:b1:90:e1:26:ac;LU-Events;-91;105
6435;a4:6c:2a:d4:ba:53;LU-Events;-86;105
6436;80:e0:1d:af:1e:cc;Free Tbaytel WiFi;-90;105
6437;ac:7a:56:c8:62:05;;-75;105
6438;ac:7a:56:c8:62:02;;-73;105
6439;80:e0:1d:af:1e:cf;LakeheadU;-90;105
6440;ac:7a:56:c8:62:07;eduroam;-88;105
6441;d8:b1:90:df:9f:ee;LakeheadU;-86;105
6442;d8:b1:90:df:9f:ed;eduroam;-86;105
6443;d8:b1:90:df:9f:ec;LU-Events;-86;105
6444;d8:b1:90:df:9f:eb;Free Tbaytel WiFi;-87;105
6445;d8:b1:90:df:9f:ef;LU-Guest;-86;105
6446;d8:b1:90:df:9f:e4;Free Tbaytel WiFi;-64;105
6447;d8:b1:90:df:9f:e3;LU-Events;-65;105
6448;d8:b1:90:df:9f:e2;eduroam;-65;105
6449;d8:b1:90:df:9f:e1;LakeheadU;-65;105
6450;d8:b1:90:df:9f:e0;LU-Guest;-65;105
6451;a4:6c:2a:d4:bb:01;LakeheadU;-79;105
6452;80:e0:1d:af:1e:c3;Free Tbaytel WiFi;-78;105
6453;a4:6c:2a:d3:f4:df;LU-Guest;-74;105
6454;a4:6c:2a:d3:f4:dd;eduroam;-76;105
6455;a4:6c:2a:d3:f4:de;LakeheadU;-76;105
6456;a4:6c:2a:d3:f4:db;Free Tbaytel WiFi;-76;105
6457;a4:6c:2a:d3:f4:dc;LU-Events;-77;105
6458;a4:6c:2a:d3:f4:d1;LakeheadU;-65;105
6459;a4:6c:2a:d3:f4:d4;Free Tbaytel WiFi;-65;105
6460;a4:6c:2a:d3:f4:d2;eduroam;-65;105
6461;a4:6c:2a:d3:f4:d3;LU-Events;-67;105
6462;80:e0:1d:e6:79:d2;eduroam;-66;105
6463;80:e0:1d:e6:79:d1;LakeheadU;-66;105
6464;80:e0:1d:e6:79:d0;LU-Guest;-67;105
6465;80:e0:1d:e6:79:d4;Free Tbaytel WiFi;-67;105
6466;80:e0:1d:e6:79:d3;LU-Events;-67;105
6467;80:e0:1d:e6:79:db;Free Tbaytel WiFi;-76;105
6468;80:e0:1d:e6:79:df;LU-Guest;-76;105
6469;80:e0:1d:e6:79:de;LakeheadU;-76;105
6470;80:e0:1d:e6:79:dd;eduroam;-76;105
6471;80:e0:1d:e6:79:dc;LU-Events;-76;105
6472;6c:5a:b0:3d:73:bf;Quanser_UVS-5G;-61;105
6473;6c:5a:b0:3d:73:c0;Quanser_UVS-5G;-48;105
6474;6c:5a:b0:3d:73:c1;Quanser_UVS;-48;105
6475;d8:b1:90:e1:29:d0;LU-Guest;-73;105
6476;d8:b1:90:e1:29:d3;LU-Events;-71;105
6477;d8:b1:90:e1:29:d4;Free Tbaytel WiFi;-73;105
6478;d8:b1:90:e1:29:d1;LakeheadU;-70;105
6479;d8:b1:90:e1:29:d2;eduroam;-71;105
6480;d8:b1:90:e1:29:dc;LU-Events;-85;106
6481;a4:6c:2a:e0:20:01;LakeheadU;-69;106
6482;a4:6c:2a:e0:20:00;LU-Guest;-68;106
6483;a4:6c:2a:e0:20:03;LU-Events;-67;106
6484;a4:6c:2a:e0:20:04;Free Tbaytel WiFi;-68;106
6485;00:1f:33:bd:d5:34;Lab1012;-68;106
6486;c0:c1:c0:8e:e8:c5;unavailable;-87;106
6487;a4:6c:2a:e0:20:0b;Free Tbaytel WiFi;-77;106
6488;d8:b1:90:e1:12:b2;eduroam;-74;106
6489;d8:b1:90:e1:12:b1;LakeheadU;-73;106
6490;d8:b1:90:e1:12:b4;Free Tbaytel WiFi;-77;106
6491;d8:b1:90:e1:12:b3;LU-Events;-73;106
6492;80:e0:1d:c2:b7:f0;LU-Guest;-67;106
6493;80:e0:1d:c2:b7:f1;LakeheadU;-68;106
6494;80:e0:1d:c2:b7:f2;eduroam;-70;106
6495;80:e0:1d:c2:b7:f3;LU-Events;-67;106
6496;80:e0:1d:c2:b7:f4;Free Tbaytel WiFi;-68;106
6497;80:e0:1d:c2:b7:fb;Free Tbaytel WiFi;-81;106
6498;80:e0:1d:c2:b7:fd;eduroam;-82;106
6499;7e:a7:b0:c5:e9:67;DIRECT-cfLexmark Cheetah M-67e9;-61;106
6500;80:e0:1d:ee:40:53;LU-Events;-76;106
6501;80:e0:1d:af:21:14;Free Tbaytel WiFi;-83;106
6502;a4:6c:2a:d4:ba:53;LU-Events;-81;106
6503;a4:6c:2a:d4:ba:51;LakeheadU;-83;106
6504;a4:6c:2a:d4:ba:52;eduroam;-83;106
6505;a4:6c:2a:d3:f2:84;Free Tbaytel WiFi;-77;106
6506;ac:7a:56:c8:62:00;LakeheadU;-78;106
6507;ac:7a:56:c8:62:01;LU-Events;-80;106
6508;d8:b1:90:df:9f:ee;LakeheadU;-85;106
6509;d8:b1:90:df:9f:ed;eduroam;-85;106
6510;d8:b1:90:df:9f:eb;Free Tbaytel WiFi;-85;106
6511;d8:b1:90:df:9f:e4;Free Tbaytel WiFi;-65;106
6512;d8:b1:90:df:9f:e3;LU-Events;-65;106
6513;d8:b1:90:df:9f:e2;eduroam;-64;106
6514;d8:b1:90:df:9f:e1;LakeheadU;-66;106
6515;d8:b1:90:df:9f:e0;LU-Guest;-66;106
6516;ca:5a:b0:3d:73:c3;;-47;106
6517;a4:6c:2a:d4:bb:03;LU-Events;-81;106
6518;80:e0:1d:af:1e:c4;eduroam;-78;106
6519;a4:6c:2a:d3:f4:dd;eduroam;-76;106
6520;a4:6c:2a:d3:f4:de;LakeheadU;-76;106
6521;a4:6c:2a:d3:f4:db;Free Tbaytel WiFi;-75;106
6522;a4:6c:2a:d3:f4:d0;LU-Guest;-64;106
6523;a4:6c:2a:d3:f4:d1;LakeheadU;-64;106
6524;a4:6c:2a:d3:f4:d4;Free Tbaytel WiFi;-63;106
6525;a4:6c:2a:d3:f4:d2;eduroam;-63;106
6526;a4:6c:2a:d3:f4:d3;LU-Events;-64;106
6527;ba:5a:b0:3d:73:b1;;-62;106
6528;80:e0:1d:e6:79:d2;eduroam;-71;106
6529;80:e0:1d:e6:79:d1;LakeheadU;-66;106
6530;80:e0:1d:e6:79:d0;LU-Guest;-67;106
6531;80:e0:1d:e6:79:d3;LU-Events;-63;106
6532;6c:5a:b0:3d:73:bf;Quanser_UVS-5G;-63;106
6533;6c:5a:b0:3d:73:c0;Quanser_UVS-5G;-56;106
6534;6c:5a:b0:3d:73:c1;Quanser_UVS;-46;106
6535;d8:b1:90:e1:29:d0;LU-Guest;-71;106
6536;d8:b1:90:e1:29:d3;LU-Events;-71;106
6537;d8:b1:90:e1:29:d4;Free Tbaytel WiFi;-72;106
6538;d8:b1:90:e1:29:d1;LakeheadU;-72;106
6539;d8:b1:90:e1:29:d2;eduroam;-71;106
6540;d8:b1:90:e1:29:dc;LU-Events;-85;107
6541;a4:6c:2a:e0:20:01;LakeheadU;-69;107
6542;a4:6c:2a:e0:20:00;LU-Guest;-68;107
6543;a4:6c:2a:e0:20:03;LU-Events;-67;107
6544;a4:6c:2a:e0:20:04;Free Tbaytel WiFi;-68;107
6545;00:1f:33:bd:d5:34;Lab1012;-68;107
6546;c0:c1:c0:8e:e8:c5;unavailable;-87;107
6547;a4:6c:2a:e0:20:0b;Free Tbaytel WiFi;-77;107
6548;d8:b1:90:e1:12:b2;eduroam;-74;107
6549;d8:b1:90:e1:12:b1;LakeheadU;-73;107
6550;d8:b1:90:e1:12:b4;Free Tbaytel WiFi;-77;107
6551;d8:b1:90:e1:12:b3;LU-Events;-73;107
6552;80:e0:1d:c2:b7:f0;LU-Guest;-67;107
6553;80:e0:1d:c2:b7:f1;LakeheadU;-68;107
6554;80:e0:1d:c2:b7:f2;eduroam;-70;107
6555;80:e0:1d:c2:b7:f3;LU-Events;-67;107
6556;80:e0:1d:c2:b7:f4;Free Tbaytel WiFi;-68;107
6557;80:e0:1d:c2:b7:fb;Free Tbaytel WiFi;-81;107
6558;80:e0:1d:c2:b7:fd;eduroam;-82;107
6559;7e:a7:b0:c5:e9:67;DIRECT-cfLexmark Cheetah M-67e9;-61;107
6560;80:e0:1d:ee:40:53;LU-Events;-76;107
6561;80:e0:1d:af:21:14;Free Tbaytel WiFi;-83;107
6562;a4:6c:2a:d4:ba:53;LU-Events;-81;107
6563;a4:6c:2a:d4:ba:51;LakeheadU;-83;107
6564;a4:6c:2a:d4:ba:52;eduroam;-83;107
6565;a4:6c:2a:d3:f2:84;Free Tbaytel WiFi;-77;107
6566;ac:7a:56:c8:62:00;LakeheadU;-78;107
6567;ac:7a:56:c8:62:01;LU-Events;-80;107
6568;d8:b1:90:df:9f:ee;LakeheadU;-85;107
6569;d8:b1:90:df:9f:ed;eduroam;-85;107
6570;d8:b1:90:df:9f:eb;Free Tbaytel WiFi;-85;107
6571;d8:b1:90:df:9f:e4;Free Tbaytel WiFi;-65;107
6572;d8:b1:90:df:9f:e3;LU-Events;-65;107
6573;d8:b1:90:df:9f:e2;eduroam;-64;107
6574;d8:b1:90:df:9f:e1;LakeheadU;-66;107
6575;d8:b1:90:df:9f:e0;LU-Guest;-66;107
6576;ca:5a:b0:3d:73:c3;;-47;107
6577;a4:6c:2a:d4:bb:03;LU-Events;-81;107
6578;80:e0:1d:af:1e:c4;eduroam;-78;107
6579;a4:6c:2a:d3:f4:dd;eduroam;-76;107
6580;a4:6c:2a:d3:f4:de;LakeheadU;-76;107
6581;a4:6c:2a:d3:f4:db;Free Tbaytel WiFi;-75;107
6582;a4:6c:2a:d3:f4:d0;LU-Guest;-64;107
6583;a4:6c:2a:d3:f4:d1;LakeheadU;-64;107
6584;a4:6c:2a:d3:f4:d4;Free Tbaytel WiFi;-63;107
6585;a4:6c:2a:d3:f4:d2;eduroam;-63;107
6586;a4:6c:2a:d3:f4:d3;LU-Events;-64;107
6587;ba:5a:b0:3d:73:b1;;-62;107
6588;80:e0:1d:e6:79:d2;eduroam;-71;107
6589;80:e0:1d:e6:79:d1;LakeheadU;-66;107
6590;80:e0:1d:e6:79:d0;LU-Guest;-67;107
6591;80:e0:1d:e6:79:d3;LU-Events;-63;107
6592;6c:5a:b0:3d:73:bf;Quanser_UVS-5G;-63;107
6593;6c:5a:b0:3d:73:c0;Quanser_UVS-5G;-56;107
6594;6c:5a:b0:3d:73:c1;Quanser_UVS;-46;107
6595;d8:b1:90:e1:29:d0;LU-Guest;-71;107
6596;d8:b1:90:e1:29:d3;LU-Events;-71;107
6597;d8:b1:90:e1:29:d4;Free Tbaytel WiFi;-72;107
6598;d8:b1:90:e1:29:d1;LakeheadU;-72;107
6599;d8:b1:90:e1:29:d2;eduroam;-71;107
6600;6c:5a:b0:3d:73:c1;Quanser_UVS;-46;108
6601;ca:5a:b0:3d:73:c3;;-47;108
6602;6c:5a:b0:3d:73:c0;Quanser_UVS-5G;-56;108
6603;7e:a7:b0:c5:e9:67;DIRECT-cfLexmark Cheetah M-67e9;-61;108
6604;ba:5a:b0:3d:73:b1;;-62;108
6605;6c:5a:b0:3d:73:bf;Quanser_UVS-5G;-63;108
6606;80:e0:1d:e6:79:d3;LU-Events;-63;108
6607;a4:6c:2a:d3:f4:d4;Free Tbaytel WiFi;-63;108
6608;a4:6c:2a:d3:f4:d2;eduroam;-63;108
6609;d8:b1:90:df:9f:e2;eduroam;-64;108
6610;a4:6c:2a:d3:f4:d3;LU-Events;-64;108
6611;a4:6c:2a:d3:f4:d1;LakeheadU;-64;108
6612;a4:6c:2a:d3:f4:d0;LU-Guest;-64;108
6613;d8:b1:90:df:9f:e4;Free Tbaytel WiFi;-65;108
6614;d8:b1:90:df:9f:e3;LU-Events;-65;108
6615;d8:b1:90:df:9f:e1;LakeheadU;-66;108
6616;80:e0:1d:e6:79:d1;LakeheadU;-66;108
6617;d8:b1:90:df:9f:e0;LU-Guest;-66;108
6618;a4:6c:2a:e0:20:03;LU-Events;-67;108
6619;80:e0:1d:e6:79:d0;LU-Guest;-67;108
6620;80:e0:1d:c2:b7:f3;LU-Events;-67;108
6621;80:e0:1d:c2:b7:f0;LU-Guest;-67;108
6622;a4:6c:2a:e0:20:04;Free Tbaytel WiFi;-68;108
6623;a4:6c:2a:e0:20:00;LU-Guest;-68;108
6624;80:e0:1d:c2:b7:f4;Free Tbaytel WiFi;-68;108
6625;00:1f:33:bd:d5:34;Lab1012;-68;108
6626;80:e0:1d:c2:b7:f1;LakeheadU;-68;108
6627;a4:6c:2a:e0:20:01;LakeheadU;-69;108
6628;80:e0:1d:c2:b7:f2;eduroam;-70;108
6629;80:e0:1d:e6:79:d2;eduroam;-71;108
6630;d8:b1:90:e1:29:d0;LU-Guest;-71;108
6631;d8:b1:90:e1:29:d2;eduroam;-71;108
6632;d8:b1:90:e1:29:d3;LU-Events;-71;108
6633;d8:b1:90:e1:29:d4;Free Tbaytel WiFi;-72;108
6634;d8:b1:90:e1:29:d1;LakeheadU;-72;108
6635;d8:b1:90:e1:12:b1;LakeheadU;-73;108
6636;d8:b1:90:e1:12:b3;LU-Events;-73;108
6637;d8:b1:90:e1:12:b2;eduroam;-74;108
6638;a4:6c:2a:d3:f4:db;Free Tbaytel WiFi;-75;108
6639;a4:6c:2a:d3:f4:dd;eduroam;-76;108
6640;80:e0:1d:ee:40:53;LU-Events;-76;108
6641;a4:6c:2a:d3:f4:de;LakeheadU;-76;108
6642;a4:6c:2a:e0:20:0b;Free Tbaytel WiFi;-77;108
6643;d8:b1:90:e1:12:b4;Free Tbaytel WiFi;-77;108
6644;a4:6c:2a:d3:f2:84;Free Tbaytel WiFi;-77;108
6645;ac:7a:56:c8:62:00;LakeheadU;-78;108
6646;80:e0:1d:af:1e:c4;eduroam;-78;108
6647;ac:7a:56:c8:62:01;LU-Events;-80;108
6648;80:e0:1d:c2:b7:fb;Free Tbaytel WiFi;-81;108
6649;a4:6c:2a:d4:ba:53;LU-Events;-81;108
6650;a4:6c:2a:d4:bb:03;LU-Events;-81;108
6651;80:e0:1d:c2:b7:fd;eduroam;-82;108
6652;80:e0:1d:af:21:14;Free Tbaytel WiFi;-83;108
6653;a4:6c:2a:d4:ba:52;eduroam;-83;108
6654;a4:6c:2a:d4:ba:51;LakeheadU;-83;108
6655;d8:b1:90:df:9f:eb;Free Tbaytel WiFi;-85;108
6656;d8:b1:90:df:9f:ed;eduroam;-85;108
6657;d8:b1:90:df:9f:ee;LakeheadU;-85;108
6658;d8:b1:90:e1:29:dc;LU-Events;-85;108
6659;c0:c1:c0:8e:e8:c5;unavailable;-87;108
6660;d8:b1:90:e1:29:de;LakeheadU;-90;109
6661;a4:6c:2a:e0:20:01;LakeheadU;-70;109
6662;a4:6c:2a:e0:20:00;LU-Guest;-70;109
6663;a4:6c:2a:e0:20:03;LU-Events;-69;109
6664;a4:6c:2a:e0:20:02;eduroam;-71;109
6665;a4:6c:2a:e0:20:04;Free Tbaytel WiFi;-69;109
6666;c0:c1:c0:8e:e8:c5;unavailable;-90;109
6667;a4:6c:2a:e0:20:0f;LU-Guest;-85;109
6668;a4:6c:2a:e0:20:0c;LU-Events;-85;109
6669;a4:6c:2a:e0:20:0b;Free Tbaytel WiFi;-85;109
6670;a4:6c:2a:e0:20:0e;LakeheadU;-84;109
6671;a4:6c:2a:e0:20:0d;eduroam;-84;109
6672;a4:6c:2a:d4:ba:42;eduroam;-78;109
6673;a4:6c:2a:d4:ba:43;LU-Events;-78;109
6674;a4:6c:2a:d4:ba:44;Free Tbaytel WiFi;-78;109
6675;a4:6c:2a:d4:ba:41;LakeheadU;-76;109
6676;d8:b1:90:e1:12:b0;LU-Guest;-67;109
6677;d8:b1:90:e1:12:b2;eduroam;-67;109
6678;d8:b1:90:e1:12:b1;LakeheadU;-68;109
6679;d8:b1:90:e1:12:b4;Free Tbaytel WiFi;-67;109
6680;d8:b1:90:e1:12:b3;LU-Events;-68;109
6681;80:e0:1d:c2:b7:f0;LU-Guest;-68;109
6682;80:e0:1d:c2:b7:f1;LakeheadU;-68;109
6683;80:e0:1d:c2:b7:f2;eduroam;-68;109
6684;80:e0:1d:c2:b7:f3;LU-Events;-70;109
6685;80:e0:1d:c2:b7:f4;Free Tbaytel WiFi;-69;109
6686;80:e0:1d:c2:b7:ff;LU-Guest;-82;109
6687;80:e0:1d:c2:b7:fb;Free Tbaytel WiFi;-82;109
6688;80:e0:1d:c2:b7:fc;LU-Events;-83;109
6689;80:e0:1d:c2:b7:fd;eduroam;-82;109
6690;80:e0:1d:c2:b7:fe;LakeheadU;-82;109
6691;d8:b1:90:e1:12:be;LakeheadU;-91;109
6692;80:e0:1d:af:21:10;LU-Guest;-79;109
6693;80:e0:1d:ee:40:51;LakeheadU;-83;109
6694;80:e0:1d:ee:40:53;LU-Events;-84;109
6695;80:e0:1d:af:21:14;Free Tbaytel WiFi;-81;109
6696;80:e0:1d:af:21:13;LU-Events;-80;109
6697;80:e0:1d:af:21:11;LakeheadU;-79;109
6698;a4:6c:2a:d4:ba:4c;LU-Events;-92;109
6699;a6:d7:3c:91:b9:8e;DIRECT-1E4D4AT2015-EPL520UGUR2;-82;109
6700;a4:6c:2a:d4:ba:50;LU-Guest;-87;109
6701;a4:6c:2a:d3:f2:8c;LU-Events;-73;109
6702;a4:6c:2a:d3:f2:8b;Free Tbaytel WiFi;-74;109
6703;a4:6c:2a:d3:f2:8e;LakeheadU;-74;109
6704;a4:6c:2a:d3:f2:8d;eduroam;-75;109
6705;a4:6c:2a:d3:f2:8f;LU-Guest;-72;109
6706;a4:6c:2a:d3:f2:81;LakeheadU;-64;109
6707;a4:6c:2a:d3:f2:80;LU-Guest;-64;109
6708;a4:6c:2a:d3:f2:83;LU-Events;-64;109
6709;a4:6c:2a:d3:f2:82;eduroam;-64;109
6710;a4:6c:2a:d3:f2:84;Free Tbaytel WiFi;-64;109
6711;d8:b1:90:df:9f:ec;LU-Events;-88;109
6712;d8:b1:90:df:9f:ef;LU-Guest;-90;109
6713;d8:b1:90:df:9f:e4;Free Tbaytel WiFi;-73;109
6714;d8:b1:90:df:9f:e3;LU-Events;-72;109
6715;d8:b1:90:df:9f:e1;LakeheadU;-69;109
6716;80:e0:1d:af:1e:c3;Free Tbaytel WiFi;-81;109
6717;80:e0:1d:af:1e:c2;LU-Events;-80;109
6718;a4:6c:2a:d3:f4:df;LU-Guest;-64;109
6719;a4:6c:2a:d3:f4:dd;eduroam;-63;109
6720;a4:6c:2a:d3:f4:de;LakeheadU;-64;109
6721;a4:6c:2a:d3:f4:db;Free Tbaytel WiFi;-63;109
6722;a4:6c:2a:d3:f4:dc;LU-Events;-63;109
6723;a4:6c:2a:d3:f4:d0;LU-Guest;-51;109
6724;a4:6c:2a:d3:f4:d1;LakeheadU;-54;109
6725;a4:6c:2a:d3:f4:d4;Free Tbaytel WiFi;-54;109
6726;a4:6c:2a:d3:f4:d2;eduroam;-51;109
6727;a4:6c:2a:d3:f4:d3;LU-Events;-51;109
6728;80:e0:1d:e6:79:d2;eduroam;-80;109
6729;80:e0:1d:e6:79:dc;LU-Events;-87;109
6730;80:e0:1d:ac:8b:04;Free Tbaytel WiFi;-69;109
6731;80:e0:1d:ac:8b:03;LU-Events;-70;109
6732;80:e0:1d:ac:8b:02;eduroam;-70;109
6733;6c:5a:b0:3d:73:bf;Quanser_UVS-5G;-71;109
6734;80:e0:1d:ac:8b:0e;LakeheadU;-89;109
6735;80:e0:1d:ac:8b:0d;eduroam;-88;109
6736;80:e0:1d:ac:8b:0b;Free Tbaytel WiFi;-89;109
6737;6c:5a:b0:3d:73:c0;Quanser_UVS-5G;-58;109
6738;6c:5a:b0:3d:73:c1;Quanser_UVS;-56;109
6739;d8:b1:90:e1:29:d0;LU-Guest;-79;109
6740;d8:b1:90:e1:29:d3;LU-Events;-76;109
6741;d8:b1:90:e1:29:d4;Free Tbaytel WiFi;-77;109
6742;d8:b1:90:e1:29:d1;LakeheadU;-77;109
6743;d8:b1:90:e1:29:d2;eduroam;-77;109
6744;d8:b1:90:e1:29:de;LakeheadU;-90;110
6745;a4:6c:2a:e0:20:01;LakeheadU;-70;110
6746;a4:6c:2a:e0:20:00;LU-Guest;-70;110
6747;a4:6c:2a:e0:20:03;LU-Events;-69;110
6748;a4:6c:2a:e0:20:02;eduroam;-71;110
6749;a4:6c:2a:e0:20:04;Free Tbaytel WiFi;-69;110
6750;c0:c1:c0:8e:e8:c5;unavailable;-90;110
6751;a4:6c:2a:e0:20:0f;LU-Guest;-85;110
6752;a4:6c:2a:e0:20:0c;LU-Events;-85;110
6753;a4:6c:2a:e0:20:0b;Free Tbaytel WiFi;-85;110
6754;a4:6c:2a:e0:20:0e;LakeheadU;-84;110
6755;a4:6c:2a:e0:20:0d;eduroam;-84;110
6756;a4:6c:2a:d4:ba:42;eduroam;-78;110
6757;a4:6c:2a:d4:ba:43;LU-Events;-78;110
6758;a4:6c:2a:d4:ba:44;Free Tbaytel WiFi;-78;110
6759;a4:6c:2a:d4:ba:41;LakeheadU;-76;110
6760;d8:b1:90:e1:12:b0;LU-Guest;-67;110
6761;d8:b1:90:e1:12:b2;eduroam;-67;110
6762;d8:b1:90:e1:12:b1;LakeheadU;-68;110
6763;d8:b1:90:e1:12:b4;Free Tbaytel WiFi;-67;110
6764;d8:b1:90:e1:12:b3;LU-Events;-68;110
6765;80:e0:1d:c2:b7:f0;LU-Guest;-68;110
6766;80:e0:1d:c2:b7:f1;LakeheadU;-68;110
6767;80:e0:1d:c2:b7:f2;eduroam;-68;110
6768;80:e0:1d:c2:b7:f3;LU-Events;-70;110
6769;80:e0:1d:c2:b7:f4;Free Tbaytel WiFi;-69;110
6770;80:e0:1d:c2:b7:ff;LU-Guest;-82;110
6771;80:e0:1d:c2:b7:fb;Free Tbaytel WiFi;-82;110
6772;80:e0:1d:c2:b7:fc;LU-Events;-83;110
6773;80:e0:1d:c2:b7:fd;eduroam;-82;110
6774;80:e0:1d:c2:b7:fe;LakeheadU;-82;110
6775;d8:b1:90:e1:12:be;LakeheadU;-91;110
6776;80:e0:1d:af:21:10;LU-Guest;-79;110
6777;80:e0:1d:ee:40:51;LakeheadU;-83;110
6778;80:e0:1d:ee:40:53;LU-Events;-84;110
6779;80:e0:1d:af:21:14;Free Tbaytel WiFi;-81;110
6780;80:e0:1d:af:21:13;LU-Events;-80;110
6781;80:e0:1d:af:21:11;LakeheadU;-79;110
6782;a4:6c:2a:d4:ba:4c;LU-Events;-92;110
6783;a6:d7:3c:91:b9:8e;DIRECT-1E4D4AT2015-EPL520UGUR2;-82;110
6784;a4:6c:2a:d4:ba:50;LU-Guest;-87;110
6785;a4:6c:2a:d3:f2:8c;LU-Events;-73;110
6786;a4:6c:2a:d3:f2:8b;Free Tbaytel WiFi;-74;110
6787;a4:6c:2a:d3:f2:8e;LakeheadU;-74;110
6788;a4:6c:2a:d3:f2:8d;eduroam;-75;110
6789;a4:6c:2a:d3:f2:8f;LU-Guest;-72;110
6790;a4:6c:2a:d3:f2:81;LakeheadU;-64;110
6791;a4:6c:2a:d3:f2:80;LU-Guest;-64;110
6792;a4:6c:2a:d3:f2:83;LU-Events;-64;110
6793;a4:6c:2a:d3:f2:82;eduroam;-64;110
6794;a4:6c:2a:d3:f2:84;Free Tbaytel WiFi;-64;110
6795;d8:b1:90:df:9f:ec;LU-Events;-88;110
6796;d8:b1:90:df:9f:ef;LU-Guest;-90;110
6797;d8:b1:90:df:9f:e4;Free Tbaytel WiFi;-73;110
6798;d8:b1:90:df:9f:e3;LU-Events;-72;110
6799;d8:b1:90:df:9f:e1;LakeheadU;-69;110
6800;80:e0:1d:af:1e:c3;Free Tbaytel WiFi;-81;110
6801;80:e0:1d:af:1e:c2;LU-Events;-80;110
6802;a4:6c:2a:d3:f4:df;LU-Guest;-64;110
6803;a4:6c:2a:d3:f4:dd;eduroam;-63;110
6804;a4:6c:2a:d3:f4:de;LakeheadU;-64;110
6805;a4:6c:2a:d3:f4:db;Free Tbaytel WiFi;-63;110
6806;a4:6c:2a:d3:f4:dc;LU-Events;-63;110
6807;a4:6c:2a:d3:f4:d0;LU-Guest;-51;110
6808;a4:6c:2a:d3:f4:d1;LakeheadU;-54;110
6809;a4:6c:2a:d3:f4:d4;Free Tbaytel WiFi;-54;110
6810;a4:6c:2a:d3:f4:d2;eduroam;-51;110
6811;a4:6c:2a:d3:f4:d3;LU-Events;-51;110
6812;80:e0:1d:e6:79:d2;eduroam;-80;110
6813;80:e0:1d:e6:79:dc;LU-Events;-87;110
6814;80:e0:1d:ac:8b:04;Free Tbaytel WiFi;-69;110
6815;80:e0:1d:ac:8b:03;LU-Events;-70;110
6816;80:e0:1d:ac:8b:02;eduroam;-70;110
6817;6c:5a:b0:3d:73:bf;Quanser_UVS-5G;-71;110
6818;80:e0:1d:ac:8b:0e;LakeheadU;-89;110
6819;80:e0:1d:ac:8b:0d;eduroam;-88;110
6820;80:e0:1d:ac:8b:0b;Free Tbaytel WiFi;-89;110
6821;6c:5a:b0:3d:73:c0;Quanser_UVS-5G;-58;110
6822;6c:5a:b0:3d:73:c1;Quanser_UVS;-56;110
6823;d8:b1:90:e1:29:d0;LU-Guest;-79;110
6824;d8:b1:90:e1:29:d3;LU-Events;-76;110
6825;d8:b1:90:e1:29:d4;Free Tbaytel WiFi;-77;110
6826;d8:b1:90:e1:29:d1;LakeheadU;-77;110
6827;d8:b1:90:e1:29:d2;eduroam;-77;110
6828;d8:b1:90:e1:29:dc;LU-Events;-90;111
6829;d8:b1:90:e1:29:dd;eduroam;-89;111
6830;d8:b1:90:e1:29:de;LakeheadU;-90;111
6831;a4:6c:2a:e0:20:01;LakeheadU;-67;111
6832;a4:6c:2a:e0:20:00;LU-Guest;-67;111
6833;a4:6c:2a:e0:20:03;LU-Events;-67;111
6834;a4:6c:2a:e0:20:02;eduroam;-67;111
6835;a4:6c:2a:e0:20:04;Free Tbaytel WiFi;-67;111
6836;c0:c1:c0:8e:e8:c5;unavailable;-90;111
6837;a4:6c:2a:e0:20:0f;LU-Guest;-85;111
6838;a4:6c:2a:e0:20:0c;LU-Events;-82;111
6839;a4:6c:2a:e0:20:0b;Free Tbaytel WiFi;-82;111
6840;a4:6c:2a:e0:20:0e;LakeheadU;-84;111
6841;a4:6c:2a:e0:20:0d;eduroam;-84;111
6842;a4:6c:2a:d4:ba:42;eduroam;-78;111
6843;a4:6c:2a:d4:ba:43;LU-Events;-78;111
6844;a4:6c:2a:d4:ba:44;Free Tbaytel WiFi;-78;111
6845;a4:6c:2a:d4:ba:41;LakeheadU;-76;111
6846;d8:b1:90:e1:12:b0;LU-Guest;-67;111
6847;d8:b1:90:e1:12:b2;eduroam;-67;111
6848;d8:b1:90:e1:12:b1;LakeheadU;-68;111
6849;d8:b1:90:e1:12:b4;Free Tbaytel WiFi;-67;111
6850;d8:b1:90:e1:12:b3;LU-Events;-68;111
6851;80:e0:1d:c2:b7:f0;LU-Guest;-68;111
6852;80:e0:1d:c2:b7:f1;LakeheadU;-68;111
6853;80:e0:1d:c2:b7:f2;eduroam;-68;111
6854;80:e0:1d:c2:b7:f3;LU-Events;-70;111
6855;80:e0:1d:c2:b7:f4;Free Tbaytel WiFi;-69;111
6856;80:e0:1d:c2:b7:ff;LU-Guest;-87;111
6857;80:e0:1d:c2:b7:fb;Free Tbaytel WiFi;-87;111
6858;80:e0:1d:c2:b7:fc;LU-Events;-87;111
6859;80:e0:1d:c2:b7:fd;eduroam;-87;111
6860;80:e0:1d:c2:b7:fe;LakeheadU;-87;111
6861;d8:b1:90:e1:12:be;LakeheadU;-91;111
6862;80:e0:1d:af:21:10;LU-Guest;-79;111
6863;80:e0:1d:ee:40:50;LU-Guest;-83;111
6864;80:e0:1d:ee:40:51;LakeheadU;-83;111
6865;80:e0:1d:ee:40:53;LU-Events;-82;111
6866;80:e0:1d:af:21:14;Free Tbaytel WiFi;-81;111
6867;80:e0:1d:af:21:13;LU-Events;-80;111
6868;80:e0:1d:af:21:11;LakeheadU;-79;111
6869;a4:6c:2a:d4:ba:4c;LU-Events;-92;111
6870;a6:d7:3c:91:b9:8e;DIRECT-1E4D4AT2015-EPL520UGUR2;-82;111
6871;a4:6c:2a:d4:ba:53;LU-Events;-86;111
6872;a4:6c:2a:d4:ba:54;Free Tbaytel WiFi;-88;111
6873;a4:6c:2a:d4:ba:50;LU-Guest;-86;111
6874;a4:6c:2a:d3:f2:8c;LU-Events;-73;111
6875;a4:6c:2a:d3:f2:8b;Free Tbaytel WiFi;-74;111
6876;a4:6c:2a:d3:f2:8e;LakeheadU;-74;111
6877;a4:6c:2a:d3:f2:8d;eduroam;-85;111
6878;a4:6c:2a:d3:f2:8f;LU-Guest;-72;111
6879;a4:6c:2a:d3:f2:81;LakeheadU;-79;111
6880;a4:6c:2a:d3:f2:80;LU-Guest;-80;111
6881;a4:6c:2a:d3:f2:83;LU-Events;-81;111
6882;a4:6c:2a:d3:f2:82;eduroam;-80;111
6883;a4:6c:2a:d3:f2:84;Free Tbaytel WiFi;-81;111
6884;d8:b1:90:df:9f:ee;LakeheadU;-84;111
6885;d8:b1:90:df:9f:ed;eduroam;-84;111
6886;d8:b1:90:df:9f:ec;LU-Events;-84;111
6887;d8:b1:90:df:9f:eb;Free Tbaytel WiFi;-84;111
6888;d8:b1:90:df:9f:ef;LU-Guest;-84;111
6889;d8:b1:90:df:9f:e4;Free Tbaytel WiFi;-71;111
6890;d8:b1:90:df:9f:e3;LU-Events;-71;111
6891;d8:b1:90:df:9f:e2;eduroam;-71;111
6892;d8:b1:90:df:9f:e1;LakeheadU;-71;111
6893;d8:b1:90:df:9f:e0;LU-Guest;-73;111
6894;80:e0:1d:af:1e:c3;Free Tbaytel WiFi;-81;111
6895;80:e0:1d:af:1e:c2;LU-Events;-80;111
6896;a4:6c:2a:d3:f4:df;LU-Guest;-69;111
6897;a4:6c:2a:d3:f4:dd;eduroam;-68;111
6898;a4:6c:2a:d3:f4:de;LakeheadU;-68;111
6899;a4:6c:2a:d3:f4:db;Free Tbaytel WiFi;-68;111
6900;a4:6c:2a:d3:f4:dc;LU-Events;-69;111
6901;a4:6c:2a:d3:f4:d0;LU-Guest;-60;111
6902;a4:6c:2a:d3:f4:d1;LakeheadU;-59;111
6903;a4:6c:2a:d3:f4:d4;Free Tbaytel WiFi;-64;111
6904;a4:6c:2a:d3:f4:d2;eduroam;-60;111
6905;a4:6c:2a:d3:f4:d3;LU-Events;-60;111
6906;ba:5a:b0:3d:73:b1;;-82;111
6907;80:e0:1d:e6:79:d2;eduroam;-74;111
6908;80:e0:1d:e6:79:d1;LakeheadU;-75;111
6909;80:e0:1d:e6:79:d0;LU-Guest;-75;111
6910;80:e0:1d:e6:79:d4;Free Tbaytel WiFi;-72;111
6911;80:e0:1d:e6:79:d3;LU-Events;-74;111
6912;80:e0:1d:e6:79:de;LakeheadU;-91;111
6913;80:e0:1d:e6:79:dc;LU-Events;-91;111
6914;80:e0:1d:ac:8b:04;Free Tbaytel WiFi;-69;111
6915;80:e0:1d:ac:8b:03;LU-Events;-70;111
6916;80:e0:1d:ac:8b:02;eduroam;-70;111
6917;6c:5a:b0:3d:73:bf;Quanser_UVS-5G;-82;111
6918;80:e0:1d:ac:8b:0e;LakeheadU;-89;111
6919;80:e0:1d:ac:8b:0d;eduroam;-88;111
6920;80:e0:1d:ac:8b:0b;Free Tbaytel WiFi;-89;111
6921;6c:5a:b0:3d:73:c0;Quanser_UVS-5G;-68;111
6922;6c:5a:b0:3d:73:c1;Quanser_UVS;-58;111
6923;d8:b1:90:e1:29:d0;LU-Guest;-81;111
6924;d8:b1:90:e1:29:d3;LU-Events;-82;111
6925;d8:b1:90:e1:29:d4;Free Tbaytel WiFi;-80;111
6926;d8:b1:90:e1:29:d1;LakeheadU;-81;111
6927;d8:b1:90:e1:29:d2;eduroam;-82;111
6928;d8:b1:90:e1:29:dc;LU-Events;-90;112
6929;d8:b1:90:e1:29:dd;eduroam;-89;112
6930;a4:6c:2a:e0:20:01;LakeheadU;-67;112
6931;a4:6c:2a:e0:20:00;LU-Guest;-67;112
6932;a4:6c:2a:e0:20:03;LU-Events;-67;112
6933;a4:6c:2a:e0:20:02;eduroam;-67;112
6934;a4:6c:2a:e0:20:04;Free Tbaytel WiFi;-67;112
6935;a4:6c:2a:e0:20:0c;LU-Events;-82;112
6936;a4:6c:2a:e0:20:0b;Free Tbaytel WiFi;-82;112
6937;80:e0:1d:c2:b7:ff;LU-Guest;-87;112
6938;80:e0:1d:c2:b7:fb;Free Tbaytel WiFi;-87;112
6939;80:e0:1d:c2:b7:fc;LU-Events;-87;112
6940;80:e0:1d:c2:b7:fd;eduroam;-87;112
6941;80:e0:1d:c2:b7:fe;LakeheadU;-87;112
6942;80:e0:1d:ee:40:50;LU-Guest;-83;112
6943;80:e0:1d:ee:40:53;LU-Events;-82;112
6944;a4:6c:2a:d4:ba:53;LU-Events;-86;112
6945;a4:6c:2a:d4:ba:54;Free Tbaytel WiFi;-88;112
6946;a4:6c:2a:d4:ba:50;LU-Guest;-86;112
6947;a4:6c:2a:d3:f2:8d;eduroam;-85;112
6948;a4:6c:2a:d3:f2:81;LakeheadU;-79;112
6949;a4:6c:2a:d3:f2:80;LU-Guest;-80;112
6950;a4:6c:2a:d3:f2:83;LU-Events;-81;112
6951;a4:6c:2a:d3:f2:82;eduroam;-80;112
6952;a4:6c:2a:d3:f2:84;Free Tbaytel WiFi;-81;112
6953;d8:b1:90:df:9f:ee;LakeheadU;-84;112
6954;d8:b1:90:df:9f:ed;eduroam;-84;112
6955;d8:b1:90:df:9f:ec;LU-Events;-84;112
6956;d8:b1:90:df:9f:eb;Free Tbaytel WiFi;-84;112
6957;d8:b1:90:df:9f:ef;LU-Guest;-84;112
6958;d8:b1:90:df:9f:e4;Free Tbaytel WiFi;-71;112
6959;d8:b1:90:df:9f:e3;LU-Events;-71;112
6960;d8:b1:90:df:9f:e2;eduroam;-71;112
6961;d8:b1:90:df:9f:e1;LakeheadU;-71;112
6962;d8:b1:90:df:9f:e0;LU-Guest;-73;112
6963;a4:6c:2a:d3:f4:df;LU-Guest;-69;112
6964;a4:6c:2a:d3:f4:dd;eduroam;-68;112
6965;a4:6c:2a:d3:f4:de;LakeheadU;-68;112
6966;a4:6c:2a:d3:f4:db;Free Tbaytel WiFi;-68;112
6967;a4:6c:2a:d3:f4:dc;LU-Events;-69;112
6968;a4:6c:2a:d3:f4:d0;LU-Guest;-60;112
6969;a4:6c:2a:d3:f4:d1;LakeheadU;-59;112
6970;a4:6c:2a:d3:f4:d4;Free Tbaytel WiFi;-64;112
6971;a4:6c:2a:d3:f4:d2;eduroam;-60;112
6972;a4:6c:2a:d3:f4:d3;LU-Events;-60;112
6973;ba:5a:b0:3d:73:b1;;-82;112
6974;80:e0:1d:e6:79:d2;eduroam;-74;112
6975;80:e0:1d:e6:79:d1;LakeheadU;-75;112
6976;80:e0:1d:e6:79:d0;LU-Guest;-75;112
6977;80:e0:1d:e6:79:d4;Free Tbaytel WiFi;-72;112
6978;80:e0:1d:e6:79:d3;LU-Events;-74;112
6979;80:e0:1d:e6:79:de;LakeheadU;-91;112
6980;80:e0:1d:e6:79:dc;LU-Events;-91;112
6981;6c:5a:b0:3d:73:bf;Quanser_UVS-5G;-82;112
6982;6c:5a:b0:3d:73:c0;Quanser_UVS-5G;-68;112
6983;6c:5a:b0:3d:73:c1;Quanser_UVS;-58;112
6984;d8:b1:90:e1:29:d0;LU-Guest;-81;112
6985;d8:b1:90:e1:29:d3;LU-Events;-82;112
6986;d8:b1:90:e1:29:d4;Free Tbaytel WiFi;-80;112
6987;d8:b1:90:e1:29:d1;LakeheadU;-81;112
6988;d8:b1:90:e1:29:d2;eduroam;-82;112
6989;a4:6c:2a:e0:20:01;LakeheadU;-80;113
6990;a4:6c:2a:e0:20:00;LU-Guest;-79;113
6991;a4:6c:2a:e0:20:03;LU-Events;-82;113
6992;a4:6c:2a:e0:20:02;eduroam;-81;113
6993;a4:6c:2a:e0:20:04;Free Tbaytel WiFi;-80;113
6994;00:1f:33:bd:d5:34;Lab1012;-66;113
6995;a4:6c:2a:e0:20:0c;LU-Events;-86;113
6996;a4:6c:2a:e0:20:0e;LakeheadU;-88;113
6997;a4:6c:2a:d4:ba:42;eduroam;-75;113
6998;a4:6c:2a:d4:ba:43;LU-Events;-76;113
6999;a4:6c:2a:d4:ba:44;Free Tbaytel WiFi;-76;113
7000;a4:6c:2a:d4:ba:40;LU-Guest;-77;113
7001;a4:6c:2a:d4:ba:41;LakeheadU;-77;113
7002;d8:b1:90:e1:12:b0;LU-Guest;-69;113
7003;d8:b1:90:e1:12:b2;eduroam;-66;113
7004;d8:b1:90:e1:12:b1;LakeheadU;-68;113
7005;d8:b1:90:e1:12:b4;Free Tbaytel WiFi;-68;113
7006;d8:b1:90:e1:12:b3;LU-Events;-68;113
7007;d8:b1:90:e1:12:bb;Free Tbaytel WiFi;-85;113
7008;d8:b1:90:e1:12:bd;eduroam;-85;113
7009;d8:b1:90:e1:12:bc;LU-Events;-85;113
7010;d8:b1:90:e1:12:bf;LU-Guest;-84;113
7011;7e:a7:b0:c5:e9:67;DIRECT-cfLexmark Cheetah M-67e9;-65;113
7012;80:e0:1d:ee:40:50;LU-Guest;-83;113
7013;80:e0:1d:ee:40:51;LakeheadU;-84;113
7014;80:e0:1d:ee:40:54;Free Tbaytel WiFi;-83;113
7015;80:e0:1d:ee:40:53;LU-Events;-82;113
7016;80:e0:1d:af:21:13;LU-Events;-80;113
7017;a4:6c:2a:d4:ba:53;LU-Events;-87;113
7018;a4:6c:2a:d4:ba:54;Free Tbaytel WiFi;-89;113
7019;a4:6c:2a:d3:f2:8c;LU-Events;-73;113
7020;a4:6c:2a:d3:f2:8b;Free Tbaytel WiFi;-74;113
7021;a4:6c:2a:d3:f2:8e;LakeheadU;-73;113
7022;a4:6c:2a:d3:f2:8d;eduroam;-73;113
7023;a4:6c:2a:d3:f2:8f;LU-Guest;-73;113
7024;d8:b1:90:df:9f:e4;Free Tbaytel WiFi;-72;113
7025;d8:b1:90:df:9f:e3;LU-Events;-71;113
7026;d8:b1:90:df:9f:e2;eduroam;-72;113
7027;d8:b1:90:df:9f:e1;LakeheadU;-72;113
7028;d8:b1:90:df:9f:e0;LU-Guest;-72;113
7029;a4:6c:2a:d3:f4:df;LU-Guest;-55;113
7030;a4:6c:2a:d3:f4:dd;eduroam;-54;113
7031;a4:6c:2a:d3:f4:de;LakeheadU;-55;113
7032;a4:6c:2a:d3:f4:db;Free Tbaytel WiFi;-50;113
7033;a4:6c:2a:d3:f4:dc;LU-Events;-54;113
7034;a4:6c:2a:d3:f4:d0;LU-Guest;-48;113
7035;a4:6c:2a:d3:f4:d1;LakeheadU;-48;113
7036;a4:6c:2a:d3:f4:d4;Free Tbaytel WiFi;-48;113
7037;a4:6c:2a:d3:f4:d2;eduroam;-49;113
7038;a4:6c:2a:d3:f4:d3;LU-Events;-48;113
7039;a4:6c:2a:d4:bb:0c;LU-Events;-91;113
7040;a4:6c:2a:d4:bb:0d;eduroam;-92;113
7041;a4:6c:2a:d4:bb:0e;LakeheadU;-91;113
7042;a4:6c:2a:d4:bb:0f;LU-Guest;-92;113
7043;a4:6c:2a:d4:bb:0b;Free Tbaytel WiFi;-90;113
7044;80:e0:1d:ac:8b:04;Free Tbaytel WiFi;-59;113
7045;80:e0:1d:ac:8b:03;LU-Events;-60;113
7046;80:e0:1d:ac:8b:02;eduroam;-59;113
7047;80:e0:1d:ac:8b:01;LakeheadU;-60;113
7048;80:e0:1d:ac:8b:00;LU-Guest;-59;113
7049;6c:5a:b0:3d:73:bf;Quanser_UVS-5G;-66;113
7050;80:e0:1d:ac:8b:0e;LakeheadU;-81;113
7051;80:e0:1d:ac:8b:0d;eduroam;-82;113
7052;80:e0:1d:ac:8b:0c;LU-Events;-81;113
7053;80:e0:1d:ac:8b:0b;Free Tbaytel WiFi;-81;113
7054;6c:5a:b0:3d:73:c0;Quanser_UVS-5G;-57;113
7055;6c:5a:b0:3d:73:c1;Quanser_UVS;-59;113
7056;80:e0:1d:ac:8b:0f;LU-Guest;-81;113
7057;d8:b1:90:e1:29:d0;LU-Guest;-73;113
7058;d8:b1:90:e1:29:d3;LU-Events;-72;113
7059;d8:b1:90:e1:29:d4;Free Tbaytel WiFi;-74;113
7060;d8:b1:90:e1:29:d1;LakeheadU;-73;113
7061;d8:b1:90:e1:29:d2;eduroam;-73;113
7062;a4:6c:2a:e0:20:01;LakeheadU;-80;114
7063;a4:6c:2a:e0:20:00;LU-Guest;-79;114
7064;a4:6c:2a:e0:20:03;LU-Events;-82;114
7065;a4:6c:2a:e0:20:02;eduroam;-81;114
7066;a4:6c:2a:e0:20:04;Free Tbaytel WiFi;-80;114
7067;00:1f:33:bd:d5:34;Lab1012;-66;114
7068;a4:6c:2a:e0:20:0c;LU-Events;-86;114
7069;a4:6c:2a:e0:20:0e;LakeheadU;-88;114
7070;a4:6c:2a:d4:ba:42;eduroam;-75;114
7071;a4:6c:2a:d4:ba:43;LU-Events;-76;114
7072;a4:6c:2a:d4:ba:44;Free Tbaytel WiFi;-76;114
7073;a4:6c:2a:d4:ba:40;LU-Guest;-77;114
7074;a4:6c:2a:d4:ba:41;LakeheadU;-77;114
7075;d8:b1:90:e1:12:b0;LU-Guest;-69;114
7076;d8:b1:90:e1:12:b2;eduroam;-66;114
7077;d8:b1:90:e1:12:b1;LakeheadU;-68;114
7078;d8:b1:90:e1:12:b4;Free Tbaytel WiFi;-68;114
7079;d8:b1:90:e1:12:b3;LU-Events;-68;114
7080;d8:b1:90:e1:12:bb;Free Tbaytel WiFi;-85;114
7081;d8:b1:90:e1:12:bd;eduroam;-85;114
7082;d8:b1:90:e1:12:bc;LU-Events;-85;114
7083;d8:b1:90:e1:12:bf;LU-Guest;-84;114
7084;7e:a7:b0:c5:e9:67;DIRECT-cfLexmark Cheetah M-67e9;-65;114
7085;80:e0:1d:ee:40:50;LU-Guest;-83;114
7086;80:e0:1d:ee:40:51;LakeheadU;-84;114
7087;80:e0:1d:ee:40:54;Free Tbaytel WiFi;-83;114
7088;80:e0:1d:ee:40:53;LU-Events;-82;114
7089;80:e0:1d:af:21:13;LU-Events;-80;114
7090;a4:6c:2a:d4:ba:53;LU-Events;-87;114
7091;a4:6c:2a:d4:ba:54;Free Tbaytel WiFi;-89;114
7092;a4:6c:2a:d3:f2:8c;LU-Events;-73;114
7093;a4:6c:2a:d3:f2:8b;Free Tbaytel WiFi;-74;114
7094;a4:6c:2a:d3:f2:8e;LakeheadU;-73;114
7095;a4:6c:2a:d3:f2:8d;eduroam;-73;114
7096;a4:6c:2a:d3:f2:8f;LU-Guest;-73;114
7097;d8:b1:90:df:9f:e4;Free Tbaytel WiFi;-72;114
7098;d8:b1:90:df:9f:e3;LU-Events;-71;114
7099;d8:b1:90:df:9f:e2;eduroam;-72;114
7100;d8:b1:90:df:9f:e1;LakeheadU;-72;114
7101;d8:b1:90:df:9f:e0;LU-Guest;-72;114
7102;a4:6c:2a:d3:f4:df;LU-Guest;-55;114
7103;a4:6c:2a:d3:f4:dd;eduroam;-54;114
7104;a4:6c:2a:d3:f4:de;LakeheadU;-55;114
7105;a4:6c:2a:d3:f4:db;Free Tbaytel WiFi;-50;114
7106;a4:6c:2a:d3:f4:dc;LU-Events;-54;114
7107;a4:6c:2a:d3:f4:d0;LU-Guest;-48;114
7108;a4:6c:2a:d3:f4:d1;LakeheadU;-48;114
7109;a4:6c:2a:d3:f4:d4;Free Tbaytel WiFi;-48;114
7110;a4:6c:2a:d3:f4:d2;eduroam;-49;114
7111;a4:6c:2a:d3:f4:d3;LU-Events;-48;114
7112;a4:6c:2a:d4:bb:0c;LU-Events;-91;114
7113;a4:6c:2a:d4:bb:0d;eduroam;-92;114
7114;a4:6c:2a:d4:bb:0e;LakeheadU;-91;114
7115;a4:6c:2a:d4:bb:0f;LU-Guest;-92;114
7116;a4:6c:2a:d4:bb:0b;Free Tbaytel WiFi;-90;114
7117;80:e0:1d:ac:8b:04;Free Tbaytel WiFi;-59;114
7118;80:e0:1d:ac:8b:03;LU-Events;-60;114
7119;80:e0:1d:ac:8b:02;eduroam;-59;114
7120;80:e0:1d:ac:8b:01;LakeheadU;-60;114
7121;80:e0:1d:ac:8b:00;LU-Guest;-59;114
7122;6c:5a:b0:3d:73:bf;Quanser_UVS-5G;-66;114
7123;80:e0:1d:ac:8b:0e;LakeheadU;-81;114
7124;80:e0:1d:ac:8b:0d;eduroam;-82;114
7125;80:e0:1d:ac:8b:0c;LU-Events;-81;114
7126;80:e0:1d:ac:8b:0b;Free Tbaytel WiFi;-81;114
7127;6c:5a:b0:3d:73:c0;Quanser_UVS-5G;-57;114
7128;6c:5a:b0:3d:73:c1;Quanser_UVS;-59;114
7129;80:e0:1d:ac:8b:0f;LU-Guest;-81;114
7130;d8:b1:90:e1:29:d0;LU-Guest;-73;114
7131;d8:b1:90:e1:29:d3;LU-Events;-72;114
7132;d8:b1:90:e1:29:d4;Free Tbaytel WiFi;-74;114
7133;d8:b1:90:e1:29:d1;LakeheadU;-73;114
7134;d8:b1:90:e1:29:d2;eduroam;-73;114
7135;a4:6c:2a:d3:f4:d4;Free Tbaytel WiFi;-48;115
7136;80:e0:1d:ac:8b:0e;LakeheadU;-81;115
7137;80:e0:1d:ac:8b:0d;eduroam;-82;115
7138;80:e0:1d:ac:8b:0c;LU-Events;-81;115
7139;80:e0:1d:ac:8b:0b;Free Tbaytel WiFi;-81;115
7140;80:e0:1d:ac:8b:0f;LU-Guest;-81;115
7141;d8:b1:90:e1:29:dc;LU-Events;-91;116
7142;d8:b1:90:e1:29:dd;eduroam;-91;116
7143;d8:b1:90:e1:29:db;Free Tbaytel WiFi;-91;116
7144;d8:b1:90:e1:29:df;LU-Guest;-90;116
7145;a4:6c:2a:e0:20:01;LakeheadU;-85;116
7146;00:1f:33:bd:d5:34;Lab1012;-56;116
7147;c0:c1:c0:8e:e8:c5;unavailable;-72;116
7148;a4:6c:2a:d4:ba:42;eduroam;-72;116
7149;a4:6c:2a:d4:ba:44;Free Tbaytel WiFi;-72;116
7150;a4:6c:2a:d4:ba:40;LU-Guest;-72;116
7151;a4:6c:2a:d4:ba:41;LakeheadU;-73;116
7152;d8:b1:90:e1:12:b0;LU-Guest;-63;116
7153;d8:b1:90:e1:12:b1;LakeheadU;-64;116
7154;d8:b1:90:e1:12:b4;Free Tbaytel WiFi;-65;116
7155;d8:b1:90:e1:12:b3;LU-Events;-65;116
7156;d8:b1:90:e1:12:bb;Free Tbaytel WiFi;-84;116
7157;d8:b1:90:e1:12:bd;eduroam;-85;116
7158;d8:b1:90:e1:12:bc;LU-Events;-84;116
7159;d8:b1:90:e1:12:bf;LU-Guest;-84;116
7160;d8:b1:90:e1:12:be;LakeheadU;-85;116
7161;80:e0:1d:af:21:14;Free Tbaytel WiFi;-81;116
7162;80:e0:1d:af:21:13;LU-Events;-83;116
7163;80:e0:1d:af:21:12;eduroam;-82;116
7164;80:e0:1d:af:21:11;LakeheadU;-82;116
7165;a4:6c:2a:d3:f2:8c;LU-Events;-65;116
7166;a4:6c:2a:d3:f2:8b;Free Tbaytel WiFi;-64;116
7167;a4:6c:2a:d3:f2:8e;LakeheadU;-65;116
7168;a4:6c:2a:d3:f2:8d;eduroam;-65;116
7169;a4:6c:2a:d3:f2:8f;LU-Guest;-65;116
7170;a4:6c:2a:d3:f2:81;LakeheadU;-55;116
7171;a4:6c:2a:d3:f2:80;LU-Guest;-55;116
7172;a4:6c:2a:d3:f2:83;LU-Events;-56;116
7173;a4:6c:2a:d3:f2:82;eduroam;-56;116
7174;a4:6c:2a:d3:f2:84;Free Tbaytel WiFi;-55;116
7175;d8:b1:90:df:9f:e2;eduroam;-84;116
7176;a4:6c:2a:d4:bb:00;LU-Guest;-77;116
7177;a4:6c:2a:d4:bb:01;LakeheadU;-77;116
7178;a4:6c:2a:d4:bb:02;eduroam;-77;116
7179;a4:6c:2a:d3:f4:df;LU-Guest;-54;116
7180;a4:6c:2a:d3:f4:dd;eduroam;-53;116
7181;a4:6c:2a:d3:f4:de;LakeheadU;-54;116
7182;a4:6c:2a:d3:f4:db;Free Tbaytel WiFi;-53;116
7183;a4:6c:2a:d3:f4:dc;LU-Events;-53;116
7184;a4:6c:2a:d3:f4:d0;LU-Guest;-46;116
7185;a4:6c:2a:d3:f4:d1;LakeheadU;-45;116
7186;a4:6c:2a:d3:f4:d4;Free Tbaytel WiFi;-46;116
7187;a4:6c:2a:d3:f4:d2;eduroam;-45;116
7188;a4:6c:2a:d3:f4:d3;LU-Events;-45;116
7189;a4:6c:2a:d4:bb:0c;LU-Events;-86;116
7190;a4:6c:2a:d4:bb:0d;eduroam;-87;116
7191;a4:6c:2a:d4:bb:0e;LakeheadU;-87;116
7192;a4:6c:2a:d4:bb:0f;LU-Guest;-87;116
7193;a4:6c:2a:d4:bb:0b;Free Tbaytel WiFi;-86;116
7194;6c:5a:b0:3d:73:bf;Quanser_UVS-5G;-68;116
7195;80:e0:1d:ac:8b:0e;LakeheadU;-81;116
7196;80:e0:1d:ac:8b:0d;eduroam;-81;116
7197;80:e0:1d:ac:8b:0c;LU-Events;-80;116
7198;80:e0:1d:ac:8b:0b;Free Tbaytel WiFi;-81;116
7199;6c:5a:b0:3d:73:c0;Quanser_UVS-5G;-60;116
7200;6c:5a:b0:3d:73:c1;Quanser_UVS;-49;116
7201;80:e0:1d:ac:8b:0f;LU-Guest;-80;116
7202;d8:b1:90:e1:29:d0;LU-Guest;-76;116
7203;d8:b1:90:e1:29:d3;LU-Events;-77;116
7204;d8:b1:90:e1:29:d1;LakeheadU;-78;116
7205;d8:b1:90:e1:29:d2;eduroam;-77;116
7206;d8:b1:90:e1:29:dc;LU-Events;-91;117
7207;d8:b1:90:e1:29:dd;eduroam;-91;117
7208;d8:b1:90:e1:29:db;Free Tbaytel WiFi;-91;117
7209;d8:b1:90:e1:29:df;LU-Guest;-90;117
7210;a4:6c:2a:e0:20:01;LakeheadU;-85;117
7211;00:1f:33:bd:d5:34;Lab1012;-56;117
7212;c0:c1:c0:8e:e8:c5;unavailable;-72;117
7213;a4:6c:2a:d4:ba:42;eduroam;-72;117
7214;a4:6c:2a:d4:ba:44;Free Tbaytel WiFi;-72;117
7215;a4:6c:2a:d4:ba:40;LU-Guest;-72;117
7216;a4:6c:2a:d4:ba:41;LakeheadU;-73;117
7217;d8:b1:90:e1:12:b0;LU-Guest;-63;117
7218;d8:b1:90:e1:12:b1;LakeheadU;-64;117
7219;d8:b1:90:e1:12:b4;Free Tbaytel WiFi;-65;117
7220;d8:b1:90:e1:12:b3;LU-Events;-65;117
7221;d8:b1:90:e1:12:bb;Free Tbaytel WiFi;-84;117
7222;d8:b1:90:e1:12:bd;eduroam;-85;117
7223;d8:b1:90:e1:12:bc;LU-Events;-84;117
7224;d8:b1:90:e1:12:bf;LU-Guest;-84;117
7225;d8:b1:90:e1:12:be;LakeheadU;-85;117
7226;80:e0:1d:af:21:14;Free Tbaytel WiFi;-81;117
7227;80:e0:1d:af:21:13;LU-Events;-83;117
7228;80:e0:1d:af:21:12;eduroam;-82;117
7229;80:e0:1d:af:21:11;LakeheadU;-82;117
7230;a4:6c:2a:d3:f2:8c;LU-Events;-65;117
7231;a4:6c:2a:d3:f2:8b;Free Tbaytel WiFi;-64;117
7232;a4:6c:2a:d3:f2:8e;LakeheadU;-65;117
7233;a4:6c:2a:d3:f2:8d;eduroam;-65;117
7234;a4:6c:2a:d3:f2:8f;LU-Guest;-65;117
7235;a4:6c:2a:d3:f2:81;LakeheadU;-55;117
7236;a4:6c:2a:d3:f2:80;LU-Guest;-55;117
7237;a4:6c:2a:d3:f2:83;LU-Events;-56;117
7238;a4:6c:2a:d3:f2:82;eduroam;-56;117
7239;a4:6c:2a:d3:f2:84;Free Tbaytel WiFi;-55;117
7240;d8:b1:90:df:9f:e2;eduroam;-84;117
7241;a4:6c:2a:d4:bb:00;LU-Guest;-77;117
7242;a4:6c:2a:d4:bb:01;LakeheadU;-77;117
7243;a4:6c:2a:d4:bb:02;eduroam;-77;117
7244;a4:6c:2a:d3:f4:df;LU-Guest;-54;117
7245;a4:6c:2a:d3:f4:dd;eduroam;-53;117
7246;a4:6c:2a:d3:f4:de;LakeheadU;-54;117
7247;a4:6c:2a:d3:f4:db;Free Tbaytel WiFi;-53;117
7248;a4:6c:2a:d3:f4:dc;LU-Events;-53;117
7249;a4:6c:2a:d3:f4:d0;LU-Guest;-46;117
7250;a4:6c:2a:d3:f4:d1;LakeheadU;-45;117
7251;a4:6c:2a:d3:f4:d4;Free Tbaytel WiFi;-46;117
7252;a4:6c:2a:d3:f4:d2;eduroam;-45;117
7253;a4:6c:2a:d3:f4:d3;LU-Events;-45;117
7254;a4:6c:2a:d4:bb:0c;LU-Events;-86;117
7255;a4:6c:2a:d4:bb:0d;eduroam;-87;117
7256;a4:6c:2a:d4:bb:0e;LakeheadU;-87;117
7257;a4:6c:2a:d4:bb:0f;LU-Guest;-87;117
7258;a4:6c:2a:d4:bb:0b;Free Tbaytel WiFi;-86;117
7259;6c:5a:b0:3d:73:bf;Quanser_UVS-5G;-68;117
7260;80:e0:1d:ac:8b:0e;LakeheadU;-81;117
7261;80:e0:1d:ac:8b:0d;eduroam;-81;117
7262;80:e0:1d:ac:8b:0c;LU-Events;-80;117
7263;80:e0:1d:ac:8b:0b;Free Tbaytel WiFi;-81;117
7264;6c:5a:b0:3d:73:c0;Quanser_UVS-5G;-60;117
7265;6c:5a:b0:3d:73:c1;Quanser_UVS;-49;117
7266;80:e0:1d:ac:8b:0f;LU-Guest;-80;117
7267;d8:b1:90:e1:29:d0;LU-Guest;-76;117
7268;d8:b1:90:e1:29:d3;LU-Events;-77;117
7269;d8:b1:90:e1:29:d1;LakeheadU;-78;117
7270;d8:b1:90:e1:29:d2;eduroam;-77;117
7271;d8:b1:90:e1:29:dc;LU-Events;-91;118
7272;d8:b1:90:e1:29:dd;eduroam;-91;118
7273;d8:b1:90:e1:29:db;Free Tbaytel WiFi;-91;118
7274;d8:b1:90:e1:29:df;LU-Guest;-90;118
7275;a4:6c:2a:e0:20:01;LakeheadU;-85;118
7276;00:1f:33:bd:d5:34;Lab1012;-56;118
7277;c0:c1:c0:8e:e8:c5;unavailable;-72;118
7278;a4:6c:2a:d4:ba:42;eduroam;-72;118
7279;a4:6c:2a:d4:ba:44;Free Tbaytel WiFi;-72;118
7280;a4:6c:2a:d4:ba:40;LU-Guest;-72;118
7281;a4:6c:2a:d4:ba:41;LakeheadU;-73;118
7282;d8:b1:90:e1:12:b0;LU-Guest;-63;118
7283;d8:b1:90:e1:12:b1;LakeheadU;-64;118
7284;d8:b1:90:e1:12:b4;Free Tbaytel WiFi;-65;118
7285;d8:b1:90:e1:12:b3;LU-Events;-65;118
7286;d8:b1:90:e1:12:bb;Free Tbaytel WiFi;-84;118
7287;d8:b1:90:e1:12:bd;eduroam;-85;118
7288;d8:b1:90:e1:12:bc;LU-Events;-84;118
7289;d8:b1:90:e1:12:bf;LU-Guest;-84;118
7290;d8:b1:90:e1:12:be;LakeheadU;-85;118
7291;80:e0:1d:af:21:14;Free Tbaytel WiFi;-81;118
7292;80:e0:1d:af:21:13;LU-Events;-83;118
7293;80:e0:1d:af:21:12;eduroam;-82;118
7294;80:e0:1d:af:21:11;LakeheadU;-82;118
7295;a4:6c:2a:d3:f2:8c;LU-Events;-65;118
7296;a4:6c:2a:d3:f2:8b;Free Tbaytel WiFi;-64;118
7297;a4:6c:2a:d3:f2:8e;LakeheadU;-65;118
7298;a4:6c:2a:d3:f2:8d;eduroam;-65;118
7299;a4:6c:2a:d3:f2:8f;LU-Guest;-65;118
7300;a4:6c:2a:d3:f2:81;LakeheadU;-55;118
7301;a4:6c:2a:d3:f2:80;LU-Guest;-55;118
7302;a4:6c:2a:d3:f2:83;LU-Events;-56;118
7303;a4:6c:2a:d3:f2:82;eduroam;-56;118
7304;a4:6c:2a:d3:f2:84;Free Tbaytel WiFi;-55;118
7305;d8:b1:90:df:9f:e2;eduroam;-84;118
7306;a4:6c:2a:d4:bb:00;LU-Guest;-77;118
7307;a4:6c:2a:d4:bb:01;LakeheadU;-77;118
7308;a4:6c:2a:d4:bb:02;eduroam;-77;118
7309;a4:6c:2a:d3:f4:df;LU-Guest;-54;118
7310;a4:6c:2a:d3:f4:dd;eduroam;-53;118
7311;a4:6c:2a:d3:f4:de;LakeheadU;-54;118
7312;a4:6c:2a:d3:f4:db;Free Tbaytel WiFi;-53;118
7313;a4:6c:2a:d3:f4:dc;LU-Events;-53;118
7314;a4:6c:2a:d3:f4:d0;LU-Guest;-46;118
7315;a4:6c:2a:d3:f4:d1;LakeheadU;-45;118
7316;a4:6c:2a:d3:f4:d4;Free Tbaytel WiFi;-46;118
7317;a4:6c:2a:d3:f4:d2;eduroam;-45;118
7318;a4:6c:2a:d3:f4:d3;LU-Events;-45;118
7319;a4:6c:2a:d4:bb:0c;LU-Events;-86;118
7320;a4:6c:2a:d4:bb:0d;eduroam;-87;118
7321;a4:6c:2a:d4:bb:0e;LakeheadU;-87;118
7322;a4:6c:2a:d4:bb:0f;LU-Guest;-87;118
7323;a4:6c:2a:d4:bb:0b;Free Tbaytel WiFi;-86;118
7324;6c:5a:b0:3d:73:bf;Quanser_UVS-5G;-68;118
7325;80:e0:1d:ac:8b:0e;LakeheadU;-81;118
7326;80:e0:1d:ac:8b:0d;eduroam;-81;118
7327;80:e0:1d:ac:8b:0c;LU-Events;-80;118
7328;80:e0:1d:ac:8b:0b;Free Tbaytel WiFi;-81;118
7329;6c:5a:b0:3d:73:c0;Quanser_UVS-5G;-60;118
7330;6c:5a:b0:3d:73:c1;Quanser_UVS;-49;118
7331;80:e0:1d:ac:8b:0f;LU-Guest;-80;118
7332;d8:b1:90:e1:29:d0;LU-Guest;-76;118
7333;d8:b1:90:e1:29:d3;LU-Events;-77;118
7334;d8:b1:90:e1:29:d1;LakeheadU;-78;118
7335;d8:b1:90:e1:29:d2;eduroam;-77;118
7336;9c:53:22:40:4f:e8;TBAYTech;-81;119
7337;c0:c1:c0:8e:e8:c5;unavailable;-68;119
7338;a4:6c:2a:d4:ba:42;eduroam;-63;119
7339;a4:6c:2a:d4:ba:43;LU-Events;-61;119
7340;a4:6c:2a:d4:ba:44;Free Tbaytel WiFi;-62;119
7341;a4:6c:2a:d4:ba:40;LU-Guest;-63;119
7342;a4:6c:2a:d4:ba:41;LakeheadU;-63;119
7343;d8:b1:90:e1:12:b2;eduroam;-75;119
7344;d8:b1:90:e1:12:b1;LakeheadU;-75;119
7345;d8:b1:90:e1:12:b4;Free Tbaytel WiFi;-76;119
7346;d8:b1:90:e1:12:b3;LU-Events;-77;119
7347;80:e0:1d:e3:c9:61;LakeheadU;-81;119
7348;80:e0:1d:e3:c9:63;LU-Events;-81;119
7349;a4:6c:2a:d4:ba:4b;Free Tbaytel WiFi;-79;119
7350;a4:6c:2a:d4:ba:4c;LU-Events;-78;119
7351;a4:6c:2a:d4:ba:4d;eduroam;-78;119
7352;a4:6c:2a:d4:ba:4e;LakeheadU;-79;119
7353;a2:53:22:40:4f:e8;NOSMSecure;-81;119
7354;02:87:64:2d:e7:33;EBF1E5E6;-72;119
7355;d8:b1:90:e1:2d:a3;LU-Events;-82;119
7356;d8:b1:90:e1:2d:a1;LakeheadU;-82;119
7357;d8:b1:90:e1:2d:a2;eduroam;-84;119
7358;a4:6c:2a:d3:f2:8c;LU-Events;-92;119
7359;a4:6c:2a:d3:f2:8b;Free Tbaytel WiFi;-61;119
7360;a4:6c:2a:d3:f2:8e;LakeheadU;-61;119
7361;a4:6c:2a:d3:f2:8d;eduroam;-61;119
7362;a4:6c:2a:d3:f2:8f;LU-Guest;-61;119
7363;a4:6c:2a:d3:f2:81;LakeheadU;-46;119
7364;a4:6c:2a:d3:f2:80;LU-Guest;-46;119
7365;a4:6c:2a:d3:f2:83;LU-Events;-46;119
7366;a4:6c:2a:d3:f2:82;eduroam;-46;119
7367;a4:6c:2a:d3:f2:84;Free Tbaytel WiFi;-46;119
7368;aa:53:22:40:4f:e8;NOSMConnect;-81;119
7369;a6:53:22:40:4f:e8;eduroam;-82;119
7370;a4:6c:2a:d4:bb:03;LU-Events;-65;119
7371;a4:6c:2a:d4:bb:04;Free Tbaytel WiFi;-65;119
7372;a4:6c:2a:d4:bb:00;LU-Guest;-66;119
7373;a4:6c:2a:d4:bb:01;LakeheadU;-64;119
7374;a4:6c:2a:d4:bb:02;eduroam;-65;119
7375;a4:6c:2a:d3:f4:df;LU-Guest;-65;119
7376;a4:6c:2a:d3:f4:dd;eduroam;-65;119
7377;a4:6c:2a:d3:f4:de;LakeheadU;-67;119
7378;a4:6c:2a:d3:f4:db;Free Tbaytel WiFi;-65;119
7379;a4:6c:2a:d3:f4:dc;LU-Events;-65;119
7380;a4:6c:2a:d3:f4:d0;LU-Guest;-57;119
7381;a4:6c:2a:d3:f4:d1;LakeheadU;-57;119
7382;a4:6c:2a:d3:f4:d4;Free Tbaytel WiFi;-57;119
7383;a4:6c:2a:d3:f4:d2;eduroam;-58;119
7384;a4:6c:2a:d3:f4:d3;LU-Events;-57;119
7385;80:e0:1d:ee:3f:00;LU-Guest;-67;119
7386;a4:6c:2a:d4:bb:0c;LU-Events;-81;119
7387;a4:6c:2a:d4:bb:0d;eduroam;-81;119
7388;a4:6c:2a:d4:bb:0e;LakeheadU;-81;119
7389;a4:6c:2a:d4:bb:0f;LU-Guest;-81;119
7390;a4:6c:2a:d4:bb:0b;Free Tbaytel WiFi;-81;119
7391;80:e0:1d:ee:3f:0f;LU-Guest;-86;119
7392;80:e0:1d:ee:3f:0b;Free Tbaytel WiFi;-86;119
7393;80:e0:1d:ee:3f:0c;LU-Events;-87;119
7394;10:8c:cf:44:26:b2;eduroam;-72;119
7395;10:8c:cf:44:26:b1;LakeheadU;-72;119
7396;10:8c:cf:44:26:b4;Free Tbaytel WiFi;-73;119
7397;10:8c:cf:44:26:b3;LU-Events;-73;119
7398;10:8c:cf:44:26:bb;Free Tbaytel WiFi;-92;119
7399;10:8c:cf:44:26:be;LakeheadU;-90;119
7400;10:8c:cf:44:26:bc;LU-Events;-93;119
7401;6c:5a:b0:3d:73:bf;Quanser_UVS-5G;-76;119
7402;ae:53:22:40:4f:e8;NOSMConnect24;-85;119
7403;80:e0:1d:ac:8b:0e;LakeheadU;-90;119
7404;80:e0:1d:ac:8b:0d;eduroam;-90;119
7405;80:e0:1d:ac:8b:0b;Free Tbaytel WiFi;-90;119
7406;6c:5a:b0:3d:73:c0;Quanser_UVS-5G;-65;119
7407;6c:5a:b0:3d:73:c1;Quanser_UVS;-54;119
7408;d8:b1:90:e1:29:d1;LakeheadU;-85;119
7409;a4:6c:2a:e0:1f:bc;LU-Events;-87;119
7410;a4:6c:2a:e0:1f:bd;eduroam;-87;119
7411;a4:6c:2a:e0:1f:bf;LU-Guest;-86;119
7412;a4:6c:2a:e0:1f:bb;Free Tbaytel WiFi;-86;119
7413;9c:53:22:40:4f:e8;TBAYTech;-81;120
7414;00:1f:33:bd:d5:34;Lab1012;-67;120
7415;c0:c1:c0:8e:e8:c5;unavailable;-66;120
7416;a4:6c:2a:d4:ba:42;eduroam;-57;120
7417;a4:6c:2a:d4:ba:43;LU-Events;-57;120
7418;a4:6c:2a:d4:ba:44;Free Tbaytel WiFi;-57;120
7419;a4:6c:2a:d4:ba:40;LU-Guest;-57;120
7420;a4:6c:2a:d4:ba:41;LakeheadU;-57;120
7421;d8:b1:90:e1:12:b2;eduroam;-75;120
7422;d8:b1:90:e1:12:b1;LakeheadU;-75;120
7423;d8:b1:90:e1:12:b4;Free Tbaytel WiFi;-75;120
7424;d8:b1:90:e1:12:b3;LU-Events;-77;120
7425;80:e0:1d:e3:c9:61;LakeheadU;-74;120
7426;80:e0:1d:e3:c9:63;LU-Events;-74;120
7427;a4:6c:2a:d4:ba:4b;Free Tbaytel WiFi;-82;120
7428;a4:6c:2a:d4:ba:4c;LU-Events;-82;120
7429;a4:6c:2a:d4:ba:4d;eduroam;-82;120
7430;a4:6c:2a:d4:ba:4e;LakeheadU;-82;120
7431;a2:53:22:40:4f:e8;NOSMSecure;-81;120
7432;02:87:64:2d:e7:33;EBF1E5E6;-69;120
7433;d8:b1:90:e1:2d:a3;LU-Events;-84;120
7434;d8:b1:90:e1:2d:a1;LakeheadU;-82;120
7435;d8:b1:90:e1:2d:a2;eduroam;-84;120
7436;80:e0:1d:f6:a4:d2;eduroam;-83;120
7437;80:e0:1d:f6:a4:d1;LakeheadU;-83;120
7438;80:e0:1d:f6:a4:d3;LU-Events;-82;120
7439;a4:6c:2a:d3:f2:8c;LU-Events;-59;120
7440;a4:6c:2a:d3:f2:8b;Free Tbaytel WiFi;-59;120
7441;a4:6c:2a:d3:f2:8e;LakeheadU;-59;120
7442;a4:6c:2a:d3:f2:8d;eduroam;-59;120
7443;a4:6c:2a:d3:f2:8f;LU-Guest;-59;120
7444;a4:6c:2a:d3:f2:81;LakeheadU;-43;120
7445;a4:6c:2a:d3:f2:80;LU-Guest;-42;120
7446;a4:6c:2a:d3:f2:83;LU-Events;-43;120
7447;a4:6c:2a:d3:f2:82;eduroam;-42;120
7448;a4:6c:2a:d3:f2:84;Free Tbaytel WiFi;-42;120
7449;aa:53:22:40:4f:e8;NOSMConnect;-81;120
7450;a6:53:22:40:4f:e8;eduroam;-82;120
7451;a4:6c:2a:d4:bb:03;LU-Events;-65;120
7452;a4:6c:2a:d4:bb:04;Free Tbaytel WiFi;-65;120
7453;a4:6c:2a:d4:bb:00;LU-Guest;-66;120
7454;a4:6c:2a:d4:bb:01;LakeheadU;-64;120
7455;a4:6c:2a:d4:bb:02;eduroam;-65;120
7456;a4:6c:2a:d3:f4:df;LU-Guest;-60;120
7457;a4:6c:2a:d3:f4:dd;eduroam;-62;120
7458;a4:6c:2a:d3:f4:de;LakeheadU;-61;120
7459;a4:6c:2a:d3:f4:db;Free Tbaytel WiFi;-62;120
7460;a4:6c:2a:d3:f4:dc;LU-Events;-80;120
7461;a4:6c:2a:d3:f4:d0;LU-Guest;-57;120
7462;a4:6c:2a:d3:f4:d1;LakeheadU;-57;120
7463;a4:6c:2a:d3:f4:d4;Free Tbaytel WiFi;-60;120
7464;a4:6c:2a:d3:f4:d2;eduroam;-56;120
7465;a4:6c:2a:d3:f4:d3;LU-Events;-56;120
7466;80:e0:1d:ee:3f:00;LU-Guest;-67;120
7467;80:e0:1d:ee:3f:01;LakeheadU;-63;120
7468;80:e0:1d:ee:3f:02;eduroam;-63;120
7469;80:e0:1d:ee:3f:04;Free Tbaytel WiFi;-65;120
7470;ba:5a:b0:3d:73:b1;;-84;120
7471;a4:6c:2a:d4:bb:0c;LU-Events;-83;120
7472;a4:6c:2a:d4:bb:0d;eduroam;-83;120
7473;a4:6c:2a:d4:bb:0e;LakeheadU;-83;120
7474;a4:6c:2a:d4:bb:0f;LU-Guest;-83;120
7475;a4:6c:2a:d4:bb:0b;Free Tbaytel WiFi;-83;120
7476;80:e0:1d:ee:3f:0e;LakeheadU;-80;120
7477;80:e0:1d:ee:3f:0f;LU-Guest;-86;120
7478;80:e0:1d:ee:3f:0b;Free Tbaytel WiFi;-79;120
7479;80:e0:1d:ee:3f:0c;LU-Events;-80;120
7480;80:e0:1d:ee:3f:0d;eduroam;-80;120
7481;10:8c:cf:44:26:b2;eduroam;-63;120
7482;10:8c:cf:44:26:b1;LakeheadU;-62;120
7483;10:8c:cf:44:26:b4;Free Tbaytel WiFi;-63;120
7484;10:8c:cf:44:26:b3;LU-Events;-63;120
7485;10:8c:cf:44:26:bb;Free Tbaytel WiFi;-90;120
7486;10:8c:cf:44:26:bf;LU-Guest;-90;120
7487;10:8c:cf:44:26:be;LakeheadU;-90;120
7488;10:8c:cf:44:26:bc;LU-Events;-90;120
7489;6c:5a:b0:3d:73:bf;Quanser_UVS-5G;-85;120
7490;ae:53:22:40:4f:e8;NOSMConnect24;-85;120
7491;80:e0:1d:ac:8b:0e;LakeheadU;-91;120
7492;80:e0:1d:ac:8b:0d;eduroam;-90;120
7493;80:e0:1d:ac:8b:0b;Free Tbaytel WiFi;-90;120
7494;6c:5a:b0:3d:73:c0;Quanser_UVS-5G;-66;120
7495;6c:5a:b0:3d:73:c1;Quanser_UVS;-58;120
7496;d8:b1:90:e1:29:d3;LU-Events;-87;120
7497;d8:b1:90:e1:29:d1;LakeheadU;-85;120
7498;a4:6c:2a:e0:1f:bc;LU-Events;-90;120
7499;a4:6c:2a:e0:1f:bd;eduroam;-90;120
7500;a4:6c:2a:e0:1f:be;LakeheadU;-91;120
7501;a4:6c:2a:e0:1f:bf;LU-Guest;-90;120
7502;a4:6c:2a:e0:1f:bb;Free Tbaytel WiFi;-90;120
7503;00:1f:33:bd:d5:34;Lab1012;-67;121
7504;c0:c1:c0:8e:e8:c5;unavailable;-66;121
7505;a4:6c:2a:d4:ba:42;eduroam;-57;121
7506;a4:6c:2a:d4:ba:43;LU-Events;-57;121
7507;a4:6c:2a:d4:ba:44;Free Tbaytel WiFi;-57;121
7508;a4:6c:2a:d4:ba:40;LU-Guest;-57;121
7509;a4:6c:2a:d4:ba:41;LakeheadU;-57;121
7510;d8:b1:90:e1:12:b4;Free Tbaytel WiFi;-75;121
7511;80:e0:1d:e3:c9:61;LakeheadU;-74;121
7512;80:e0:1d:e3:c9:63;LU-Events;-74;121
7513;a4:6c:2a:d4:ba:4b;Free Tbaytel WiFi;-82;121
7514;a4:6c:2a:d4:ba:4c;LU-Events;-82;121
7515;a4:6c:2a:d4:ba:4d;eduroam;-82;121
7516;a4:6c:2a:d4:ba:4e;LakeheadU;-82;121
7517;02:87:64:2d:e7:33;EBF1E5E6;-69;121
7518;d8:b1:90:e1:2d:a3;LU-Events;-84;121
7519;80:e0:1d:f6:a4:d2;eduroam;-83;121
7520;80:e0:1d:f6:a4:d1;LakeheadU;-83;121
7521;80:e0:1d:f6:a4:d3;LU-Events;-82;121
7522;a4:6c:2a:d3:f2:8c;LU-Events;-59;121
7523;a4:6c:2a:d3:f2:8b;Free Tbaytel WiFi;-59;121
7524;a4:6c:2a:d3:f2:8e;LakeheadU;-59;121
7525;a4:6c:2a:d3:f2:8d;eduroam;-59;121
7526;a4:6c:2a:d3:f2:8f;LU-Guest;-59;121
7527;a4:6c:2a:d3:f2:81;LakeheadU;-43;121
7528;a4:6c:2a:d3:f2:80;LU-Guest;-42;121
7529;a4:6c:2a:d3:f2:83;LU-Events;-43;121
7530;a4:6c:2a:d3:f2:82;eduroam;-42;121
7531;a4:6c:2a:d3:f2:84;Free Tbaytel WiFi;-42;121
7532;a4:6c:2a:d3:f4:df;LU-Guest;-60;121
7533;a4:6c:2a:d3:f4:dd;eduroam;-62;121
7534;a4:6c:2a:d3:f4:de;LakeheadU;-61;121
7535;a4:6c:2a:d3:f4:db;Free Tbaytel WiFi;-62;121
7536;a4:6c:2a:d3:f4:dc;LU-Events;-80;121
7537;a4:6c:2a:d3:f4:d0;LU-Guest;-57;121
7538;a4:6c:2a:d3:f4:d1;LakeheadU;-57;121
7539;a4:6c:2a:d3:f4:d4;Free Tbaytel WiFi;-60;121
7540;a4:6c:2a:d3:f4:d2;eduroam;-56;121
7541;a4:6c:2a:d3:f4:d3;LU-Events;-56;121
7542;80:e0:1d:ee:3f:01;LakeheadU;-63;121
7543;80:e0:1d:ee:3f:02;eduroam;-63;121
7544;80:e0:1d:ee:3f:04;Free Tbaytel WiFi;-65;121
7545;ba:5a:b0:3d:73:b1;;-84;121
7546;a4:6c:2a:d4:bb:0c;LU-Events;-83;121
7547;a4:6c:2a:d4:bb:0d;eduroam;-83;121
7548;a4:6c:2a:d4:bb:0e;LakeheadU;-83;121
7549;a4:6c:2a:d4:bb:0f;LU-Guest;-83;121
7550;a4:6c:2a:d4:bb:0b;Free Tbaytel WiFi;-83;121
7551;80:e0:1d:ee:3f:0e;LakeheadU;-80;121
7552;80:e0:1d:ee:3f:0b;Free Tbaytel WiFi;-79;121
7553;80:e0:1d:ee:3f:0c;LU-Events;-80;121
7554;80:e0:1d:ee:3f:0d;eduroam;-80;121
7555;10:8c:cf:44:26:b2;eduroam;-63;121
7556;10:8c:cf:44:26:b1;LakeheadU;-62;121
7557;10:8c:cf:44:26:b4;Free Tbaytel WiFi;-63;121
7558;10:8c:cf:44:26:b3;LU-Events;-63;121
7559;10:8c:cf:44:26:bb;Free Tbaytel WiFi;-90;121
7560;10:8c:cf:44:26:bf;LU-Guest;-90;121
7561;10:8c:cf:44:26:be;LakeheadU;-90;121
7562;10:8c:cf:44:26:bc;LU-Events;-90;121
7563;6c:5a:b0:3d:73:bf;Quanser_UVS-5G;-85;121
7564;80:e0:1d:ac:8b:0e;LakeheadU;-91;121
7565;6c:5a:b0:3d:73:c0;Quanser_UVS-5G;-66;121
7566;6c:5a:b0:3d:73:c1;Quanser_UVS;-58;121
7567;d8:b1:90:e1:29:d3;LU-Events;-87;121
7568;a4:6c:2a:e0:1f:bc;LU-Events;-90;121
7569;a4:6c:2a:e0:1f:bd;eduroam;-90;121
7570;a4:6c:2a:e0:1f:be;LakeheadU;-91;121
7571;a4:6c:2a:e0:1f:bf;LU-Guest;-90;121
7572;a4:6c:2a:e0:1f:bb;Free Tbaytel WiFi;-90;121
7573;c0:c1:c0:8e:e8:c5;unavailable;-73;122
7574;a4:6c:2a:d4:ba:42;eduroam;-66;122
7575;a4:6c:2a:d4:ba:43;LU-Events;-67;122
7576;a4:6c:2a:d4:ba:44;Free Tbaytel WiFi;-66;122
7577;a4:6c:2a:d4:ba:40;LU-Guest;-66;122
7578;a4:6c:2a:d4:ba:41;LakeheadU;-64;122
7579;d8:b1:90:e1:12:b2;eduroam;-81;122
7580;d8:b1:90:e1:12:b1;LakeheadU;-81;122
7581;d8:b1:90:e1:12:b3;LU-Events;-81;122
7582;80:e0:1d:e3:c9:61;LakeheadU;-83;122
7583;80:e0:1d:e3:c9:62;eduroam;-81;122
7584;80:e0:1d:e3:c9:63;LU-Events;-83;122
7585;a4:6c:2a:d4:ba:4b;Free Tbaytel WiFi;-87;122
7586;a4:6c:2a:d4:ba:4c;LU-Events;-88;122
7587;a4:6c:2a:d4:ba:4d;eduroam;-90;122
7588;02:87:64:2d:e7:33;EBF1E5E6;-74;122
7589;d8:b1:90:e1:2d:a3;LU-Events;-84;122
7590;d8:b1:90:e1:2d:a1;LakeheadU;-85;122
7591;80:e0:1d:f6:a4:d0;LU-Guest;-87;122
7592;80:e0:1d:f6:a4:d2;eduroam;-88;122
7593;80:e0:1d:f6:a4:d4;Free Tbaytel WiFi;-86;122
7594;80:e0:1d:f6:a4:d3;LU-Events;-87;122
7595;a4:6c:2a:d3:f2:8c;LU-Events;-60;122
7596;a4:6c:2a:d3:f2:8b;Free Tbaytel WiFi;-60;122
7597;a4:6c:2a:d3:f2:8e;LakeheadU;-60;122
7598;a4:6c:2a:d3:f2:8d;eduroam;-60;122
7599;a4:6c:2a:d3:f2:8f;LU-Guest;-60;122
7600;a4:6c:2a:d3:f2:81;LakeheadU;-49;122
7601;a4:6c:2a:d3:f2:80;LU-Guest;-49;122
7602;a4:6c:2a:d3:f2:83;LU-Events;-49;122
7603;a4:6c:2a:d3:f2:82;eduroam;-49;122
7604;a4:6c:2a:d3:f2:84;Free Tbaytel WiFi;-49;122
7605;a4:6c:2a:d4:bb:03;LU-Events;-66;122
7606;a4:6c:2a:d4:bb:04;Free Tbaytel WiFi;-66;122
7607;a4:6c:2a:d4:bb:00;LU-Guest;-66;122
7608;a4:6c:2a:d4:bb:01;LakeheadU;-66;122
7609;a4:6c:2a:d4:bb:02;eduroam;-67;122
7610;a4:6c:2a:d3:f4:df;LU-Guest;-69;122
7611;a4:6c:2a:d3:f4:dd;eduroam;-69;122
7612;a4:6c:2a:d3:f4:de;LakeheadU;-69;122
7613;a4:6c:2a:d3:f4:db;Free Tbaytel WiFi;-68;122
7614;a4:6c:2a:d3:f4:dc;LU-Events;-69;122
7615;a4:6c:2a:d3:f4:d0;LU-Guest;-66;122
7616;a4:6c:2a:d3:f4:d1;LakeheadU;-65;122
7617;a4:6c:2a:d3:f4:d4;Free Tbaytel WiFi;-60;122
7618;a4:6c:2a:d3:f4:d2;eduroam;-65;122
7619;a4:6c:2a:d3:f4:d3;LU-Events;-67;122
7620;ba:5a:b0:3d:73:b1;;-81;122
7621;a4:6c:2a:d4:bb:0c;LU-Events;-80;122
7622;a4:6c:2a:d4:bb:0d;eduroam;-80;122
7623;a4:6c:2a:d4:bb:0e;LakeheadU;-80;122
7624;a4:6c:2a:d4:bb:0f;LU-Guest;-80;122
7625;a4:6c:2a:d4:bb:0b;Free Tbaytel WiFi;-80;122
7626;80:e0:1d:ee:3f:0e;LakeheadU;-85;122
7627;80:e0:1d:ee:3f:0f;LU-Guest;-86;122
7628;80:e0:1d:ee:3f:0b;Free Tbaytel WiFi;-86;122
7629;80:e0:1d:ee:3f:0c;LU-Events;-85;122
7630;80:e0:1d:ee:3f:0d;eduroam;-86;122
7631;10:8c:cf:44:26:b2;eduroam;-80;122
7632;10:8c:cf:44:26:b1;LakeheadU;-80;122
7633;10:8c:cf:44:26:b4;Free Tbaytel WiFi;-81;122
7634;10:8c:cf:44:26:b3;LU-Events;-82;122
7635;10:8c:cf:44:26:bb;Free Tbaytel WiFi;-88;122
7636;80:e0:1d:ac:8b:03;LU-Events;-76;122
7637;80:e0:1d:ac:8b:02;eduroam;-76;122
7638;80:e0:1d:ac:8b:01;LakeheadU;-76;122
7639;10:8c:cf:44:26:bf;LU-Guest;-88;122
7640;10:8c:cf:44:26:be;LakeheadU;-88;122
7641;10:8c:cf:44:26:bd;eduroam;-89;122
7642;10:8c:cf:44:26:bc;LU-Events;-88;122
7643;6c:5a:b0:3d:73:bf;Quanser_UVS-5G;-81;122
7644;6c:5a:b0:3d:73:c0;Quanser_UVS-5G;-68;122
7645;6c:5a:b0:3d:73:c1;Quanser_UVS;-56;122
7646;a4:6c:2a:e0:1f:b4;Free Tbaytel WiFi;-86;122
7647;c0:c1:c0:8e:e8:c5;unavailable;-75;123
7648;a4:6c:2a:d4:ba:42;eduroam;-67;123
7649;a4:6c:2a:d4:ba:43;LU-Events;-66;123
7650;a4:6c:2a:d4:ba:44;Free Tbaytel WiFi;-66;123
7651;a4:6c:2a:d4:ba:40;LU-Guest;-66;123
7652;a4:6c:2a:d4:ba:41;LakeheadU;-66;123
7653;d8:b1:90:e1:12:b0;LU-Guest;-79;123
7654;80:e0:1d:e3:c9:60;LU-Guest;-81;123
7655;80:e0:1d:e3:c9:61;LakeheadU;-81;123
7656;80:e0:1d:e3:c9:63;LU-Events;-80;123
7657;a4:6c:2a:d4:ba:4b;Free Tbaytel WiFi;-87;123
7658;a4:6c:2a:d4:ba:4c;LU-Events;-88;123
7659;a4:6c:2a:d4:ba:4d;eduroam;-88;123
7660;a4:6c:2a:d4:ba:4e;LakeheadU;-87;123
7661;02:87:64:2d:e7:33;EBF1E5E6;-74;123
7662;80:e0:1d:f6:a4:d0;LU-Guest;-88;123
7663;80:e0:1d:f6:a4:d2;eduroam;-90;123
7664;a4:6c:2a:d3:f2:8c;LU-Events;-61;123
7665;a4:6c:2a:d3:f2:8b;Free Tbaytel WiFi;-61;123
7666;a4:6c:2a:d3:f2:8e;LakeheadU;-61;123
7667;a4:6c:2a:d3:f2:8d;eduroam;-61;123
7668;a4:6c:2a:d3:f2:8f;LU-Guest;-61;123
7669;a4:6c:2a:d3:f2:81;LakeheadU;-47;123
7670;a4:6c:2a:d3:f2:80;LU-Guest;-55;123
7671;a4:6c:2a:d3:f2:83;LU-Events;-47;123
7672;a4:6c:2a:d3:f2:82;eduroam;-47;123
7673;a4:6c:2a:d3:f2:84;Free Tbaytel WiFi;-47;123
7674;c8:d7:19:24:c6:d5;LINKSYS-750;-89;123
7675;a4:6c:2a:d4:bb:03;LU-Events;-76;123
7676;a4:6c:2a:d4:bb:01;LakeheadU;-77;123
7677;a4:6c:2a:d4:bb:02;eduroam;-77;123
7678;a4:6c:2a:d3:f4:df;LU-Guest;-68;123
7679;a4:6c:2a:d3:f4:dd;eduroam;-69;123
7680;a4:6c:2a:d3:f4:de;LakeheadU;-69;123
7681;a4:6c:2a:d3:f4:db;Free Tbaytel WiFi;-69;123
7682;a4:6c:2a:d3:f4:dc;LU-Events;-69;123
7683;a4:6c:2a:d3:f4:d0;LU-Guest;-60;123
7684;a4:6c:2a:d3:f4:d1;LakeheadU;-58;123
7685;a4:6c:2a:d3:f4:d4;Free Tbaytel WiFi;-60;123
7686;a4:6c:2a:d3:f4:d2;eduroam;-58;123
7687;a4:6c:2a:d3:f4:d3;LU-Events;-58;123
7688;a4:6c:2a:d4:bb:0c;LU-Events;-87;123
7689;a4:6c:2a:d4:bb:0d;eduroam;-89;123
7690;a4:6c:2a:d4:bb:0e;LakeheadU;-88;123
7691;a4:6c:2a:d4:bb:0f;LU-Guest;-87;123
7692;a4:6c:2a:d4:bb:0b;Free Tbaytel WiFi;-88;123
7693;80:e0:1d:ee:3f:0e;LakeheadU;-89;123
7694;80:e0:1d:ee:3f:0b;Free Tbaytel WiFi;-90;123
7695;80:e0:1d:ee:3f:0c;LU-Events;-88;123
7696;10:8c:cf:44:26:b2;eduroam;-73;123
7697;10:8c:cf:44:26:b1;LakeheadU;-74;123
7698;10:8c:cf:44:26:b0;LU-Guest;-72;123
7699;10:8c:cf:44:26:b4;Free Tbaytel WiFi;-73;123
7700;10:8c:cf:44:26:b3;LU-Events;-72;123
7701;10:8c:cf:44:26:bb;Free Tbaytel WiFi;-91;123
7702;10:8c:cf:44:26:bf;LU-Guest;-91;123
7703;10:8c:cf:44:26:bc;LU-Events;-92;123
7704;6c:5a:b0:3d:73:bf;Quanser_UVS-5G;-79;123
7705;6c:5a:b0:3d:73:c0;Quanser_UVS-5G;-67;123
7706;6c:5a:b0:3d:73:c1;Quanser_UVS;-62;123
7707;d8:b1:90:e1:29:d1;LakeheadU;-91;123
7708;a4:6c:2a:e0:1f:be;LakeheadU;-92;123
7709;a4:6c:2a:d3:f2:84;Free Tbaytel WiFi;-47;124
7710;a4:6c:2a:d3:f2:81;LakeheadU;-47;124
7711;a4:6c:2a:d3:f2:82;eduroam;-47;124
7712;a4:6c:2a:d3:f2:83;LU-Events;-47;124
7713;a4:6c:2a:d3:f2:80;LU-Guest;-55;124
7714;a4:6c:2a:d3:f4:d3;LU-Events;-58;124
7715;a4:6c:2a:d3:f4:d1;LakeheadU;-58;124
7716;a4:6c:2a:d3:f4:d2;eduroam;-58;124
7717;a4:6c:2a:d3:f4:d4;Free Tbaytel WiFi;-60;124
7718;a4:6c:2a:d3:f4:d0;LU-Guest;-60;124
7719;a4:6c:2a:d3:f2:8d;eduroam;-61;124
7720;a4:6c:2a:d3:f2:8b;Free Tbaytel WiFi;-61;124
7721;a4:6c:2a:d3:f2:8f;LU-Guest;-61;124
7722;a4:6c:2a:d3:f2:8e;LakeheadU;-61;124
7723;a4:6c:2a:d3:f2:8c;LU-Events;-61;124
7724;6c:5a:b0:3d:73:c1;Quanser_UVS;-62;124
7725;a4:6c:2a:d4:ba:40;LU-Guest;-66;124
7726;a4:6c:2a:d4:ba:41;LakeheadU;-66;124
7727;a4:6c:2a:d4:ba:44;Free Tbaytel WiFi;-66;124
7728;a4:6c:2a:d4:ba:43;LU-Events;-66;124
7729;6c:5a:b0:3d:73:c0;Quanser_UVS-5G;-67;124
7730;a4:6c:2a:d4:ba:42;eduroam;-67;124
7731;a4:6c:2a:d3:f4:df;LU-Guest;-68;124
7732;a4:6c:2a:d3:f4:dd;eduroam;-69;124
7733;a4:6c:2a:d3:f4:db;Free Tbaytel WiFi;-69;124
7734;a4:6c:2a:d3:f4:de;LakeheadU;-69;124
7735;a4:6c:2a:d3:f4:dc;LU-Events;-69;124
7736;10:8c:cf:44:26:b3;LU-Events;-72;124
7737;10:8c:cf:44:26:b0;LU-Guest;-72;124
7738;10:8c:cf:44:26:b4;Free Tbaytel WiFi;-73;124
7739;10:8c:cf:44:26:b2;eduroam;-73;124
7740;10:8c:cf:44:26:b1;LakeheadU;-74;124
7741;02:87:64:2d:e7:33;EBF1E5E6;-74;124
7742;c0:c1:c0:8e:e8:c5;unavailable;-75;124
7743;a4:6c:2a:d4:bb:03;LU-Events;-76;124
7744;a4:6c:2a:d4:bb:02;eduroam;-77;124
7745;a4:6c:2a:d4:bb:01;LakeheadU;-77;124
7746;6c:5a:b0:3d:73:bf;Quanser_UVS-5G;-79;124
7747;d8:b1:90:e1:12:b0;LU-Guest;-79;124
7748;80:e0:1d:e3:c9:63;LU-Events;-80;124
7749;80:e0:1d:e3:c9:61;LakeheadU;-81;124
7750;80:e0:1d:e3:c9:60;LU-Guest;-81;124
7751;a4:6c:2a:d4:bb:0f;LU-Guest;-87;124
7752;a4:6c:2a:d4:bb:0c;LU-Events;-87;124
7753;a4:6c:2a:d4:ba:4b;Free Tbaytel WiFi;-87;124
7754;a4:6c:2a:d4:ba:4e;LakeheadU;-87;124
7755;a4:6c:2a:d4:bb:0b;Free Tbaytel WiFi;-88;124
7756;a4:6c:2a:d4:bb:0e;LakeheadU;-88;124
7757;a4:6c:2a:d4:ba:4d;eduroam;-88;124
7758;a4:6c:2a:d4:ba:4c;LU-Events;-88;124
7759;80:e0:1d:ee:3f:0c;LU-Events;-88;124
7760;80:e0:1d:f6:a4:d0;LU-Guest;-88;124
7761;a4:6c:2a:d4:bb:0d;eduroam;-89;124
7762;80:e0:1d:ee:3f:0e;LakeheadU;-89;124
7763;c8:d7:19:24:c6:d5;LINKSYS-750;-89;124
7764;80:e0:1d:ee:3f:0b;Free Tbaytel WiFi;-90;124
7765;80:e0:1d:f6:a4:d2;eduroam;-90;124
7766;10:8c:cf:44:26:bb;Free Tbaytel WiFi;-91;124
7767;10:8c:cf:44:26:bf;LU-Guest;-91;124
7768;d8:b1:90:e1:29:d1;LakeheadU;-91;124
7769;10:8c:cf:44:26:bc;LU-Events;-92;124
7770;a4:6c:2a:e0:1f:be;LakeheadU;-92;124
7771;00:1f:33:bd:d5:34;Lab1012;-65;125
7772;c0:c1:c0:8e:e8:c5;unavailable;-66;125
7773;a4:6c:2a:d4:ba:42;eduroam;-73;125
7774;a4:6c:2a:d4:ba:43;LU-Events;-74;125
7775;a4:6c:2a:d4:ba:44;Free Tbaytel WiFi;-73;125
7776;a4:6c:2a:d4:ba:40;LU-Guest;-74;125
7777;a4:6c:2a:d4:ba:41;LakeheadU;-72;125
7778;80:e0:1d:f6:a4:d4;Free Tbaytel WiFi;-83;125
7779;a4:6c:2a:d3:f2:8c;LU-Events;-68;125
7780;a4:6c:2a:d3:f2:8b;Free Tbaytel WiFi;-68;125
7781;a4:6c:2a:d3:f2:8e;LakeheadU;-68;125
7782;a4:6c:2a:d3:f2:8d;eduroam;-68;125
7783;a4:6c:2a:d3:f2:8f;LU-Guest;-67;125
7784;a4:6c:2a:d3:f2:81;LakeheadU;-53;125
7785;a4:6c:2a:d3:f2:80;LU-Guest;-53;125
7786;a4:6c:2a:d3:f2:83;LU-Events;-53;125
7787;a4:6c:2a:d3:f2:82;eduroam;-54;125
7788;a4:6c:2a:d3:f2:84;Free Tbaytel WiFi;-54;125
7789;ca:5a:b0:3d:73:c3;;-48;125
7790;a4:6c:2a:d4:bb:03;LU-Events;-62;125
7791;a4:6c:2a:d4:bb:04;Free Tbaytel WiFi;-62;125
7792;a4:6c:2a:d4:bb:00;LU-Guest;-62;125
7793;a4:6c:2a:d4:bb:01;LakeheadU;-63;125
7794;a4:6c:2a:d4:bb:02;eduroam;-62;125
7795;a4:6c:2a:d3:f4:d0;LU-Guest;-74;125
7796;a4:6c:2a:d3:f4:d1;LakeheadU;-73;125
7797;a4:6c:2a:d3:f4:d4;Free Tbaytel WiFi;-72;125
7798;a4:6c:2a:d3:f4:d2;eduroam;-72;125
7799;a4:6c:2a:d3:f4:d3;LU-Events;-74;125
7800;80:e0:1d:ee:3f:01;LakeheadU;-69;125
7801;80:e0:1d:ee:3f:02;eduroam;-69;125
7802;a4:6c:2a:d4:bb:0c;LU-Events;-81;125
7803;a4:6c:2a:d4:bb:0d;eduroam;-81;125
7804;a4:6c:2a:d4:bb:0e;LakeheadU;-82;125
7805;a4:6c:2a:d4:bb:0f;LU-Guest;-81;125
7806;a4:6c:2a:d4:bb:0b;Free Tbaytel WiFi;-82;125
7807;80:e0:1d:ee:3f:0e;LakeheadU;-86;125
7808;80:e0:1d:ee:3f:0f;LU-Guest;-86;125
7809;80:e0:1d:ee:3f:0b;Free Tbaytel WiFi;-87;125
7810;80:e0:1d:ee:3f:0c;LU-Events;-87;125
7811;80:e0:1d:ee:3f:0d;eduroam;-85;125
7812;6c:5a:b0:3d:73:bf;Quanser_UVS-5G;-74;125
7813;6c:5a:b0:3d:73:c0;Quanser_UVS-5G;-61;125
7814;6c:5a:b0:3d:73:c1;Quanser_UVS;-48;125
7815;a4:6c:2a:e0:1f:b3;LU-Events;-76;125
7816;a4:6c:2a:e0:1f:b4;Free Tbaytel WiFi;-76;125
7817;a4:6c:2a:e0:1f:b0;LU-Guest;-78;125
7818;a4:6c:2a:e0:1f:b1;LakeheadU;-78;125
7819;a4:6c:2a:e0:1f:b2;eduroam;-77;125
7820;a4:6c:2a:e0:1f:bc;LU-Events;-88;125
7821;a4:6c:2a:e0:1f:bd;eduroam;-88;125
7822;a4:6c:2a:e0:1f:be;LakeheadU;-87;125
7823;a4:6c:2a:e0:1f:bf;LU-Guest;-87;125
7824;a4:6c:2a:e0:1f:bb;Free Tbaytel WiFi;-87;125
7825;00:1f:33:bd:d5:34;Lab1012;-65;126
7826;c0:c1:c0:8e:e8:c5;unavailable;-66;126
7827;a4:6c:2a:d4:ba:42;eduroam;-73;126
7828;a4:6c:2a:d4:ba:43;LU-Events;-74;126
7829;a4:6c:2a:d4:ba:44;Free Tbaytel WiFi;-73;126
7830;a4:6c:2a:d4:ba:40;LU-Guest;-74;126
7831;a4:6c:2a:d4:ba:41;LakeheadU;-72;126
7832;80:e0:1d:f6:a4:d4;Free Tbaytel WiFi;-83;126
7833;a4:6c:2a:d3:f2:8c;LU-Events;-68;126
7834;a4:6c:2a:d3:f2:8b;Free Tbaytel WiFi;-68;126
7835;a4:6c:2a:d3:f2:8e;LakeheadU;-68;126
7836;a4:6c:2a:d3:f2:8d;eduroam;-68;126
7837;a4:6c:2a:d3:f2:8f;LU-Guest;-67;126
7838;a4:6c:2a:d3:f2:81;LakeheadU;-53;126
7839;a4:6c:2a:d3:f2:80;LU-Guest;-53;126
7840;a4:6c:2a:d3:f2:83;LU-Events;-53;126
7841;a4:6c:2a:d3:f2:82;eduroam;-54;126
7842;a4:6c:2a:d3:f2:84;Free Tbaytel WiFi;-54;126
7843;ca:5a:b0:3d:73:c3;;-48;126
7844;a4:6c:2a:d4:bb:03;LU-Events;-62;126
7845;a4:6c:2a:d4:bb:04;Free Tbaytel WiFi;-62;126
7846;a4:6c:2a:d4:bb:00;LU-Guest;-62;126
7847;a4:6c:2a:d4:bb:01;LakeheadU;-63;126
7848;a4:6c:2a:d4:bb:02;eduroam;-62;126
7849;a4:6c:2a:d3:f4:d0;LU-Guest;-74;126
7850;a4:6c:2a:d3:f4:d1;LakeheadU;-73;126
7851;a4:6c:2a:d3:f4:d4;Free Tbaytel WiFi;-72;126
7852;a4:6c:2a:d3:f4:d2;eduroam;-72;126
7853;a4:6c:2a:d3:f4:d3;LU-Events;-74;126
7854;80:e0:1d:ee:3f:01;LakeheadU;-69;126
7855;80:e0:1d:ee:3f:02;eduroam;-69;126
7856;a4:6c:2a:d4:bb:0c;LU-Events;-81;126
7857;a4:6c:2a:d4:bb:0d;eduroam;-81;126
7858;a4:6c:2a:d4:bb:0e;LakeheadU;-82;126
7859;a4:6c:2a:d4:bb:0f;LU-Guest;-81;126
7860;a4:6c:2a:d4:bb:0b;Free Tbaytel WiFi;-82;126
7861;80:e0:1d:ee:3f:0e;LakeheadU;-86;126
7862;80:e0:1d:ee:3f:0f;LU-Guest;-86;126
7863;80:e0:1d:ee:3f:0b;Free Tbaytel WiFi;-87;126
7864;80:e0:1d:ee:3f:0c;LU-Events;-87;126
7865;80:e0:1d:ee:3f:0d;eduroam;-85;126
7866;6c:5a:b0:3d:73:bf;Quanser_UVS-5G;-74;126
7867;6c:5a:b0:3d:73:c0;Quanser_UVS-5G;-61;126
7868;6c:5a:b0:3d:73:c1;Quanser_UVS;-48;126
7869;a4:6c:2a:e0:1f:b3;LU-Events;-76;126
7870;a4:6c:2a:e0:1f:b4;Free Tbaytel WiFi;-76;126
7871;a4:6c:2a:e0:1f:b0;LU-Guest;-78;126
7872;a4:6c:2a:e0:1f:b1;LakeheadU;-78;126
7873;a4:6c:2a:e0:1f:b2;eduroam;-77;126
7874;a4:6c:2a:e0:1f:bc;LU-Events;-88;126
7875;a4:6c:2a:e0:1f:bd;eduroam;-88;126
7876;a4:6c:2a:e0:1f:be;LakeheadU;-87;126
7877;a4:6c:2a:e0:1f:bf;LU-Guest;-87;126
7878;a4:6c:2a:e0:1f:bb;Free Tbaytel WiFi;-87;126
7879;c0:c1:c0:8e:e8:c5;unavailable;-63;127
7880;a4:6c:2a:d4:ba:43;LU-Events;-80;127
7881;a2:53:22:40:4f:e8;NOSMSecure;-82;127
7882;d8:b1:90:e1:2d:a3;LU-Events;-77;127
7883;d8:b1:90:e1:2d:a4;Free Tbaytel WiFi;-76;127
7884;d8:b1:90:e1:2d:a1;LakeheadU;-76;127
7885;d8:b1:90:e1:2d:a2;eduroam;-77;127
7886;80:e0:1d:f6:a4:d0;LU-Guest;-83;127
7887;80:e0:1d:f6:a4:d2;eduroam;-83;127
7888;80:e0:1d:f6:a4:d4;Free Tbaytel WiFi;-81;127
7889;80:e0:1d:f6:a4:d3;LU-Events;-83;127
7890;a4:6c:2a:d3:f2:8c;LU-Events;-80;127
7891;a4:6c:2a:d3:f2:8b;Free Tbaytel WiFi;-80;127
7892;a4:6c:2a:d3:f2:8e;LakeheadU;-80;127
7893;a4:6c:2a:d3:f2:8d;eduroam;-80;127
7894;a4:6c:2a:d3:f2:8f;LU-Guest;-80;127
7895;a4:6c:2a:d3:f2:81;LakeheadU;-59;127
7896;a4:6c:2a:d3:f2:80;LU-Guest;-59;127
7897;a4:6c:2a:d3:f2:83;LU-Events;-59;127
7898;a4:6c:2a:d3:f2:82;eduroam;-59;127
7899;a4:6c:2a:d3:f2:84;Free Tbaytel WiFi;-60;127
7900;06:56:78:d0:60:49;EBF06ED2;-77;127
7901;a4:6c:2a:d4:bb:03;LU-Events;-63;127
7902;a4:6c:2a:d4:bb:04;Free Tbaytel WiFi;-63;127
7903;a4:6c:2a:d4:bb:00;LU-Guest;-62;127
7904;a4:6c:2a:d4:bb:01;LakeheadU;-62;127
7905;a4:6c:2a:d4:bb:02;eduroam;-62;127
7906;a4:6c:2a:d3:f4:df;LU-Guest;-86;127
7907;a4:6c:2a:d3:f4:dd;eduroam;-80;127
7908;a4:6c:2a:d3:f4:db;Free Tbaytel WiFi;-86;127
7909;a4:6c:2a:d3:f4:d0;LU-Guest;-72;127
7910;a4:6c:2a:d3:f4:d1;LakeheadU;-73;127
7911;a4:6c:2a:d3:f4:d4;Free Tbaytel WiFi;-71;127
7912;a4:6c:2a:d3:f4:d2;eduroam;-73;127
7913;a4:6c:2a:d3:f4:d3;LU-Events;-72;127
7914;80:e0:1d:ee:3f:00;LU-Guest;-73;127
7915;a4:6c:2a:d4:bb:0c;LU-Events;-75;127
7916;a4:6c:2a:d4:bb:0d;eduroam;-75;127
7917;a4:6c:2a:d4:bb:0e;LakeheadU;-75;127
7918;a4:6c:2a:d4:bb:0f;LU-Guest;-75;127
7919;a4:6c:2a:d4:bb:0b;Free Tbaytel WiFi;-75;127
7920;80:e0:1d:ee:3f:0f;LU-Guest;-92;127
7921;6c:5a:b0:3d:73:bf;Quanser_UVS-5G;-63;127
7922;6c:5a:b0:3d:73:c0;Quanser_UVS-5G;-55;127
7923;6c:5a:b0:3d:73:c1;Quanser_UVS;-57;127
7924;a4:6c:2a:e0:1f:b4;Free Tbaytel WiFi;-78;127
7925;a4:6c:2a:e0:1f:b1;LakeheadU;-77;127
7926;a4:6c:2a:e0:1f:b2;eduroam;-77;127
7927;a4:6c:2a:e0:1f:bc;LU-Events;-85;127
7928;a4:6c:2a:e0:1f:bd;eduroam;-84;127
7929;a4:6c:2a:e0:1f:be;LakeheadU;-85;127
7930;a4:6c:2a:e0:1f:bf;LU-Guest;-84;127
7931;a4:6c:2a:e0:1f:bb;Free Tbaytel WiFi;-83;127
7932;c0:c1:c0:8e:e8:c5;unavailable;-63;128
7933;a4:6c:2a:d4:ba:43;LU-Events;-80;128
7934;a2:53:22:40:4f:e8;NOSMSecure;-82;128
7935;d8:b1:90:e1:2d:a3;LU-Events;-77;128
7936;d8:b1:90:e1:2d:a4;Free Tbaytel WiFi;-76;128
7937;d8:b1:90:e1:2d:a1;LakeheadU;-76;128
7938;d8:b1:90:e1:2d:a2;eduroam;-77;128
7939;80:e0:1d:f6:a4:d0;LU-Guest;-83;128
7940;80:e0:1d:f6:a4:d2;eduroam;-83;128
7941;80:e0:1d:f6:a4:d4;Free Tbaytel WiFi;-81;128
7942;80:e0:1d:f6:a4:d3;LU-Events;-83;128
7943;a4:6c:2a:d3:f2:8c;LU-Events;-80;128
7944;a4:6c:2a:d3:f2:8b;Free Tbaytel WiFi;-80;128
7945;a4:6c:2a:d3:f2:8e;LakeheadU;-80;128
7946;a4:6c:2a:d3:f2:8d;eduroam;-80;128
7947;a4:6c:2a:d3:f2:8f;LU-Guest;-80;128
7948;a4:6c:2a:d3:f2:81;LakeheadU;-59;128
7949;a4:6c:2a:d3:f2:80;LU-Guest;-59;128
7950;a4:6c:2a:d3:f2:83;LU-Events;-59;128
7951;a4:6c:2a:d3:f2:82;eduroam;-59;128
7952;a4:6c:2a:d3:f2:84;Free Tbaytel WiFi;-60;128
7953;06:56:78:d0:60:49;EBF06ED2;-77;128
7954;a4:6c:2a:d4:bb:03;LU-Events;-63;128
7955;a4:6c:2a:d4:bb:04;Free Tbaytel WiFi;-63;128
7956;a4:6c:2a:d4:bb:00;LU-Guest;-62;128
7957;a4:6c:2a:d4:bb:01;LakeheadU;-62;128
7958;a4:6c:2a:d4:bb:02;eduroam;-62;128
7959;a4:6c:2a:d3:f4:df;LU-Guest;-86;128
7960;a4:6c:2a:d3:f4:db;Free Tbaytel WiFi;-86;128
7961;a4:6c:2a:d3:f4:d0;LU-Guest;-72;128
7962;a4:6c:2a:d3:f4:d1;LakeheadU;-73;128
7963;a4:6c:2a:d3:f4:d4;Free Tbaytel WiFi;-71;128
7964;a4:6c:2a:d3:f4:d2;eduroam;-73;128
7965;a4:6c:2a:d3:f4:d3;LU-Events;-72;128
7966;80:e0:1d:ee:3f:00;LU-Guest;-73;128
7967;a4:6c:2a:d4:bb:0c;LU-Events;-75;128
7968;a4:6c:2a:d4:bb:0d;eduroam;-75;128
7969;a4:6c:2a:d4:bb:0e;LakeheadU;-75;128
7970;a4:6c:2a:d4:bb:0f;LU-Guest;-75;128
7971;a4:6c:2a:d4:bb:0b;Free Tbaytel WiFi;-75;128
7972;80:e0:1d:ee:3f:0f;LU-Guest;-92;128
7973;6c:5a:b0:3d:73:bf;Quanser_UVS-5G;-63;128
7974;6c:5a:b0:3d:73:c0;Quanser_UVS-5G;-55;128
7975;6c:5a:b0:3d:73:c1;Quanser_UVS;-57;128
7976;a4:6c:2a:e0:1f:b4;Free Tbaytel WiFi;-78;128
7977;a4:6c:2a:e0:1f:b1;LakeheadU;-77;128
7978;a4:6c:2a:e0:1f:b2;eduroam;-77;128
7979;a4:6c:2a:e0:1f:bc;LU-Events;-85;128
7980;a4:6c:2a:e0:1f:bd;eduroam;-84;128
7981;a4:6c:2a:e0:1f:be;LakeheadU;-85;128
7982;a4:6c:2a:e0:1f:bf;LU-Guest;-84;128
7983;a4:6c:2a:e0:1f:bb;Free Tbaytel WiFi;-83;128
7984;c0:c1:c0:8e:e8:c5;unavailable;-63;129
7985;a4:6c:2a:d4:ba:43;LU-Events;-80;129
7986;a2:53:22:40:4f:e8;NOSMSecure;-82;129
7987;d8:b1:90:e1:2d:a3;LU-Events;-77;129
7988;d8:b1:90:e1:2d:a4;Free Tbaytel WiFi;-76;129
7989;d8:b1:90:e1:2d:a1;LakeheadU;-76;129
7990;d8:b1:90:e1:2d:a2;eduroam;-77;129
7991;80:e0:1d:f6:a4:d0;LU-Guest;-83;129
7992;80:e0:1d:f6:a4:d2;eduroam;-83;129
7993;80:e0:1d:f6:a4:d4;Free Tbaytel WiFi;-81;129
7994;80:e0:1d:f6:a4:d3;LU-Events;-83;129
7995;a4:6c:2a:d3:f2:8c;LU-Events;-80;129
7996;a4:6c:2a:d3:f2:8b;Free Tbaytel WiFi;-80;129
7997;a4:6c:2a:d3:f2:8e;LakeheadU;-80;129
7998;a4:6c:2a:d3:f2:8d;eduroam;-80;129
7999;a4:6c:2a:d3:f2:8f;LU-Guest;-80;129
8000;a4:6c:2a:d3:f2:81;LakeheadU;-59;129
8001;a4:6c:2a:d3:f2:80;LU-Guest;-59;129
8002;a4:6c:2a:d3:f2:83;LU-Events;-59;129
8003;a4:6c:2a:d3:f2:82;eduroam;-59;129
8004;a4:6c:2a:d3:f2:84;Free Tbaytel WiFi;-60;129
8005;06:56:78:d0:60:49;EBF06ED2;-77;129
8006;a4:6c:2a:d4:bb:03;LU-Events;-63;129
8007;a4:6c:2a:d4:bb:04;Free Tbaytel WiFi;-63;129
8008;a4:6c:2a:d4:bb:00;LU-Guest;-62;129
8009;a4:6c:2a:d4:bb:01;LakeheadU;-62;129
8010;a4:6c:2a:d4:bb:02;eduroam;-62;129
8011;a4:6c:2a:d3:f4:df;LU-Guest;-86;129
8012;a4:6c:2a:d3:f4:db;Free Tbaytel WiFi;-86;129
8013;a4:6c:2a:d3:f4:d0;LU-Guest;-72;129
8014;a4:6c:2a:d3:f4:d1;LakeheadU;-73;129
8015;a4:6c:2a:d3:f4:d4;Free Tbaytel WiFi;-71;129
8016;a4:6c:2a:d3:f4:d2;eduroam;-73;129
8017;a4:6c:2a:d3:f4:d3;LU-Events;-72;129
8018;80:e0:1d:ee:3f:00;LU-Guest;-73;129
8019;a4:6c:2a:d4:bb:0c;LU-Events;-75;129
8020;a4:6c:2a:d4:bb:0d;eduroam;-75;129
8021;a4:6c:2a:d4:bb:0e;LakeheadU;-75;129
8022;a4:6c:2a:d4:bb:0f;LU-Guest;-75;129
8023;a4:6c:2a:d4:bb:0b;Free Tbaytel WiFi;-75;129
8024;80:e0:1d:ee:3f:0f;LU-Guest;-92;129
8025;6c:5a:b0:3d:73:bf;Quanser_UVS-5G;-63;129
8026;6c:5a:b0:3d:73:c0;Quanser_UVS-5G;-55;129
8027;6c:5a:b0:3d:73:c1;Quanser_UVS;-57;129
8028;a4:6c:2a:e0:1f:b4;Free Tbaytel WiFi;-78;129
8029;a4:6c:2a:e0:1f:b1;LakeheadU;-77;129
8030;a4:6c:2a:e0:1f:b2;eduroam;-77;129
8031;a4:6c:2a:e0:1f:bc;LU-Events;-85;129
8032;a4:6c:2a:e0:1f:bd;eduroam;-84;129
8033;a4:6c:2a:e0:1f:be;LakeheadU;-85;129
8034;a4:6c:2a:e0:1f:bf;LU-Guest;-84;129
8035;a4:6c:2a:e0:1f:bb;Free Tbaytel WiFi;-83;129
8036;a4:6c:2a:e0:20:01;LakeheadU;-84;130
8037;a4:6c:2a:e0:20:00;LU-Guest;-82;130
8038;a4:6c:2a:e0:20:03;LU-Events;-83;130
8039;a4:6c:2a:e0:20:02;eduroam;-83;130
8040;a4:6c:2a:e0:20:04;Free Tbaytel WiFi;-83;130
8041;00:1f:33:bd:d5:34;Lab1012;-74;130
8042;c0:c1:c0:8e:e8:c5;unavailable;-59;130
8043;a4:6c:2a:d4:ba:42;eduroam;-85;130
8044;a4:6c:2a:d4:ba:40;LU-Guest;-87;130
8045;a4:6c:2a:d4:ba:41;LakeheadU;-85;130
8046;d8:b1:90:e1:2d:a0;LU-Guest;-77;130
8047;d8:b1:90:e1:2d:a3;LU-Events;-76;130
8048;d8:b1:90:e1:2d:a4;Free Tbaytel WiFi;-77;130
8049;d8:b1:90:e1:2d:a1;LakeheadU;-77;130
8050;80:e0:1d:f6:a4:d0;LU-Guest;-81;130
8051;80:e0:1d:f6:a4:d4;Free Tbaytel WiFi;-81;130
8052;80:e0:1d:f6:a4:d3;LU-Events;-80;130
8053;d8:b1:90:e1:2d:af;LU-Guest;-90;130
8054;d8:b1:90:e1:2d:ac;LU-Events;-92;130
8055;a4:6c:2a:d3:f2:8c;LU-Events;-82;130
8056;a4:6c:2a:d3:f2:8b;Free Tbaytel WiFi;-82;130
8057;a4:6c:2a:d3:f2:8e;LakeheadU;-82;130
8058;a4:6c:2a:d3:f2:8d;eduroam;-82;130
8059;a4:6c:2a:d3:f2:8f;LU-Guest;-82;130
8060;a4:6c:2a:d3:f2:81;LakeheadU;-66;130
8061;a4:6c:2a:d3:f2:80;LU-Guest;-65;130
8062;a4:6c:2a:d3:f2:83;LU-Events;-65;130
8063;a4:6c:2a:d3:f2:82;eduroam;-65;130
8064;a4:6c:2a:d3:f2:84;Free Tbaytel WiFi;-72;130
8065;80:e0:1d:e6:7a:62;eduroam;-84;130
8066;80:e0:1d:e6:7a:61;LakeheadU;-84;130
8067;80:e0:1d:e6:7a:63;LU-Events;-83;130
8068;06:56:78:d0:60:49;EBF06ED2;-82;130
8069;a4:6c:2a:d4:bb:03;LU-Events;-60;130
8070;a4:6c:2a:d4:bb:04;Free Tbaytel WiFi;-60;130
8071;a4:6c:2a:d4:bb:00;LU-Guest;-64;130
8072;a4:6c:2a:d4:bb:01;LakeheadU;-60;130
8073;a4:6c:2a:d4:bb:02;eduroam;-60;130
8074;a4:6c:2a:d3:f4:df;LU-Guest;-90;130
8075;a4:6c:2a:d3:f4:db;Free Tbaytel WiFi;-90;130
8076;a4:6c:2a:d3:f4:dc;LU-Events;-89;130
8077;80:e0:1d:ee:3f:01;LakeheadU;-83;130
8078;80:e0:1d:ee:3f:02;eduroam;-83;130
8079;80:e0:1d:ee:3f:03;LU-Events;-84;130
8080;80:e0:1d:ee:3f:04;Free Tbaytel WiFi;-85;130
8081;ba:5a:b0:3d:73:b1;;-75;130
8082;a4:6c:2a:d4:bb:0c;LU-Events;-74;130
8083;a4:6c:2a:d4:bb:0d;eduroam;-74;130
8084;a4:6c:2a:d4:bb:0e;LakeheadU;-75;130
8085;a4:6c:2a:d4:bb:0f;LU-Guest;-74;130
8086;a4:6c:2a:d4:bb:0b;Free Tbaytel WiFi;-74;130
8087;6c:5a:b0:3d:73:bf;Quanser_UVS-5G;-76;130
8088;6c:5a:b0:3d:73:c0;Quanser_UVS-5G;-64;130
8089;6c:5a:b0:3d:73:c1;Quanser_UVS;-45;130
8090;a4:6c:2a:e0:1f:b3;LU-Events;-76;130
8091;a4:6c:2a:e0:1f:b4;Free Tbaytel WiFi;-76;130
8092;a4:6c:2a:e0:1f:b0;LU-Guest;-77;130
8093;a4:6c:2a:e0:1f:b1;LakeheadU;-77;130
8094;a4:6c:2a:e0:1f:b2;eduroam;-77;130
8095;a4:6c:2a:e0:1f:bc;LU-Events;-84;130
8096;a4:6c:2a:e0:1f:bd;eduroam;-85;130
8097;a4:6c:2a:e0:1f:be;LakeheadU;-84;130
8098;a4:6c:2a:e0:1f:bf;LU-Guest;-84;130
8099;a4:6c:2a:e0:1f:bb;Free Tbaytel WiFi;-85;130
8100;a4:6c:2a:e0:20:01;LakeheadU;-84;131
8101;a4:6c:2a:e0:20:00;LU-Guest;-82;131
8102;a4:6c:2a:e0:20:03;LU-Events;-83;131
8103;a4:6c:2a:e0:20:02;eduroam;-83;131
8104;a4:6c:2a:e0:20:04;Free Tbaytel WiFi;-83;131
8105;00:1f:33:bd:d5:34;Lab1012;-74;131
8106;c0:c1:c0:8e:e8:c5;unavailable;-59;131
8107;a4:6c:2a:d4:ba:42;eduroam;-85;131
8108;a4:6c:2a:d4:ba:40;LU-Guest;-87;131
8109;a4:6c:2a:d4:ba:41;LakeheadU;-85;131
8110;d8:b1:90:e1:2d:a0;LU-Guest;-77;131
8111;d8:b1:90:e1:2d:a3;LU-Events;-76;131
8112;d8:b1:90:e1:2d:a4;Free Tbaytel WiFi;-77;131
8113;d8:b1:90:e1:2d:a1;LakeheadU;-77;131
8114;80:e0:1d:f6:a4:d0;LU-Guest;-81;131
8115;80:e0:1d:f6:a4:d4;Free Tbaytel WiFi;-81;131
8116;80:e0:1d:f6:a4:d3;LU-Events;-80;131
8117;d8:b1:90:e1:2d:af;LU-Guest;-90;131
8118;d8:b1:90:e1:2d:ac;LU-Events;-92;131
8119;a4:6c:2a:d3:f2:8c;LU-Events;-82;131
8120;a4:6c:2a:d3:f2:8b;Free Tbaytel WiFi;-82;131
8121;a4:6c:2a:d3:f2:8e;LakeheadU;-82;131
8122;a4:6c:2a:d3:f2:8d;eduroam;-82;131
8123;a4:6c:2a:d3:f2:8f;LU-Guest;-82;131
8124;a4:6c:2a:d3:f2:81;LakeheadU;-66;131
8125;a4:6c:2a:d3:f2:80;LU-Guest;-65;131
8126;a4:6c:2a:d3:f2:83;LU-Events;-65;131
8127;a4:6c:2a:d3:f2:82;eduroam;-65;131
8128;a4:6c:2a:d3:f2:84;Free Tbaytel WiFi;-72;131
8129;80:e0:1d:e6:7a:62;eduroam;-84;131
8130;80:e0:1d:e6:7a:61;LakeheadU;-84;131
8131;80:e0:1d:e6:7a:63;LU-Events;-83;131
8132;06:56:78:d0:60:49;EBF06ED2;-82;131
8133;a4:6c:2a:d4:bb:03;LU-Events;-60;131
8134;a4:6c:2a:d4:bb:04;Free Tbaytel WiFi;-60;131
8135;a4:6c:2a:d4:bb:00;LU-Guest;-64;131
8136;a4:6c:2a:d4:bb:01;LakeheadU;-60;131
8137;a4:6c:2a:d4:bb:02;eduroam;-60;131
8138;a4:6c:2a:d3:f4:df;LU-Guest;-90;131
8139;a4:6c:2a:d3:f4:db;Free Tbaytel WiFi;-90;131
8140;a4:6c:2a:d3:f4:dc;LU-Events;-89;131
8141;80:e0:1d:ee:3f:01;LakeheadU;-83;131
8142;80:e0:1d:ee:3f:02;eduroam;-83;131
8143;80:e0:1d:ee:3f:03;LU-Events;-84;131
8144;80:e0:1d:ee:3f:04;Free Tbaytel WiFi;-85;131
8145;ba:5a:b0:3d:73:b1;;-75;131
8146;a4:6c:2a:d4:bb:0c;LU-Events;-74;131
8147;a4:6c:2a:d4:bb:0d;eduroam;-74;131
8148;a4:6c:2a:d4:bb:0e;LakeheadU;-75;131
8149;a4:6c:2a:d4:bb:0f;LU-Guest;-74;131
8150;a4:6c:2a:d4:bb:0b;Free Tbaytel WiFi;-74;131
8151;6c:5a:b0:3d:73:bf;Quanser_UVS-5G;-76;131
8152;6c:5a:b0:3d:73:c0;Quanser_UVS-5G;-64;131
8153;6c:5a:b0:3d:73:c1;Quanser_UVS;-45;131
8154;a4:6c:2a:e0:1f:b3;LU-Events;-76;131
8155;a4:6c:2a:e0:1f:b4;Free Tbaytel WiFi;-76;131
8156;a4:6c:2a:e0:1f:b0;LU-Guest;-77;131
8157;a4:6c:2a:e0:1f:b1;LakeheadU;-77;131
8158;a4:6c:2a:e0:1f:b2;eduroam;-77;131
8159;a4:6c:2a:e0:1f:bc;LU-Events;-84;131
8160;a4:6c:2a:e0:1f:bd;eduroam;-85;131
8161;a4:6c:2a:e0:1f:be;LakeheadU;-84;131
8162;a4:6c:2a:e0:1f:bf;LU-Guest;-84;131
8163;a4:6c:2a:e0:1f:bb;Free Tbaytel WiFi;-85;131
8164;00:1f:33:bd:d5:34;Lab1012;-72;132
8165;c0:c1:c0:8e:e8:c5;unavailable;-62;132
8166;02:87:64:2d:e7:33;EBF1E5E6;-63;132
8167;d8:b1:90:e1:2d:a0;LU-Guest;-69;132
8168;d8:b1:90:e1:2d:a3;LU-Events;-68;132
8169;d8:b1:90:e1:2d:a4;Free Tbaytel WiFi;-68;132
8170;d8:b1:90:e1:2d:a1;LakeheadU;-68;132
8171;d8:b1:90:e1:2d:a2;eduroam;-69;132
8172;d8:b1:90:e1:2d:af;LU-Guest;-87;132
8173;d8:b1:90:e1:2d:ac;LU-Events;-87;132
8174;d8:b1:90:e1:2d:ad;eduroam;-87;132
8175;d8:b1:90:e1:2d:ab;Free Tbaytel WiFi;-87;132
8176;a4:6c:2a:d3:f2:8c;LU-Events;-82;132
8177;a4:6c:2a:d3:f2:8b;Free Tbaytel WiFi;-82;132
8178;a4:6c:2a:d3:f2:8e;LakeheadU;-82;132
8179;a4:6c:2a:d3:f2:8d;eduroam;-82;132
8180;a4:6c:2a:d3:f2:8f;LU-Guest;-81;132
8181;a4:6c:2a:d3:f2:81;LakeheadU;-69;132
8182;a4:6c:2a:d3:f2:80;LU-Guest;-69;132
8183;a4:6c:2a:d3:f2:83;LU-Events;-69;132
8184;a4:6c:2a:d3:f2:82;eduroam;-70;132
8185;a4:6c:2a:d3:f2:84;Free Tbaytel WiFi;-72;132
8186;ca:5a:b0:3d:73:c3;;-49;132
8187;06:56:78:d0:60:49;EBF06ED2;-79;132
8188;a4:6c:2a:d4:bb:03;LU-Events;-55;132
8189;a4:6c:2a:d4:bb:04;Free Tbaytel WiFi;-55;132
8190;a4:6c:2a:d4:bb:00;LU-Guest;-58;132
8191;a4:6c:2a:d4:bb:01;LakeheadU;-55;132
8192;a4:6c:2a:d4:bb:02;eduroam;-55;132
8193;a4:6c:2a:d3:f4:d1;LakeheadU;-84;132
8194;a4:6c:2a:d3:f4:d2;eduroam;-85;132
8195;a4:6c:2a:d3:f4:d3;LU-Events;-83;132
8196;a4:6c:2a:d4:bb:0c;LU-Events;-70;132
8197;a4:6c:2a:d4:bb:0d;eduroam;-70;132
8198;a4:6c:2a:d4:bb:0e;LakeheadU;-70;132
8199;a4:6c:2a:d4:bb:0f;LU-Guest;-70;132
8200;a4:6c:2a:d4:bb:0b;Free Tbaytel WiFi;-70;132
8201;6c:5a:b0:3d:73:bf;Quanser_UVS-5G;-84;132
8202;6c:5a:b0:3d:73:c0;Quanser_UVS-5G;-65;132
8203;6c:5a:b0:3d:73:c1;Quanser_UVS;-47;132
8204;a4:6c:2a:e0:1f:b3;LU-Events;-73;132
8205;a4:6c:2a:e0:1f:b4;Free Tbaytel WiFi;-72;132
8206;a4:6c:2a:e0:1f:b0;LU-Guest;-73;132
8207;a4:6c:2a:e0:1f:b1;LakeheadU;-72;132
8208;a4:6c:2a:e0:1f:b2;eduroam;-72;132
8209;a4:6c:2a:e0:1f:bc;LU-Events;-80;132
8210;a4:6c:2a:e0:1f:bd;eduroam;-80;132
8211;a4:6c:2a:e0:1f:be;LakeheadU;-79;132
8212;a4:6c:2a:e0:1f:bf;LU-Guest;-79;132
8213;a4:6c:2a:e0:1f:bb;Free Tbaytel WiFi;-79;132
8214;00:1f:33:bd:d5:34;Lab1012;-72;133
8215;c0:c1:c0:8e:e8:c5;unavailable;-62;133
8216;02:87:64:2d:e7:33;EBF1E5E6;-63;133
8217;d8:b1:90:e1:2d:a0;LU-Guest;-69;133
8218;d8:b1:90:e1:2d:a3;LU-Events;-68;133
8219;d8:b1:90:e1:2d:a4;Free Tbaytel WiFi;-68;133
8220;d8:b1:90:e1:2d:a1;LakeheadU;-68;133
8221;d8:b1:90:e1:2d:a2;eduroam;-69;133
8222;d8:b1:90:e1:2d:af;LU-Guest;-87;133
8223;d8:b1:90:e1:2d:ac;LU-Events;-87;133
8224;d8:b1:90:e1:2d:ad;eduroam;-87;133
8225;d8:b1:90:e1:2d:ab;Free Tbaytel WiFi;-87;133
8226;a4:6c:2a:d3:f2:8c;LU-Events;-82;133
8227;a4:6c:2a:d3:f2:8b;Free Tbaytel WiFi;-82;133
8228;a4:6c:2a:d3:f2:8e;LakeheadU;-82;133
8229;a4:6c:2a:d3:f2:8d;eduroam;-82;133
8230;a4:6c:2a:d3:f2:8f;LU-Guest;-81;133
8231;a4:6c:2a:d3:f2:81;LakeheadU;-69;133
8232;a4:6c:2a:d3:f2:80;LU-Guest;-69;133
8233;a4:6c:2a:d3:f2:83;LU-Events;-69;133
8234;a4:6c:2a:d3:f2:82;eduroam;-70;133
8235;a4:6c:2a:d3:f2:84;Free Tbaytel WiFi;-72;133
8236;ca:5a:b0:3d:73:c3;;-49;133
8237;06:56:78:d0:60:49;EBF06ED2;-79;133
8238;a4:6c:2a:d4:bb:03;LU-Events;-55;133
8239;a4:6c:2a:d4:bb:04;Free Tbaytel WiFi;-55;133
8240;a4:6c:2a:d4:bb:00;LU-Guest;-58;133
8241;a4:6c:2a:d4:bb:01;LakeheadU;-55;133
8242;a4:6c:2a:d4:bb:02;eduroam;-55;133
8243;a4:6c:2a:d3:f4:d1;LakeheadU;-84;133
8244;a4:6c:2a:d3:f4:d2;eduroam;-85;133
8245;a4:6c:2a:d3:f4:d3;LU-Events;-83;133
8246;a4:6c:2a:d4:bb:0c;LU-Events;-70;133
8247;a4:6c:2a:d4:bb:0d;eduroam;-70;133
8248;a4:6c:2a:d4:bb:0e;LakeheadU;-70;133
8249;a4:6c:2a:d4:bb:0f;LU-Guest;-70;133
8250;a4:6c:2a:d4:bb:0b;Free Tbaytel WiFi;-70;133
8251;6c:5a:b0:3d:73:bf;Quanser_UVS-5G;-84;133
8252;6c:5a:b0:3d:73:c0;Quanser_UVS-5G;-65;133
8253;6c:5a:b0:3d:73:c1;Quanser_UVS;-47;133
8254;a4:6c:2a:e0:1f:b3;LU-Events;-73;133
8255;a4:6c:2a:e0:1f:b4;Free Tbaytel WiFi;-72;133
8256;a4:6c:2a:e0:1f:b0;LU-Guest;-73;133
8257;a4:6c:2a:e0:1f:b1;LakeheadU;-72;133
8258;a4:6c:2a:e0:1f:b2;eduroam;-72;133
8259;a4:6c:2a:e0:1f:bc;LU-Events;-80;133
8260;a4:6c:2a:e0:1f:bd;eduroam;-80;133
8261;a4:6c:2a:e0:1f:be;LakeheadU;-79;133
8262;a4:6c:2a:e0:1f:bf;LU-Guest;-79;133
8263;a4:6c:2a:e0:1f:bb;Free Tbaytel WiFi;-79;133
8264;a4:6c:2a:e0:20:01;LakeheadU;-80;134
8265;a4:6c:2a:e0:20:00;LU-Guest;-79;134
8266;a4:6c:2a:e0:20:02;eduroam;-81;134
8267;a4:6c:2a:e0:20:04;Free Tbaytel WiFi;-78;134
8268;00:1f:33:bd:d5:34;Lab1012;-72;134
8269;c0:c1:c0:8e:e8:c5;unavailable;-53;134
8270;a4:6c:2a:e0:20:0f;LU-Guest;-89;134
8271;a4:6c:2a:e0:20:0b;Free Tbaytel WiFi;-89;134
8272;a4:6c:2a:e0:20:0e;LakeheadU;-91;134
8273;a4:6c:2a:d4:ba:54;Free Tbaytel WiFi;-83;134
8274;a4:6c:2a:d4:ba:50;LU-Guest;-83;134
8275;02:87:64:2d:e7:33;EBF1E5E6;-72;134
8276;d8:b1:90:e1:2d:a0;LU-Guest;-65;134
8277;d8:b1:90:e1:2d:a3;LU-Events;-65;134
8278;d8:b1:90:e1:2d:a4;Free Tbaytel WiFi;-64;134
8279;d8:b1:90:e1:2d:a1;LakeheadU;-66;134
8280;d8:b1:90:e1:2d:a2;eduroam;-65;134
8281;80:e0:1d:f6:a4:d0;LU-Guest;-77;134
8282;80:e0:1d:f6:a4:d1;LakeheadU;-76;134
8283;d8:b1:90:e1:2d:af;LU-Guest;-93;134
8284;d8:b1:90:e1:2d:ac;LU-Events;-93;134
8285;d8:b1:90:e1:2d:ad;eduroam;-93;134
8286;d8:b1:90:e1:2d:ab;Free Tbaytel WiFi;-85;134
8287;a4:6c:2a:d3:f2:8c;LU-Events;-89;134
8288;a4:6c:2a:d3:f2:8b;Free Tbaytel WiFi;-89;134
8289;a4:6c:2a:d3:f2:8e;LakeheadU;-89;134
8290;a4:6c:2a:d3:f2:8d;eduroam;-90;134
8291;a4:6c:2a:d3:f2:8f;LU-Guest;-81;134
8292;a4:6c:2a:d3:f2:81;LakeheadU;-71;134
8293;a4:6c:2a:d3:f2:80;LU-Guest;-69;134
8294;a4:6c:2a:d3:f2:83;LU-Events;-69;134
8295;a4:6c:2a:d3:f2:82;eduroam;-71;134
8296;a4:6c:2a:d3:f2:84;Free Tbaytel WiFi;-71;134
8297;80:e0:1d:e6:7a:64;Free Tbaytel WiFi;-83;134
8298;ca:5a:b0:3d:73:c3;;-49;134
8299;06:56:78:d0:60:49;EBF06ED2;-74;134
8300;a4:6c:2a:d4:bb:03;LU-Events;-60;134
8301;a4:6c:2a:d4:bb:04;Free Tbaytel WiFi;-58;134
8302;a4:6c:2a:d4:bb:00;LU-Guest;-60;134
8303;a4:6c:2a:d4:bb:01;LakeheadU;-61;134
8304;a4:6c:2a:d4:bb:02;eduroam;-59;134
8305;a4:6c:2a:d3:f4:d1;LakeheadU;-82;134
8306;a4:6c:2a:d3:f4:d4;Free Tbaytel WiFi;-82;134
8307;a4:6c:2a:d3:f4:d2;eduroam;-82;134
8308;a4:6c:2a:d3:f4:d3;LU-Events;-83;134
8309;a4:6c:2a:d4:bb:0c;LU-Events;-79;134
8310;a4:6c:2a:d4:bb:0d;eduroam;-79;134
8311;a4:6c:2a:d4:bb:0e;LakeheadU;-79;134
8312;a4:6c:2a:d4:bb:0f;LU-Guest;-79;134
8313;a4:6c:2a:d4:bb:0b;Free Tbaytel WiFi;-79;134
8314;6c:5a:b0:3d:73:bf;Quanser_UVS-5G;-79;134
8315;ae:53:22:40:4f:e8;NOSMConnect24;-90;134
8316;6c:5a:b0:3d:73:c0;Quanser_UVS-5G;-69;134
8317;6c:5a:b0:3d:73:c1;Quanser_UVS;-64;134
8318;a4:6c:2a:e0:1f:b3;LU-Events;-73;134
8319;a4:6c:2a:e0:1f:b4;Free Tbaytel WiFi;-73;134
8320;a4:6c:2a:e0:1f:b0;LU-Guest;-74;134
8321;a4:6c:2a:e0:1f:b1;LakeheadU;-74;134
8322;a4:6c:2a:e0:1f:b2;eduroam;-73;134
8323;a4:6c:2a:e0:1f:bc;LU-Events;-80;134
8324;a4:6c:2a:e0:1f:bd;eduroam;-80;134
8325;a4:6c:2a:e0:1f:be;LakeheadU;-80;134
8326;a4:6c:2a:e0:1f:bf;LU-Guest;-81;134
8327;a4:6c:2a:e0:1f:bb;Free Tbaytel WiFi;-80;134
8328;c0:c1:c0:8e:e8:c5;unavailable;-53;135
8329;a4:6c:2a:d4:bb:04;Free Tbaytel WiFi;-58;135
8330;a4:6c:2a:d4:bb:02;eduroam;-59;135
8331;a4:6c:2a:d4:bb:03;LU-Events;-60;135
8332;a4:6c:2a:d4:bb:00;LU-Guest;-60;135
8333;a4:6c:2a:d4:bb:01;LakeheadU;-61;135
8334;6c:5a:b0:3d:73:c1;Quanser_UVS;-64;135
8335;d8:b1:90:e1:2d:a4;Free Tbaytel WiFi;-64;135
8336;d8:b1:90:e1:2d:a3;LU-Events;-65;135
8337;d8:b1:90:e1:2d:a0;LU-Guest;-65;135
8338;d8:b1:90:e1:2d:a2;eduroam;-65;135
8339;d8:b1:90:e1:2d:a1;LakeheadU;-66;135
8340;6c:5a:b0:3d:73:c0;Quanser_UVS-5G;-69;135
8341;a4:6c:2a:d3:f2:84;Free Tbaytel WiFi;-71;135
8342;a4:6c:2a:d3:f2:81;LakeheadU;-71;135
8343;a4:6c:2a:d3:f2:82;eduroam;-71;135
8344;02:87:64:2d:e7:33;EBF1E5E6;-72;135
8345;a4:6c:2a:e0:1f:b2;eduroam;-73;135
8346;a4:6c:2a:e0:1f:b4;Free Tbaytel WiFi;-73;135
8347;a4:6c:2a:e0:1f:b3;LU-Events;-73;135
8348;a4:6c:2a:e0:1f:b1;LakeheadU;-74;135
8349;06:56:78:d0:60:49;EBF06ED2;-74;135
8350;a4:6c:2a:e0:1f:b0;LU-Guest;-74;135
8351;80:e0:1d:f6:a4:d1;LakeheadU;-76;135
8352;80:e0:1d:f6:a4:d0;LU-Guest;-77;135
8353;a4:6c:2a:e0:20:04;Free Tbaytel WiFi;-78;135
8354;6c:5a:b0:3d:73:bf;Quanser_UVS-5G;-79;135
8355;a4:6c:2a:d4:bb:0f;LU-Guest;-79;135
8356;a4:6c:2a:d4:bb:0b;Free Tbaytel WiFi;-79;135
8357;a4:6c:2a:d4:bb:0d;eduroam;-79;135
8358;a4:6c:2a:d4:bb:0e;LakeheadU;-79;135
8359;a4:6c:2a:d4:bb:0c;LU-Events;-79;135
8360;a4:6c:2a:e0:20:00;LU-Guest;-79;135
8361;a4:6c:2a:e0:1f:be;LakeheadU;-80;135
8362;a4:6c:2a:e0:1f:bd;eduroam;-80;135
8363;a4:6c:2a:e0:1f:bb;Free Tbaytel WiFi;-80;135
8364;a4:6c:2a:e0:1f:bc;LU-Events;-80;135
8365;a4:6c:2a:e0:20:01;LakeheadU;-80;135
8366;a4:6c:2a:e0:1f:bf;LU-Guest;-81;135
8367;a4:6c:2a:e0:20:02;eduroam;-81;135
8368;a4:6c:2a:d3:f4:d2;eduroam;-82;135
8369;a4:6c:2a:d3:f4:d1;LakeheadU;-82;135
8370;a4:6c:2a:d3:f4:d4;Free Tbaytel WiFi;-82;135
8371;a4:6c:2a:d3:f4:d3;LU-Events;-83;135
8372;80:e0:1d:e6:7a:64;Free Tbaytel WiFi;-83;135
8373;a4:6c:2a:d4:ba:50;LU-Guest;-83;135
8374;a4:6c:2a:d4:ba:54;Free Tbaytel WiFi;-83;135
8375;d8:b1:90:e1:2d:ab;Free Tbaytel WiFi;-85;135
8376;a4:6c:2a:d3:f2:8b;Free Tbaytel WiFi;-89;135
8377;a4:6c:2a:d3:f2:8e;LakeheadU;-89;135
8378;a4:6c:2a:d3:f2:8c;LU-Events;-89;135
8379;a4:6c:2a:e0:20:0f;LU-Guest;-89;135
8380;a4:6c:2a:e0:20:0b;Free Tbaytel WiFi;-89;135
8381;a4:6c:2a:d3:f2:8d;eduroam;-90;135
8382;ae:53:22:40:4f:e8;NOSMConnect24;-90;135
8383;a4:6c:2a:e0:20:0e;LakeheadU;-91;135
8384;d8:b1:90:e1:2d:ac;LU-Events;-93;135
8385;d8:b1:90:e1:2d:af;LU-Guest;-93;135
8386;d8:b1:90:e1:2d:ad;eduroam;-93;135
8387;a4:6c:2a:e0:20:01;LakeheadU;-80;136
8388;a4:6c:2a:e0:20:00;LU-Guest;-81;136
8389;a4:6c:2a:e0:20:03;LU-Events;-78;136
8390;a4:6c:2a:e0:20:02;eduroam;-78;136
8391;a4:6c:2a:e0:20:04;Free Tbaytel WiFi;-80;136
8392;00:1f:33:bd:d5:34;Lab1012;-79;136
8393;c0:c1:c0:8e:e8:c5;unavailable;-53;136
8394;02:87:64:2d:e7:33;EBF1E5E6;-72;136
8395;d8:b1:90:e1:2d:a0;LU-Guest;-74;136
8396;d8:b1:90:e1:2d:a3;LU-Events;-76;136
8397;d8:b1:90:e1:2d:a4;Free Tbaytel WiFi;-76;136
8398;d8:b1:90:e1:2d:a1;LakeheadU;-75;136
8399;d8:b1:90:e1:2d:a2;eduroam;-75;136
8400;80:e0:1d:f6:a4:d0;LU-Guest;-71;136
8401;80:e0:1d:f6:a4:d2;eduroam;-72;136
8402;80:e0:1d:f6:a4:d1;LakeheadU;-71;136
8403;80:e0:1d:f6:a4:d4;Free Tbaytel WiFi;-71;136
8404;ce:d7:19:24:c6:d5;LINKSYS-750-guest;-67;136
8405;a4:6c:2a:d3:f2:8c;LU-Events;-88;136
8406;a4:6c:2a:d3:f2:8b;Free Tbaytel WiFi;-88;136
8407;a4:6c:2a:d3:f2:8e;LakeheadU;-88;136
8408;a4:6c:2a:d3:f2:8d;eduroam;-89;136
8409;a4:6c:2a:d3:f2:8f;LU-Guest;-89;136
8410;a4:6c:2a:d3:f2:81;LakeheadU;-76;136
8411;a4:6c:2a:d3:f2:80;LU-Guest;-78;136
8412;a4:6c:2a:d3:f2:83;LU-Events;-77;136
8413;a4:6c:2a:d3:f2:82;eduroam;-76;136
8414;a4:6c:2a:d3:f2:84;Free Tbaytel WiFi;-76;136
8415;06:56:78:d0:60:49;EBF06ED2;-76;136
8416;a4:6c:2a:d4:bb:03;LU-Events;-64;136
8417;a4:6c:2a:d4:bb:04;Free Tbaytel WiFi;-65;136
8418;a4:6c:2a:d4:bb:00;LU-Guest;-62;136
8419;a4:6c:2a:d4:bb:01;LakeheadU;-63;136
8420;a4:6c:2a:d4:bb:02;eduroam;-63;136
8421;a4:6c:2a:d4:bb:0c;LU-Events;-80;136
8422;a4:6c:2a:d4:bb:0d;eduroam;-81;136
8423;a4:6c:2a:d4:bb:0e;LakeheadU;-80;136
8424;a4:6c:2a:d4:bb:0f;LU-Guest;-80;136
8425;a4:6c:2a:d4:bb:0b;Free Tbaytel WiFi;-80;136
8426;d2:5d:05:d7:2e:bc;Xerox;-85;136
8427;6c:5a:b0:3d:73:bf;Quanser_UVS-5G;-87;136
8428;80:e0:1d:f8:49:42;eduroam;-80;136
8429;6c:5a:b0:3d:73:c0;Quanser_UVS-5G;-73;136
8430;a4:6c:2a:e0:1f:b3;LU-Events;-68;136
8431;a4:6c:2a:e0:1f:b4;Free Tbaytel WiFi;-68;136
8432;a4:6c:2a:e0:1f:b0;LU-Guest;-68;136
8433;a4:6c:2a:e0:1f:b1;LakeheadU;-68;136
8434;a4:6c:2a:e0:1f:b2;eduroam;-68;136
8435;a4:6c:2a:e0:1f:bc;LU-Events;-76;136
8436;a4:6c:2a:e0:1f:bd;eduroam;-76;136
8437;a4:6c:2a:e0:1f:be;LakeheadU;-76;136
8438;a4:6c:2a:e0:1f:bf;LU-Guest;-76;136
8439;a4:6c:2a:e0:1f:bb;Free Tbaytel WiFi;-75;136
8440;a4:6c:2a:e0:20:01;LakeheadU;-80;137
8441;a4:6c:2a:e0:20:00;LU-Guest;-81;137
8442;a4:6c:2a:e0:20:03;LU-Events;-78;137
8443;a4:6c:2a:e0:20:02;eduroam;-78;137
8444;a4:6c:2a:e0:20:04;Free Tbaytel WiFi;-80;137
8445;00:1f:33:bd:d5:34;Lab1012;-79;137
8446;c0:c1:c0:8e:e8:c5;unavailable;-53;137
8447;02:87:64:2d:e7:33;EBF1E5E6;-72;137
8448;d8:b1:90:e1:2d:a0;LU-Guest;-74;137
8449;d8:b1:90:e1:2d:a3;LU-Events;-76;137
8450;d8:b1:90:e1:2d:a4;Free Tbaytel WiFi;-76;137
8451;d8:b1:90:e1:2d:a1;LakeheadU;-75;137
8452;d8:b1:90:e1:2d:a2;eduroam;-75;137
8453;80:e0:1d:f6:a4:d0;LU-Guest;-71;137
8454;80:e0:1d:f6:a4:d2;eduroam;-72;137
8455;80:e0:1d:f6:a4:d1;LakeheadU;-71;137
8456;80:e0:1d:f6:a4:d4;Free Tbaytel WiFi;-71;137
8457;ce:d7:19:24:c6:d5;LINKSYS-750-guest;-67;137
8458;a4:6c:2a:d3:f2:8c;LU-Events;-88;137
8459;a4:6c:2a:d3:f2:8b;Free Tbaytel WiFi;-88;137
8460;a4:6c:2a:d3:f2:8e;LakeheadU;-88;137
8461;a4:6c:2a:d3:f2:8d;eduroam;-89;137
8462;a4:6c:2a:d3:f2:8f;LU-Guest;-89;137
8463;a4:6c:2a:d3:f2:81;LakeheadU;-76;137
8464;a4:6c:2a:d3:f2:80;LU-Guest;-78;137
8465;a4:6c:2a:d3:f2:83;LU-Events;-77;137
8466;a4:6c:2a:d3:f2:82;eduroam;-76;137
8467;a4:6c:2a:d3:f2:84;Free Tbaytel WiFi;-76;137
8468;06:56:78:d0:60:49;EBF06ED2;-76;137
8469;a4:6c:2a:d4:bb:03;LU-Events;-64;137
8470;a4:6c:2a:d4:bb:04;Free Tbaytel WiFi;-65;137
8471;a4:6c:2a:d4:bb:00;LU-Guest;-62;137
8472;a4:6c:2a:d4:bb:01;LakeheadU;-63;137
8473;a4:6c:2a:d4:bb:02;eduroam;-63;137
8474;a4:6c:2a:d4:bb:0c;LU-Events;-80;137
8475;a4:6c:2a:d4:bb:0d;eduroam;-81;137
8476;a4:6c:2a:d4:bb:0e;LakeheadU;-80;137
8477;a4:6c:2a:d4:bb:0f;LU-Guest;-80;137
8478;a4:6c:2a:d4:bb:0b;Free Tbaytel WiFi;-80;137
8479;d2:5d:05:d7:2e:bc;Xerox;-85;137
8480;6c:5a:b0:3d:73:bf;Quanser_UVS-5G;-87;137
8481;80:e0:1d:f8:49:42;eduroam;-80;137
8482;6c:5a:b0:3d:73:c0;Quanser_UVS-5G;-73;137
8483;a4:6c:2a:e0:1f:b3;LU-Events;-68;137
8484;a4:6c:2a:e0:1f:b4;Free Tbaytel WiFi;-68;137
8485;a4:6c:2a:e0:1f:b0;LU-Guest;-68;137
8486;a4:6c:2a:e0:1f:b1;LakeheadU;-68;137
8487;a4:6c:2a:e0:1f:b2;eduroam;-68;137
8488;a4:6c:2a:e0:1f:bc;LU-Events;-76;137
8489;a4:6c:2a:e0:1f:bd;eduroam;-76;137
8490;a4:6c:2a:e0:1f:be;LakeheadU;-76;137
8491;a4:6c:2a:e0:1f:bf;LU-Guest;-76;137
8492;a4:6c:2a:e0:1f:bb;Free Tbaytel WiFi;-75;137
8493;a4:6c:2a:e0:20:01;LakeheadU;-80;138
8494;a4:6c:2a:e0:20:00;LU-Guest;-81;138
8495;a4:6c:2a:e0:20:03;LU-Events;-78;138
8496;a4:6c:2a:e0:20:02;eduroam;-78;138
8497;a4:6c:2a:e0:20:04;Free Tbaytel WiFi;-80;138
8498;00:1f:33:bd:d5:34;Lab1012;-79;138
8499;c0:c1:c0:8e:e8:c5;unavailable;-53;138
8500;02:87:64:2d:e7:33;EBF1E5E6;-72;138
8501;d8:b1:90:e1:2d:a0;LU-Guest;-74;138
8502;d8:b1:90:e1:2d:a3;LU-Events;-76;138
8503;d8:b1:90:e1:2d:a4;Free Tbaytel WiFi;-76;138
8504;d8:b1:90:e1:2d:a1;LakeheadU;-75;138
8505;d8:b1:90:e1:2d:a2;eduroam;-75;138
8506;80:e0:1d:f6:a4:d0;LU-Guest;-71;138
8507;80:e0:1d:f6:a4:d2;eduroam;-72;138
8508;80:e0:1d:f6:a4:d1;LakeheadU;-71;138
8509;80:e0:1d:f6:a4:d4;Free Tbaytel WiFi;-71;138
8510;ce:d7:19:24:c6:d5;LINKSYS-750-guest;-67;138
8511;a4:6c:2a:d3:f2:8c;LU-Events;-88;138
8512;a4:6c:2a:d3:f2:8b;Free Tbaytel WiFi;-88;138
8513;a4:6c:2a:d3:f2:8e;LakeheadU;-88;138
8514;a4:6c:2a:d3:f2:8d;eduroam;-89;138
8515;a4:6c:2a:d3:f2:8f;LU-Guest;-89;138
8516;a4:6c:2a:d3:f2:81;LakeheadU;-76;138
8517;a4:6c:2a:d3:f2:80;LU-Guest;-78;138
8518;a4:6c:2a:d3:f2:83;LU-Events;-77;138
8519;a4:6c:2a:d3:f2:82;eduroam;-76;138
8520;a4:6c:2a:d3:f2:84;Free Tbaytel WiFi;-76;138
8521;06:56:78:d0:60:49;EBF06ED2;-76;138
8522;a4:6c:2a:d4:bb:03;LU-Events;-64;138
8523;a4:6c:2a:d4:bb:04;Free Tbaytel WiFi;-65;138
8524;a4:6c:2a:d4:bb:00;LU-Guest;-62;138
8525;a4:6c:2a:d4:bb:01;LakeheadU;-63;138
8526;a4:6c:2a:d4:bb:02;eduroam;-63;138
8527;a4:6c:2a:d4:bb:0c;LU-Events;-80;138
8528;a4:6c:2a:d4:bb:0d;eduroam;-81;138
8529;a4:6c:2a:d4:bb:0e;LakeheadU;-80;138
8530;a4:6c:2a:d4:bb:0f;LU-Guest;-80;138
8531;a4:6c:2a:d4:bb:0b;Free Tbaytel WiFi;-80;138
8532;d2:5d:05:d7:2e:bc;Xerox;-85;138
8533;6c:5a:b0:3d:73:bf;Quanser_UVS-5G;-87;138
8534;80:e0:1d:f8:49:42;eduroam;-80;138
8535;6c:5a:b0:3d:73:c0;Quanser_UVS-5G;-73;138
8536;a4:6c:2a:e0:1f:b3;LU-Events;-68;138
8537;a4:6c:2a:e0:1f:b4;Free Tbaytel WiFi;-68;138
8538;a4:6c:2a:e0:1f:b0;LU-Guest;-68;138
8539;a4:6c:2a:e0:1f:b1;LakeheadU;-68;138
8540;a4:6c:2a:e0:1f:b2;eduroam;-68;138
8541;a4:6c:2a:e0:1f:bc;LU-Events;-76;138
8542;a4:6c:2a:e0:1f:bd;eduroam;-76;138
8543;a4:6c:2a:e0:1f:be;LakeheadU;-76;138
8544;a4:6c:2a:e0:1f:bf;LU-Guest;-76;138
8545;a4:6c:2a:e0:1f:bb;Free Tbaytel WiFi;-75;138
8546;c0:c1:c0:8e:e8:c5;unavailable;-52;139
8547;a4:6c:2a:e0:20:0d;eduroam;-92;139
8548;a4:6c:2a:d4:ba:53;LU-Events;-78;139
8549;a4:6c:2a:d4:ba:54;Free Tbaytel WiFi;-78;139
8550;a4:6c:2a:d4:ba:50;LU-Guest;-78;139
8551;a4:6c:2a:d4:ba:51;LakeheadU;-77;139
8552;a4:6c:2a:d4:ba:52;eduroam;-77;139
8553;a4:6c:2a:d4:ba:5c;LU-Events;-90;139
8554;a4:6c:2a:d4:ba:5e;LakeheadU;-90;139
8555;a4:6c:2a:d4:ba:5f;LU-Guest;-90;139
8556;a4:6c:2a:d4:ba:5b;Free Tbaytel WiFi;-90;139
8557;d8:b1:90:e1:2d:a4;Free Tbaytel WiFi;-76;139
8558;a4:6c:2a:d4:be:30;LU-Guest;-82;139
8559;a4:6c:2a:d4:be:34;Free Tbaytel WiFi;-82;139
8560;a4:6c:2a:d3:f2:8c;LU-Events;-91;139
8561;a4:6c:2a:d3:f2:8b;Free Tbaytel WiFi;-93;139
8562;a4:6c:2a:d3:f2:8f;LU-Guest;-91;139
8563;ca:5a:b0:3d:73:c3;;-70;139
8564;c8:d7:19:24:c6:d5;LINKSYS-750;-66;139
8565;06:56:78:d0:60:49;EBF06ED2;-65;139
8566;a4:6c:2a:d4:bb:03;LU-Events;-66;139
8567;a4:6c:2a:d4:bb:04;Free Tbaytel WiFi;-66;139
8568;a4:6c:2a:d4:bb:00;LU-Guest;-69;139
8569;a4:6c:2a:d4:bb:01;LakeheadU;-67;139
8570;a4:6c:2a:d4:bb:02;eduroam;-69;139
8571;ba:5a:b0:3d:73:b1;;-92;139
8572;a4:6c:2a:d4:bb:0c;LU-Events;-82;139
8573;a4:6c:2a:d4:bb:0d;eduroam;-82;139
8574;a4:6c:2a:d4:bb:0e;LakeheadU;-82;139
8575;a4:6c:2a:d4:bb:0f;LU-Guest;-82;139
8576;a4:6c:2a:d4:bb:0b;Free Tbaytel WiFi;-82;139
8577;d2:5d:05:d7:2e:bc;Xerox;-71;139
8578;80:e0:1d:f8:49:43;LU-Events;-72;139
8579;80:e0:1d:f8:49:44;Free Tbaytel WiFi;-73;139
8580;80:e0:1d:f8:49:41;LakeheadU;-73;139
8581;80:e0:1d:f8:49:42;eduroam;-71;139
8582;80:e0:1d:f8:49:40;LU-Guest;-71;139
8583;82:f2:e0:d1:f9:74;portthru;-76;139
8584;6c:5a:b0:3d:73:c0;Quanser_UVS-5G;-80;139
8585;6c:5a:b0:3d:73:c1;Quanser_UVS;-69;139
8586;a4:6c:2a:e0:1f:b3;LU-Events;-62;139
8587;a4:6c:2a:e0:1f:b4;Free Tbaytel WiFi;-62;139
8588;a4:6c:2a:e0:1f:b0;LU-Guest;-61;139
8589;a4:6c:2a:e0:1f:b1;LakeheadU;-61;139
8590;a4:6c:2a:e0:1f:b2;eduroam;-61;139
8591;a4:6c:2a:e0:1f:bc;LU-Events;-70;139
8592;a4:6c:2a:e0:1f:bd;eduroam;-71;139
8593;a4:6c:2a:e0:1f:be;LakeheadU;-71;139
8594;a4:6c:2a:e0:1f:bf;LU-Guest;-70;139
8595;a4:6c:2a:e0:1f:bb;Free Tbaytel WiFi;-71;139
8596;c0:c1:c0:8e:e8:c5;unavailable;-52;140
8597;a4:6c:2a:e0:1f:b2;eduroam;-61;140
8598;a4:6c:2a:e0:1f:b1;LakeheadU;-61;140
8599;a4:6c:2a:e0:1f:b0;LU-Guest;-61;140
8600;a4:6c:2a:e0:1f:b4;Free Tbaytel WiFi;-62;140
8601;a4:6c:2a:e0:1f:b3;LU-Events;-62;140
8602;06:56:78:d0:60:49;EBF06ED2;-65;140
8603;a4:6c:2a:d4:bb:03;LU-Events;-66;140
8604;a4:6c:2a:d4:bb:04;Free Tbaytel WiFi;-66;140
8605;c8:d7:19:24:c6:d5;LINKSYS-750;-66;140
8606;a4:6c:2a:d4:bb:01;LakeheadU;-67;140
8607;a4:6c:2a:d4:bb:02;eduroam;-69;140
8608;a4:6c:2a:d4:bb:00;LU-Guest;-69;140
8609;6c:5a:b0:3d:73:c1;Quanser_UVS;-69;140
8610;a4:6c:2a:e0:1f:bf;LU-Guest;-70;140
8611;a4:6c:2a:e0:1f:bc;LU-Events;-70;140
8612;ca:5a:b0:3d:73:c3;;-70;140
8613;a4:6c:2a:e0:1f:be;LakeheadU;-71;140
8614;a4:6c:2a:e0:1f:bd;eduroam;-71;140
8615;a4:6c:2a:e0:1f:bb;Free Tbaytel WiFi;-71;140
8616;80:e0:1d:f8:49:42;eduroam;-71;140
8617;d2:5d:05:d7:2e:bc;Xerox;-71;140
8618;80:e0:1d:f8:49:40;LU-Guest;-71;140
8619;80:e0:1d:f8:49:43;LU-Events;-72;140
8620;80:e0:1d:f8:49:44;Free Tbaytel WiFi;-73;140
8621;80:e0:1d:f8:49:41;LakeheadU;-73;140
8622;d8:b1:90:e1:2d:a4;Free Tbaytel WiFi;-76;140
8623;82:f2:e0:d1:f9:74;portthru;-76;140
8624;a4:6c:2a:d4:ba:52;eduroam;-77;140
8625;a4:6c:2a:d4:ba:51;LakeheadU;-77;140
8626;a4:6c:2a:d4:ba:50;LU-Guest;-78;140
8627;a4:6c:2a:d4:ba:54;Free Tbaytel WiFi;-78;140
8628;a4:6c:2a:d4:ba:53;LU-Events;-78;140
8629;6c:5a:b0:3d:73:c0;Quanser_UVS-5G;-80;140
8630;a4:6c:2a:d4:bb:0f;LU-Guest;-82;140
8631;a4:6c:2a:d4:bb:0b;Free Tbaytel WiFi;-82;140
8632;a4:6c:2a:d4:bb:0d;eduroam;-82;140
8633;a4:6c:2a:d4:bb:0e;LakeheadU;-82;140
8634;a4:6c:2a:d4:bb:0c;LU-Events;-82;140
8635;a4:6c:2a:d4:be:34;Free Tbaytel WiFi;-82;140
8636;a4:6c:2a:d4:be:30;LU-Guest;-82;140
8637;a4:6c:2a:d4:ba:5f;LU-Guest;-90;140
8638;a4:6c:2a:d4:ba:5b;Free Tbaytel WiFi;-90;140
8639;a4:6c:2a:d4:ba:5c;LU-Events;-90;140
8640;a4:6c:2a:d4:ba:5e;LakeheadU;-90;140
8641;a4:6c:2a:d3:f2:8c;LU-Events;-91;140
8642;a4:6c:2a:d3:f2:8f;LU-Guest;-91;140
8643;ba:5a:b0:3d:73:b1;;-92;140
8644;a4:6c:2a:e0:20:0d;eduroam;-92;140
8645;a4:6c:2a:d3:f2:8b;Free Tbaytel WiFi;-93;140
8646;c0:c1:c0:8e:e8:c5;unavailable;-53;141
8647;a4:6c:2a:e0:20:0c;LU-Events;-91;141
8648;a4:6c:2a:e0:20:0d;eduroam;-91;141
8649;a4:6c:2a:d4:ba:53;LU-Events;-82;141
8650;a4:6c:2a:d4:ba:54;Free Tbaytel WiFi;-83;141
8651;a4:6c:2a:d4:ba:50;LU-Guest;-82;141
8652;a4:6c:2a:d4:ba:51;LakeheadU;-82;141
8653;a4:6c:2a:d4:ba:52;eduroam;-82;141
8654;80:e0:1d:f6:a4:d2;eduroam;-75;141
8655;a4:6c:2a:d4:be:33;LU-Events;-85;141
8656;a4:6c:2a:d4:be:34;Free Tbaytel WiFi;-86;141
8657;a4:6c:2a:d3:f2:8f;LU-Guest;-89;141
8658;c8:d7:19:24:c6:d5;LINKSYS-750;-73;141
8659;06:56:78:d0:60:49;EBF06ED2;-73;141
8660;a4:6c:2a:d4:bb:03;LU-Events;-80;141
8661;a4:6c:2a:d4:bb:04;Free Tbaytel WiFi;-84;141
8662;a4:6c:2a:d4:bb:00;LU-Guest;-80;141
8663;a4:6c:2a:d4:bb:01;LakeheadU;-80;141
8664;a4:6c:2a:d4:bb:02;eduroam;-78;141
8665;a4:6c:2a:d4:bb:0c;LU-Events;-88;141
8666;a4:6c:2a:d4:bb:0d;eduroam;-87;141
8667;a4:6c:2a:d4:bb:0e;LakeheadU;-88;141
8668;a4:6c:2a:d4:bb:0f;LU-Guest;-87;141
8669;a4:6c:2a:d4:bb:0b;Free Tbaytel WiFi;-88;141
8670;d2:5d:05:d7:2e:bc;Xerox;-66;141
8671;6c:5a:b0:3d:73:bf;Quanser_UVS-5G;-92;141
8672;80:e0:1d:f8:49:44;Free Tbaytel WiFi;-76;141
8673;80:e0:1d:f8:49:41;LakeheadU;-73;141
8674;80:e0:1d:f8:49:42;eduroam;-75;141
8675;80:e0:1d:f8:49:40;LU-Guest;-74;141
8676;82:f2:e0:d1:f9:74;portthru;-75;141
8677;6c:5a:b0:3d:73:c0;Quanser_UVS-5G;-82;141
8678;a4:6c:2a:e0:1f:b3;LU-Events;-60;141
8679;a4:6c:2a:e0:1f:b4;Free Tbaytel WiFi;-58;141
8680;a4:6c:2a:e0:1f:b0;LU-Guest;-60;141
8681;a4:6c:2a:e0:1f:b1;LakeheadU;-60;141
8682;a4:6c:2a:e0:1f:b2;eduroam;-60;141
8683;80:e0:1d:f8:49:4f;LU-Guest;-92;141
8684;a4:6c:2a:e0:1f:bc;LU-Events;-64;141
8685;a4:6c:2a:e0:1f:bd;eduroam;-65;141
8686;a4:6c:2a:e0:1f:be;LakeheadU;-65;141
8687;a4:6c:2a:e0:1f:bf;LU-Guest;-65;141
8688;a4:6c:2a:e0:1f:bb;Free Tbaytel WiFi;-64;141
8689;c0:c1:c0:8e:e8:c5;unavailable;-53;142
8690;a4:6c:2a:e0:20:0c;LU-Events;-91;142
8691;a4:6c:2a:e0:20:0d;eduroam;-91;142
8692;a4:6c:2a:d4:ba:53;LU-Events;-82;142
8693;a4:6c:2a:d4:ba:54;Free Tbaytel WiFi;-83;142
8694;a4:6c:2a:d4:ba:50;LU-Guest;-82;142
8695;a4:6c:2a:d4:ba:51;LakeheadU;-82;142
8696;a4:6c:2a:d4:ba:52;eduroam;-82;142
8697;80:e0:1d:f6:a4:d2;eduroam;-75;142
8698;a4:6c:2a:d4:be:33;LU-Events;-85;142
8699;a4:6c:2a:d4:be:34;Free Tbaytel WiFi;-86;142
8700;a4:6c:2a:d3:f2:8f;LU-Guest;-89;142
8701;c8:d7:19:24:c6:d5;LINKSYS-750;-73;142
8702;06:56:78:d0:60:49;EBF06ED2;-73;142
8703;a4:6c:2a:d4:bb:03;LU-Events;-80;142
8704;a4:6c:2a:d4:bb:04;Free Tbaytel WiFi;-84;142
8705;a4:6c:2a:d4:bb:00;LU-Guest;-80;142
8706;a4:6c:2a:d4:bb:01;LakeheadU;-80;142
8707;a4:6c:2a:d4:bb:02;eduroam;-78;142
8708;a4:6c:2a:d4:bb:0c;LU-Events;-88;142
8709;a4:6c:2a:d4:bb:0d;eduroam;-87;142
8710;a4:6c:2a:d4:bb:0e;LakeheadU;-88;142
8711;a4:6c:2a:d4:bb:0f;LU-Guest;-87;142
8712;a4:6c:2a:d4:bb:0b;Free Tbaytel WiFi;-88;142
8713;d2:5d:05:d7:2e:bc;Xerox;-66;142
8714;6c:5a:b0:3d:73:bf;Quanser_UVS-5G;-92;142
8715;80:e0:1d:f8:49:44;Free Tbaytel WiFi;-76;142
8716;80:e0:1d:f8:49:41;LakeheadU;-73;142
8717;80:e0:1d:f8:49:42;eduroam;-75;142
8718;80:e0:1d:f8:49:40;LU-Guest;-74;142
8719;82:f2:e0:d1:f9:74;portthru;-75;142
8720;6c:5a:b0:3d:73:c0;Quanser_UVS-5G;-82;142
8721;a4:6c:2a:e0:1f:b3;LU-Events;-60;142
8722;a4:6c:2a:e0:1f:b4;Free Tbaytel WiFi;-58;142
8723;a4:6c:2a:e0:1f:b0;LU-Guest;-60;142
8724;a4:6c:2a:e0:1f:b1;LakeheadU;-60;142
8725;a4:6c:2a:e0:1f:b2;eduroam;-60;142
8726;80:e0:1d:f8:49:4f;LU-Guest;-92;142
8727;a4:6c:2a:e0:1f:bc;LU-Events;-64;142
8728;a4:6c:2a:e0:1f:bd;eduroam;-65;142
8729;a4:6c:2a:e0:1f:be;LakeheadU;-65;142
8730;a4:6c:2a:e0:1f:bf;LU-Guest;-65;142
8731;a4:6c:2a:e0:1f:bb;Free Tbaytel WiFi;-64;142
8732;ae:53:22:40:4f:80;NOSMConnect24;-80;143
8733;80:e0:1d:e6:7b:33;LU-Events;-88;143
8734;c0:c1:c0:8e:e8:c5;unavailable;-50;143
8735;a4:6c:2a:e0:20:0c;LU-Events;-91;143
8736;a4:6c:2a:e0:20:0d;eduroam;-91;143
8737;a4:6c:2a:d4:ba:53;LU-Events;-80;143
8738;a4:6c:2a:d4:ba:54;Free Tbaytel WiFi;-79;143
8739;a4:6c:2a:d4:ba:50;LU-Guest;-79;143
8740;a4:6c:2a:d4:ba:51;LakeheadU;-82;143
8741;a4:6c:2a:d4:ba:52;eduroam;-79;143
8742;a4:6c:2a:d4:ba:5c;LU-Events;-86;143
8743;a4:6c:2a:d4:ba:5d;eduroam;-86;143
8744;a4:6c:2a:d4:ba:5e;LakeheadU;-85;143
8745;a4:6c:2a:d4:ba:5f;LU-Guest;-85;143
8746;a4:6c:2a:d4:ba:5b;Free Tbaytel WiFi;-86;143
8747;80:e0:1d:f6:a4:d2;eduroam;-75;143
8748;80:e0:1d:f6:a4:d4;Free Tbaytel WiFi;-79;143
8749;80:e0:1d:f6:a4:d3;LU-Events;-79;143
8750;a4:6c:2a:d4:be:30;LU-Guest;-77;143
8751;a4:6c:2a:d4:be:33;LU-Events;-85;143
8752;a4:6c:2a:d4:be:34;Free Tbaytel WiFi;-76;143
8753;a4:6c:2a:d4:be:31;LakeheadU;-77;143
8754;a4:6c:2a:d4:be:32;eduroam;-76;143
8755;a4:6c:2a:d3:f2:8d;eduroam;-90;143
8756;a4:6c:2a:d3:f2:81;LakeheadU;-79;143
8757;a4:6c:2a:d3:f2:80;LU-Guest;-79;143
8758;a4:6c:2a:d3:f2:83;LU-Events;-78;143
8759;a4:6c:2a:d3:f2:82;eduroam;-80;143
8760;a4:6c:2a:d3:f2:84;Free Tbaytel WiFi;-79;143
8761;c8:d7:19:24:c6:d5;LINKSYS-750;-73;143
8762;06:56:78:d0:60:49;EBF06ED2;-64;143
8763;a4:6c:2a:d4:bb:03;LU-Events;-74;143
8764;a4:6c:2a:d4:bb:04;Free Tbaytel WiFi;-76;143
8765;a4:6c:2a:d4:bb:00;LU-Guest;-80;143
8766;a4:6c:2a:d4:bb:01;LakeheadU;-76;143
8767;a4:6c:2a:d4:bb:02;eduroam;-75;143
8768;a4:6c:2a:d4:bb:0c;LU-Events;-92;143
8769;a4:6c:2a:d4:bb:0d;eduroam;-87;143
8770;a4:6c:2a:d4:bb:0e;LakeheadU;-88;143
8771;a4:6c:2a:d4:bb:0f;LU-Guest;-93;143
8772;a4:6c:2a:d4:bb:0b;Free Tbaytel WiFi;-91;143
8773;d2:5d:05:d7:2e:bc;Xerox;-78;143
8774;80:e0:1d:c1:ea:a2;eduroam;-81;143
8775;80:e0:1d:ee:3f:63;Free Tbaytel WiFi;-81;143
8776;80:e0:1d:ee:3f:60;LakeheadU;-81;143
8777;00:42:68:59:8b:f0;LU-Guest;-86;143
8778;00:42:68:59:8b:f3;LU-Events;-87;143
8779;00:42:68:59:8b:f4;Free Tbaytel WiFi;-88;143
8780;6c:5a:b0:3d:73:bf;Quanser_UVS-5G;-92;143
8781;80:e0:1d:f8:49:43;LU-Events;-71;143
8782;80:e0:1d:f8:49:44;Free Tbaytel WiFi;-70;143
8783;80:e0:1d:f8:49:41;LakeheadU;-69;143
8784;80:e0:1d:f8:49:42;eduroam;-69;143
8785;80:e0:1d:f8:49:40;LU-Guest;-69;143
8786;82:f2:e0:d1:f9:74;portthru;-85;143
8787;6c:5a:b0:3d:73:c0;Quanser_UVS-5G;-84;143
8788;6c:5a:b0:3d:73:c1;Quanser_UVS;-77;143
8789;a4:6c:2a:e0:1f:b3;LU-Events;-56;143
8790;a4:6c:2a:e0:1f:b4;Free Tbaytel WiFi;-50;143
8791;a4:6c:2a:e0:1f:b0;LU-Guest;-53;143
8792;a4:6c:2a:e0:1f:b1;LakeheadU;-53;143
8793;a4:6c:2a:e0:1f:b2;eduroam;-53;143
8794;80:e0:1d:f8:49:4f;LU-Guest;-92;143
8795;a4:6c:2a:e0:1f:bc;LU-Events;-61;143
8796;a4:6c:2a:e0:1f:bd;eduroam;-61;143
8797;a4:6c:2a:e0:1f:be;LakeheadU;-61;143
8798;a4:6c:2a:e0:1f:bf;LU-Guest;-61;143
8799;a4:6c:2a:e0:1f:bb;Free Tbaytel WiFi;-60;143
8800;ae:53:22:40:4f:80;NOSMConnect24;-80;144
8801;80:e0:1d:e6:7b:33;LU-Events;-88;144
8802;c0:c1:c0:8e:e8:c5;unavailable;-50;144
8803;a4:6c:2a:d4:ba:53;LU-Events;-80;144
8804;a4:6c:2a:d4:ba:54;Free Tbaytel WiFi;-79;144
8805;a4:6c:2a:d4:ba:50;LU-Guest;-79;144
8806;a4:6c:2a:d4:ba:52;eduroam;-79;144
8807;a4:6c:2a:d4:ba:5c;LU-Events;-86;144
8808;a4:6c:2a:d4:ba:5d;eduroam;-86;144
8809;a4:6c:2a:d4:ba:5e;LakeheadU;-85;144
8810;a4:6c:2a:d4:ba:5f;LU-Guest;-85;144
8811;a4:6c:2a:d4:ba:5b;Free Tbaytel WiFi;-86;144
8812;80:e0:1d:f6:a4:d4;Free Tbaytel WiFi;-79;144
8813;80:e0:1d:f6:a4:d3;LU-Events;-79;144
8814;a4:6c:2a:d4:be:30;LU-Guest;-77;144
8815;a4:6c:2a:d4:be:34;Free Tbaytel WiFi;-76;144
8816;a4:6c:2a:d4:be:31;LakeheadU;-77;144
8817;a4:6c:2a:d4:be:32;eduroam;-76;144
8818;a4:6c:2a:d3:f2:8d;eduroam;-90;144
8819;a4:6c:2a:d3:f2:81;LakeheadU;-79;144
8820;a4:6c:2a:d3:f2:80;LU-Guest;-79;144
8821;a4:6c:2a:d3:f2:83;LU-Events;-78;144
8822;a4:6c:2a:d3:f2:82;eduroam;-80;144
8823;a4:6c:2a:d3:f2:84;Free Tbaytel WiFi;-79;144
8824;06:56:78:d0:60:49;EBF06ED2;-64;144
8825;a4:6c:2a:d4:bb:03;LU-Events;-74;144
8826;a4:6c:2a:d4:bb:04;Free Tbaytel WiFi;-76;144
8827;a4:6c:2a:d4:bb:01;LakeheadU;-76;144
8828;a4:6c:2a:d4:bb:02;eduroam;-75;144
8829;a4:6c:2a:d4:bb:0c;LU-Events;-92;144
8830;a4:6c:2a:d4:bb:0f;LU-Guest;-93;144
8831;a4:6c:2a:d4:bb:0b;Free Tbaytel WiFi;-91;144
8832;d2:5d:05:d7:2e:bc;Xerox;-78;144
8833;80:e0:1d:c1:ea:a2;eduroam;-81;144
8834;80:e0:1d:ee:3f:63;Free Tbaytel WiFi;-81;144
8835;80:e0:1d:ee:3f:60;LakeheadU;-81;144
8836;00:42:68:59:8b:f0;LU-Guest;-86;144
8837;00:42:68:59:8b:f3;LU-Events;-87;144
8838;00:42:68:59:8b:f4;Free Tbaytel WiFi;-88;144
8839;80:e0:1d:f8:49:43;LU-Events;-71;144
8840;80:e0:1d:f8:49:44;Free Tbaytel WiFi;-70;144
8841;80:e0:1d:f8:49:41;LakeheadU;-69;144
8842;80:e0:1d:f8:49:42;eduroam;-69;144
8843;80:e0:1d:f8:49:40;LU-Guest;-69;144
8844;82:f2:e0:d1:f9:74;portthru;-85;144
8845;6c:5a:b0:3d:73:c0;Quanser_UVS-5G;-84;144
8846;6c:5a:b0:3d:73:c1;Quanser_UVS;-77;144
8847;a4:6c:2a:e0:1f:b3;LU-Events;-56;144
8848;a4:6c:2a:e0:1f:b4;Free Tbaytel WiFi;-50;144
8849;a4:6c:2a:e0:1f:b0;LU-Guest;-53;144
8850;a4:6c:2a:e0:1f:b1;LakeheadU;-53;144
8851;a4:6c:2a:e0:1f:b2;eduroam;-53;144
8852;a4:6c:2a:e0:1f:bc;LU-Events;-61;144
8853;a4:6c:2a:e0:1f:bd;eduroam;-61;144
8854;a4:6c:2a:e0:1f:be;LakeheadU;-61;144
8855;a4:6c:2a:e0:1f:bf;LU-Guest;-61;144
8856;a4:6c:2a:e0:1f:bb;Free Tbaytel WiFi;-60;144
8857;ae:53:22:40:4f:80;NOSMConnect24;-80;145
8858;80:e0:1d:e6:7b:33;LU-Events;-88;145
8859;c0:c1:c0:8e:e8:c5;unavailable;-50;145
8860;a4:6c:2a:d4:ba:53;LU-Events;-80;145
8861;a4:6c:2a:d4:ba:54;Free Tbaytel WiFi;-79;145
8862;a4:6c:2a:d4:ba:50;LU-Guest;-79;145
8863;a4:6c:2a:d4:ba:52;eduroam;-79;145
8864;a4:6c:2a:d4:ba:5c;LU-Events;-86;145
8865;a4:6c:2a:d4:ba:5d;eduroam;-86;145
8866;a4:6c:2a:d4:ba:5e;LakeheadU;-85;145
8867;a4:6c:2a:d4:ba:5f;LU-Guest;-85;145
8868;a4:6c:2a:d4:ba:5b;Free Tbaytel WiFi;-86;145
8869;80:e0:1d:f6:a4:d4;Free Tbaytel WiFi;-79;145
8870;80:e0:1d:f6:a4:d3;LU-Events;-79;145
8871;a4:6c:2a:d4:be:30;LU-Guest;-77;145
8872;a4:6c:2a:d4:be:34;Free Tbaytel WiFi;-76;145
8873;a4:6c:2a:d4:be:31;LakeheadU;-77;145
8874;a4:6c:2a:d4:be:32;eduroam;-76;145
8875;a4:6c:2a:d3:f2:8d;eduroam;-90;145
8876;a4:6c:2a:d3:f2:81;LakeheadU;-79;145
8877;a4:6c:2a:d3:f2:80;LU-Guest;-79;145
8878;a4:6c:2a:d3:f2:83;LU-Events;-78;145
8879;a4:6c:2a:d3:f2:82;eduroam;-80;145
8880;a4:6c:2a:d3:f2:84;Free Tbaytel WiFi;-79;145
8881;06:56:78:d0:60:49;EBF06ED2;-64;145
8882;a4:6c:2a:d4:bb:03;LU-Events;-74;145
8883;a4:6c:2a:d4:bb:04;Free Tbaytel WiFi;-76;145
8884;a4:6c:2a:d4:bb:01;LakeheadU;-76;145
8885;a4:6c:2a:d4:bb:02;eduroam;-75;145
8886;a4:6c:2a:d4:bb:0c;LU-Events;-92;145
8887;a4:6c:2a:d4:bb:0f;LU-Guest;-93;145
8888;a4:6c:2a:d4:bb:0b;Free Tbaytel WiFi;-91;145
8889;d2:5d:05:d7:2e:bc;Xerox;-78;145
8890;80:e0:1d:c1:ea:a2;eduroam;-81;145
8891;80:e0:1d:ee:3f:63;Free Tbaytel WiFi;-81;145
8892;80:e0:1d:ee:3f:60;LakeheadU;-81;145
8893;00:42:68:59:8b:f0;LU-Guest;-86;145
8894;00:42:68:59:8b:f3;LU-Events;-87;145
8895;00:42:68:59:8b:f4;Free Tbaytel WiFi;-88;145
8896;80:e0:1d:f8:49:43;LU-Events;-71;145
8897;80:e0:1d:f8:49:44;Free Tbaytel WiFi;-70;145
8898;80:e0:1d:f8:49:41;LakeheadU;-69;145
8899;80:e0:1d:f8:49:42;eduroam;-69;145
8900;80:e0:1d:f8:49:40;LU-Guest;-69;145
8901;82:f2:e0:d1:f9:74;portthru;-85;145
8902;6c:5a:b0:3d:73:c0;Quanser_UVS-5G;-84;145
8903;6c:5a:b0:3d:73:c1;Quanser_UVS;-77;145
8904;a4:6c:2a:e0:1f:b3;LU-Events;-56;145
8905;a4:6c:2a:e0:1f:b4;Free Tbaytel WiFi;-50;145
8906;a4:6c:2a:e0:1f:b0;LU-Guest;-53;145
8907;a4:6c:2a:e0:1f:b1;LakeheadU;-53;145
8908;a4:6c:2a:e0:1f:b2;eduroam;-53;145
8909;a4:6c:2a:e0:1f:bc;LU-Events;-61;145
8910;a4:6c:2a:e0:1f:bd;eduroam;-61;145
8911;a4:6c:2a:e0:1f:be;LakeheadU;-61;145
8912;a4:6c:2a:e0:1f:bf;LU-Guest;-61;145
8913;a4:6c:2a:e0:1f:bb;Free Tbaytel WiFi;-60;145
8914;80:e0:1d:e6:7b:33;LU-Events;-88;146
8915;c0:c1:c0:8e:e8:c5;unavailable;-58;146
8916;a4:6c:2a:d4:ba:53;LU-Events;-73;146
8917;a4:6c:2a:d4:ba:54;Free Tbaytel WiFi;-72;146
8918;a4:6c:2a:d4:ba:50;LU-Guest;-74;146
8919;a4:6c:2a:d4:ba:51;LakeheadU;-73;146
8920;a4:6c:2a:d4:ba:52;eduroam;-74;146
8921;a4:6c:2a:d4:ba:5f;LU-Guest;-89;146
8922;02:87:64:2d:e7:33;EBF1E5E6;-82;146
8923;80:e0:1d:f6:a4:d1;LakeheadU;-84;146
8924;a4:6c:2a:d4:be:30;LU-Guest;-68;146
8925;a4:6c:2a:d4:be:33;LU-Events;-69;146
8926;a4:6c:2a:d4:be:34;Free Tbaytel WiFi;-69;146
8927;a4:6c:2a:d4:be:31;LakeheadU;-68;146
8928;a4:6c:2a:d4:be:32;eduroam;-68;146
8929;80:e0:1d:e6:7a:51;LakeheadU;-84;146
8930;80:e0:1d:e6:7a:53;LU-Events;-83;146
8931;80:e0:1d:e6:7a:52;eduroam;-83;146
8932;80:e0:1d:e6:7a:54;Free Tbaytel WiFi;-83;146
8933;06:56:78:d0:60:49;EBF06ED2;-65;146
8934;a4:6c:2a:d4:bb:03;LU-Events;-82;146
8935;a4:6c:2a:d4:bb:04;Free Tbaytel WiFi;-82;146
8936;a4:6c:2a:d4:bb:00;LU-Guest;-82;146
8937;a4:6c:2a:d4:bb:01;LakeheadU;-82;146
8938;a4:6c:2a:d4:bb:02;eduroam;-81;146
8939;80:e0:1d:c1:ea:ab;Free Tbaytel WiFi;-92;146
8940;80:e0:1d:c1:ea:a1;LakeheadU;-72;146
8941;80:e0:1d:c1:ea:a2;eduroam;-73;146
8942;80:e0:1d:c1:ea:a3;LU-Events;-72;146
8943;80:e0:1d:c1:ea:a4;Free Tbaytel WiFi;-72;146
8944;80:e0:1d:c1:ea:a0;LU-Guest;-73;146
8945;00:42:68:59:8b:f0;LU-Guest;-84;146
8946;00:42:68:59:8b:f3;LU-Events;-84;146
8947;00:42:68:59:8b:f2;eduroam;-84;146
8948;00:42:68:59:8b:f4;Free Tbaytel WiFi;-85;146
8949;80:e0:1d:f8:49:43;LU-Events;-76;146
8950;80:e0:1d:f8:49:44;Free Tbaytel WiFi;-76;146
8951;80:e0:1d:f8:49:41;LakeheadU;-76;146
8952;80:e0:1d:f8:49:42;eduroam;-75;146
8953;80:e0:1d:f8:49:40;LU-Guest;-74;146
8954;82:f2:e0:d1:f9:74;portthru;-88;146
8955;6c:5a:b0:3d:73:c0;Quanser_UVS-5G;-86;146
8956;6c:5a:b0:3d:73:c1;Quanser_UVS;-76;146
8957;a4:6c:2a:e0:1f:b3;LU-Events;-53;146
8958;a4:6c:2a:e0:1f:b4;Free Tbaytel WiFi;-52;146
8959;a4:6c:2a:e0:1f:b0;LU-Guest;-52;146
8960;a4:6c:2a:e0:1f:b1;LakeheadU;-53;146
8961;a4:6c:2a:e0:1f:b2;eduroam;-53;146
8962;a4:6c:2a:e0:1f:bc;LU-Events;-61;146
8963;a4:6c:2a:e0:1f:bd;eduroam;-62;146
8964;a4:6c:2a:e0:1f:be;LakeheadU;-61;146
8965;a4:6c:2a:e0:1f:bf;LU-Guest;-61;146
8966;a4:6c:2a:e0:1f:bb;Free Tbaytel WiFi;-61;146
8967;80:e0:1d:e6:7b:33;LU-Events;-88;147
8968;c0:c1:c0:8e:e8:c5;unavailable;-58;147
8969;a4:6c:2a:d4:ba:53;LU-Events;-73;147
8970;a4:6c:2a:d4:ba:54;Free Tbaytel WiFi;-72;147
8971;a4:6c:2a:d4:ba:50;LU-Guest;-74;147
8972;a4:6c:2a:d4:ba:51;LakeheadU;-73;147
8973;a4:6c:2a:d4:ba:52;eduroam;-74;147
8974;a4:6c:2a:d4:ba:5f;LU-Guest;-89;147
8975;02:87:64:2d:e7:33;EBF1E5E6;-82;147
8976;80:e0:1d:f6:a4:d1;LakeheadU;-84;147
8977;a4:6c:2a:d4:be:30;LU-Guest;-68;147
8978;a4:6c:2a:d4:be:33;LU-Events;-69;147
8979;a4:6c:2a:d4:be:34;Free Tbaytel WiFi;-69;147
8980;a4:6c:2a:d4:be:31;LakeheadU;-68;147
8981;a4:6c:2a:d4:be:32;eduroam;-68;147
8982;80:e0:1d:e6:7a:51;LakeheadU;-84;147
8983;80:e0:1d:e6:7a:53;LU-Events;-83;147
8984;80:e0:1d:e6:7a:52;eduroam;-83;147
8985;80:e0:1d:e6:7a:54;Free Tbaytel WiFi;-83;147
8986;06:56:78:d0:60:49;EBF06ED2;-65;147
8987;a4:6c:2a:d4:bb:03;LU-Events;-82;147
8988;a4:6c:2a:d4:bb:04;Free Tbaytel WiFi;-82;147
8989;a4:6c:2a:d4:bb:00;LU-Guest;-82;147
8990;a4:6c:2a:d4:bb:01;LakeheadU;-82;147
8991;a4:6c:2a:d4:bb:02;eduroam;-81;147
8992;80:e0:1d:c1:ea:ab;Free Tbaytel WiFi;-92;147
8993;80:e0:1d:c1:ea:a1;LakeheadU;-72;147
8994;80:e0:1d:c1:ea:a2;eduroam;-73;147
8995;80:e0:1d:c1:ea:a3;LU-Events;-72;147
8996;80:e0:1d:c1:ea:a4;Free Tbaytel WiFi;-72;147
8997;80:e0:1d:c1:ea:a0;LU-Guest;-73;147
8998;00:42:68:59:8b:f0;LU-Guest;-84;147
8999;00:42:68:59:8b:f3;LU-Events;-84;147
9000;00:42:68:59:8b:f2;eduroam;-84;147
9001;00:42:68:59:8b:f4;Free Tbaytel WiFi;-85;147
9002;80:e0:1d:f8:49:43;LU-Events;-76;147
9003;80:e0:1d:f8:49:44;Free Tbaytel WiFi;-76;147
9004;80:e0:1d:f8:49:41;LakeheadU;-76;147
9005;80:e0:1d:f8:49:42;eduroam;-75;147
9006;80:e0:1d:f8:49:40;LU-Guest;-74;147
9007;82:f2:e0:d1:f9:74;portthru;-88;147
9008;6c:5a:b0:3d:73:c0;Quanser_UVS-5G;-86;147
9009;6c:5a:b0:3d:73:c1;Quanser_UVS;-76;147
9010;a4:6c:2a:e0:1f:b3;LU-Events;-53;147
9011;a4:6c:2a:e0:1f:b4;Free Tbaytel WiFi;-52;147
9012;a4:6c:2a:e0:1f:b0;LU-Guest;-52;147
9013;a4:6c:2a:e0:1f:b1;LakeheadU;-53;147
9014;a4:6c:2a:e0:1f:b2;eduroam;-53;147
9015;a4:6c:2a:e0:1f:bc;LU-Events;-61;147
9016;a4:6c:2a:e0:1f:bd;eduroam;-62;147
9017;a4:6c:2a:e0:1f:be;LakeheadU;-61;147
9018;a4:6c:2a:e0:1f:bf;LU-Guest;-61;147
9019;a4:6c:2a:e0:1f:bb;Free Tbaytel WiFi;-61;147
9020;a4:6c:2a:e0:1f:b4;Free Tbaytel WiFi;-52;148
9021;a4:6c:2a:e0:1f:b2;eduroam;-61;149
9022;a4:6c:2a:e0:1f:b1;LakeheadU;-61;149
9023;a4:6c:2a:e0:1f:b3;LU-Events;-61;149
9024;a4:6c:2a:e0:1f:b0;LU-Guest;-62;149
9025;a4:6c:2a:e0:1f:b4;Free Tbaytel WiFi;-64;149
9026;80:e0:1d:c1:ea:a0;LU-Guest;-66;149
9027;80:e0:1d:c1:ea:a4;Free Tbaytel WiFi;-66;149
9028;80:e0:1d:c1:ea:a1;LakeheadU;-66;149
9029;80:e0:1d:c1:ea:a3;LU-Events;-66;149
9030;a4:6c:2a:d4:ba:54;Free Tbaytel WiFi;-67;149
9031;80:e0:1d:c1:ea:a2;eduroam;-68;149
9032;a4:6c:2a:d4:ba:51;LakeheadU;-68;149
9033;a4:6c:2a:d4:ba:52;eduroam;-69;149
9034;a4:6c:2a:d4:ba:53;LU-Events;-69;149
9035;a4:6c:2a:e0:1f:bf;LU-Guest;-71;149
9036;a4:6c:2a:e0:1f:bb;Free Tbaytel WiFi;-71;149
9037;a4:6c:2a:e0:1f:be;LakeheadU;-71;149
9038;a4:6c:2a:e0:1f:bc;LU-Events;-71;149
9039;00:42:68:59:8b:f0;LU-Guest;-71;149
9040;a4:6c:2a:e0:1f:bd;eduroam;-72;149
9041;80:e0:1d:f8:49:41;LakeheadU;-72;149
9042;00:42:68:59:8b:f4;Free Tbaytel WiFi;-72;149
9043;00:42:68:59:8b:f3;LU-Events;-72;149
9044;00:42:68:59:8b:f2;eduroam;-72;149
9045;00:42:68:59:8b:f1;LakeheadU;-72;149
9046;a4:6c:2a:d4:ba:5c;LU-Events;-72;149
9047;80:e0:1d:f8:49:44;Free Tbaytel WiFi;-73;149
9048;80:e0:1d:f8:49:42;eduroam;-73;149
9049;80:e0:1d:f8:49:43;LU-Events;-73;149
9050;a4:6c:2a:d4:ba:5b;Free Tbaytel WiFi;-73;149
9051;a4:6c:2a:d4:ba:5e;LakeheadU;-73;149
9052;80:e0:1d:f8:49:40;LU-Guest;-74;149
9053;c0:c1:c0:8e:e8:c5;unavailable;-74;149
9054;a4:6c:2a:d4:ba:5f;LU-Guest;-74;149
9055;a4:6c:2a:d3:f2:82;eduroam;-74;149
9056;a4:6c:2a:d4:ba:5d;eduroam;-74;149
9057;06:56:78:d0:60:49;EBF06ED2;-78;149
9058;6c:5a:b0:3d:73:c1;Quanser_UVS;-78;149
9059;a4:6c:2a:d4:ba:50;LU-Guest;-80;149
9060;a4:6c:2a:d4:bb:00;LU-Guest;-80;149
9061;a4:6c:2a:d4:bb:04;Free Tbaytel WiFi;-81;149
9062;a4:6c:2a:d4:bb:02;eduroam;-81;149
9063;a4:6c:2a:d4:be:34;Free Tbaytel WiFi;-82;149
9064;a4:6c:2a:d4:bb:03;LU-Events;-82;149
9065;a4:6c:2a:d4:be:32;eduroam;-82;149
9066;a4:6c:2a:d4:be:31;LakeheadU;-82;149
9067;a4:6c:2a:d4:be:33;LU-Events;-82;149
9068;00:42:68:59:8b:fe;LakeheadU;-82;149
9069;00:42:68:59:8b:ff;LU-Guest;-83;149
9070;00:42:68:59:8b:fb;Free Tbaytel WiFi;-83;149
9071;00:42:68:59:8b:fc;LU-Events;-83;149
9072;a4:6c:2a:d4:be:30;LU-Guest;-84;149
9073;80:e0:1d:c1:ea:ae;LakeheadU;-84;149
9074;80:e0:1d:c1:ea:ac;LU-Events;-85;149
9075;80:e0:1d:c1:ea:af;LU-Guest;-85;149
9076;80:e0:1d:c1:ea:ad;eduroam;-85;149
9077;80:e0:1d:c1:ea:ab;Free Tbaytel WiFi;-86;149
9078;6c:5a:b0:3d:73:c0;Quanser_UVS-5G;-87;149
9079;80:e0:1d:e6:7b:33;LU-Events;-87;149
9080;82:f2:e0:d1:f9:74;portthru;-89;149
9081;d2:5d:05:d7:2e:bc;Xerox;-89;149
9082;a4:6c:2a:d4:bb:0f;LU-Guest;-93;149
9083;c0:c1:c0:8e:e8:c5;unavailable;-59;150
9084;a4:6c:2a:d4:ba:53;LU-Events;-66;150
9085;a4:6c:2a:d4:ba:54;Free Tbaytel WiFi;-65;150
9086;a4:6c:2a:d4:ba:50;LU-Guest;-64;150
9087;a4:6c:2a:d4:ba:51;LakeheadU;-66;150
9088;a4:6c:2a:d4:ba:52;eduroam;-65;150
9089;a4:6c:2a:d4:ba:5c;LU-Events;-75;150
9090;a4:6c:2a:d4:ba:5d;eduroam;-76;150
9091;a4:6c:2a:d4:ba:5e;LakeheadU;-75;150
9092;a4:6c:2a:d4:ba:5f;LU-Guest;-76;150
9093;a4:6c:2a:d4:ba:5b;Free Tbaytel WiFi;-75;150
9094;02:87:64:2d:e7:33;EBF1E5E6;-86;150
9095;80:e0:1d:f6:a4:d0;LU-Guest;-84;150
9096;a4:6c:2a:d4:be:30;LU-Guest;-69;150
9097;a4:6c:2a:d4:be:33;LU-Events;-69;150
9098;a4:6c:2a:d4:be:34;Free Tbaytel WiFi;-70;150
9099;a4:6c:2a:d4:be:31;LakeheadU;-70;150
9100;a4:6c:2a:d4:be:32;eduroam;-70;150
9101;00:42:68:59:8b:ff;LU-Guest;-76;150
9102;00:42:68:59:8b:fc;LU-Events;-76;150
9103;00:42:68:59:8b:fb;Free Tbaytel WiFi;-76;150
9104;00:42:68:59:8b:fe;LakeheadU;-76;150
9105;00:42:68:59:8b:fd;eduroam;-76;150
9106;06:56:78:d0:60:49;EBF06ED2;-68;150
9107;a4:6c:2a:d4:bb:03;LU-Events;-84;150
9108;a4:6c:2a:d4:bb:04;Free Tbaytel WiFi;-85;150
9109;a4:6c:2a:d4:bb:01;LakeheadU;-84;150
9110;a4:6c:2a:d4:bb:02;eduroam;-82;150
9111;80:e0:1d:c1:ea:ae;LakeheadU;-79;150
9112;80:e0:1d:c1:ea:af;LU-Guest;-80;150
9113;80:e0:1d:c1:ea:ab;Free Tbaytel WiFi;-80;150
9114;80:e0:1d:c1:ea:ac;LU-Events;-78;150
9115;80:e0:1d:c1:ea:ad;eduroam;-79;150
9116;80:e0:1d:c1:ea:a1;LakeheadU;-62;150
9117;00:42:68:59:8b:f1;LakeheadU;-60;150
9118;00:42:68:59:8b:f0;LU-Guest;-66;150
9119;00:42:68:59:8b:f3;LU-Events;-64;150
9120;00:42:68:59:8b:f2;eduroam;-64;150
9121;00:42:68:59:8b:f4;Free Tbaytel WiFi;-61;150
9122;82:f2:e0:d1:f9:74;portthru;-87;150
9123;a4:6c:2a:e0:1f:b3;LU-Events;-57;150
9124;a4:6c:2a:e0:1f:b4;Free Tbaytel WiFi;-60;150
9125;a4:6c:2a:e0:1f:b0;LU-Guest;-58;150
9126;a4:6c:2a:e0:1f:b1;LakeheadU;-58;150
9127;a4:6c:2a:e0:1f:b2;eduroam;-59;150
9128;a4:6c:2a:e0:1f:bc;LU-Events;-71;150
9129;a4:6c:2a:e0:1f:bd;eduroam;-70;150
9130;a4:6c:2a:e0:1f:be;LakeheadU;-71;150
9131;a4:6c:2a:e0:1f:bf;LU-Guest;-70;150
9132;a4:6c:2a:e0:1f:bb;Free Tbaytel WiFi;-70;150
9133;80:e0:1d:e6:7b:30;LU-Guest;-86;151
9134;c0:c1:c0:8e:e8:c5;unavailable;-64;151
9135;a4:6c:2a:d4:ba:53;LU-Events;-61;151
9136;a4:6c:2a:d4:ba:54;Free Tbaytel WiFi;-60;151
9137;a4:6c:2a:d4:ba:50;LU-Guest;-61;151
9138;a4:6c:2a:d4:ba:51;LakeheadU;-61;151
9139;a4:6c:2a:d4:ba:52;eduroam;-60;151
9140;a4:6c:2a:d4:ba:5c;LU-Events;-75;151
9141;a4:6c:2a:d4:ba:5d;eduroam;-76;151
9142;a4:6c:2a:d4:ba:5e;LakeheadU;-75;151
9143;a4:6c:2a:d4:ba:5f;LU-Guest;-76;151
9144;a4:6c:2a:d4:ba:5b;Free Tbaytel WiFi;-75;151
9145;a4:6c:2a:d4:be:3e;LakeheadU;-91;151
9146;a4:6c:2a:d4:be:3f;LU-Guest;-90;151
9147;a4:6c:2a:d4:be:3c;LU-Events;-91;151
9148;a4:6c:2a:d4:be:3d;eduroam;-92;151
9149;a4:6c:2a:d4:be:3b;Free Tbaytel WiFi;-91;151
9150;80:e0:1d:f6:a4:d0;LU-Guest;-83;151
9151;80:e0:1d:f6:a4:d4;Free Tbaytel WiFi;-81;151
9152;80:e0:1d:f6:a4:d3;LU-Events;-81;151
9153;a4:6c:2a:d4:be:30;LU-Guest;-69;151
9154;a4:6c:2a:d4:be:33;LU-Events;-67;151
9155;a4:6c:2a:d4:be:34;Free Tbaytel WiFi;-69;151
9156;a4:6c:2a:d4:be:31;LakeheadU;-67;151
9157;a4:6c:2a:d4:be:32;eduroam;-68;151
9158;80:e0:1d:e6:7a:53;LU-Events;-85;151
9159;80:e0:1d:e6:7a:54;Free Tbaytel WiFi;-84;151
9160;00:42:68:59:8b:ff;LU-Guest;-79;151
9161;00:42:68:59:8b:fc;LU-Events;-78;151
9162;00:42:68:59:8b:fb;Free Tbaytel WiFi;-78;151
9163;00:42:68:59:8b:fe;LakeheadU;-79;151
9164;00:42:68:59:8b:fd;eduroam;-79;151
9165;06:56:78:d0:60:49;EBF06ED2;-82;151
9166;80:e0:1d:c1:ea:ae;LakeheadU;-75;151
9167;80:e0:1d:c1:ea:af;LU-Guest;-75;151
9168;80:e0:1d:c1:ea:ab;Free Tbaytel WiFi;-75;151
9169;80:e0:1d:c1:ea:ac;LU-Events;-75;151
9170;80:e0:1d:c1:ea:ad;eduroam;-75;151
9171;80:e0:1d:c1:ea:a1;LakeheadU;-57;151
9172;80:e0:1d:c1:ea:a2;eduroam;-58;151
9173;80:e0:1d:c1:ea:a3;LU-Events;-58;151
9174;80:e0:1d:c1:ea:a4;Free Tbaytel WiFi;-57;151
9175;80:e0:1d:c1:ea:a0;LU-Guest;-58;151
9176;00:42:68:59:8b:f1;LakeheadU;-68;151
9177;00:42:68:59:8b:f0;LU-Guest;-68;151
9178;00:42:68:59:8b:f3;LU-Events;-68;151
9179;00:42:68:59:8b:f2;eduroam;-67;151
9180;00:42:68:59:8b:f4;Free Tbaytel WiFi;-67;151
9181;82:f2:e0:d1:f9:74;portthru;-87;151
9182;a4:6c:2a:e0:1f:b3;LU-Events;-64;151
9183;a4:6c:2a:e0:1f:b4;Free Tbaytel WiFi;-60;151
9184;a4:6c:2a:e0:1f:b0;LU-Guest;-66;151
9185;a4:6c:2a:e0:1f:b1;LakeheadU;-65;151
9186;a4:6c:2a:e0:1f:b2;eduroam;-64;151
9187;a4:6c:2a:e0:1f:bc;LU-Events;-72;151
9188;a4:6c:2a:e0:1f:bd;eduroam;-73;151
9189;a4:6c:2a:e0:1f:be;LakeheadU;-72;151
9190;a4:6c:2a:e0:1f:bf;LU-Guest;-73;151
9191;a4:6c:2a:e0:1f:bb;Free Tbaytel WiFi;-72;151
9192;80:e0:1d:c1:ea:a1;LakeheadU;-57;152
9193;80:e0:1d:c1:ea:a4;Free Tbaytel WiFi;-57;152
9194;80:e0:1d:c1:ea:a0;LU-Guest;-58;152
9195;80:e0:1d:c1:ea:a2;eduroam;-58;152
9196;80:e0:1d:c1:ea:a3;LU-Events;-58;152
9197;a4:6c:2a:e0:1f:b4;Free Tbaytel WiFi;-60;152
9198;a4:6c:2a:d4:ba:54;Free Tbaytel WiFi;-60;152
9199;a4:6c:2a:d4:ba:52;eduroam;-60;152
9200;a4:6c:2a:d4:ba:50;LU-Guest;-61;152
9201;a4:6c:2a:d4:ba:53;LU-Events;-61;152
9202;a4:6c:2a:d4:ba:51;LakeheadU;-61;152
9203;a4:6c:2a:e0:1f:b2;eduroam;-64;152
9204;a4:6c:2a:e0:1f:b3;LU-Events;-64;152
9205;c0:c1:c0:8e:e8:c5;unavailable;-64;152
9206;a4:6c:2a:e0:1f:b1;LakeheadU;-65;152
9207;a4:6c:2a:e0:1f:b0;LU-Guest;-66;152
9208;a4:6c:2a:d4:be:31;LakeheadU;-67;152
9209;00:42:68:59:8b:f4;Free Tbaytel WiFi;-67;152
9210;a4:6c:2a:d4:be:33;LU-Events;-67;152
9211;00:42:68:59:8b:f2;eduroam;-67;152
9212;a4:6c:2a:d4:be:32;eduroam;-68;152
9213;00:42:68:59:8b:f0;LU-Guest;-68;152
9214;00:42:68:59:8b:f3;LU-Events;-68;152
9215;00:42:68:59:8b:f1;LakeheadU;-68;152
9216;a4:6c:2a:d4:be:34;Free Tbaytel WiFi;-69;152
9217;a4:6c:2a:d4:be:30;LU-Guest;-69;152
9218;a4:6c:2a:e0:1f:bb;Free Tbaytel WiFi;-72;152
9219;a4:6c:2a:e0:1f:be;LakeheadU;-72;152
9220;a4:6c:2a:e0:1f:bc;LU-Events;-72;152
9221;a4:6c:2a:e0:1f:bd;eduroam;-73;152
9222;a4:6c:2a:e0:1f:bf;LU-Guest;-73;152
9223;80:e0:1d:c1:ea:ab;Free Tbaytel WiFi;-75;152
9224;80:e0:1d:c1:ea:ac;LU-Events;-75;152
9225;80:e0:1d:c1:ea:af;LU-Guest;-75;152
9226;80:e0:1d:c1:ea:ad;eduroam;-75;152
9227;80:e0:1d:c1:ea:ae;LakeheadU;-75;152
9228;00:42:68:59:8b:fb;Free Tbaytel WiFi;-78;152
9229;00:42:68:59:8b:fc;LU-Events;-78;152
9230;00:42:68:59:8b:fe;LakeheadU;-79;152
9231;00:42:68:59:8b:ff;LU-Guest;-79;152
9232;00:42:68:59:8b:fd;eduroam;-79;152
9233;80:e0:1d:f6:a4:d4;Free Tbaytel WiFi;-81;152
9234;80:e0:1d:f6:a4:d3;LU-Events;-81;152
9235;06:56:78:d0:60:49;EBF06ED2;-82;152
9236;80:e0:1d:f6:a4:d0;LU-Guest;-83;152
9237;80:e0:1d:e6:7a:54;Free Tbaytel WiFi;-84;152
9238;80:e0:1d:e6:7a:53;LU-Events;-85;152
9239;80:e0:1d:e6:7b:30;LU-Guest;-86;152
9240;a4:6c:2a:d4:be:3f;LU-Guest;-90;152
9241;a4:6c:2a:d4:be:3b;Free Tbaytel WiFi;-91;152
9242;a4:6c:2a:d4:be:3e;LakeheadU;-91;152
9243;a4:6c:2a:d4:be:3c;LU-Events;-91;152
9244;a4:6c:2a:d4:be:3d;eduroam;-92;152
9245;ae:53:22:40:4f:80;NOSMConnect24;-88;153
9246;80:e0:1d:e6:7b:30;LU-Guest;-79;153
9247;80:e0:1d:e6:7b:32;eduroam;-80;153
9248;80:e0:1d:e6:7b:31;LakeheadU;-79;153
9249;80:e0:1d:e6:7b:34;Free Tbaytel WiFi;-79;153
9250;80:e0:1d:e6:7b:33;LU-Events;-80;153
9251;a4:6c:2a:d4:ba:53;LU-Events;-55;153
9252;a4:6c:2a:d4:ba:54;Free Tbaytel WiFi;-57;153
9253;a4:6c:2a:d4:ba:50;LU-Guest;-53;153
9254;a4:6c:2a:d4:ba:51;LakeheadU;-53;153
9255;a4:6c:2a:d4:ba:52;eduroam;-79;153
9256;a4:6c:2a:d4:ba:5c;LU-Events;-64;153
9257;a4:6c:2a:d4:ba:5d;eduroam;-66;153
9258;a4:6c:2a:d4:ba:5e;LakeheadU;-65;153
9259;a4:6c:2a:d4:ba:5f;LU-Guest;-65;153
9260;a4:6c:2a:d4:ba:5b;Free Tbaytel WiFi;-65;153
9261;a4:6c:2a:d4:be:30;LU-Guest;-78;153
9262;a4:6c:2a:d4:be:33;LU-Events;-78;153
9263;a4:6c:2a:d4:be:34;Free Tbaytel WiFi;-79;153
9264;a4:6c:2a:d4:be:31;LakeheadU;-79;153
9265;a4:6c:2a:d4:be:32;eduroam;-78;153
9266;00:42:68:59:8b:ff;LU-Guest;-65;153
9267;00:42:68:59:8b:fc;LU-Events;-65;153
9268;00:42:68:59:8b:fb;Free Tbaytel WiFi;-65;153
9269;00:42:68:59:8b:fe;LakeheadU;-65;153
9270;00:42:68:59:8b:fd;eduroam;-65;153
9271;ca:5a:b0:3d:73:c3;;-85;153
9272;a4:6c:2a:d4:bb:03;LU-Events;-85;153
9273;a4:6c:2a:d4:bb:00;LU-Guest;-86;153
9274;a4:6c:2a:d4:bb:01;LakeheadU;-85;153
9275;a4:6c:2a:d4:bb:02;eduroam;-86;153
9276;80:e0:1d:c1:ea:af;LU-Guest;-90;153
9277;80:e0:1d:c1:ea:ab;Free Tbaytel WiFi;-89;153
9278;80:e0:1d:c1:ea:ac;LU-Events;-89;153
9279;d2:5d:05:d7:2e:bc;Xerox;-86;153
9280;80:e0:1d:c1:ea:a1;LakeheadU;-70;153
9281;80:e0:1d:c1:ea:a2;eduroam;-69;153
9282;80:e0:1d:c1:ea:a3;LU-Events;-70;153
9283;80:e0:1d:c1:ea:a4;Free Tbaytel WiFi;-69;153
9284;80:e0:1d:c1:ea:a0;LU-Guest;-70;153
9285;00:42:68:59:8b:f0;LU-Guest;-66;153
9286;80:e0:1d:f8:49:44;Free Tbaytel WiFi;-78;153
9287;80:e0:1d:f8:49:40;LU-Guest;-77;153
9288;82:f2:e0:d1:f9:74;portthru;-85;153
9289;6c:5a:b0:3d:73:c0;Quanser_UVS-5G;-84;153
9290;a4:6c:2a:e0:1f:b3;LU-Events;-63;153
9291;a4:6c:2a:e0:1f:b4;Free Tbaytel WiFi;-60;153
9292;a4:6c:2a:e0:1f:b0;LU-Guest;-64;153
9293;a4:6c:2a:e0:1f:b1;LakeheadU;-62;153
9294;a4:6c:2a:e0:1f:b2;eduroam;-63;153
9295;a4:6c:2a:e0:1f:bc;LU-Events;-71;153
9296;a4:6c:2a:e0:1f:bd;eduroam;-71;153
9297;a4:6c:2a:e0:1f:be;LakeheadU;-72;153
9298;a4:6c:2a:e0:1f:bf;LU-Guest;-71;153
9299;a4:6c:2a:e0:1f:bb;Free Tbaytel WiFi;-71;153
9300;ae:53:22:40:4f:80;NOSMConnect24;-88;154
9301;80:e0:1d:e6:7b:30;LU-Guest;-79;154
9302;80:e0:1d:e6:7b:32;eduroam;-80;154
9303;80:e0:1d:e6:7b:31;LakeheadU;-79;154
9304;80:e0:1d:e6:7b:34;Free Tbaytel WiFi;-79;154
9305;80:e0:1d:e6:7b:33;LU-Events;-80;154
9306;a4:6c:2a:d4:ba:53;LU-Events;-55;154
9307;a4:6c:2a:d4:ba:54;Free Tbaytel WiFi;-57;154
9308;a4:6c:2a:d4:ba:50;LU-Guest;-53;154
9309;a4:6c:2a:d4:ba:51;LakeheadU;-53;154
9310;a4:6c:2a:d4:ba:52;eduroam;-79;154
9311;a4:6c:2a:d4:ba:5c;LU-Events;-64;154
9312;a4:6c:2a:d4:ba:5d;eduroam;-66;154
9313;a4:6c:2a:d4:ba:5e;LakeheadU;-65;154
9314;a4:6c:2a:d4:ba:5f;LU-Guest;-65;154
9315;a4:6c:2a:d4:ba:5b;Free Tbaytel WiFi;-65;154
9316;a4:6c:2a:d4:be:30;LU-Guest;-78;154
9317;a4:6c:2a:d4:be:33;LU-Events;-78;154
9318;a4:6c:2a:d4:be:34;Free Tbaytel WiFi;-79;154
9319;a4:6c:2a:d4:be:31;LakeheadU;-79;154
9320;a4:6c:2a:d4:be:32;eduroam;-78;154
9321;00:42:68:59:8b:ff;LU-Guest;-65;154
9322;00:42:68:59:8b:fc;LU-Events;-65;154
9323;00:42:68:59:8b:fb;Free Tbaytel WiFi;-65;154
9324;00:42:68:59:8b:fe;LakeheadU;-65;154
9325;00:42:68:59:8b:fd;eduroam;-65;154
9326;ca:5a:b0:3d:73:c3;;-85;154
9327;a4:6c:2a:d4:bb:03;LU-Events;-85;154
9328;a4:6c:2a:d4:bb:00;LU-Guest;-86;154
9329;a4:6c:2a:d4:bb:01;LakeheadU;-85;154
9330;a4:6c:2a:d4:bb:02;eduroam;-86;154
9331;80:e0:1d:c1:ea:af;LU-Guest;-90;154
9332;80:e0:1d:c1:ea:ab;Free Tbaytel WiFi;-89;154
9333;80:e0:1d:c1:ea:ac;LU-Events;-89;154
9334;d2:5d:05:d7:2e:bc;Xerox;-86;154
9335;80:e0:1d:c1:ea:a1;LakeheadU;-70;154
9336;80:e0:1d:c1:ea:a2;eduroam;-69;154
9337;80:e0:1d:c1:ea:a3;LU-Events;-70;154
9338;80:e0:1d:c1:ea:a4;Free Tbaytel WiFi;-69;154
9339;80:e0:1d:c1:ea:a0;LU-Guest;-70;154
9340;00:42:68:59:8b:f0;LU-Guest;-66;154
9341;80:e0:1d:f8:49:44;Free Tbaytel WiFi;-78;154
9342;80:e0:1d:f8:49:40;LU-Guest;-77;154
9343;82:f2:e0:d1:f9:74;portthru;-85;154
9344;6c:5a:b0:3d:73:c0;Quanser_UVS-5G;-84;154
9345;a4:6c:2a:e0:1f:b3;LU-Events;-63;154
9346;a4:6c:2a:e0:1f:b4;Free Tbaytel WiFi;-60;154
9347;a4:6c:2a:e0:1f:b0;LU-Guest;-64;154
9348;a4:6c:2a:e0:1f:b1;LakeheadU;-62;154
9349;a4:6c:2a:e0:1f:b2;eduroam;-63;154
9350;a4:6c:2a:e0:1f:bc;LU-Events;-71;154
9351;a4:6c:2a:e0:1f:bd;eduroam;-71;154
9352;a4:6c:2a:e0:1f:be;LakeheadU;-72;154
9353;a4:6c:2a:e0:1f:bf;LU-Guest;-71;154
9354;a4:6c:2a:e0:1f:bb;Free Tbaytel WiFi;-71;154
9355;80:e0:1d:e6:7b:30;LU-Guest;-76;155
9356;80:e0:1d:e6:7b:32;eduroam;-76;155
9357;80:e0:1d:e6:7b:31;LakeheadU;-76;155
9358;80:e0:1d:e6:7b:33;LU-Events;-76;155
9359;80:e0:1d:e6:7b:3d;eduroam;-90;155
9360;c0:c1:c0:8e:e8:c5;unavailable;-66;155
9361;a4:6c:2a:e0:20:0f;LU-Guest;-90;155
9362;a4:6c:2a:e0:20:0b;Free Tbaytel WiFi;-89;155
9363;80:e0:1d:f0:90:a1;LU-Guest;-87;155
9364;80:e0:1d:ee:40:53;LU-Events;-82;155
9365;d8:b1:90:e1:26:a2;eduroam;-83;155
9366;a4:6c:2a:d4:ba:53;LU-Events;-49;155
9367;a4:6c:2a:d4:ba:54;Free Tbaytel WiFi;-46;155
9368;a4:6c:2a:d4:ba:50;LU-Guest;-46;155
9369;a4:6c:2a:d4:ba:51;LakeheadU;-46;155
9370;a4:6c:2a:d4:ba:52;eduroam;-46;155
9371;a4:6c:2a:d4:ba:5c;LU-Events;-55;155
9372;a4:6c:2a:d4:ba:5d;eduroam;-55;155
9373;a4:6c:2a:d4:ba:5e;LakeheadU;-56;155
9374;a4:6c:2a:d4:ba:5f;LU-Guest;-56;155
9375;a4:6c:2a:d4:ba:5b;Free Tbaytel WiFi;-56;155
9376;00:42:68:59:8b:ff;LU-Guest;-80;155
9377;00:42:68:59:8b:fc;LU-Events;-79;155
9378;00:42:68:59:8b:fb;Free Tbaytel WiFi;-79;155
9379;00:42:68:59:8b:fe;LakeheadU;-79;155
9380;00:42:68:59:8b:fd;eduroam;-80;155
9381;06:56:78:d0:60:49;EBF06ED2;-77;155
9382;ba:5a:b0:3d:73:b1;;-92;155
9383;80:e0:1d:c1:ea:af;LU-Guest;-89;155
9384;80:e0:1d:c1:ea:ac;LU-Events;-89;155
9385;80:e0:1d:c1:ea:a2;eduroam;-76;155
9386;80:e0:1d:c1:ea:a4;Free Tbaytel WiFi;-78;155
9387;80:e0:1d:c1:ea:a0;LU-Guest;-76;155
9388;00:42:68:59:8b:f3;LU-Events;-72;155
9389;00:42:68:59:8b:f2;eduroam;-70;155
9390;00:42:68:59:8b:f4;Free Tbaytel WiFi;-71;155
9391;6c:5a:b0:3d:73:bf;Quanser_UVS-5G;-93;155
9392;6c:5a:b0:3d:73:c0;Quanser_UVS-5G;-84;155
9393;a4:6c:2a:e0:1f:b3;LU-Events;-61;155
9394;a4:6c:2a:e0:1f:b4;Free Tbaytel WiFi;-64;155
9395;a4:6c:2a:e0:1f:b0;LU-Guest;-61;155
9396;a4:6c:2a:e0:1f:b1;LakeheadU;-61;155
9397;a4:6c:2a:e0:1f:b2;eduroam;-61;155
9398;a4:6c:2a:d4:bf:14;Free Tbaytel WiFi;-86;155
9399;a4:6c:2a:e0:1f:bc;LU-Events;-73;155
9400;a4:6c:2a:e0:1f:bd;eduroam;-74;155
9401;a4:6c:2a:e0:1f:be;LakeheadU;-73;155
9402;a4:6c:2a:e0:1f:bf;LU-Guest;-73;155
9403;a4:6c:2a:e0:1f:bb;Free Tbaytel WiFi;-73;155
9404;80:e0:1d:e6:7b:30;LU-Guest;-76;156
9405;80:e0:1d:e6:7b:32;eduroam;-76;156
9406;80:e0:1d:e6:7b:31;LakeheadU;-76;156
9407;80:e0:1d:e6:7b:33;LU-Events;-76;156
9408;80:e0:1d:e6:7b:3d;eduroam;-90;156
9409;c0:c1:c0:8e:e8:c5;unavailable;-66;156
9410;a4:6c:2a:e0:20:0f;LU-Guest;-90;156
9411;a4:6c:2a:e0:20:0b;Free Tbaytel WiFi;-89;156
9412;80:e0:1d:f0:90:a1;LU-Guest;-87;156
9413;80:e0:1d:ee:40:53;LU-Events;-82;156
9414;d8:b1:90:e1:26:a2;eduroam;-83;156
9415;a4:6c:2a:d4:ba:53;LU-Events;-49;156
9416;a4:6c:2a:d4:ba:54;Free Tbaytel WiFi;-46;156
9417;a4:6c:2a:d4:ba:50;LU-Guest;-46;156
9418;a4:6c:2a:d4:ba:51;LakeheadU;-46;156
9419;a4:6c:2a:d4:ba:52;eduroam;-46;156
9420;a4:6c:2a:d4:ba:5c;LU-Events;-55;156
9421;a4:6c:2a:d4:ba:5d;eduroam;-55;156
9422;a4:6c:2a:d4:ba:5e;LakeheadU;-56;156
9423;a4:6c:2a:d4:ba:5f;LU-Guest;-56;156
9424;a4:6c:2a:d4:ba:5b;Free Tbaytel WiFi;-56;156
9425;00:42:68:59:8b:ff;LU-Guest;-80;156
9426;00:42:68:59:8b:fc;LU-Events;-79;156
9427;00:42:68:59:8b:fb;Free Tbaytel WiFi;-79;156
9428;00:42:68:59:8b:fe;LakeheadU;-79;156
9429;00:42:68:59:8b:fd;eduroam;-80;156
9430;06:56:78:d0:60:49;EBF06ED2;-77;156
9431;ba:5a:b0:3d:73:b1;;-92;156
9432;80:e0:1d:c1:ea:af;LU-Guest;-89;156
9433;80:e0:1d:c1:ea:ac;LU-Events;-89;156
9434;80:e0:1d:c1:ea:a2;eduroam;-76;156
9435;80:e0:1d:c1:ea:a4;Free Tbaytel WiFi;-78;156
9436;80:e0:1d:c1:ea:a0;LU-Guest;-76;156
9437;00:42:68:59:8b:f3;LU-Events;-72;156
9438;00:42:68:59:8b:f2;eduroam;-70;156
9439;00:42:68:59:8b:f4;Free Tbaytel WiFi;-71;156
9440;6c:5a:b0:3d:73:bf;Quanser_UVS-5G;-93;156
9441;6c:5a:b0:3d:73:c0;Quanser_UVS-5G;-84;156
9442;a4:6c:2a:e0:1f:b3;LU-Events;-61;156
9443;a4:6c:2a:e0:1f:b4;Free Tbaytel WiFi;-64;156
9444;a4:6c:2a:e0:1f:b0;LU-Guest;-61;156
9445;a4:6c:2a:e0:1f:b1;LakeheadU;-61;156
9446;a4:6c:2a:e0:1f:b2;eduroam;-61;156
9447;a4:6c:2a:d4:bf:14;Free Tbaytel WiFi;-86;156
9448;a4:6c:2a:e0:1f:bc;LU-Events;-73;156
9449;a4:6c:2a:e0:1f:bd;eduroam;-74;156
9450;a4:6c:2a:e0:1f:be;LakeheadU;-73;156
9451;a4:6c:2a:e0:1f:bf;LU-Guest;-73;156
9452;a4:6c:2a:e0:1f:bb;Free Tbaytel WiFi;-73;156
9453;80:e0:1d:e6:7b:30;LU-Guest;-76;157
9454;80:e0:1d:e6:7b:32;eduroam;-76;157
9455;80:e0:1d:e6:7b:31;LakeheadU;-76;157
9456;80:e0:1d:e6:7b:34;Free Tbaytel WiFi;-76;157
9457;80:e0:1d:e6:7b:33;LU-Events;-76;157
9458;80:e0:1d:e6:7b:3d;eduroam;-91;157
9459;a4:6c:2a:e0:20:01;LakeheadU;-76;157
9460;a4:6c:2a:e0:20:00;LU-Guest;-81;157
9461;a4:6c:2a:e0:20:03;LU-Events;-81;157
9462;a4:6c:2a:e0:20:04;Free Tbaytel WiFi;-78;157
9463;c0:c1:c0:8e:e8:c5;unavailable;-64;157
9464;a4:6c:2a:e0:20:0f;LU-Guest;-86;157
9465;a4:6c:2a:e0:20:0c;LU-Events;-85;157
9466;a4:6c:2a:e0:20:0b;Free Tbaytel WiFi;-85;157
9467;a4:6c:2a:e0:20:0e;LakeheadU;-86;157
9468;a4:6c:2a:e0:20:0d;eduroam;-87;157
9469;80:e0:1d:f0:90:a1;LU-Guest;-87;157
9470;80:e0:1d:ee:40:54;Free Tbaytel WiFi;-79;157
9471;80:e0:1d:ee:40:53;LU-Events;-78;157
9472;d8:b1:90:e1:26:a0;LU-Guest;-79;157
9473;d8:b1:90:e1:26:a2;eduroam;-81;157
9474;d8:b1:90:e1:26:a1;LakeheadU;-82;157
9475;d8:b1:90:e1:26:a4;Free Tbaytel WiFi;-80;157
9476;d8:b1:90:e1:26:a3;LU-Events;-81;157
9477;a4:6c:2a:d4:ba:53;LU-Events;-40;157
9478;a4:6c:2a:d4:ba:54;Free Tbaytel WiFi;-39;157
9479;a4:6c:2a:d4:ba:50;LU-Guest;-42;157
9480;a4:6c:2a:d4:ba:51;LakeheadU;-41;157
9481;a4:6c:2a:d4:ba:52;eduroam;-39;157
9482;a4:6c:2a:d4:ba:5c;LU-Events;-59;157
9483;a4:6c:2a:d4:ba:5d;eduroam;-60;157
9484;a4:6c:2a:d4:ba:5e;LakeheadU;-59;157
9485;a4:6c:2a:d4:ba:5f;LU-Guest;-60;157
9486;a4:6c:2a:d4:ba:5b;Free Tbaytel WiFi;-59;157
9487;a4:6c:2a:d4:be:33;LU-Events;-84;157
9488;a4:6c:2a:d4:be:31;LakeheadU;-85;157
9489;00:42:68:59:8b:ff;LU-Guest;-84;157
9490;00:42:68:59:8b:fc;LU-Events;-85;157
9491;00:42:68:59:8b:fb;Free Tbaytel WiFi;-87;157
9492;00:42:68:59:8b:fe;LakeheadU;-79;157
9493;00:42:68:59:8b:fd;eduroam;-86;157
9494;d8:b1:90:df:9f:e3;LU-Events;-81;157
9495;d8:b1:90:df:9f:e0;LU-Guest;-81;157
9496;06:56:78:d0:60:49;EBF06ED2;-77;157
9497;a4:6c:2a:d4:bb:04;Free Tbaytel WiFi;-84;157
9498;a4:6c:2a:d4:bb:00;LU-Guest;-83;157
9499;ba:5a:b0:3d:73:b1;;-92;157
9500;80:e0:1d:c1:ea:af;LU-Guest;-89;157
9501;80:e0:1d:c1:ea:ac;LU-Events;-89;157
9502;80:e0:1d:c1:ea:a2;eduroam;-76;157
9503;80:e0:1d:c1:ea:a4;Free Tbaytel WiFi;-78;157
9504;80:e0:1d:c1:ea:a0;LU-Guest;-77;157
9505;80:e0:1d:ee:3f:63;Free Tbaytel WiFi;-81;157
9506;80:e0:1d:ee:3f:64;eduroam;-82;157
9507;80:e0:1d:ee:3f:61;LU-Guest;-83;157
9508;80:e0:1d:ee:3f:62;LU-Events;-82;157
9509;00:42:68:59:8b:f3;LU-Events;-74;157
9510;00:42:68:59:8b:f2;eduroam;-76;157
9511;00:42:68:59:8b:f4;Free Tbaytel WiFi;-71;157
9512;6c:5a:b0:3d:73:bf;Quanser_UVS-5G;-90;157
9513;6c:5a:b0:3d:73:c0;Quanser_UVS-5G;-83;157
9514;a4:6c:2a:e0:1f:b3;LU-Events;-69;157
9515;a4:6c:2a:e0:1f:b4;Free Tbaytel WiFi;-67;157
9516;a4:6c:2a:e0:1f:b0;LU-Guest;-68;157
9517;a4:6c:2a:e0:1f:b1;LakeheadU;-68;157
9518;a4:6c:2a:e0:1f:b2;eduroam;-69;157
9519;a4:6c:2a:d4:bf:14;Free Tbaytel WiFi;-81;157
9520;a4:6c:2a:d4:bf:13;LU-Events;-83;157
9521;a4:6c:2a:d4:bf:10;LU-Guest;-81;157
9522;a4:6c:2a:d4:bf:11;LakeheadU;-80;157
9523;a4:6c:2a:e0:1f:bc;LU-Events;-76;157
9524;a4:6c:2a:e0:1f:bd;eduroam;-76;157
9525;a4:6c:2a:e0:1f:be;LakeheadU;-76;157
9526;a4:6c:2a:e0:1f:bf;LU-Guest;-75;157
9527;a4:6c:2a:e0:1f:bb;Free Tbaytel WiFi;-74;157
9528;80:e0:1d:e6:7b:32;eduroam;-76;158
9529;80:e0:1d:e6:7b:34;Free Tbaytel WiFi;-76;158
9530;80:e0:1d:e6:7b:3d;eduroam;-91;158
9531;a4:6c:2a:e0:20:01;LakeheadU;-76;158
9532;a4:6c:2a:e0:20:00;LU-Guest;-81;158
9533;a4:6c:2a:e0:20:03;LU-Events;-81;158
9534;a4:6c:2a:e0:20:04;Free Tbaytel WiFi;-78;158
9535;c0:c1:c0:8e:e8:c5;unavailable;-64;158
9536;a4:6c:2a:e0:20:0f;LU-Guest;-86;158
9537;a4:6c:2a:e0:20:0c;LU-Events;-85;158
9538;a4:6c:2a:e0:20:0b;Free Tbaytel WiFi;-85;158
9539;a4:6c:2a:e0:20:0e;LakeheadU;-86;158
9540;a4:6c:2a:e0:20:0d;eduroam;-87;158
9541;80:e0:1d:ee:40:54;Free Tbaytel WiFi;-79;158
9542;80:e0:1d:ee:40:53;LU-Events;-78;158
9543;d8:b1:90:e1:26:a0;LU-Guest;-79;158
9544;d8:b1:90:e1:26:a2;eduroam;-81;158
9545;d8:b1:90:e1:26:a1;LakeheadU;-82;158
9546;d8:b1:90:e1:26:a4;Free Tbaytel WiFi;-80;158
9547;d8:b1:90:e1:26:a3;LU-Events;-81;158
9548;a4:6c:2a:d4:ba:53;LU-Events;-40;158
9549;a4:6c:2a:d4:ba:54;Free Tbaytel WiFi;-39;158
9550;a4:6c:2a:d4:ba:50;LU-Guest;-42;158
9551;a4:6c:2a:d4:ba:51;LakeheadU;-41;158
9552;a4:6c:2a:d4:ba:52;eduroam;-39;158
9553;a4:6c:2a:d4:ba:5c;LU-Events;-59;158
9554;a4:6c:2a:d4:ba:5d;eduroam;-60;158
9555;a4:6c:2a:d4:ba:5e;LakeheadU;-59;158
9556;a4:6c:2a:d4:ba:5f;LU-Guest;-60;158
9557;a4:6c:2a:d4:ba:5b;Free Tbaytel WiFi;-59;158
9558;a4:6c:2a:d4:be:33;LU-Events;-84;158
9559;a4:6c:2a:d4:be:31;LakeheadU;-85;158
9560;00:42:68:59:8b:ff;LU-Guest;-84;158
9561;00:42:68:59:8b:fc;LU-Events;-85;158
9562;00:42:68:59:8b:fb;Free Tbaytel WiFi;-87;158
9563;00:42:68:59:8b:fd;eduroam;-86;158
9564;d8:b1:90:df:9f:e3;LU-Events;-81;158
9565;d8:b1:90:df:9f:e0;LU-Guest;-81;158
9566;a4:6c:2a:d4:bb:04;Free Tbaytel WiFi;-84;158
9567;a4:6c:2a:d4:bb:00;LU-Guest;-83;158
9568;80:e0:1d:c1:ea:a0;LU-Guest;-77;158
9569;80:e0:1d:ee:3f:63;Free Tbaytel WiFi;-81;158
9570;80:e0:1d:ee:3f:64;eduroam;-82;158
9571;80:e0:1d:ee:3f:61;LU-Guest;-83;158
9572;80:e0:1d:ee:3f:62;LU-Events;-82;158
9573;00:42:68:59:8b:f3;LU-Events;-74;158
9574;00:42:68:59:8b:f2;eduroam;-76;158
9575;6c:5a:b0:3d:73:bf;Quanser_UVS-5G;-90;158
9576;6c:5a:b0:3d:73:c0;Quanser_UVS-5G;-83;158
9577;a4:6c:2a:e0:1f:b3;LU-Events;-69;158
9578;a4:6c:2a:e0:1f:b4;Free Tbaytel WiFi;-67;158
9579;a4:6c:2a:e0:1f:b0;LU-Guest;-68;158
9580;a4:6c:2a:e0:1f:b1;LakeheadU;-68;158
9581;a4:6c:2a:e0:1f:b2;eduroam;-69;158
9582;a4:6c:2a:d4:bf:14;Free Tbaytel WiFi;-81;158
9583;a4:6c:2a:d4:bf:13;LU-Events;-83;158
9584;a4:6c:2a:d4:bf:10;LU-Guest;-81;158
9585;a4:6c:2a:d4:bf:11;LakeheadU;-80;158
9586;a4:6c:2a:e0:1f:bc;LU-Events;-76;158
9587;a4:6c:2a:e0:1f:bd;eduroam;-76;158
9588;a4:6c:2a:e0:1f:be;LakeheadU;-76;158
9589;a4:6c:2a:e0:1f:bf;LU-Guest;-75;158
9590;a4:6c:2a:e0:1f:bb;Free Tbaytel WiFi;-74;158
9591;a4:6c:2a:d4:ba:54;Free Tbaytel WiFi;-48;159
9592;a4:6c:2a:d4:ba:52;eduroam;-48;159
9593;a4:6c:2a:d4:ba:51;LakeheadU;-48;159
9594;a4:6c:2a:d4:ba:50;LU-Guest;-48;159
9595;a4:6c:2a:d4:ba:53;LU-Events;-48;159
9596;a4:6c:2a:d4:ba:5b;Free Tbaytel WiFi;-63;159
9597;a4:6c:2a:d4:ba:5f;LU-Guest;-63;159
9598;a4:6c:2a:d4:ba:5d;eduroam;-63;159
9599;a4:6c:2a:d4:ba:5c;LU-Events;-63;159
9600;a4:6c:2a:d4:ba:5e;LakeheadU;-64;159
9601;c0:c1:c0:8e:e8:c5;unavailable;-66;159
9602;80:e0:1d:e6:7b:34;Free Tbaytel WiFi;-71;159
9603;a4:6c:2a:e0:20:00;LU-Guest;-72;159
9604;a4:6c:2a:e0:20:04;Free Tbaytel WiFi;-73;159
9605;80:e0:1d:e6:7b:31;LakeheadU;-73;159
9606;80:e0:1d:e6:7b:32;eduroam;-73;159
9607;a4:6c:2a:e0:1f:b0;LU-Guest;-74;159
9608;80:e0:1d:e6:7b:30;LU-Guest;-74;159
9609;80:e0:1d:ee:40:51;LakeheadU;-74;159
9610;80:e0:1d:e6:7b:33;LU-Events;-74;159
9611;a4:6c:2a:e0:1f:b4;Free Tbaytel WiFi;-75;159
9612;80:e0:1d:ee:40:53;LU-Events;-75;159
9613;a4:6c:2a:e0:1f:b1;LakeheadU;-75;159
9614;80:e0:1d:ee:40:54;Free Tbaytel WiFi;-76;159
9615;a4:6c:2a:e0:1f:b3;LU-Events;-76;159
9616;a4:6c:2a:d4:bf:14;Free Tbaytel WiFi;-76;159
9617;a4:6c:2a:d4:bf:12;eduroam;-76;159
9618;a4:6c:2a:d4:bf:11;LakeheadU;-76;159
9619;6c:5a:b0:3d:73:c1;Quanser_UVS;-76;159
9620;80:e0:1d:ee:40:52;eduroam;-76;159
9621;80:e0:1d:ee:3f:63;Free Tbaytel WiFi;-77;159
9622;a4:6c:2a:e0:1f:b2;eduroam;-77;159
9623;80:e0:1d:ee:3f:60;LakeheadU;-77;159
9624;d8:b1:90:df:9f:e3;LU-Events;-77;159
9625;80:e0:1d:c1:ea:a1;LakeheadU;-78;159
9626;a4:6c:2a:d4:bf:13;LU-Events;-78;159
9627;00:42:68:59:8b:f4;Free Tbaytel WiFi;-79;159
9628;80:e0:1d:c1:ea:a0;LU-Guest;-79;159
9629;80:e0:1d:ee:3f:62;LU-Events;-80;159
9630;d8:b1:90:df:9f:e4;Free Tbaytel WiFi;-80;159
9631;80:e0:1d:ee:40:5b;Free Tbaytel WiFi;-80;159
9632;80:e0:1d:ee:40:5c;LU-Events;-80;159
9633;80:e0:1d:c2:b3:93;LU-Events;-81;159
9634;80:e0:1d:c2:b7:f1;LakeheadU;-82;159
9635;6c:5a:b0:3d:73:c0;Quanser_UVS-5G;-82;159
9636;a4:6c:2a:e0:1f:bf;LU-Guest;-83;159
9637;a4:6c:2a:e0:1f:bb;Free Tbaytel WiFi;-83;159
9638;a4:6c:2a:e0:1f:bc;LU-Events;-83;159
9639;80:e0:1d:c2:b7:f2;eduroam;-83;159
9640;80:e0:1d:c2:b3:91;LakeheadU;-83;159
9641;80:e0:1d:c1:ea:a4;Free Tbaytel WiFi;-83;159
9642;a4:6c:2a:e0:1f:bd;eduroam;-83;159
9643;a4:6c:2a:e0:1f:be;LakeheadU;-83;159
9644;80:e0:1d:c2:b7:f3;LU-Events;-84;159
9645;a4:6c:2a:e0:20:0b;Free Tbaytel WiFi;-84;159
9646;a4:6c:2a:e0:20:0e;LakeheadU;-85;159
9647;a4:6c:2a:d4:bb:03;LU-Events;-85;159
9648;a4:6c:2a:d4:bf:1b;Free Tbaytel WiFi;-85;159
9649;a4:6c:2a:e0:20:0d;eduroam;-85;159
9650;a4:6c:2a:e0:20:0c;LU-Events;-86;159
9651;a4:6c:2a:d4:bf:1c;LU-Events;-86;159
9652;a4:6c:2a:e0:20:0f;LU-Guest;-86;159
9653;80:e0:1d:ee:40:5e;LakeheadU;-88;159
9654;80:e0:1d:ee:40:5d;eduroam;-88;159
9655;00:42:68:59:8b:ff;LU-Guest;-89;159
9656;00:42:68:59:8b:fd;eduroam;-91;159
9657;80:e0:1d:e6:7b:3d;eduroam;-91;159
9658;80:e0:1d:e6:7b:3e;LakeheadU;-92;159
9659;80:e0:1d:e6:7b:3c;LU-Events;-92;159
9660;6c:5a:b0:3d:73:bf;Quanser_UVS-5G;-92;159
9661;00:42:68:59:8b:fb;Free Tbaytel WiFi;-93;159
9662;d8:b1:90:df:9f:ed;eduroam;-93;159
9663;80:e0:1d:e6:7b:30;LU-Guest;-70;160
9664;80:e0:1d:e6:7b:32;eduroam;-70;160
9665;80:e0:1d:e6:7b:31;LakeheadU;-69;160
9666;80:e0:1d:e6:7b:34;Free Tbaytel WiFi;-70;160
9667;80:e0:1d:e6:7b:33;LU-Events;-69;160
9668;80:e0:1d:e6:7b:3d;eduroam;-86;160
9669;80:e0:1d:e6:7b:3c;LU-Events;-86;160
9670;80:e0:1d:e6:7b:3f;LU-Guest;-86;160
9671;80:e0:1d:e6:7b:3e;LakeheadU;-86;160
9672;80:e0:1d:c2:b3:90;LU-Guest;-67;160
9673;80:e0:1d:c2:b3:94;Free Tbaytel WiFi;-66;160
9674;80:e0:1d:c2:b3:93;LU-Events;-67;160
9675;80:e0:1d:c2:b3:92;eduroam;-67;160
9676;80:e0:1d:c2:b3:91;LakeheadU;-66;160
9677;80:e0:1d:e6:7b:3b;Free Tbaytel WiFi;-86;160
9678;80:e0:1d:c2:b3:9c;LU-Events;-90;160
9679;80:e0:1d:c2:b3:9b;Free Tbaytel WiFi;-84;160
9680;80:e0:1d:c2:b3:9f;LU-Guest;-87;160
9681;80:e0:1d:c2:b3:9e;LakeheadU;-90;160
9682;a4:6c:2a:e0:20:01;LakeheadU;-82;160
9683;a4:6c:2a:e0:20:00;LU-Guest;-76;160
9684;a4:6c:2a:e0:20:03;LU-Events;-82;160
9685;a4:6c:2a:e0:20:02;eduroam;-83;160
9686;a4:6c:2a:e0:20:04;Free Tbaytel WiFi;-80;160
9687;a4:6c:2a:e0:20:0f;LU-Guest;-87;160
9688;a4:6c:2a:e0:20:0b;Free Tbaytel WiFi;-93;160
9689;a4:6c:2a:e0:20:0d;eduroam;-90;160
9690;80:e0:1d:c2:b7:f0;LU-Guest;-88;160
9691;80:e0:1d:c2:b7:f3;LU-Events;-87;160
9692;80:e0:1d:c2:b7:f4;Free Tbaytel WiFi;-89;160
9693;80:e0:1d:ee:40:50;LU-Guest;-44;160
9694;80:e0:1d:ee:40:52;eduroam;-46;160
9695;80:e0:1d:ee:40:51;LakeheadU;-45;160
9696;80:e0:1d:ee:40:54;Free Tbaytel WiFi;-44;160
9697;80:e0:1d:ee:40:53;LU-Events;-43;160
9698;d8:b1:90:e1:26:a0;LU-Guest;-75;160
9699;d8:b1:90:e1:26:a2;eduroam;-86;160
9700;d8:b1:90:e1:26:a1;LakeheadU;-88;160
9701;d8:b1:90:e1:26:a4;Free Tbaytel WiFi;-86;160
9702;d8:b1:90:e1:26:a3;LU-Events;-86;160
9703;80:e0:1d:f0:90:d0;LakeheadU;-89;160
9704;d8:b1:90:e1:26:ab;Free Tbaytel WiFi;-89;160
9705;d8:b1:90:e1:26:ad;eduroam;-89;160
9706;d8:b1:90:e1:26:ac;LU-Events;-89;160
9707;d8:b1:90:e1:26:af;LU-Guest;-90;160
9708;d8:b1:90:e1:26:ae;LakeheadU;-87;160
9709;80:e0:1d:ee:40:5b;Free Tbaytel WiFi;-56;160
9710;80:e0:1d:ee:40:5d;eduroam;-55;160
9711;80:e0:1d:ee:40:5c;LU-Events;-55;160
9712;80:e0:1d:ee:40:5f;LU-Guest;-55;160
9713;80:e0:1d:ee:40:5e;LakeheadU;-55;160
9714;a4:6c:2a:d4:ba:53;LU-Events;-85;160
9715;a4:6c:2a:d4:ba:54;Free Tbaytel WiFi;-84;160
9716;a4:6c:2a:d4:ba:50;LU-Guest;-86;160
9717;a4:6c:2a:d4:ba:52;eduroam;-73;160
9718;80:e0:1d:e3:ca:33;Free Tbaytel WiFi;-83;160
9719;80:e0:1d:e3:ca:31;LU-Guest;-83;160
9720;80:e0:1d:e3:ca:32;LU-Events;-85;160
9721;80:e0:1d:e3:ca:30;LakeheadU;-85;160
9722;d8:b1:90:df:9f:ee;LakeheadU;-87;160
9723;d8:b1:90:df:9f:ed;eduroam;-87;160
9724;d8:b1:90:df:9f:ec;LU-Events;-86;160
9725;d8:b1:90:df:9f:eb;Free Tbaytel WiFi;-86;160
9726;d8:b1:90:df:9f:ef;LU-Guest;-86;160
9727;d8:b1:90:df:9f:e4;Free Tbaytel WiFi;-75;160
9728;d8:b1:90:df:9f:e3;LU-Events;-76;160
9729;d8:b1:90:df:9f:e2;eduroam;-74;160
9730;d8:b1:90:df:9f:e1;LakeheadU;-74;160
9731;d8:b1:90:df:9f:e0;LU-Guest;-76;160
9732;ca:5a:b0:3d:73:c3;;-85;160
9733;80:e0:1d:c1:ea:a3;LU-Events;-86;160
9734;6c:5a:b0:3d:73:c0;Quanser_UVS-5G;-90;160
9735;a4:6c:2a:d4:bf:14;Free Tbaytel WiFi;-89;160
9736;80:e0:1d:e6:7b:30;LU-Guest;-72;161
9737;80:e0:1d:e6:7b:32;eduroam;-74;161
9738;80:e0:1d:e6:7b:31;LakeheadU;-74;161
9739;80:e0:1d:e6:7b:34;Free Tbaytel WiFi;-75;161
9740;80:e0:1d:e6:7b:33;LU-Events;-74;161
9741;80:e0:1d:e6:7b:3d;eduroam;-82;161
9742;80:e0:1d:e6:7b:3c;LU-Events;-81;161
9743;80:e0:1d:e6:7b:3f;LU-Guest;-82;161
9744;80:e0:1d:e6:7b:3e;LakeheadU;-82;161
9745;80:e0:1d:c2:b3:90;LU-Guest;-63;161
9746;80:e0:1d:c2:b3:94;Free Tbaytel WiFi;-64;161
9747;80:e0:1d:c2:b3:93;LU-Events;-63;161
9748;80:e0:1d:c2:b3:92;eduroam;-67;161
9749;80:e0:1d:c2:b3:91;LakeheadU;-63;161
9750;80:e0:1d:e6:7b:3b;Free Tbaytel WiFi;-82;161
9751;80:e0:1d:c2:b3:9d;eduroam;-87;161
9752;80:e0:1d:c2:b3:9c;LU-Events;-90;161
9753;80:e0:1d:c2:b3:9b;Free Tbaytel WiFi;-86;161
9754;80:e0:1d:c2:b3:9e;LakeheadU;-90;161
9755;a4:6c:2a:e0:20:01;LakeheadU;-81;161
9756;a4:6c:2a:e0:20:00;LU-Guest;-81;161
9757;a4:6c:2a:e0:20:03;LU-Events;-81;161
9758;a4:6c:2a:e0:20:02;eduroam;-82;161
9759;a4:6c:2a:e0:20:04;Free Tbaytel WiFi;-82;161
9760;a4:6c:2a:e0:20:0c;LU-Events;-89;161
9761;a4:6c:2a:e0:20:0e;LakeheadU;-89;161
9762;80:e0:1d:c2:b7:f0;LU-Guest;-88;161
9763;80:e0:1d:c2:b7:f1;LakeheadU;-82;161
9764;80:e0:1d:c2:b7:f3;LU-Events;-87;161
9765;80:e0:1d:c2:b7:f4;Free Tbaytel WiFi;-83;161
9766;80:e0:1d:ee:40:50;LU-Guest;-42;161
9767;80:e0:1d:ee:40:52;eduroam;-42;161
9768;80:e0:1d:ee:40:51;LakeheadU;-42;161
9769;80:e0:1d:ee:40:54;Free Tbaytel WiFi;-39;161
9770;80:e0:1d:ee:40:53;LU-Events;-43;161
9771;d8:b1:90:e1:26:a2;eduroam;-82;161
9772;d8:b1:90:e1:26:a1;LakeheadU;-83;161
9773;d8:b1:90:e1:26:a4;Free Tbaytel WiFi;-81;161
9774;d8:b1:90:e1:26:a3;LU-Events;-83;161
9775;d8:b1:90:e1:26:ab;Free Tbaytel WiFi;-89;161
9776;d8:b1:90:e1:26:ad;eduroam;-92;161
9777;d8:b1:90:e1:26:ac;LU-Events;-89;161
9778;d8:b1:90:e1:26:af;LU-Guest;-90;161
9779;80:e0:1d:ee:40:5b;Free Tbaytel WiFi;-49;161
9780;80:e0:1d:ee:40:5d;eduroam;-55;161
9781;80:e0:1d:ee:40:5c;LU-Events;-55;161
9782;80:e0:1d:ee:40:5f;LU-Guest;-55;161
9783;80:e0:1d:ee:40:5e;LakeheadU;-55;161
9784;a4:6c:2a:d4:ba:53;LU-Events;-84;161
9785;a4:6c:2a:d4:ba:54;Free Tbaytel WiFi;-85;161
9786;a4:6c:2a:d4:ba:50;LU-Guest;-84;161
9787;a4:6c:2a:d4:ba:52;eduroam;-82;161
9788;80:e0:1d:e3:ca:33;Free Tbaytel WiFi;-84;161
9789;80:e0:1d:e3:ca:34;eduroam;-84;161
9790;80:e0:1d:e3:ca:31;LU-Guest;-83;161
9791;80:e0:1d:e3:ca:32;LU-Events;-85;161
9792;80:e0:1d:e3:ca:30;LakeheadU;-84;161
9793;80:e0:1d:da:42:20;LU-Guest;-88;161
9794;d8:b1:90:df:9f:ee;LakeheadU;-93;161
9795;d8:b1:90:df:9f:ed;eduroam;-90;161
9796;d8:b1:90:df:9f:ec;LU-Events;-92;161
9797;d8:b1:90:df:9f:eb;Free Tbaytel WiFi;-92;161
9798;d8:b1:90:df:9f:ef;LU-Guest;-91;161
9799;d8:b1:90:df:9f:e4;Free Tbaytel WiFi;-75;161
9800;d8:b1:90:df:9f:e3;LU-Events;-76;161
9801;d8:b1:90:df:9f:e2;eduroam;-76;161
9802;d8:b1:90:df:9f:e1;LakeheadU;-76;161
9803;d8:b1:90:df:9f:e0;LU-Guest;-76;161
9804;ca:5a:b0:3d:73:c3;;-81;161
9805;80:e0:1d:c1:ea:a3;LU-Events;-86;161
9806;80:e0:1d:c1:ea:a4;Free Tbaytel WiFi;-84;161
9807;6c:5a:b0:3d:73:c0;Quanser_UVS-5G;-89;161
9808;a4:6c:2a:d4:bf:14;Free Tbaytel WiFi;-89;161
9809;a4:6c:2a:d4:bf:12;eduroam;-85;161
9810;a4:6c:2a:d4:bf:13;LU-Events;-86;161
9811;a4:6c:2a:d4:bf:10;LU-Guest;-81;161
9812;a4:6c:2a:d4:bf:11;LakeheadU;-84;161
9813;d8:b1:90:e1:29:d2;eduroam;-87;161
9814;80:e0:1d:e6:7b:30;LU-Guest;-72;162
9815;80:e0:1d:e6:7b:32;eduroam;-74;162
9816;80:e0:1d:e6:7b:31;LakeheadU;-74;162
9817;80:e0:1d:e6:7b:34;Free Tbaytel WiFi;-75;162
9818;80:e0:1d:e6:7b:33;LU-Events;-74;162
9819;80:e0:1d:e6:7b:3d;eduroam;-82;162
9820;80:e0:1d:e6:7b:3c;LU-Events;-81;162
9821;80:e0:1d:e6:7b:3f;LU-Guest;-82;162
9822;80:e0:1d:e6:7b:3e;LakeheadU;-82;162
9823;80:e0:1d:c2:b3:90;LU-Guest;-63;162
9824;80:e0:1d:c2:b3:94;Free Tbaytel WiFi;-64;162
9825;80:e0:1d:c2:b3:93;LU-Events;-63;162
9826;80:e0:1d:c2:b3:92;eduroam;-67;162
9827;80:e0:1d:c2:b3:91;LakeheadU;-63;162
9828;80:e0:1d:e6:7b:3b;Free Tbaytel WiFi;-82;162
9829;80:e0:1d:c2:b3:9d;eduroam;-87;162
9830;80:e0:1d:c2:b3:9b;Free Tbaytel WiFi;-86;162
9831;a4:6c:2a:e0:20:01;LakeheadU;-81;162
9832;a4:6c:2a:e0:20:00;LU-Guest;-81;162
9833;a4:6c:2a:e0:20:03;LU-Events;-81;162
9834;a4:6c:2a:e0:20:02;eduroam;-82;162
9835;a4:6c:2a:e0:20:04;Free Tbaytel WiFi;-82;162
9836;a4:6c:2a:e0:20:0c;LU-Events;-89;162
9837;a4:6c:2a:e0:20:0e;LakeheadU;-89;162
9838;80:e0:1d:c2:b7:f1;LakeheadU;-82;162
9839;80:e0:1d:c2:b7:f4;Free Tbaytel WiFi;-83;162
9840;80:e0:1d:ee:40:50;LU-Guest;-42;162
9841;80:e0:1d:ee:40:52;eduroam;-42;162
9842;80:e0:1d:ee:40:51;LakeheadU;-42;162
9843;80:e0:1d:ee:40:54;Free Tbaytel WiFi;-39;162
9844;80:e0:1d:ee:40:53;LU-Events;-43;162
9845;d8:b1:90:e1:26:a2;eduroam;-82;162
9846;d8:b1:90:e1:26:a1;LakeheadU;-83;162
9847;d8:b1:90:e1:26:a4;Free Tbaytel WiFi;-81;162
9848;d8:b1:90:e1:26:a3;LU-Events;-83;162
9849;d8:b1:90:e1:26:ad;eduroam;-92;162
9850;80:e0:1d:ee:40:5b;Free Tbaytel WiFi;-49;162
9851;a4:6c:2a:d4:ba:53;LU-Events;-84;162
9852;a4:6c:2a:d4:ba:54;Free Tbaytel WiFi;-85;162
9853;a4:6c:2a:d4:ba:50;LU-Guest;-84;162
9854;a4:6c:2a:d4:ba:52;eduroam;-82;162
9855;80:e0:1d:e3:ca:33;Free Tbaytel WiFi;-84;162
9856;80:e0:1d:e3:ca:34;eduroam;-84;162
9857;80:e0:1d:e3:ca:32;LU-Events;-85;162
9858;80:e0:1d:e3:ca:30;LakeheadU;-84;162
9859;80:e0:1d:da:42:20;LU-Guest;-88;162
9860;d8:b1:90:df:9f:ee;LakeheadU;-93;162
9861;d8:b1:90:df:9f:ed;eduroam;-90;162
9862;d8:b1:90:df:9f:ec;LU-Events;-92;162
9863;d8:b1:90:df:9f:eb;Free Tbaytel WiFi;-92;162
9864;d8:b1:90:df:9f:ef;LU-Guest;-91;162
9865;d8:b1:90:df:9f:e4;Free Tbaytel WiFi;-75;162
9866;d8:b1:90:df:9f:e3;LU-Events;-76;162
9867;d8:b1:90:df:9f:e2;eduroam;-76;162
9868;d8:b1:90:df:9f:e1;LakeheadU;-76;162
9869;d8:b1:90:df:9f:e0;LU-Guest;-76;162
9870;ca:5a:b0:3d:73:c3;;-81;162
9871;80:e0:1d:c1:ea:a4;Free Tbaytel WiFi;-84;162
9872;6c:5a:b0:3d:73:c0;Quanser_UVS-5G;-89;162
9873;a4:6c:2a:d4:bf:14;Free Tbaytel WiFi;-89;162
9874;a4:6c:2a:d4:bf:12;eduroam;-85;162
9875;a4:6c:2a:d4:bf:13;LU-Events;-86;162
9876;a4:6c:2a:d4:bf:10;LU-Guest;-81;162
9877;a4:6c:2a:d4:bf:11;LakeheadU;-84;162
9878;d8:b1:90:e1:29:d2;eduroam;-87;162
9879;80:e0:1d:e6:7b:30;LU-Guest;-72;163
9880;80:e0:1d:e6:7b:32;eduroam;-74;163
9881;80:e0:1d:e6:7b:31;LakeheadU;-74;163
9882;80:e0:1d:e6:7b:34;Free Tbaytel WiFi;-75;163
9883;80:e0:1d:e6:7b:33;LU-Events;-74;163
9884;80:e0:1d:e6:7b:3d;eduroam;-82;163
9885;80:e0:1d:e6:7b:3c;LU-Events;-81;163
9886;80:e0:1d:e6:7b:3f;LU-Guest;-82;163
9887;80:e0:1d:e6:7b:3e;LakeheadU;-82;163
9888;80:e0:1d:c2:b3:90;LU-Guest;-63;163
9889;80:e0:1d:c2:b3:94;Free Tbaytel WiFi;-64;163
9890;80:e0:1d:c2:b3:93;LU-Events;-63;163
9891;80:e0:1d:c2:b3:92;eduroam;-67;163
9892;80:e0:1d:c2:b3:91;LakeheadU;-63;163
9893;80:e0:1d:e6:7b:3b;Free Tbaytel WiFi;-82;163
9894;80:e0:1d:c2:b3:9d;eduroam;-87;163
9895;80:e0:1d:c2:b3:9b;Free Tbaytel WiFi;-86;163
9896;a4:6c:2a:e0:20:01;LakeheadU;-81;163
9897;a4:6c:2a:e0:20:00;LU-Guest;-81;163
9898;a4:6c:2a:e0:20:03;LU-Events;-81;163
9899;a4:6c:2a:e0:20:02;eduroam;-82;163
9900;a4:6c:2a:e0:20:04;Free Tbaytel WiFi;-82;163
9901;a4:6c:2a:e0:20:0c;LU-Events;-89;163
9902;a4:6c:2a:e0:20:0e;LakeheadU;-89;163
9903;80:e0:1d:c2:b7:f1;LakeheadU;-82;163
9904;80:e0:1d:c2:b7:f4;Free Tbaytel WiFi;-83;163
9905;80:e0:1d:ee:40:50;LU-Guest;-42;163
9906;80:e0:1d:ee:40:52;eduroam;-42;163
9907;80:e0:1d:ee:40:51;LakeheadU;-42;163
9908;80:e0:1d:ee:40:54;Free Tbaytel WiFi;-39;163
9909;80:e0:1d:ee:40:53;LU-Events;-43;163
9910;d8:b1:90:e1:26:a2;eduroam;-82;163
9911;d8:b1:90:e1:26:a1;LakeheadU;-83;163
9912;d8:b1:90:e1:26:a4;Free Tbaytel WiFi;-81;163
9913;d8:b1:90:e1:26:a3;LU-Events;-83;163
9914;d8:b1:90:e1:26:ad;eduroam;-92;163
9915;80:e0:1d:ee:40:5b;Free Tbaytel WiFi;-49;163
9916;a4:6c:2a:d4:ba:53;LU-Events;-84;163
9917;a4:6c:2a:d4:ba:54;Free Tbaytel WiFi;-85;163
9918;a4:6c:2a:d4:ba:50;LU-Guest;-84;163
9919;a4:6c:2a:d4:ba:52;eduroam;-82;163
9920;80:e0:1d:e3:ca:33;Free Tbaytel WiFi;-84;163
9921;80:e0:1d:e3:ca:34;eduroam;-84;163
9922;80:e0:1d:e3:ca:32;LU-Events;-85;163
9923;80:e0:1d:e3:ca:30;LakeheadU;-84;163
9924;80:e0:1d:da:42:20;LU-Guest;-88;163
9925;d8:b1:90:df:9f:ee;LakeheadU;-93;163
9926;d8:b1:90:df:9f:ed;eduroam;-90;163
9927;d8:b1:90:df:9f:ec;LU-Events;-92;163
9928;d8:b1:90:df:9f:eb;Free Tbaytel WiFi;-92;163
9929;d8:b1:90:df:9f:ef;LU-Guest;-91;163
9930;d8:b1:90:df:9f:e4;Free Tbaytel WiFi;-75;163
9931;d8:b1:90:df:9f:e3;LU-Events;-76;163
9932;d8:b1:90:df:9f:e2;eduroam;-76;163
9933;d8:b1:90:df:9f:e1;LakeheadU;-76;163
9934;d8:b1:90:df:9f:e0;LU-Guest;-76;163
9935;ca:5a:b0:3d:73:c3;;-81;163
9936;80:e0:1d:c1:ea:a4;Free Tbaytel WiFi;-84;163
9937;6c:5a:b0:3d:73:c0;Quanser_UVS-5G;-89;163
9938;a4:6c:2a:d4:bf:14;Free Tbaytel WiFi;-89;163
9939;a4:6c:2a:d4:bf:12;eduroam;-85;163
9940;a4:6c:2a:d4:bf:13;LU-Events;-86;163
9941;a4:6c:2a:d4:bf:10;LU-Guest;-81;163
9942;a4:6c:2a:d4:bf:11;LakeheadU;-84;163
9943;d8:b1:90:e1:29:d2;eduroam;-87;163
9944;80:e0:1d:e6:7b:30;LU-Guest;-62;164
9945;80:e0:1d:e6:7b:32;eduroam;-58;164
9946;80:e0:1d:e6:7b:31;LakeheadU;-59;164
9947;80:e0:1d:e6:7b:34;Free Tbaytel WiFi;-65;164
9948;80:e0:1d:e6:7b:33;LU-Events;-61;164
9949;80:e0:1d:e6:7b:3d;eduroam;-71;164
9950;80:e0:1d:e6:7b:3c;LU-Events;-71;164
9951;80:e0:1d:e6:7b:3f;LU-Guest;-71;164
9952;80:e0:1d:e6:7b:3e;LakeheadU;-71;164
9953;80:e0:1d:c2:b3:90;LU-Guest;-72;164
9954;80:e0:1d:c2:b3:94;Free Tbaytel WiFi;-72;164
9955;80:e0:1d:c2:b3:93;LU-Events;-72;164
9956;80:e0:1d:c2:b3:92;eduroam;-70;164
9957;80:e0:1d:c2:b3:91;LakeheadU;-72;164
9958;80:e0:1d:e6:7b:3b;Free Tbaytel WiFi;-71;164
9959;80:e0:1d:c2:b3:9d;eduroam;-87;164
9960;80:e0:1d:c2:b3:9b;Free Tbaytel WiFi;-86;164
9961;a4:6c:2a:e0:20:01;LakeheadU;-72;164
9962;a4:6c:2a:e0:20:03;LU-Events;-74;164
9963;a4:6c:2a:e0:20:0c;LU-Events;-80;164
9964;a4:6c:2a:e0:20:0e;LakeheadU;-80;164
9965;80:e0:1d:c2:b7:f1;LakeheadU;-78;164
9966;80:e0:1d:c2:b7:f2;eduroam;-78;164
9967;80:e0:1d:c2:b7:f3;LU-Events;-79;164
9968;80:e0:1d:c2:b7:f4;Free Tbaytel WiFi;-78;164
9969;80:e0:1d:c2:b7:fc;LU-Events;-84;164
9970;80:e0:1d:ee:40:50;LU-Guest;-47;164
9971;80:e0:1d:ee:40:52;eduroam;-47;164
9972;80:e0:1d:ee:40:51;LakeheadU;-47;164
9973;80:e0:1d:ee:40:54;Free Tbaytel WiFi;-47;164
9974;80:e0:1d:ee:40:53;LU-Events;-51;164
9975;d8:b1:90:e1:26:a2;eduroam;-74;164
9976;d8:b1:90:e1:26:a1;LakeheadU;-74;164
9977;d8:b1:90:e1:26:a4;Free Tbaytel WiFi;-74;164
9978;d8:b1:90:e1:26:a3;LU-Events;-74;164
9979;80:e0:1d:f0:90:d3;Free Tbaytel WiFi;-80;164
9980;a6:d7:3c:91:f4:6a;DIRECT-1E4P4AT2020-EPL530UGUtE;-78;164
9981;d8:b1:90:e1:26:ab;Free Tbaytel WiFi;-83;164
9982;d8:b1:90:e1:26:ad;eduroam;-84;164
9983;80:e0:1d:ee:40:5b;Free Tbaytel WiFi;-50;164
9984;80:e0:1d:ee:40:5d;eduroam;-53;164
9985;80:e0:1d:ee:40:5c;LU-Events;-54;164
9986;80:e0:1d:ee:40:5f;LU-Guest;-52;164
9987;80:e0:1d:ee:40:5e;LakeheadU;-52;164
9988;a4:6c:2a:d4:ba:53;LU-Events;-64;164
9989;a4:6c:2a:d4:ba:54;Free Tbaytel WiFi;-64;164
9990;a4:6c:2a:d4:ba:51;LakeheadU;-64;164
9991;a4:6c:2a:d4:ba:52;eduroam;-63;164
9992;a4:6c:2a:d4:ba:5c;LU-Events;-82;164
9993;a4:6c:2a:d4:ba:5e;LakeheadU;-82;164
9994;a4:6c:2a:d4:ba:5f;LU-Guest;-82;164
9995;ac:7a:56:c8:62:00;LakeheadU;-86;164
9996;ac:7a:56:c8:62:07;Free Tbaytel WiFi;-83;164
9997;d8:b1:90:df:9f:ee;LakeheadU;-84;164
9998;d8:b1:90:df:9f:ed;eduroam;-85;164
9999;d8:b1:90:df:9f:ec;LU-Events;-85;164
10000;d8:b1:90:df:9f:eb;Free Tbaytel WiFi;-85;164
10001;d8:b1:90:df:9f:ef;LU-Guest;-84;164
10002;d8:b1:90:df:9f:e4;Free Tbaytel WiFi;-73;164
10003;d8:b1:90:df:9f:e3;LU-Events;-72;164
10004;d8:b1:90:df:9f:e2;eduroam;-73;164
10005;d8:b1:90:df:9f:e1;LakeheadU;-73;164
10006;80:e0:1d:c1:ea:ae;LakeheadU;-83;164
10007;80:e0:1d:c1:ea:ac;LU-Events;-84;164
10008;80:e0:1d:c1:ea:a1;LakeheadU;-70;164
10009;80:e0:1d:c1:ea:a2;eduroam;-70;164
10010;80:e0:1d:c1:ea:a3;LU-Events;-70;164
10011;80:e0:1d:c1:ea:a4;Free Tbaytel WiFi;-71;164
10012;80:e0:1d:c1:ea:a0;LU-Guest;-71;164
10013;6c:5a:b0:3d:73:bf;Quanser_UVS-5G;-92;164
10014;6c:5a:b0:3d:73:c0;Quanser_UVS-5G;-75;164
10015;6c:5a:b0:3d:73:c1;Quanser_UVS;-67;164
10016;80:e0:1d:f8:49:4c;LU-Events;-91;164
10017;80:e0:1d:f8:49:4f;LU-Guest;-93;164
10018;80:e0:1d:e6:7b:30;LU-Guest;-62;165
10019;80:e0:1d:e6:7b:32;eduroam;-58;165
10020;80:e0:1d:e6:7b:31;LakeheadU;-59;165
10021;80:e0:1d:e6:7b:34;Free Tbaytel WiFi;-65;165
10022;80:e0:1d:e6:7b:33;LU-Events;-61;165
10023;80:e0:1d:e6:7b:3d;eduroam;-71;165
10024;80:e0:1d:e6:7b:3c;LU-Events;-71;165
10025;80:e0:1d:e6:7b:3f;LU-Guest;-71;165
10026;80:e0:1d:e6:7b:3e;LakeheadU;-71;165
10027;80:e0:1d:c2:b3:90;LU-Guest;-72;165
10028;80:e0:1d:c2:b3:94;Free Tbaytel WiFi;-72;165
10029;80:e0:1d:c2:b3:93;LU-Events;-72;165
10030;80:e0:1d:c2:b3:92;eduroam;-70;165
10031;80:e0:1d:c2:b3:91;LakeheadU;-72;165
10032;80:e0:1d:e6:7b:3b;Free Tbaytel WiFi;-71;165
10033;80:e0:1d:c2:b3:9d;eduroam;-87;165
10034;a4:6c:2a:e0:20:01;LakeheadU;-72;165
10035;a4:6c:2a:e0:20:03;LU-Events;-74;165
10036;a4:6c:2a:e0:20:0c;LU-Events;-80;165
10037;a4:6c:2a:e0:20:0e;LakeheadU;-80;165
10038;80:e0:1d:c2:b7:f1;LakeheadU;-78;165
10039;80:e0:1d:c2:b7:f2;eduroam;-78;165
10040;80:e0:1d:c2:b7:f3;LU-Events;-79;165
10041;80:e0:1d:c2:b7:f4;Free Tbaytel WiFi;-78;165
10042;80:e0:1d:c2:b7:fc;LU-Events;-84;165
10043;80:e0:1d:ee:40:50;LU-Guest;-47;165
10044;80:e0:1d:ee:40:52;eduroam;-47;165
10045;80:e0:1d:ee:40:51;LakeheadU;-47;165
10046;80:e0:1d:ee:40:54;Free Tbaytel WiFi;-47;165
10047;80:e0:1d:ee:40:53;LU-Events;-51;165
10048;d8:b1:90:e1:26:a2;eduroam;-74;165
10049;d8:b1:90:e1:26:a1;LakeheadU;-74;165
10050;d8:b1:90:e1:26:a4;Free Tbaytel WiFi;-74;165
10051;d8:b1:90:e1:26:a3;LU-Events;-74;165
10052;80:e0:1d:f0:90:d3;Free Tbaytel WiFi;-80;165
10053;a6:d7:3c:91:f4:6a;DIRECT-1E4P4AT2020-EPL530UGUtE;-78;165
10054;d8:b1:90:e1:26:ab;Free Tbaytel WiFi;-83;165
10055;d8:b1:90:e1:26:ad;eduroam;-84;165
10056;80:e0:1d:ee:40:5b;Free Tbaytel WiFi;-50;165
10057;80:e0:1d:ee:40:5d;eduroam;-53;165
10058;80:e0:1d:ee:40:5c;LU-Events;-54;165
10059;80:e0:1d:ee:40:5f;LU-Guest;-52;165
10060;80:e0:1d:ee:40:5e;LakeheadU;-52;165
10061;a4:6c:2a:d4:ba:53;LU-Events;-64;165
10062;a4:6c:2a:d4:ba:54;Free Tbaytel WiFi;-64;165
10063;a4:6c:2a:d4:ba:51;LakeheadU;-64;165
10064;a4:6c:2a:d4:ba:52;eduroam;-63;165
10065;a4:6c:2a:d4:ba:5c;LU-Events;-82;165
10066;a4:6c:2a:d4:ba:5e;LakeheadU;-82;165
10067;a4:6c:2a:d4:ba:5f;LU-Guest;-82;165
10068;ac:7a:56:c8:62:00;LakeheadU;-86;165
10069;ac:7a:56:c8:62:07;Free Tbaytel WiFi;-83;165
10070;d8:b1:90:df:9f:ee;LakeheadU;-84;165
10071;d8:b1:90:df:9f:ed;eduroam;-85;165
10072;d8:b1:90:df:9f:ec;LU-Events;-85;165
10073;d8:b1:90:df:9f:eb;Free Tbaytel WiFi;-85;165
10074;d8:b1:90:df:9f:ef;LU-Guest;-84;165
10075;d8:b1:90:df:9f:e4;Free Tbaytel WiFi;-73;165
10076;d8:b1:90:df:9f:e3;LU-Events;-72;165
10077;d8:b1:90:df:9f:e2;eduroam;-73;165
10078;d8:b1:90:df:9f:e1;LakeheadU;-73;165
10079;80:e0:1d:c1:ea:ae;LakeheadU;-83;165
10080;80:e0:1d:c1:ea:ac;LU-Events;-84;165
10081;80:e0:1d:c1:ea:a1;LakeheadU;-70;165
10082;80:e0:1d:c1:ea:a2;eduroam;-70;165
10083;80:e0:1d:c1:ea:a3;LU-Events;-70;165
10084;80:e0:1d:c1:ea:a4;Free Tbaytel WiFi;-71;165
10085;80:e0:1d:c1:ea:a0;LU-Guest;-71;165
10086;6c:5a:b0:3d:73:bf;Quanser_UVS-5G;-92;165
10087;6c:5a:b0:3d:73:c0;Quanser_UVS-5G;-75;165
10088;6c:5a:b0:3d:73:c1;Quanser_UVS;-67;165
10089;80:e0:1d:f8:49:4c;LU-Events;-91;165
10090;80:e0:1d:f8:49:4f;LU-Guest;-93;165
10091;80:e0:1d:ee:40:50;LU-Guest;-47;166
10092;80:e0:1d:ee:40:54;Free Tbaytel WiFi;-47;166
10093;80:e0:1d:ee:40:52;eduroam;-47;166
10094;80:e0:1d:ee:40:51;LakeheadU;-47;166
10095;80:e0:1d:ee:40:5b;Free Tbaytel WiFi;-50;166
10096;80:e0:1d:ee:40:53;LU-Events;-51;166
10097;80:e0:1d:ee:40:5f;LU-Guest;-52;166
10098;80:e0:1d:ee:40:5e;LakeheadU;-52;166
10099;80:e0:1d:ee:40:5d;eduroam;-53;166
10100;80:e0:1d:ee:40:5c;LU-Events;-54;166
10101;80:e0:1d:e6:7b:32;eduroam;-58;166
10102;80:e0:1d:e6:7b:31;LakeheadU;-59;166
10103;80:e0:1d:e6:7b:33;LU-Events;-61;166
10104;80:e0:1d:e6:7b:30;LU-Guest;-62;166
10105;a4:6c:2a:d4:ba:52;eduroam;-63;166
10106;a4:6c:2a:d4:ba:54;Free Tbaytel WiFi;-64;166
10107;a4:6c:2a:d4:ba:53;LU-Events;-64;166
10108;a4:6c:2a:d4:ba:51;LakeheadU;-64;166
10109;80:e0:1d:e6:7b:34;Free Tbaytel WiFi;-65;166
10110;6c:5a:b0:3d:73:c1;Quanser_UVS;-67;166
10111;80:e0:1d:c2:b3:92;eduroam;-70;166
10112;80:e0:1d:c1:ea:a2;eduroam;-70;166
10113;80:e0:1d:c1:ea:a1;LakeheadU;-70;166
10114;80:e0:1d:c1:ea:a3;LU-Events;-70;166
10115;80:e0:1d:e6:7b:3f;LU-Guest;-71;166
10116;80:e0:1d:e6:7b:3b;Free Tbaytel WiFi;-71;166
10117;80:e0:1d:e6:7b:3d;eduroam;-71;166
10118;80:e0:1d:e6:7b:3e;LakeheadU;-71;166
10119;80:e0:1d:e6:7b:3c;LU-Events;-71;166
10120;80:e0:1d:c1:ea:a4;Free Tbaytel WiFi;-71;166
10121;80:e0:1d:c1:ea:a0;LU-Guest;-71;166
10122;80:e0:1d:c2:b3:93;LU-Events;-72;166
10123;80:e0:1d:c2:b3:94;Free Tbaytel WiFi;-72;166
10124;80:e0:1d:c2:b3:90;LU-Guest;-72;166
10125;80:e0:1d:c2:b3:91;LakeheadU;-72;166
10126;a4:6c:2a:e0:20:01;LakeheadU;-72;166
10127;d8:b1:90:df:9f:e3;LU-Events;-72;166
10128;d8:b1:90:df:9f:e4;Free Tbaytel WiFi;-73;166
10129;d8:b1:90:df:9f:e2;eduroam;-73;166
10130;d8:b1:90:df:9f:e1;LakeheadU;-73;166
10131;d8:b1:90:e1:26:a2;eduroam;-74;166
10132;d8:b1:90:e1:26:a4;Free Tbaytel WiFi;-74;166
10133;d8:b1:90:e1:26:a3;LU-Events;-74;166
10134;d8:b1:90:e1:26:a1;LakeheadU;-74;166
10135;a4:6c:2a:e0:20:03;LU-Events;-74;166
10136;6c:5a:b0:3d:73:c0;Quanser_UVS-5G;-75;166
10137;80:e0:1d:c2:b7:f4;Free Tbaytel WiFi;-78;166
10138;80:e0:1d:c2:b7:f1;LakeheadU;-78;166
10139;80:e0:1d:c2:b7:f2;eduroam;-78;166
10140;a6:d7:3c:91:f4:6a;DIRECT-1E4P4AT2020-EPL530UGUtE;-78;166
10141;80:e0:1d:c2:b7:f3;LU-Events;-79;166
10142;a4:6c:2a:e0:20:0e;LakeheadU;-80;166
10143;a4:6c:2a:e0:20:0c;LU-Events;-80;166
10144;80:e0:1d:f0:90:d3;Free Tbaytel WiFi;-80;166
10145;a4:6c:2a:d4:ba:5c;LU-Events;-82;166
10146;a4:6c:2a:d4:ba:5e;LakeheadU;-82;166
10147;a4:6c:2a:d4:ba:5f;LU-Guest;-82;166
10148;ac:7a:56:c8:62:07;Free Tbaytel WiFi;-83;166
10149;d8:b1:90:e1:26:ab;Free Tbaytel WiFi;-83;166
10150;80:e0:1d:c1:ea:ae;LakeheadU;-83;166
10151;d8:b1:90:e1:26:ad;eduroam;-84;166
10152;d8:b1:90:df:9f:ee;LakeheadU;-84;166
10153;d8:b1:90:df:9f:ef;LU-Guest;-84;166
10154;80:e0:1d:c2:b7:fc;LU-Events;-84;166
10155;80:e0:1d:c1:ea:ac;LU-Events;-84;166
10156;d8:b1:90:df:9f:eb;Free Tbaytel WiFi;-85;166
10157;d8:b1:90:df:9f:ed;eduroam;-85;166
10158;d8:b1:90:df:9f:ec;LU-Events;-85;166
10159;ac:7a:56:c8:62:00;LakeheadU;-86;166
10160;80:e0:1d:c2:b3:9d;eduroam;-87;166
10161;80:e0:1d:f8:49:4c;LU-Events;-91;166
10162;6c:5a:b0:3d:73:bf;Quanser_UVS-5G;-92;166
10163;80:e0:1d:f8:49:4f;LU-Guest;-93;166
10164;d8:b1:90:e1:29:dc;LU-Events;-92;167
10165;d8:b1:90:e1:29:db;Free Tbaytel WiFi;-91;167
10166;80:e0:1d:e6:7b:30;LU-Guest;-55;167
10167;80:e0:1d:e6:7b:32;eduroam;-58;167
10168;80:e0:1d:e6:7b:31;LakeheadU;-58;167
10169;80:e0:1d:e6:7b:34;Free Tbaytel WiFi;-55;167
10170;80:e0:1d:e6:7b:33;LU-Events;-55;167
10171;80:e0:1d:e6:7b:3d;eduroam;-72;167
10172;80:e0:1d:e6:7b:3c;LU-Events;-72;167
10173;80:e0:1d:e6:7b:3f;LU-Guest;-72;167
10174;80:e0:1d:e6:7b:3e;LakeheadU;-72;167
10175;80:e0:1d:e6:7b:3b;Free Tbaytel WiFi;-72;167
10176;a4:6c:2a:e0:20:01;LakeheadU;-66;167
10177;a4:6c:2a:e0:20:00;LU-Guest;-65;167
10178;a4:6c:2a:e0:20:03;LU-Events;-65;167
10179;a4:6c:2a:e0:20:02;eduroam;-65;167
10180;a4:6c:2a:e0:20:04;Free Tbaytel WiFi;-64;167
10181;a4:6c:2a:e0:20:0f;LU-Guest;-75;167
10182;a4:6c:2a:e0:20:0c;LU-Events;-75;167
10183;a4:6c:2a:e0:20:0b;Free Tbaytel WiFi;-75;167
10184;a4:6c:2a:e0:20:0e;LakeheadU;-76;167
10185;a4:6c:2a:e0:20:0d;eduroam;-76;167
10186;80:e0:1d:f0:90:a0;LakeheadU;-84;167
10187;80:e0:1d:c2:b7:fc;LU-Events;-83;167
10188;80:e0:1d:c2:b7:fe;LakeheadU;-84;167
10189;80:e0:1d:ee:40:50;LU-Guest;-67;167
10190;80:e0:1d:ee:40:54;Free Tbaytel WiFi;-67;167
10191;80:e0:1d:ee:40:53;LU-Events;-67;167
10192;80:e0:1d:f0:90:d3;Free Tbaytel WiFi;-75;167
10193;80:e0:1d:f0:90:d2;LU-Events;-73;167
10194;80:e0:1d:f0:90:d1;LU-Guest;-75;167
10195;a6:d7:3c:91:f4:6a;DIRECT-1E4P4AT2020-EPL530UGUtE;-69;167
10196;d8:b1:90:e1:26:ad;eduroam;-81;167
10197;d8:b1:90:e1:26:ac;LU-Events;-80;167
10198;d8:b1:90:e1:26:ae;LakeheadU;-81;167
10199;80:e0:1d:ee:40:5b;Free Tbaytel WiFi;-77;167
10200;80:e0:1d:ee:40:5d;eduroam;-77;167
10201;80:e0:1d:ee:40:5c;LU-Events;-76;167
10202;80:e0:1d:ee:40:5f;LU-Guest;-78;167
10203;80:e0:1d:ee:40:5e;LakeheadU;-75;167
10204;a4:6c:2a:d4:ba:53;LU-Events;-69;167
10205;a4:6c:2a:d4:ba:50;LU-Guest;-71;167
10206;80:e0:1d:f0:90:df;LakeheadU;-93;167
10207;80:e0:1d:f0:90:de;LU-Guest;-92;167
10208;80:e0:1d:f0:90:dc;Free Tbaytel WiFi;-92;167
10209;80:e0:1d:f0:90:db;eduroam;-93;167
10210;a4:6c:2a:d4:ba:5f;LU-Guest;-86;167
10211;80:e0:1d:e3:ca:3f;LakeheadU;-92;167
10212;80:e0:1d:e3:ca:3c;Free Tbaytel WiFi;-93;167
10213;80:e0:1d:d9:e8:33;Free Tbaytel WiFi;-81;167
10214;80:e0:1d:da:42:21;LakeheadU;-78;167
10215;80:e0:1d:da:42:22;eduroam;-76;167
10216;80:e0:1d:da:42:24;Free Tbaytel WiFi;-78;167
10217;d8:b1:90:df:9f:ee;LakeheadU;-81;167
10218;d8:b1:90:df:9f:ed;eduroam;-81;167
10219;d8:b1:90:df:9f:ec;LU-Events;-81;167
10220;d8:b1:90:df:9f:eb;Free Tbaytel WiFi;-80;167
10221;d8:b1:90:df:9f:ef;LU-Guest;-80;167
10222;d8:b1:90:df:9f:e4;Free Tbaytel WiFi;-64;167
10223;d8:b1:90:df:9f:e3;LU-Events;-64;167
10224;d8:b1:90:df:9f:e2;eduroam;-65;167
10225;d8:b1:90:df:9f:e1;LakeheadU;-64;167
10226;d8:b1:90:df:9f:e0;LU-Guest;-64;167
10227;ca:5a:b0:3d:73:c3;;-63;167
10228;80:e0:1d:d9:e9:21;LakeheadU;-76;167
10229;ba:5a:b0:3d:73:b1;;-83;167
10230;6c:5a:b0:3d:73:bf;Quanser_UVS-5G;-83;167
10231;6c:5a:b0:3d:73:c0;Quanser_UVS-5G;-77;167
10232;6c:5a:b0:3d:73:c1;Quanser_UVS;-64;167
10233;d8:b1:90:e1:29:dc;LU-Events;-92;168
10234;d8:b1:90:e1:29:db;Free Tbaytel WiFi;-91;168
10235;80:e0:1d:e6:7b:30;LU-Guest;-55;168
10236;80:e0:1d:e6:7b:32;eduroam;-58;168
10237;80:e0:1d:e6:7b:31;LakeheadU;-58;168
10238;80:e0:1d:e6:7b:34;Free Tbaytel WiFi;-55;168
10239;80:e0:1d:e6:7b:33;LU-Events;-55;168
10240;80:e0:1d:e6:7b:3d;eduroam;-72;168
10241;80:e0:1d:e6:7b:3c;LU-Events;-72;168
10242;80:e0:1d:e6:7b:3f;LU-Guest;-72;168
10243;80:e0:1d:e6:7b:3e;LakeheadU;-72;168
10244;80:e0:1d:e6:7b:3b;Free Tbaytel WiFi;-72;168
10245;a4:6c:2a:e0:20:01;LakeheadU;-66;168
10246;a4:6c:2a:e0:20:00;LU-Guest;-65;168
10247;a4:6c:2a:e0:20:03;LU-Events;-65;168
10248;a4:6c:2a:e0:20:02;eduroam;-65;168
10249;a4:6c:2a:e0:20:04;Free Tbaytel WiFi;-64;168
10250;a4:6c:2a:e0:20:0f;LU-Guest;-75;168
10251;a4:6c:2a:e0:20:0c;LU-Events;-75;168
10252;a4:6c:2a:e0:20:0b;Free Tbaytel WiFi;-75;168
10253;a4:6c:2a:e0:20:0e;LakeheadU;-76;168
10254;a4:6c:2a:e0:20:0d;eduroam;-76;168
10255;80:e0:1d:f0:90:a0;LakeheadU;-84;168
10256;80:e0:1d:c2:b7:fc;LU-Events;-83;168
10257;80:e0:1d:c2:b7:fe;LakeheadU;-84;168
10258;80:e0:1d:ee:40:50;LU-Guest;-67;168
10259;80:e0:1d:ee:40:54;Free Tbaytel WiFi;-67;168
10260;80:e0:1d:ee:40:53;LU-Events;-67;168
10261;80:e0:1d:f0:90:d3;Free Tbaytel WiFi;-75;168
10262;80:e0:1d:f0:90:d2;LU-Events;-73;168
10263;80:e0:1d:f0:90:d1;LU-Guest;-75;168
10264;a6:d7:3c:91:f4:6a;DIRECT-1E4P4AT2020-EPL530UGUtE;-69;168
10265;d8:b1:90:e1:26:ad;eduroam;-81;168
10266;d8:b1:90:e1:26:ac;LU-Events;-80;168
10267;d8:b1:90:e1:26:ae;LakeheadU;-81;168
10268;80:e0:1d:ee:40:5b;Free Tbaytel WiFi;-77;168
10269;80:e0:1d:ee:40:5d;eduroam;-77;168
10270;80:e0:1d:ee:40:5c;LU-Events;-76;168
10271;80:e0:1d:ee:40:5f;LU-Guest;-78;168
10272;80:e0:1d:ee:40:5e;LakeheadU;-75;168
10273;a4:6c:2a:d4:ba:53;LU-Events;-69;168
10274;a4:6c:2a:d4:ba:50;LU-Guest;-71;168
10275;80:e0:1d:f0:90:df;LakeheadU;-93;168
10276;80:e0:1d:f0:90:de;LU-Guest;-92;168
10277;80:e0:1d:f0:90:dc;Free Tbaytel WiFi;-92;168
10278;80:e0:1d:f0:90:db;eduroam;-93;168
10279;a4:6c:2a:d4:ba:5f;LU-Guest;-86;168
10280;80:e0:1d:e3:ca:3f;LakeheadU;-92;168
10281;80:e0:1d:e3:ca:3c;Free Tbaytel WiFi;-93;168
10282;80:e0:1d:d9:e8:33;Free Tbaytel WiFi;-81;168
10283;80:e0:1d:da:42:21;LakeheadU;-78;168
10284;80:e0:1d:da:42:22;eduroam;-76;168
10285;80:e0:1d:da:42:24;Free Tbaytel WiFi;-78;168
10286;d8:b1:90:df:9f:ee;LakeheadU;-81;168
10287;d8:b1:90:df:9f:ed;eduroam;-81;168
10288;d8:b1:90:df:9f:ec;LU-Events;-81;168
10289;d8:b1:90:df:9f:eb;Free Tbaytel WiFi;-80;168
10290;d8:b1:90:df:9f:ef;LU-Guest;-80;168
10291;d8:b1:90:df:9f:e4;Free Tbaytel WiFi;-64;168
10292;d8:b1:90:df:9f:e3;LU-Events;-64;168
10293;d8:b1:90:df:9f:e2;eduroam;-65;168
10294;d8:b1:90:df:9f:e1;LakeheadU;-64;168
10295;d8:b1:90:df:9f:e0;LU-Guest;-64;168
10296;ca:5a:b0:3d:73:c3;;-63;168
10297;80:e0:1d:d9:e9:21;LakeheadU;-76;168
10298;ba:5a:b0:3d:73:b1;;-83;168
10299;6c:5a:b0:3d:73:bf;Quanser_UVS-5G;-83;168
10300;6c:5a:b0:3d:73:c0;Quanser_UVS-5G;-77;168
10301;6c:5a:b0:3d:73:c1;Quanser_UVS;-64;168
10302;d8:b1:90:e1:29:dc;LU-Events;-92;169
10303;d8:b1:90:e1:29:db;Free Tbaytel WiFi;-91;169
10304;a4:6c:2a:e0:20:0f;LU-Guest;-75;169
10305;a4:6c:2a:e0:20:0c;LU-Events;-75;169
10306;a4:6c:2a:e0:20:0b;Free Tbaytel WiFi;-75;169
10307;a4:6c:2a:e0:20:0e;LakeheadU;-76;169
10308;a4:6c:2a:e0:20:0d;eduroam;-76;169
10309;80:e0:1d:ee:40:5b;Free Tbaytel WiFi;-77;169
10310;80:e0:1d:ee:40:5d;eduroam;-77;169
10311;80:e0:1d:ee:40:5c;LU-Events;-76;169
10312;80:e0:1d:ee:40:5f;LU-Guest;-78;169
10313;80:e0:1d:ee:40:5e;LakeheadU;-75;169
10314;80:e0:1d:e3:ca:3f;LakeheadU;-92;169
10315;80:e0:1d:e3:ca:3c;Free Tbaytel WiFi;-93;169
10316;d8:b1:90:df:9f:ee;LakeheadU;-81;169
10317;d8:b1:90:df:9f:ed;eduroam;-81;169
10318;d8:b1:90:df:9f:ec;LU-Events;-81;169
10319;d8:b1:90:df:9f:eb;Free Tbaytel WiFi;-80;169
10320;d8:b1:90:df:9f:ef;LU-Guest;-80;169
10321;80:e0:1d:e6:7b:30;LU-Guest;-59;170
10322;80:e0:1d:e6:7b:32;eduroam;-62;170
10323;80:e0:1d:e6:7b:31;LakeheadU;-59;170
10324;80:e0:1d:e6:7b:34;Free Tbaytel WiFi;-63;170
10325;80:e0:1d:e6:7b:33;LU-Events;-59;170
10326;80:e0:1d:c2:b3:93;LU-Events;-77;170
10327;80:e0:1d:c2:b3:92;eduroam;-76;170
10328;80:e0:1d:c2:b3:9d;eduroam;-93;170
10329;a4:6c:2a:e0:20:01;LakeheadU;-63;170
10330;a4:6c:2a:e0:20:00;LU-Guest;-63;170
10331;a4:6c:2a:e0:20:03;LU-Events;-63;170
10332;a4:6c:2a:e0:20:02;eduroam;-63;170
10333;a4:6c:2a:e0:20:04;Free Tbaytel WiFi;-63;170
10334;a4:6c:2a:e0:20:0f;LU-Guest;-72;170
10335;a4:6c:2a:e0:20:0c;LU-Events;-74;170
10336;a4:6c:2a:e0:20:0b;Free Tbaytel WiFi;-73;170
10337;a4:6c:2a:e0:20:0e;LakeheadU;-73;170
10338;a4:6c:2a:e0:20:0d;eduroam;-74;170
10339;80:e0:1d:c2:b7:f0;LU-Guest;-68;170
10340;80:e0:1d:c2:b7:f1;LakeheadU;-68;170
10341;80:e0:1d:c2:b7:f3;LU-Events;-68;170
10342;80:e0:1d:c2:b7:ff;LU-Guest;-83;170
10343;80:e0:1d:c2:b7:fb;Free Tbaytel WiFi;-83;170
10344;80:e0:1d:c2:b7:fc;LU-Events;-83;170
10345;80:e0:1d:c2:b7:fe;LakeheadU;-84;170
10346;80:e0:1d:d9:e8:3b;eduroam;-92;170
10347;80:e0:1d:ee:40:52;eduroam;-74;170
10348;80:e0:1d:ee:40:51;LakeheadU;-74;170
10349;80:e0:1d:ee:40:53;LU-Events;-73;170
10350;d8:b1:90:e1:26:a1;LakeheadU;-69;170
10351;d8:b1:90:e1:26:a3;LU-Events;-70;170
10352;80:e0:1d:f0:90:d1;LU-Guest;-80;170
10353;a6:d7:3c:91:f4:6a;DIRECT-1E4P4AT2020-EPL530UGUtE;-71;170
10354;d8:b1:90:e1:26:ab;Free Tbaytel WiFi;-77;170
10355;d8:b1:90:e1:26:ad;eduroam;-79;170
10356;d8:b1:90:e1:26:ac;LU-Events;-78;170
10357;d8:b1:90:e1:26:af;LU-Guest;-77;170
10358;d8:b1:90:e1:26:ae;LakeheadU;-79;170
10359;80:e0:1d:ee:40:5b;Free Tbaytel WiFi;-78;170
10360;80:e0:1d:ee:40:5d;eduroam;-78;170
10361;80:e0:1d:ee:40:5c;LU-Events;-78;170
10362;80:e0:1d:ee:40:5f;LU-Guest;-78;170
10363;80:e0:1d:ee:40:5e;LakeheadU;-78;170
10364;a4:6c:2a:d4:ba:5d;eduroam;-89;170
10365;ac:7a:56:c8:62:04;;-76;170
10366;d8:b1:90:df:9f:ee;LakeheadU;-82;170
10367;d8:b1:90:df:9f:ed;eduroam;-82;170
10368;d8:b1:90:df:9f:ec;LU-Events;-82;170
10369;d8:b1:90:df:9f:eb;Free Tbaytel WiFi;-82;170
10370;d8:b1:90:df:9f:ef;LU-Guest;-82;170
10371;d8:b1:90:df:9f:e4;Free Tbaytel WiFi;-67;170
10372;d8:b1:90:df:9f:e3;LU-Events;-67;170
10373;d8:b1:90:df:9f:e2;eduroam;-68;170
10374;d8:b1:90:df:9f:e1;LakeheadU;-69;170
10375;d8:b1:90:df:9f:e0;LU-Guest;-67;170
10376;80:e0:1d:c2:bb:01;LakeheadU;-87;170
10377;ca:5a:b0:3d:73:c3;;-65;170
10378;80:e0:1d:da:42:2c;LU-Events;-89;170
10379;80:e0:1d:d9:e9:2f;LU-Guest;-85;170
10380;fa:25:51:6b:fd:58;DIRECT-1C3WqEB884084GOfC;-73;170
10381;ba:5a:b0:3d:73:b1;;-89;170
10382;80:e0:1d:c2:bb:0b;Free Tbaytel WiFi;-91;170
10383;80:e0:1d:c2:bb:0c;LU-Events;-91;170
10384;80:e0:1d:c2:bb:0f;LU-Guest;-91;170
10385;6c:5a:b0:3d:73:bf;Quanser_UVS-5G;-88;170
10386;6c:5a:b0:3d:73:c0;Quanser_UVS-5G;-71;170
10387;6c:5a:b0:3d:73:c1;Quanser_UVS;-65;170
10388;80:e0:1d:e6:7b:30;LU-Guest;-59;171
10389;80:e0:1d:e6:7b:32;eduroam;-62;171
10390;80:e0:1d:e6:7b:31;LakeheadU;-59;171
10391;80:e0:1d:e6:7b:34;Free Tbaytel WiFi;-63;171
10392;80:e0:1d:e6:7b:33;LU-Events;-59;171
10393;80:e0:1d:c2:b3:93;LU-Events;-77;171
10394;80:e0:1d:c2:b3:92;eduroam;-76;171
10395;80:e0:1d:c2:b3:9d;eduroam;-93;171
10396;a4:6c:2a:e0:20:01;LakeheadU;-63;171
10397;a4:6c:2a:e0:20:00;LU-Guest;-63;171
10398;a4:6c:2a:e0:20:03;LU-Events;-63;171
10399;a4:6c:2a:e0:20:02;eduroam;-63;171
10400;a4:6c:2a:e0:20:04;Free Tbaytel WiFi;-63;171
10401;a4:6c:2a:e0:20:0f;LU-Guest;-72;171
10402;a4:6c:2a:e0:20:0c;LU-Events;-74;171
10403;a4:6c:2a:e0:20:0b;Free Tbaytel WiFi;-73;171
10404;a4:6c:2a:e0:20:0e;LakeheadU;-73;171
10405;a4:6c:2a:e0:20:0d;eduroam;-74;171
10406;80:e0:1d:c2:b7:f0;LU-Guest;-68;171
10407;80:e0:1d:c2:b7:f1;LakeheadU;-68;171
10408;80:e0:1d:c2:b7:f3;LU-Events;-68;171
10409;80:e0:1d:c2:b7:ff;LU-Guest;-83;171
10410;80:e0:1d:c2:b7:fb;Free Tbaytel WiFi;-83;171
10411;80:e0:1d:c2:b7:fc;LU-Events;-83;171
10412;80:e0:1d:c2:b7:fe;LakeheadU;-84;171
10413;80:e0:1d:d9:e8:3b;eduroam;-92;171
10414;80:e0:1d:ee:40:52;eduroam;-74;171
10415;80:e0:1d:ee:40:51;LakeheadU;-74;171
10416;80:e0:1d:ee:40:53;LU-Events;-73;171
10417;d8:b1:90:e1:26:a1;LakeheadU;-69;171
10418;d8:b1:90:e1:26:a3;LU-Events;-70;171
10419;80:e0:1d:f0:90:d1;LU-Guest;-80;171
10420;a6:d7:3c:91:f4:6a;DIRECT-1E4P4AT2020-EPL530UGUtE;-71;171
10421;d8:b1:90:e1:26:ab;Free Tbaytel WiFi;-77;171
10422;d8:b1:90:e1:26:ad;eduroam;-79;171
10423;d8:b1:90:e1:26:ac;LU-Events;-78;171
10424;d8:b1:90:e1:26:af;LU-Guest;-77;171
10425;d8:b1:90:e1:26:ae;LakeheadU;-79;171
10426;80:e0:1d:ee:40:5b;Free Tbaytel WiFi;-78;171
10427;80:e0:1d:ee:40:5d;eduroam;-78;171
10428;80:e0:1d:ee:40:5c;LU-Events;-78;171
10429;80:e0:1d:ee:40:5f;LU-Guest;-78;171
10430;80:e0:1d:ee:40:5e;LakeheadU;-78;171
10431;a4:6c:2a:d4:ba:5d;eduroam;-89;171
10432;ac:7a:56:c8:62:04;;-76;171
10433;d8:b1:90:df:9f:ee;LakeheadU;-82;171
10434;d8:b1:90:df:9f:ed;eduroam;-82;171
10435;d8:b1:90:df:9f:ec;LU-Events;-82;171
10436;d8:b1:90:df:9f:eb;Free Tbaytel WiFi;-82;171
10437;d8:b1:90:df:9f:ef;LU-Guest;-82;171
10438;d8:b1:90:df:9f:e4;Free Tbaytel WiFi;-67;171
10439;d8:b1:90:df:9f:e3;LU-Events;-67;171
10440;d8:b1:90:df:9f:e2;eduroam;-68;171
10441;d8:b1:90:df:9f:e1;LakeheadU;-69;171
10442;d8:b1:90:df:9f:e0;LU-Guest;-67;171
10443;80:e0:1d:c2:bb:01;LakeheadU;-87;171
10444;ca:5a:b0:3d:73:c3;;-65;171
10445;80:e0:1d:da:42:2c;LU-Events;-89;171
10446;80:e0:1d:d9:e9:2f;LU-Guest;-85;171
10447;fa:25:51:6b:fd:58;DIRECT-1C3WqEB884084GOfC;-73;171
10448;ba:5a:b0:3d:73:b1;;-89;171
10449;80:e0:1d:c2:bb:0b;Free Tbaytel WiFi;-91;171
10450;80:e0:1d:c2:bb:0c;LU-Events;-91;171
10451;80:e0:1d:c2:bb:0f;LU-Guest;-91;171
10452;6c:5a:b0:3d:73:bf;Quanser_UVS-5G;-88;171
10453;6c:5a:b0:3d:73:c0;Quanser_UVS-5G;-71;171
10454;6c:5a:b0:3d:73:c1;Quanser_UVS;-65;171
10455;80:e0:1d:e6:7b:30;LU-Guest;-59;172
10456;80:e0:1d:e6:7b:32;eduroam;-62;172
10457;80:e0:1d:e6:7b:31;LakeheadU;-59;172
10458;80:e0:1d:e6:7b:34;Free Tbaytel WiFi;-63;172
10459;80:e0:1d:e6:7b:33;LU-Events;-59;172
10460;80:e0:1d:c2:b3:93;LU-Events;-77;172
10461;80:e0:1d:c2:b3:92;eduroam;-76;172
10462;80:e0:1d:c2:b3:9d;eduroam;-93;172
10463;a4:6c:2a:e0:20:01;LakeheadU;-63;172
10464;a4:6c:2a:e0:20:00;LU-Guest;-63;172
10465;a4:6c:2a:e0:20:03;LU-Events;-63;172
10466;a4:6c:2a:e0:20:02;eduroam;-63;172
10467;a4:6c:2a:e0:20:04;Free Tbaytel WiFi;-63;172
10468;a4:6c:2a:e0:20:0f;LU-Guest;-72;172
10469;a4:6c:2a:e0:20:0c;LU-Events;-74;172
10470;a4:6c:2a:e0:20:0b;Free Tbaytel WiFi;-73;172
10471;a4:6c:2a:e0:20:0e;LakeheadU;-73;172
10472;a4:6c:2a:e0:20:0d;eduroam;-74;172
10473;80:e0:1d:c2:b7:f0;LU-Guest;-68;172
10474;80:e0:1d:c2:b7:f1;LakeheadU;-68;172
10475;80:e0:1d:c2:b7:f3;LU-Events;-68;172
10476;80:e0:1d:c2:b7:ff;LU-Guest;-83;172
10477;80:e0:1d:c2:b7:fb;Free Tbaytel WiFi;-83;172
10478;80:e0:1d:c2:b7:fc;LU-Events;-83;172
10479;80:e0:1d:c2:b7:fe;LakeheadU;-84;172
10480;80:e0:1d:d9:e8:3b;eduroam;-92;172
10481;80:e0:1d:ee:40:52;eduroam;-74;172
10482;80:e0:1d:ee:40:51;LakeheadU;-74;172
10483;80:e0:1d:ee:40:53;LU-Events;-73;172
10484;d8:b1:90:e1:26:a1;LakeheadU;-69;172
10485;d8:b1:90:e1:26:a3;LU-Events;-70;172
10486;80:e0:1d:f0:90:d1;LU-Guest;-80;172
10487;a6:d7:3c:91:f4:6a;DIRECT-1E4P4AT2020-EPL530UGUtE;-71;172
10488;d8:b1:90:e1:26:ab;Free Tbaytel WiFi;-77;172
10489;d8:b1:90:e1:26:ad;eduroam;-79;172
10490;d8:b1:90:e1:26:ac;LU-Events;-78;172
10491;d8:b1:90:e1:26:af;LU-Guest;-77;172
10492;d8:b1:90:e1:26:ae;LakeheadU;-79;172
10493;80:e0:1d:ee:40:5b;Free Tbaytel WiFi;-78;172
10494;80:e0:1d:ee:40:5d;eduroam;-78;172
10495;80:e0:1d:ee:40:5c;LU-Events;-78;172
10496;80:e0:1d:ee:40:5f;LU-Guest;-78;172
10497;80:e0:1d:ee:40:5e;LakeheadU;-78;172
10498;a4:6c:2a:d4:ba:5d;eduroam;-89;172
10499;ac:7a:56:c8:62:04;;-76;172
10500;d8:b1:90:df:9f:ee;LakeheadU;-82;172
10501;d8:b1:90:df:9f:ed;eduroam;-82;172
10502;d8:b1:90:df:9f:ec;LU-Events;-82;172
10503;d8:b1:90:df:9f:eb;Free Tbaytel WiFi;-82;172
10504;d8:b1:90:df:9f:ef;LU-Guest;-82;172
10505;d8:b1:90:df:9f:e4;Free Tbaytel WiFi;-67;172
10506;d8:b1:90:df:9f:e3;LU-Events;-67;172
10507;d8:b1:90:df:9f:e2;eduroam;-68;172
10508;d8:b1:90:df:9f:e1;LakeheadU;-69;172
10509;d8:b1:90:df:9f:e0;LU-Guest;-67;172
10510;80:e0:1d:c2:bb:01;LakeheadU;-87;172
10511;ca:5a:b0:3d:73:c3;;-65;172
10512;80:e0:1d:da:42:2c;LU-Events;-89;172
10513;80:e0:1d:d9:e9:2f;LU-Guest;-85;172
10514;fa:25:51:6b:fd:58;DIRECT-1C3WqEB884084GOfC;-73;172
10515;ba:5a:b0:3d:73:b1;;-89;172
10516;80:e0:1d:c2:bb:0b;Free Tbaytel WiFi;-91;172
10517;80:e0:1d:c2:bb:0c;LU-Events;-91;172
10518;80:e0:1d:c2:bb:0f;LU-Guest;-91;172
10519;6c:5a:b0:3d:73:bf;Quanser_UVS-5G;-88;172
10520;6c:5a:b0:3d:73:c0;Quanser_UVS-5G;-71;172
10521;6c:5a:b0:3d:73:c1;Quanser_UVS;-65;172
10522;d8:b1:90:e1:26:a1;LakeheadU;-56;173
10523;d8:b1:90:e1:26:a3;LU-Events;-56;173
10524;d8:b1:90:e1:26:a0;LU-Guest;-56;173
10525;d8:b1:90:e1:26:a4;Free Tbaytel WiFi;-56;173
10526;d8:b1:90:e1:26:a2;eduroam;-57;173
10527;d8:b1:90:df:9f:e4;Free Tbaytel WiFi;-61;173
10528;d8:b1:90:df:9f:e2;eduroam;-62;173
10529;a4:6c:2a:e0:20:01;LakeheadU;-63;173
10530;a4:6c:2a:e0:20:03;LU-Events;-63;173
10531;d8:b1:90:df:9f:e1;LakeheadU;-63;173
10532;d8:b1:90:df:9f:e3;LU-Events;-63;173
10533;a4:6c:2a:e0:20:00;LU-Guest;-63;173
10534;a4:6c:2a:e0:20:04;Free Tbaytel WiFi;-63;173
10535;a4:6c:2a:e0:20:02;eduroam;-63;173
10536;d8:b1:90:df:9f:e0;LU-Guest;-63;173
10537;80:e0:1d:e6:7b:34;Free Tbaytel WiFi;-64;173
10538;80:e0:1d:e6:7b:33;LU-Events;-66;173
10539;80:e0:1d:e6:7b:31;LakeheadU;-67;173
10540;6c:5a:b0:3d:73:c1;Quanser_UVS;-67;173
10541;80:e0:1d:c2:b7:f0;LU-Guest;-67;173
10542;80:e0:1d:c2:b7:f1;LakeheadU;-67;173
10543;80:e0:1d:c2:b7:f3;LU-Events;-67;173
10544;80:e0:1d:c2:b7:f2;eduroam;-67;173
10545;80:e0:1d:c2:b7:f4;Free Tbaytel WiFi;-67;173
10546;ca:5a:b0:3d:73:c3;;-68;173
10547;6c:5a:b0:3d:73:c0;Quanser_UVS-5G;-69;173
10548;a4:6c:2a:e0:20:0b;Free Tbaytel WiFi;-69;173
10549;a6:d7:3c:91:f4:6a;DIRECT-1E4P4AT2020-EPL530UGUtE;-70;173
10550;80:e0:1d:ee:40:50;LU-Guest;-70;173
10551;a4:6c:2a:e0:20:0c;LU-Events;-71;173
10552;a4:6c:2a:e0:20:0d;eduroam;-71;173
10553;d8:b1:90:df:9f:ed;eduroam;-72;173
10554;d8:b1:90:df:9f:ec;LU-Events;-72;173
10555;a4:6c:2a:e0:20:0e;LakeheadU;-72;173
10556;a4:6c:2a:e0:20:0f;LU-Guest;-72;173
10557;d8:b1:90:df:9f:eb;Free Tbaytel WiFi;-73;173
10558;d8:b1:90:df:9f:ee;LakeheadU;-73;173
10559;d8:b1:90:df:9f:ef;LU-Guest;-73;173
10560;80:e0:1d:d9:e8:32;LU-Events;-73;173
10561;80:e0:1d:d9:e8:31;LU-Guest;-73;173
10562;80:e0:1d:d9:e8:33;Free Tbaytel WiFi;-73;173
10563;fa:25:51:6b:fd:58;DIRECT-1C3WqEB884084GOfC;-74;173
10564;d8:b1:90:e1:26:af;LU-Guest;-74;173
10565;6c:5a:b0:3d:73:bf;Quanser_UVS-5G;-75;173
10566;a4:6c:2a:d4:ba:51;LakeheadU;-75;173
10567;80:e0:1d:ee:40:5b;Free Tbaytel WiFi;-76;173
10568;d8:b1:90:e1:26:ad;eduroam;-76;173
10569;80:e0:1d:ee:40:5f;LU-Guest;-76;173
10570;d8:b1:90:e1:26:ab;Free Tbaytel WiFi;-76;173
10571;80:e0:1d:da:42:24;Free Tbaytel WiFi;-76;173
10572;a4:6c:2a:d4:ba:54;Free Tbaytel WiFi;-76;173
10573;80:e0:1d:da:42:21;LakeheadU;-76;173
10574;80:e0:1d:da:42:23;LU-Events;-76;173
10575;d8:b1:90:e1:12:b4;Free Tbaytel WiFi;-77;173
10576;d8:b1:90:e1:12:b3;LU-Events;-77;173
10577;80:e0:1d:d9:e8:3b;eduroam;-78;173
10578;ac:7a:56:c8:62:07;Free Tbaytel WiFi;-78;173
10579;d8:b1:90:e1:12:b1;LakeheadU;-78;173
10580;00:1f:33:bd:d5:34;Lab1012;-78;173
10581;80:e0:1d:c2:b7:fc;LU-Events;-79;173
10582;80:e0:1d:c2:b7:fb;Free Tbaytel WiFi;-79;173
10583;ac:7a:56:c8:62:03;LU-Guest;-79;173
10584;a4:6c:2a:d3:f4:d1;LakeheadU;-79;173
10585;80:e0:1d:e6:9b:f4;Free Tbaytel WiFi;-79;173
10586;d8:b1:90:e1:12:b2;eduroam;-79;173
10587;a4:6c:2a:d3:f4:d2;eduroam;-79;173
10588;80:e0:1d:d9:e8:3c;Free Tbaytel WiFi;-79;173
10589;80:e0:1d:c2:b7:fe;LakeheadU;-80;173
10590;80:e0:1d:d9:e9:20;LU-Guest;-80;173
10591;80:e0:1d:c1:ea:a3;LU-Events;-81;173
10592;80:e0:1d:c1:ea:a1;LakeheadU;-82;173
10593;a4:6c:2a:d3:f4:d4;Free Tbaytel WiFi;-82;173
10594;80:e0:1d:e6:7b:3b;Free Tbaytel WiFi;-82;173
10595;80:e0:1d:e6:7b:3d;eduroam;-82;173
10596;80:e0:1d:e6:7b:3e;LakeheadU;-82;173
10597;80:e0:1d:e6:7b:3f;LU-Guest;-82;173
10598;80:e0:1d:e6:7b:3c;LU-Events;-82;173
10599;80:e0:1d:d9:e9:24;Free Tbaytel WiFi;-83;173
10600;80:e0:1d:c2:b7:fd;eduroam;-83;173
10601;80:e0:1d:ee:40:5c;LU-Events;-85;173
10602;80:e0:1d:d9:e9:2c;LU-Events;-85;173
10603;80:e0:1d:d9:e9:2e;LakeheadU;-85;173
10604;80:e0:1d:e3:ca:31;LU-Guest;-86;173
10605;80:e0:1d:af:21:13;LU-Events;-87;173
10606;d8:b1:90:e1:29:db;Free Tbaytel WiFi;-88;173
10607;d8:b1:90:e1:29:dd;eduroam;-88;173
10608;80:e0:1d:d9:e8:3e;LU-Guest;-88;173
10609;80:e0:1d:af:21:11;LakeheadU;-88;173
10610;a4:6c:2a:d4:ba:5f;LU-Guest;-90;173
10611;a4:6c:2a:d4:ba:5e;LakeheadU;-90;173
10612;d8:b1:90:e1:29:df;LU-Guest;-90;173
10613;80:e0:1d:da:42:2b;Free Tbaytel WiFi;-91;173
10614;d8:b1:90:e1:29:dc;LU-Events;-91;173
10615;80:e0:1d:e3:ca:3f;LakeheadU;-91;173
10616;80:e0:1d:e6:9b:fd;eduroam;-92;173
10617;80:e0:1d:da:42:2f;LU-Guest;-92;173
10618;80:e0:1d:e6:9b:fe;LakeheadU;-93;173
10619;80:e0:1d:da:42:2d;eduroam;-93;173
10620;d8:b1:90:e1:29:dc;LU-Events;-85;174
10621;80:e0:1d:e6:7b:31;LakeheadU;-72;174
10622;80:e0:1d:e6:7b:33;LU-Events;-72;174
10623;80:e0:1d:e6:7b:3d;eduroam;-87;174
10624;80:e0:1d:e6:7b:3c;LU-Events;-86;174
10625;80:e0:1d:e6:7b:3e;LakeheadU;-86;174
10626;80:e0:1d:c2:b3:90;LU-Guest;-83;174
10627;a4:6c:2a:e0:20:01;LakeheadU;-55;174
10628;a4:6c:2a:e0:20:00;LU-Guest;-55;174
10629;a4:6c:2a:e0:20:03;LU-Events;-54;174
10630;a4:6c:2a:e0:20:02;eduroam;-56;174
10631;a4:6c:2a:e0:20:04;Free Tbaytel WiFi;-56;174
10632;a4:6c:2a:e0:20:0f;LU-Guest;-76;174
10633;a4:6c:2a:e0:20:0c;LU-Events;-76;174
10634;a4:6c:2a:e0:20:0b;Free Tbaytel WiFi;-78;174
10635;a4:6c:2a:e0:20:0e;LakeheadU;-77;174
10636;a4:6c:2a:e0:20:0d;eduroam;-77;174
10637;d8:b1:90:e1:12:b2;eduroam;-83;174
10638;d8:b1:90:e1:12:b1;LakeheadU;-83;174
10639;d8:b1:90:e1:12:b4;Free Tbaytel WiFi;-81;174
10640;d8:b1:90:e1:12:b3;LU-Events;-80;174
10641;80:e0:1d:c2:b7:f0;LU-Guest;-65;174
10642;80:e0:1d:c2:b7:f1;LakeheadU;-65;174
10643;80:e0:1d:c2:b7:f2;eduroam;-66;174
10644;80:e0:1d:c2:b7:f3;LU-Events;-65;174
10645;80:e0:1d:c2:b7:f4;Free Tbaytel WiFi;-65;174
10646;80:e0:1d:c2:b7:fb;Free Tbaytel WiFi;-80;174
10647;80:e0:1d:c2:b7:fc;LU-Events;-80;174
10648;80:e0:1d:c2:b7:fd;eduroam;-80;174
10649;80:e0:1d:c2:b7:fe;LakeheadU;-80;174
10650;80:e0:1d:d9:e8:3c;Free Tbaytel WiFi;-85;174
10651;80:e0:1d:ee:40:51;LakeheadU;-74;174
10652;80:e0:1d:ee:40:53;LU-Events;-72;174
10653;d8:b1:90:e1:26:a0;LU-Guest;-58;174
10654;d8:b1:90:e1:26:a2;eduroam;-56;174
10655;d8:b1:90:e1:26:a1;LakeheadU;-57;174
10656;d8:b1:90:e1:26:a4;Free Tbaytel WiFi;-58;174
10657;d8:b1:90:e1:26:a3;LU-Events;-58;174
10658;a6:d7:3c:91:f4:6a;DIRECT-1E4P4AT2020-EPL530UGUtE;-74;174
10659;d8:b1:90:e1:26:ab;Free Tbaytel WiFi;-64;174
10660;d8:b1:90:e1:26:ad;eduroam;-67;174
10661;d8:b1:90:e1:26:ac;LU-Events;-66;174
10662;d8:b1:90:e1:26:af;LU-Guest;-66;174
10663;d8:b1:90:e1:26:ae;LakeheadU;-65;174
10664;80:e0:1d:ee:40:5b;Free Tbaytel WiFi;-79;174
10665;80:e0:1d:ee:40:5d;eduroam;-81;174
10666;80:e0:1d:ee:40:5c;LU-Events;-78;174
10667;80:e0:1d:ee:40:5f;LU-Guest;-79;174
10668;a4:6c:2a:d4:ba:53;LU-Events;-77;174
10669;a4:6c:2a:d4:ba:51;LakeheadU;-78;174
10670;ac:7a:56:c8:62:01;LU-Events;-78;174
10671;80:e0:1d:af:1e:cc;Free Tbaytel WiFi;-93;174
10672;ac:7a:56:c8:62:05;;-79;174
10673;d8:b1:90:df:9f:ee;LakeheadU;-70;174
10674;d8:b1:90:df:9f:ed;eduroam;-70;174
10675;d8:b1:90:df:9f:ec;LU-Events;-71;174
10676;d8:b1:90:df:9f:eb;Free Tbaytel WiFi;-70;174
10677;d8:b1:90:df:9f:ef;LU-Guest;-70;174
10678;d8:b1:90:df:9f:e4;Free Tbaytel WiFi;-60;174
10679;d8:b1:90:df:9f:e3;LU-Events;-63;174
10680;d8:b1:90:df:9f:e2;eduroam;-62;174
10681;d8:b1:90:df:9f:e1;LakeheadU;-60;174
10682;d8:b1:90:df:9f:e0;LU-Guest;-61;174
10683;ca:5a:b0:3d:73:c3;;-67;174
10684;06:56:78:d0:60:49;EBF06ED2;-84;174
10685;80:e0:1d:da:42:2c;LU-Events;-93;174
10686;a4:6c:2a:d3:f4:df;LU-Guest;-89;174
10687;80:e0:1d:d9:e9:2d;eduroam;-85;174
10688;80:e0:1d:d9:e9:2e;LakeheadU;-85;174
10689;ba:5a:b0:3d:73:b1;;-83;174
10690;6c:5a:b0:3d:73:bf;Quanser_UVS-5G;-83;174
10691;6c:5a:b0:3d:73:c0;Quanser_UVS-5G;-73;174
10692;6c:5a:b0:3d:73:c1;Quanser_UVS;-67;174
10693;d8:b1:90:e1:29:d3;LU-Events;-79;174
10694;d8:b1:90:e1:29:dc;LU-Events;-85;175
10695;80:e0:1d:e6:7b:31;LakeheadU;-72;175
10696;80:e0:1d:e6:7b:33;LU-Events;-72;175
10697;80:e0:1d:e6:7b:3d;eduroam;-87;175
10698;80:e0:1d:e6:7b:3c;LU-Events;-86;175
10699;80:e0:1d:e6:7b:3e;LakeheadU;-86;175
10700;80:e0:1d:c2:b3:90;LU-Guest;-83;175
10701;a4:6c:2a:e0:20:01;LakeheadU;-55;175
10702;a4:6c:2a:e0:20:00;LU-Guest;-55;175
10703;a4:6c:2a:e0:20:03;LU-Events;-54;175
10704;a4:6c:2a:e0:20:02;eduroam;-56;175
10705;a4:6c:2a:e0:20:04;Free Tbaytel WiFi;-56;175
10706;a4:6c:2a:e0:20:0f;LU-Guest;-76;175
10707;a4:6c:2a:e0:20:0c;LU-Events;-76;175
10708;a4:6c:2a:e0:20:0b;Free Tbaytel WiFi;-78;175
10709;a4:6c:2a:e0:20:0e;LakeheadU;-77;175
10710;a4:6c:2a:e0:20:0d;eduroam;-77;175
10711;d8:b1:90:e1:12:b2;eduroam;-83;175
10712;d8:b1:90:e1:12:b1;LakeheadU;-83;175
10713;d8:b1:90:e1:12:b4;Free Tbaytel WiFi;-81;175
10714;d8:b1:90:e1:12:b3;LU-Events;-80;175
10715;80:e0:1d:c2:b7:f0;LU-Guest;-65;175
10716;80:e0:1d:c2:b7:f1;LakeheadU;-65;175
10717;80:e0:1d:c2:b7:f2;eduroam;-66;175
10718;80:e0:1d:c2:b7:f3;LU-Events;-65;175
10719;80:e0:1d:c2:b7:f4;Free Tbaytel WiFi;-65;175
10720;80:e0:1d:c2:b7:fb;Free Tbaytel WiFi;-80;175
10721;80:e0:1d:c2:b7:fc;LU-Events;-80;175
10722;80:e0:1d:c2:b7:fd;eduroam;-80;175
10723;80:e0:1d:c2:b7:fe;LakeheadU;-80;175
10724;80:e0:1d:d9:e8:3c;Free Tbaytel WiFi;-85;175
10725;80:e0:1d:ee:40:51;LakeheadU;-74;175
10726;80:e0:1d:ee:40:53;LU-Events;-72;175
10727;d8:b1:90:e1:26:a0;LU-Guest;-58;175
10728;d8:b1:90:e1:26:a2;eduroam;-56;175
10729;d8:b1:90:e1:26:a1;LakeheadU;-57;175
10730;d8:b1:90:e1:26:a4;Free Tbaytel WiFi;-58;175
10731;d8:b1:90:e1:26:a3;LU-Events;-58;175
10732;a6:d7:3c:91:f4:6a;DIRECT-1E4P4AT2020-EPL530UGUtE;-74;175
10733;d8:b1:90:e1:26:ab;Free Tbaytel WiFi;-64;175
10734;d8:b1:90:e1:26:ad;eduroam;-67;175
10735;d8:b1:90:e1:26:ac;LU-Events;-66;175
10736;d8:b1:90:e1:26:af;LU-Guest;-66;175
10737;d8:b1:90:e1:26:ae;LakeheadU;-65;175
10738;80:e0:1d:ee:40:5b;Free Tbaytel WiFi;-79;175
10739;80:e0:1d:ee:40:5d;eduroam;-81;175
10740;80:e0:1d:ee:40:5c;LU-Events;-78;175
10741;80:e0:1d:ee:40:5f;LU-Guest;-79;175
10742;a4:6c:2a:d4:ba:53;LU-Events;-77;175
10743;a4:6c:2a:d4:ba:51;LakeheadU;-78;175
10744;ac:7a:56:c8:62:01;LU-Events;-78;175
10745;80:e0:1d:af:1e:cc;Free Tbaytel WiFi;-93;175
10746;ac:7a:56:c8:62:05;;-79;175
10747;d8:b1:90:df:9f:ee;LakeheadU;-70;175
10748;d8:b1:90:df:9f:ed;eduroam;-70;175
10749;d8:b1:90:df:9f:ec;LU-Events;-71;175
10750;d8:b1:90:df:9f:eb;Free Tbaytel WiFi;-70;175
10751;d8:b1:90:df:9f:ef;LU-Guest;-70;175
10752;d8:b1:90:df:9f:e4;Free Tbaytel WiFi;-60;175
10753;d8:b1:90:df:9f:e3;LU-Events;-63;175
10754;d8:b1:90:df:9f:e2;eduroam;-62;175
10755;d8:b1:90:df:9f:e1;LakeheadU;-60;175
10756;d8:b1:90:df:9f:e0;LU-Guest;-61;175
10757;ca:5a:b0:3d:73:c3;;-67;175
10758;06:56:78:d0:60:49;EBF06ED2;-84;175
10759;80:e0:1d:da:42:2c;LU-Events;-93;175
10760;a4:6c:2a:d3:f4:df;LU-Guest;-89;175
10761;80:e0:1d:d9:e9:2d;eduroam;-85;175
10762;80:e0:1d:d9:e9:2e;LakeheadU;-85;175
10763;ba:5a:b0:3d:73:b1;;-83;175
10764;6c:5a:b0:3d:73:bf;Quanser_UVS-5G;-83;175
10765;6c:5a:b0:3d:73:c0;Quanser_UVS-5G;-73;175
10766;6c:5a:b0:3d:73:c1;Quanser_UVS;-67;175
10767;d8:b1:90:e1:29:d3;LU-Events;-79;175
10768;d8:b1:90:e1:29:dc;LU-Events;-85;176
10769;80:e0:1d:e6:7b:31;LakeheadU;-72;176
10770;80:e0:1d:e6:7b:33;LU-Events;-72;176
10771;80:e0:1d:e6:7b:3d;eduroam;-87;176
10772;80:e0:1d:e6:7b:3c;LU-Events;-86;176
10773;80:e0:1d:e6:7b:3e;LakeheadU;-86;176
10774;80:e0:1d:c2:b3:90;LU-Guest;-83;176
10775;a4:6c:2a:e0:20:01;LakeheadU;-55;176
10776;a4:6c:2a:e0:20:00;LU-Guest;-55;176
10777;a4:6c:2a:e0:20:03;LU-Events;-54;176
10778;a4:6c:2a:e0:20:02;eduroam;-56;176
10779;a4:6c:2a:e0:20:04;Free Tbaytel WiFi;-56;176
10780;a4:6c:2a:e0:20:0f;LU-Guest;-76;176
10781;a4:6c:2a:e0:20:0c;LU-Events;-76;176
10782;a4:6c:2a:e0:20:0b;Free Tbaytel WiFi;-78;176
10783;a4:6c:2a:e0:20:0e;LakeheadU;-77;176
10784;a4:6c:2a:e0:20:0d;eduroam;-77;176
10785;d8:b1:90:e1:12:b2;eduroam;-83;176
10786;d8:b1:90:e1:12:b1;LakeheadU;-83;176
10787;d8:b1:90:e1:12:b4;Free Tbaytel WiFi;-81;176
10788;d8:b1:90:e1:12:b3;LU-Events;-80;176
10789;80:e0:1d:c2:b7:f0;LU-Guest;-65;176
10790;80:e0:1d:c2:b7:f1;LakeheadU;-65;176
10791;80:e0:1d:c2:b7:f2;eduroam;-66;176
10792;80:e0:1d:c2:b7:f3;LU-Events;-65;176
10793;80:e0:1d:c2:b7:f4;Free Tbaytel WiFi;-65;176
10794;80:e0:1d:c2:b7:fb;Free Tbaytel WiFi;-80;176
10795;80:e0:1d:c2:b7:fc;LU-Events;-80;176
10796;80:e0:1d:c2:b7:fd;eduroam;-80;176
10797;80:e0:1d:c2:b7:fe;LakeheadU;-80;176
10798;80:e0:1d:d9:e8:3c;Free Tbaytel WiFi;-85;176
10799;80:e0:1d:ee:40:51;LakeheadU;-74;176
10800;80:e0:1d:ee:40:53;LU-Events;-72;176
10801;d8:b1:90:e1:26:a0;LU-Guest;-58;176
10802;d8:b1:90:e1:26:a2;eduroam;-56;176
10803;d8:b1:90:e1:26:a1;LakeheadU;-57;176
10804;d8:b1:90:e1:26:a4;Free Tbaytel WiFi;-58;176
10805;d8:b1:90:e1:26:a3;LU-Events;-58;176
10806;a6:d7:3c:91:f4:6a;DIRECT-1E4P4AT2020-EPL530UGUtE;-74;176
10807;d8:b1:90:e1:26:ab;Free Tbaytel WiFi;-64;176
10808;d8:b1:90:e1:26:ad;eduroam;-67;176
10809;d8:b1:90:e1:26:ac;LU-Events;-66;176
10810;d8:b1:90:e1:26:af;LU-Guest;-66;176
10811;d8:b1:90:e1:26:ae;LakeheadU;-65;176
10812;80:e0:1d:ee:40:5b;Free Tbaytel WiFi;-79;176
10813;80:e0:1d:ee:40:5d;eduroam;-81;176
10814;80:e0:1d:ee:40:5c;LU-Events;-78;176
10815;80:e0:1d:ee:40:5f;LU-Guest;-79;176
10816;a4:6c:2a:d4:ba:53;LU-Events;-77;176
10817;a4:6c:2a:d4:ba:51;LakeheadU;-78;176
10818;ac:7a:56:c8:62:01;LU-Events;-78;176
10819;80:e0:1d:af:1e:cc;Free Tbaytel WiFi;-93;176
10820;ac:7a:56:c8:62:05;;-79;176
10821;d8:b1:90:df:9f:ee;LakeheadU;-70;176
10822;d8:b1:90:df:9f:ed;eduroam;-70;176
10823;d8:b1:90:df:9f:ec;LU-Events;-71;176
10824;d8:b1:90:df:9f:eb;Free Tbaytel WiFi;-70;176
10825;d8:b1:90:df:9f:ef;LU-Guest;-70;176
10826;d8:b1:90:df:9f:e4;Free Tbaytel WiFi;-60;176
10827;d8:b1:90:df:9f:e3;LU-Events;-63;176
10828;d8:b1:90:df:9f:e2;eduroam;-62;176
10829;d8:b1:90:df:9f:e1;LakeheadU;-60;176
10830;d8:b1:90:df:9f:e0;LU-Guest;-61;176
10831;ca:5a:b0:3d:73:c3;;-67;176
10832;06:56:78:d0:60:49;EBF06ED2;-84;176
10833;80:e0:1d:da:42:2c;LU-Events;-93;176
10834;a4:6c:2a:d3:f4:df;LU-Guest;-89;176
10835;80:e0:1d:d9:e9:2d;eduroam;-85;176
10836;80:e0:1d:d9:e9:2e;LakeheadU;-85;176
10837;ba:5a:b0:3d:73:b1;;-83;176
10838;6c:5a:b0:3d:73:bf;Quanser_UVS-5G;-83;176
10839;6c:5a:b0:3d:73:c0;Quanser_UVS-5G;-73;176
10840;6c:5a:b0:3d:73:c1;Quanser_UVS;-67;176
10841;d8:b1:90:e1:29:d3;LU-Events;-79;176
10842;d8:b1:90:e1:29:dc;LU-Events;-86;177
10843;d8:b1:90:e1:29:de;LakeheadU;-86;177
10844;80:e0:1d:e6:7b:30;LU-Guest;-72;177
10845;80:e0:1d:e6:7b:31;LakeheadU;-68;177
10846;80:e0:1d:e6:7b:34;Free Tbaytel WiFi;-72;177
10847;80:e0:1d:e6:7b:3c;LU-Events;-91;177
10848;80:e0:1d:e6:7b:3e;LakeheadU;-91;177
10849;80:e0:1d:c2:b3:91;LakeheadU;-80;177
10850;a4:6c:2a:e0:20:01;LakeheadU;-58;177
10851;a4:6c:2a:e0:20:00;LU-Guest;-59;177
10852;a4:6c:2a:e0:20:03;LU-Events;-58;177
10853;a4:6c:2a:e0:20:02;eduroam;-59;177
10854;a4:6c:2a:e0:20:04;Free Tbaytel WiFi;-62;177
10855;a4:6c:2a:e0:20:0f;LU-Guest;-67;177
10856;a4:6c:2a:e0:20:0c;LU-Events;-66;177
10857;a4:6c:2a:e0:20:0b;Free Tbaytel WiFi;-68;177
10858;a4:6c:2a:e0:20:0e;LakeheadU;-67;177
10859;a4:6c:2a:e0:20:0d;eduroam;-67;177
10860;d8:b1:90:e1:12:b2;eduroam;-80;177
10861;d8:b1:90:e1:12:b1;LakeheadU;-81;177
10862;80:e0:1d:c2:b7:f0;LU-Guest;-65;177
10863;80:e0:1d:c2:b7:f1;LakeheadU;-66;177
10864;80:e0:1d:c2:b7:f2;eduroam;-67;177
10865;80:e0:1d:c2:b7:f3;LU-Events;-67;177
10866;80:e0:1d:c2:b7:f4;Free Tbaytel WiFi;-69;177
10867;80:e0:1d:c2:b7:fb;Free Tbaytel WiFi;-81;177
10868;80:e0:1d:c2:b7:fc;LU-Events;-81;177
10869;80:e0:1d:c2:b7:fd;eduroam;-82;177
10870;80:e0:1d:c2:b7:fe;LakeheadU;-81;177
10871;d8:b1:90:e1:26:a0;LU-Guest;-58;177
10872;d8:b1:90:e1:26:a2;eduroam;-59;177
10873;d8:b1:90:e1:26:a1;LakeheadU;-59;177
10874;d8:b1:90:e1:26:a4;Free Tbaytel WiFi;-58;177
10875;d8:b1:90:e1:26:a3;LU-Events;-57;177
10876;80:e0:1d:f0:90:d2;LU-Events;-81;177
10877;80:e0:1d:f0:90:d1;LU-Guest;-81;177
10878;a6:d7:3c:91:f4:6a;DIRECT-1E4P4AT2020-EPL530UGUtE;-75;177
10879;d8:b1:90:e1:26:ab;Free Tbaytel WiFi;-70;177
10880;d8:b1:90:e1:26:ad;eduroam;-71;177
10881;d8:b1:90:e1:26:ac;LU-Events;-71;177
10882;d8:b1:90:e1:26:af;LU-Guest;-70;177
10883;d8:b1:90:e1:26:ae;LakeheadU;-71;177
10884;80:e0:1d:ee:40:5b;Free Tbaytel WiFi;-75;177
10885;80:e0:1d:ee:40:5c;LU-Events;-75;177
10886;80:e0:1d:ee:40:5f;LU-Guest;-75;177
10887;ac:7a:56:c8:62:0c;LU-Guest;-90;177
10888;80:e0:1d:af:1e:cc;Free Tbaytel WiFi;-91;177
10889;80:e0:1d:da:42:21;LakeheadU;-80;177
10890;80:e0:1d:da:42:23;LU-Events;-78;177
10891;ac:7a:56:c8:62:08;Free Tbaytel WiFi;-91;177
10892;d8:b1:90:df:9f:ee;LakeheadU;-70;177
10893;d8:b1:90:df:9f:ed;eduroam;-70;177
10894;d8:b1:90:df:9f:ec;LU-Events;-69;177
10895;d8:b1:90:df:9f:eb;Free Tbaytel WiFi;-70;177
10896;d8:b1:90:df:9f:ef;LU-Guest;-70;177
10897;d8:b1:90:df:9f:e4;Free Tbaytel WiFi;-75;177
10898;d8:b1:90:df:9f:e3;LU-Events;-56;177
10899;d8:b1:90:df:9f:e2;eduroam;-56;177
10900;d8:b1:90:df:9f:e1;LakeheadU;-60;177
10901;d8:b1:90:df:9f:e0;LU-Guest;-56;177
10902;ca:5a:b0:3d:73:c3;;-64;177
10903;06:56:78:d0:60:49;EBF06ED2;-85;177
10904;a4:6c:2a:d3:f4:dd;eduroam;-89;177
10905;80:e0:1d:d9:e9:2d;eduroam;-87;177
10906;80:e0:1d:d9:e9:23;LU-Events;-80;177
10907;80:e0:1d:d9:e9:20;LU-Guest;-80;177
10908;80:e0:1d:d9:e9:21;LakeheadU;-81;177
10909;80:e0:1d:d9:e9:22;eduroam;-80;177
10910;6c:5a:b0:3d:73:bf;Quanser_UVS-5G;-81;177
10911;6c:5a:b0:3d:73:c0;Quanser_UVS-5G;-69;177
10912;6c:5a:b0:3d:73:c1;Quanser_UVS;-63;177
10913;d8:b1:90:e1:29:d1;LakeheadU;-76;177
10914;d8:b1:90:e1:29:d2;eduroam;-77;177
10915;d8:b1:90:e1:29:dc;LU-Events;-86;178
10916;d8:b1:90:e1:29:de;LakeheadU;-86;178
10917;80:e0:1d:e6:7b:30;LU-Guest;-72;178
10918;80:e0:1d:e6:7b:31;LakeheadU;-68;178
10919;80:e0:1d:e6:7b:34;Free Tbaytel WiFi;-72;178
10920;80:e0:1d:e6:7b:3c;LU-Events;-91;178
10921;80:e0:1d:e6:7b:3e;LakeheadU;-91;178
10922;80:e0:1d:c2:b3:91;LakeheadU;-80;178
10923;a4:6c:2a:e0:20:01;LakeheadU;-58;178
10924;a4:6c:2a:e0:20:00;LU-Guest;-59;178
10925;a4:6c:2a:e0:20:03;LU-Events;-58;178
10926;a4:6c:2a:e0:20:02;eduroam;-59;178
10927;a4:6c:2a:e0:20:04;Free Tbaytel WiFi;-62;178
10928;a4:6c:2a:e0:20:0f;LU-Guest;-67;178
10929;a4:6c:2a:e0:20:0c;LU-Events;-66;178
10930;a4:6c:2a:e0:20:0b;Free Tbaytel WiFi;-68;178
10931;a4:6c:2a:e0:20:0e;LakeheadU;-67;178
10932;a4:6c:2a:e0:20:0d;eduroam;-67;178
10933;d8:b1:90:e1:12:b2;eduroam;-80;178
10934;d8:b1:90:e1:12:b1;LakeheadU;-81;178
10935;80:e0:1d:c2:b7:f0;LU-Guest;-65;178
10936;80:e0:1d:c2:b7:f1;LakeheadU;-66;178
10937;80:e0:1d:c2:b7:f2;eduroam;-67;178
10938;80:e0:1d:c2:b7:f3;LU-Events;-67;178
10939;80:e0:1d:c2:b7:f4;Free Tbaytel WiFi;-69;178
10940;80:e0:1d:c2:b7:fb;Free Tbaytel WiFi;-81;178
10941;80:e0:1d:c2:b7:fc;LU-Events;-81;178
10942;80:e0:1d:c2:b7:fd;eduroam;-82;178
10943;80:e0:1d:c2:b7:fe;LakeheadU;-81;178
10944;d8:b1:90:e1:26:a0;LU-Guest;-58;178
10945;d8:b1:90:e1:26:a2;eduroam;-59;178
10946;d8:b1:90:e1:26:a1;LakeheadU;-59;178
10947;d8:b1:90:e1:26:a4;Free Tbaytel WiFi;-58;178
10948;d8:b1:90:e1:26:a3;LU-Events;-57;178
10949;80:e0:1d:f0:90:d2;LU-Events;-81;178
10950;80:e0:1d:f0:90:d1;LU-Guest;-81;178
10951;a6:d7:3c:91:f4:6a;DIRECT-1E4P4AT2020-EPL530UGUtE;-75;178
10952;d8:b1:90:e1:26:ab;Free Tbaytel WiFi;-70;178
10953;d8:b1:90:e1:26:ad;eduroam;-71;178
10954;d8:b1:90:e1:26:ac;LU-Events;-71;178
10955;d8:b1:90:e1:26:af;LU-Guest;-70;178
10956;d8:b1:90:e1:26:ae;LakeheadU;-71;178
10957;80:e0:1d:ee:40:5b;Free Tbaytel WiFi;-75;178
10958;80:e0:1d:ee:40:5c;LU-Events;-75;178
10959;80:e0:1d:ee:40:5f;LU-Guest;-75;178
10960;ac:7a:56:c8:62:0c;LU-Guest;-90;178
10961;80:e0:1d:af:1e:cc;Free Tbaytel WiFi;-91;178
10962;80:e0:1d:da:42:21;LakeheadU;-80;178
10963;80:e0:1d:da:42:23;LU-Events;-78;178
10964;ac:7a:56:c8:62:08;Free Tbaytel WiFi;-91;178
10965;d8:b1:90:df:9f:ee;LakeheadU;-70;178
10966;d8:b1:90:df:9f:ed;eduroam;-70;178
10967;d8:b1:90:df:9f:ec;LU-Events;-69;178
10968;d8:b1:90:df:9f:eb;Free Tbaytel WiFi;-70;178
10969;d8:b1:90:df:9f:ef;LU-Guest;-70;178
10970;d8:b1:90:df:9f:e4;Free Tbaytel WiFi;-75;178
10971;d8:b1:90:df:9f:e3;LU-Events;-56;178
10972;d8:b1:90:df:9f:e2;eduroam;-56;178
10973;d8:b1:90:df:9f:e1;LakeheadU;-60;178
10974;d8:b1:90:df:9f:e0;LU-Guest;-56;178
10975;ca:5a:b0:3d:73:c3;;-64;178
10976;06:56:78:d0:60:49;EBF06ED2;-85;178
10977;a4:6c:2a:d3:f4:dd;eduroam;-89;178
10978;80:e0:1d:d9:e9:2d;eduroam;-87;178
10979;80:e0:1d:d9:e9:23;LU-Events;-80;178
10980;80:e0:1d:d9:e9:20;LU-Guest;-80;178
10981;80:e0:1d:d9:e9:21;LakeheadU;-81;178
10982;80:e0:1d:d9:e9:22;eduroam;-80;178
10983;6c:5a:b0:3d:73:bf;Quanser_UVS-5G;-81;178
10984;6c:5a:b0:3d:73:c0;Quanser_UVS-5G;-69;178
10985;6c:5a:b0:3d:73:c1;Quanser_UVS;-63;178
10986;d8:b1:90:e1:29:d1;LakeheadU;-76;178
10987;d8:b1:90:e1:29:d2;eduroam;-77;178
10988;d8:b1:90:e1:29:dc;LU-Events;-86;179
10989;d8:b1:90:e1:29:de;LakeheadU;-86;179
10990;80:e0:1d:e6:7b:30;LU-Guest;-72;179
10991;80:e0:1d:e6:7b:31;LakeheadU;-68;179
10992;80:e0:1d:e6:7b:34;Free Tbaytel WiFi;-72;179
10993;80:e0:1d:e6:7b:3c;LU-Events;-91;179
10994;80:e0:1d:e6:7b:3e;LakeheadU;-91;179
10995;a4:6c:2a:e0:20:0f;LU-Guest;-67;179
10996;a4:6c:2a:e0:20:0c;LU-Events;-66;179
10997;a4:6c:2a:e0:20:0b;Free Tbaytel WiFi;-68;179
10998;a4:6c:2a:e0:20:0e;LakeheadU;-67;179
10999;a4:6c:2a:e0:20:0d;eduroam;-67;179
11000;80:e0:1d:c2:b7:fb;Free Tbaytel WiFi;-81;179
11001;80:e0:1d:c2:b7:fc;LU-Events;-81;179
11002;80:e0:1d:c2:b7:fd;eduroam;-82;179
11003;80:e0:1d:c2:b7:fe;LakeheadU;-81;179
11004;d8:b1:90:e1:26:ab;Free Tbaytel WiFi;-70;179
11005;d8:b1:90:e1:26:ad;eduroam;-71;179
11006;d8:b1:90:e1:26:ac;LU-Events;-71;179
11007;d8:b1:90:e1:26:af;LU-Guest;-70;179
11008;d8:b1:90:e1:26:ae;LakeheadU;-71;179
11009;80:e0:1d:ee:40:5b;Free Tbaytel WiFi;-75;179
11010;80:e0:1d:ee:40:5c;LU-Events;-75;179
11011;80:e0:1d:ee:40:5f;LU-Guest;-75;179
11012;ac:7a:56:c8:62:0c;LU-Guest;-90;179
11013;80:e0:1d:af:1e:cc;Free Tbaytel WiFi;-91;179
11014;ac:7a:56:c8:62:08;Free Tbaytel WiFi;-91;179
11015;d8:b1:90:df:9f:ee;LakeheadU;-70;179
11016;d8:b1:90:df:9f:ed;eduroam;-70;179
11017;d8:b1:90:df:9f:ec;LU-Events;-69;179
11018;d8:b1:90:df:9f:eb;Free Tbaytel WiFi;-70;179
11019;d8:b1:90:df:9f:ef;LU-Guest;-70;179
11020;ca:5a:b0:3d:73:c3;;-64;179
11021;a4:6c:2a:d3:f4:dd;eduroam;-89;179
11022;80:e0:1d:d9:e9:2d;eduroam;-87;179
11023;6c:5a:b0:3d:73:bf;Quanser_UVS-5G;-81;179
11024;6c:5a:b0:3d:73:c0;Quanser_UVS-5G;-69;179
11025;6c:5a:b0:3d:73:c1;Quanser_UVS;-63;179
11026;d8:b1:90:e1:29:d1;LakeheadU;-76;179
11027;d8:b1:90:e1:29:d2;eduroam;-77;179
11028;d8:b1:90:e1:29:dc;LU-Events;-79;180
11029;d8:b1:90:e1:29:dd;eduroam;-79;180
11030;d8:b1:90:e1:29:db;Free Tbaytel WiFi;-79;180
11031;d8:b1:90:e1:29:de;LakeheadU;-79;180
11032;80:e0:1d:e6:7b:33;LU-Events;-79;180
11033;a4:6c:2a:e0:20:01;LakeheadU;-66;180
11034;a4:6c:2a:e0:20:00;LU-Guest;-65;180
11035;a4:6c:2a:e0:20:03;LU-Events;-65;180
11036;a4:6c:2a:e0:20:02;eduroam;-64;180
11037;a4:6c:2a:e0:20:04;Free Tbaytel WiFi;-64;180
11038;00:1f:33:bd:d5:34;Lab1012;-72;180
11039;a4:6c:2a:e0:20:0f;LU-Guest;-73;180
11040;a4:6c:2a:e0:20:0c;LU-Events;-73;180
11041;a4:6c:2a:e0:20:0b;Free Tbaytel WiFi;-75;180
11042;a4:6c:2a:e0:20:0e;LakeheadU;-73;180
11043;a4:6c:2a:e0:20:0d;eduroam;-73;180
11044;d8:b1:90:e1:12:b2;eduroam;-71;180
11045;d8:b1:90:e1:12:b1;LakeheadU;-71;180
11046;d8:b1:90:e1:12:b4;Free Tbaytel WiFi;-71;180
11047;d8:b1:90:e1:12:b3;LU-Events;-72;180
11048;80:e0:1d:c2:b7:f0;LU-Guest;-64;180
11049;80:e0:1d:c2:b7:f1;LakeheadU;-64;180
11050;80:e0:1d:c2:b7:f2;eduroam;-64;180
11051;80:e0:1d:c2:b7:f3;LU-Events;-64;180
11052;80:e0:1d:c2:b7:f4;Free Tbaytel WiFi;-63;180
11053;80:e0:1d:c2:b7:ff;LU-Guest;-74;180
11054;80:e0:1d:c2:b7:fb;Free Tbaytel WiFi;-74;180
11055;80:e0:1d:c2:b7:fc;LU-Events;-74;180
11056;80:e0:1d:c2:b7:fd;eduroam;-75;180
11057;80:e0:1d:c2:b7:fe;LakeheadU;-75;180
11058;d8:b1:90:e1:12:bc;LU-Events;-88;180
11059;d8:b1:90:e1:12:be;LakeheadU;-88;180
11060;7e:a7:b0:c5:e9:67;DIRECT-cfLexmark Cheetah M-67e9;-65;180
11061;80:e0:1d:ee:40:50;LU-Guest;-72;180
11062;80:e0:1d:ee:40:51;LakeheadU;-73;180
11063;d8:b1:90:e1:26:a0;LU-Guest;-69;180
11064;d8:b1:90:e1:26:a2;eduroam;-68;180
11065;d8:b1:90:e1:26:a1;LakeheadU;-69;180
11066;d8:b1:90:e1:26:a4;Free Tbaytel WiFi;-69;180
11067;d8:b1:90:e1:26:a3;LU-Events;-68;180
11068;80:e0:1d:f0:90:d3;Free Tbaytel WiFi;-82;180
11069;d8:b1:90:e1:26:ac;LU-Events;-83;180
11070;d8:b1:90:e1:26:ae;LakeheadU;-81;180
11071;80:e0:1d:ee:40:5c;LU-Events;-79;180
11072;80:e0:1d:ee:40:5f;LU-Guest;-80;180
11073;80:e0:1d:ee:40:5e;LakeheadU;-79;180
11074;a4:6c:2a:d4:ba:53;LU-Events;-79;180
11075;a4:6c:2a:d4:ba:51;LakeheadU;-78;180
11076;80:e0:1d:e3:ca:3e;LU-Guest;-89;180
11077;80:e0:1d:e3:ca:3c;Free Tbaytel WiFi;-91;180
11078;ac:7a:56:c8:62:01;LU-Events;-77;180
11079;80:e0:1d:af:1e:cc;Free Tbaytel WiFi;-89;180
11080;d8:b1:90:df:9f:ee;LakeheadU;-60;180
11081;d8:b1:90:df:9f:ed;eduroam;-60;180
11082;d8:b1:90:df:9f:ec;LU-Events;-60;180
11083;d8:b1:90:df:9f:eb;Free Tbaytel WiFi;-60;180
11084;d8:b1:90:df:9f:ef;LU-Guest;-60;180
11085;d8:b1:90:df:9f:e4;Free Tbaytel WiFi;-45;180
11086;d8:b1:90:df:9f:e3;LU-Events;-41;180
11087;d8:b1:90:df:9f:e2;eduroam;-42;180
11088;d8:b1:90:df:9f:e1;LakeheadU;-41;180
11089;d8:b1:90:df:9f:e0;LU-Guest;-44;180
11090;ca:5a:b0:3d:73:c3;;-59;180
11091;80:e0:1d:e6:9b:f4;Free Tbaytel WiFi;-80;180
11092;80:e0:1d:e6:9b:f1;LakeheadU;-78;180
11093;80:e0:1d:e6:9b:f0;LU-Guest;-80;180
11094;80:e0:1d:e6:9b:f3;LU-Events;-80;180
11095;80:e0:1d:e6:9b:f2;eduroam;-77;180
11096;a4:6c:2a:d3:f4:df;LU-Guest;-82;180
11097;a4:6c:2a:d3:f4:dd;eduroam;-81;180
11098;80:e0:1d:d9:e9:2d;eduroam;-90;180
11099;80:e0:1d:d9:e9:2e;LakeheadU;-90;180
11100;6c:5a:b0:3d:73:bf;Quanser_UVS-5G;-78;180
11101;6c:5a:b0:3d:73:c0;Quanser_UVS-5G;-62;180
11102;6c:5a:b0:3d:73:c1;Quanser_UVS;-59;180
11103;d8:b1:90:e1:29:d0;LU-Guest;-71;180
11104;d8:b1:90:e1:29:d3;LU-Events;-71;180
11105;d8:b1:90:e1:29:d4;Free Tbaytel WiFi;-70;180
11106;d8:b1:90:e1:29:d1;LakeheadU;-73;180
11107;d8:b1:90:e1:29:d2;eduroam;-70;180
11108;d8:b1:90:e1:29:dc;LU-Events;-79;181
11109;d8:b1:90:e1:29:dd;eduroam;-79;181
11110;d8:b1:90:e1:29:db;Free Tbaytel WiFi;-79;181
11111;d8:b1:90:e1:29:de;LakeheadU;-79;181
11112;80:e0:1d:e6:7b:33;LU-Events;-79;181
11113;a4:6c:2a:e0:20:01;LakeheadU;-66;181
11114;a4:6c:2a:e0:20:00;LU-Guest;-65;181
11115;a4:6c:2a:e0:20:03;LU-Events;-65;181
11116;a4:6c:2a:e0:20:02;eduroam;-64;181
11117;a4:6c:2a:e0:20:04;Free Tbaytel WiFi;-64;181
11118;00:1f:33:bd:d5:34;Lab1012;-72;181
11119;a4:6c:2a:e0:20:0f;LU-Guest;-73;181
11120;a4:6c:2a:e0:20:0c;LU-Events;-73;181
11121;a4:6c:2a:e0:20:0b;Free Tbaytel WiFi;-75;181
11122;a4:6c:2a:e0:20:0e;LakeheadU;-73;181
11123;a4:6c:2a:e0:20:0d;eduroam;-73;181
11124;d8:b1:90:e1:12:b2;eduroam;-71;181
11125;d8:b1:90:e1:12:b1;LakeheadU;-71;181
11126;d8:b1:90:e1:12:b4;Free Tbaytel WiFi;-71;181
11127;d8:b1:90:e1:12:b3;LU-Events;-72;181
11128;80:e0:1d:c2:b7:f0;LU-Guest;-64;181
11129;80:e0:1d:c2:b7:f1;LakeheadU;-64;181
11130;80:e0:1d:c2:b7:f2;eduroam;-64;181
11131;80:e0:1d:c2:b7:f3;LU-Events;-64;181
11132;80:e0:1d:c2:b7:f4;Free Tbaytel WiFi;-63;181
11133;80:e0:1d:c2:b7:ff;LU-Guest;-74;181
11134;80:e0:1d:c2:b7:fb;Free Tbaytel WiFi;-74;181
11135;80:e0:1d:c2:b7:fc;LU-Events;-74;181
11136;80:e0:1d:c2:b7:fd;eduroam;-75;181
11137;80:e0:1d:c2:b7:fe;LakeheadU;-75;181
11138;d8:b1:90:e1:12:bc;LU-Events;-88;181
11139;d8:b1:90:e1:12:be;LakeheadU;-88;181
11140;7e:a7:b0:c5:e9:67;DIRECT-cfLexmark Cheetah M-67e9;-65;181
11141;80:e0:1d:ee:40:50;LU-Guest;-72;181
11142;80:e0:1d:ee:40:51;LakeheadU;-73;181
11143;d8:b1:90:e1:26:a0;LU-Guest;-69;181
11144;d8:b1:90:e1:26:a2;eduroam;-68;181
11145;d8:b1:90:e1:26:a1;LakeheadU;-69;181
11146;d8:b1:90:e1:26:a4;Free Tbaytel WiFi;-69;181
11147;d8:b1:90:e1:26:a3;LU-Events;-68;181
11148;80:e0:1d:f0:90:d3;Free Tbaytel WiFi;-82;181
11149;d8:b1:90:e1:26:ac;LU-Events;-83;181
11150;d8:b1:90:e1:26:ae;LakeheadU;-81;181
11151;80:e0:1d:ee:40:5c;LU-Events;-79;181
11152;80:e0:1d:ee:40:5f;LU-Guest;-80;181
11153;80:e0:1d:ee:40:5e;LakeheadU;-79;181
11154;a4:6c:2a:d4:ba:53;LU-Events;-79;181
11155;a4:6c:2a:d4:ba:51;LakeheadU;-78;181
11156;80:e0:1d:e3:ca:3e;LU-Guest;-89;181
11157;80:e0:1d:e3:ca:3c;Free Tbaytel WiFi;-91;181
11158;ac:7a:56:c8:62:01;LU-Events;-77;181
11159;80:e0:1d:af:1e:cc;Free Tbaytel WiFi;-89;181
11160;d8:b1:90:df:9f:ee;LakeheadU;-60;181
11161;d8:b1:90:df:9f:ed;eduroam;-60;181
11162;d8:b1:90:df:9f:ec;LU-Events;-60;181
11163;d8:b1:90:df:9f:eb;Free Tbaytel WiFi;-60;181
11164;d8:b1:90:df:9f:ef;LU-Guest;-60;181
11165;d8:b1:90:df:9f:e4;Free Tbaytel WiFi;-45;181
11166;d8:b1:90:df:9f:e3;LU-Events;-41;181
11167;d8:b1:90:df:9f:e2;eduroam;-42;181
11168;d8:b1:90:df:9f:e1;LakeheadU;-41;181
11169;d8:b1:90:df:9f:e0;LU-Guest;-44;181
11170;ca:5a:b0:3d:73:c3;;-59;181
11171;80:e0:1d:e6:9b:f4;Free Tbaytel WiFi;-80;181
11172;80:e0:1d:e6:9b:f1;LakeheadU;-78;181
11173;80:e0:1d:e6:9b:f0;LU-Guest;-80;181
11174;80:e0:1d:e6:9b:f3;LU-Events;-80;181
11175;80:e0:1d:e6:9b:f2;eduroam;-77;181
11176;a4:6c:2a:d3:f4:df;LU-Guest;-82;181
11177;a4:6c:2a:d3:f4:dd;eduroam;-81;181
11178;80:e0:1d:d9:e9:2d;eduroam;-90;181
11179;80:e0:1d:d9:e9:2e;LakeheadU;-90;181
11180;6c:5a:b0:3d:73:bf;Quanser_UVS-5G;-78;181
11181;6c:5a:b0:3d:73:c0;Quanser_UVS-5G;-62;181
11182;6c:5a:b0:3d:73:c1;Quanser_UVS;-59;181
11183;d8:b1:90:e1:29:d0;LU-Guest;-71;181
11184;d8:b1:90:e1:29:d3;LU-Events;-71;181
11185;d8:b1:90:e1:29:d4;Free Tbaytel WiFi;-70;181
11186;d8:b1:90:e1:29:d1;LakeheadU;-73;181
11187;d8:b1:90:e1:29:d2;eduroam;-70;181
11188;d8:b1:90:e1:29:dc;LU-Events;-79;182
11189;d8:b1:90:e1:29:dd;eduroam;-79;182
11190;d8:b1:90:e1:29:db;Free Tbaytel WiFi;-79;182
11191;d8:b1:90:e1:29:de;LakeheadU;-79;182
11192;80:e0:1d:e6:7b:33;LU-Events;-79;182
11193;a4:6c:2a:e0:20:01;LakeheadU;-66;182
11194;a4:6c:2a:e0:20:00;LU-Guest;-65;182
11195;a4:6c:2a:e0:20:03;LU-Events;-65;182
11196;a4:6c:2a:e0:20:02;eduroam;-64;182
11197;a4:6c:2a:e0:20:04;Free Tbaytel WiFi;-64;182
11198;00:1f:33:bd:d5:34;Lab1012;-72;182
11199;a4:6c:2a:e0:20:0f;LU-Guest;-73;182
11200;a4:6c:2a:e0:20:0c;LU-Events;-73;182
11201;a4:6c:2a:e0:20:0b;Free Tbaytel WiFi;-75;182
11202;a4:6c:2a:e0:20:0e;LakeheadU;-73;182
11203;a4:6c:2a:e0:20:0d;eduroam;-73;182
11204;d8:b1:90:e1:12:b2;eduroam;-71;182
11205;d8:b1:90:e1:12:b1;LakeheadU;-71;182
11206;d8:b1:90:e1:12:b4;Free Tbaytel WiFi;-71;182
11207;d8:b1:90:e1:12:b3;LU-Events;-72;182
11208;80:e0:1d:c2:b7:f0;LU-Guest;-64;182
11209;80:e0:1d:c2:b7:f1;LakeheadU;-64;182
11210;80:e0:1d:c2:b7:f2;eduroam;-64;182
11211;80:e0:1d:c2:b7:f3;LU-Events;-64;182
11212;80:e0:1d:c2:b7:f4;Free Tbaytel WiFi;-63;182
11213;80:e0:1d:c2:b7:ff;LU-Guest;-74;182
11214;80:e0:1d:c2:b7:fb;Free Tbaytel WiFi;-74;182
11215;80:e0:1d:c2:b7:fc;LU-Events;-74;182
11216;80:e0:1d:c2:b7:fd;eduroam;-75;182
11217;80:e0:1d:c2:b7:fe;LakeheadU;-75;182
11218;d8:b1:90:e1:12:bc;LU-Events;-88;182
11219;d8:b1:90:e1:12:be;LakeheadU;-88;182
11220;7e:a7:b0:c5:e9:67;DIRECT-cfLexmark Cheetah M-67e9;-65;182
11221;80:e0:1d:ee:40:50;LU-Guest;-72;182
11222;80:e0:1d:ee:40:51;LakeheadU;-73;182
11223;d8:b1:90:e1:26:a0;LU-Guest;-69;182
11224;d8:b1:90:e1:26:a2;eduroam;-68;182
11225;d8:b1:90:e1:26:a1;LakeheadU;-69;182
11226;d8:b1:90:e1:26:a4;Free Tbaytel WiFi;-69;182
11227;d8:b1:90:e1:26:a3;LU-Events;-68;182
11228;80:e0:1d:f0:90:d3;Free Tbaytel WiFi;-82;182
11229;d8:b1:90:e1:26:ac;LU-Events;-83;182
11230;d8:b1:90:e1:26:ae;LakeheadU;-81;182
11231;80:e0:1d:ee:40:5c;LU-Events;-79;182
11232;80:e0:1d:ee:40:5f;LU-Guest;-80;182
11233;80:e0:1d:ee:40:5e;LakeheadU;-79;182
11234;a4:6c:2a:d4:ba:53;LU-Events;-79;182
11235;a4:6c:2a:d4:ba:51;LakeheadU;-78;182
11236;80:e0:1d:e3:ca:3e;LU-Guest;-89;182
11237;80:e0:1d:e3:ca:3c;Free Tbaytel WiFi;-91;182
11238;ac:7a:56:c8:62:01;LU-Events;-77;182
11239;80:e0:1d:af:1e:cc;Free Tbaytel WiFi;-89;182
11240;d8:b1:90:df:9f:ee;LakeheadU;-60;182
11241;d8:b1:90:df:9f:ed;eduroam;-60;182
11242;d8:b1:90:df:9f:ec;LU-Events;-60;182
11243;d8:b1:90:df:9f:eb;Free Tbaytel WiFi;-60;182
11244;d8:b1:90:df:9f:ef;LU-Guest;-60;182
11245;d8:b1:90:df:9f:e4;Free Tbaytel WiFi;-45;182
11246;d8:b1:90:df:9f:e3;LU-Events;-41;182
11247;d8:b1:90:df:9f:e2;eduroam;-42;182
11248;d8:b1:90:df:9f:e1;LakeheadU;-41;182
11249;d8:b1:90:df:9f:e0;LU-Guest;-44;182
11250;ca:5a:b0:3d:73:c3;;-59;182
11251;80:e0:1d:e6:9b:f4;Free Tbaytel WiFi;-80;182
11252;80:e0:1d:e6:9b:f1;LakeheadU;-78;182
11253;80:e0:1d:e6:9b:f0;LU-Guest;-80;182
11254;80:e0:1d:e6:9b:f3;LU-Events;-80;182
11255;80:e0:1d:e6:9b:f2;eduroam;-77;182
11256;a4:6c:2a:d3:f4:df;LU-Guest;-82;182
11257;a4:6c:2a:d3:f4:dd;eduroam;-81;182
11258;80:e0:1d:d9:e9:2d;eduroam;-90;182
11259;80:e0:1d:d9:e9:2e;LakeheadU;-90;182
11260;6c:5a:b0:3d:73:bf;Quanser_UVS-5G;-78;182
11261;6c:5a:b0:3d:73:c0;Quanser_UVS-5G;-62;182
11262;6c:5a:b0:3d:73:c1;Quanser_UVS;-59;182
11263;d8:b1:90:e1:29:d0;LU-Guest;-71;182
11264;d8:b1:90:e1:29:d3;LU-Events;-71;182
11265;d8:b1:90:e1:29:d4;Free Tbaytel WiFi;-70;182
11266;d8:b1:90:e1:29:d1;LakeheadU;-73;182
11267;d8:b1:90:e1:29:d2;eduroam;-70;182
11268;d8:b1:90:e1:29:dc;LU-Events;-68;183
11269;d8:b1:90:e1:29:dd;eduroam;-68;183
11270;d8:b1:90:e1:29:db;Free Tbaytel WiFi;-68;183
11271;d8:b1:90:e1:29:de;LakeheadU;-68;183
11272;d8:b1:90:e1:29:df;LU-Guest;-67;183
11273;a4:6c:2a:e0:20:01;LakeheadU;-61;183
11274;a4:6c:2a:e0:20:00;LU-Guest;-60;183
11275;a4:6c:2a:e0:20:03;LU-Events;-60;183
11276;a4:6c:2a:e0:20:02;eduroam;-60;183
11277;a4:6c:2a:e0:20:04;Free Tbaytel WiFi;-60;183
11278;a4:6c:2a:e0:20:0f;LU-Guest;-72;183
11279;a4:6c:2a:e0:20:0c;LU-Events;-72;183
11280;a4:6c:2a:e0:20:0b;Free Tbaytel WiFi;-73;183
11281;a4:6c:2a:e0:20:0e;LakeheadU;-73;183
11282;a4:6c:2a:e0:20:0d;eduroam;-73;183
11283;a4:6c:2a:d4:ba:42;eduroam;-80;183
11284;a4:6c:2a:d4:ba:43;LU-Events;-80;183
11285;a4:6c:2a:d4:ba:44;Free Tbaytel WiFi;-79;183
11286;a4:6c:2a:d4:ba:41;LakeheadU;-80;183
11287;d8:b1:90:e1:12:b0;LU-Guest;-68;183
11288;d8:b1:90:e1:12:b2;eduroam;-68;183
11289;d8:b1:90:e1:12:b1;LakeheadU;-68;183
11290;d8:b1:90:e1:12:b4;Free Tbaytel WiFi;-67;183
11291;d8:b1:90:e1:12:b3;LU-Events;-70;183
11292;80:e0:1d:c2:b7:f0;LU-Guest;-64;183
11293;80:e0:1d:c2:b7:f1;LakeheadU;-63;183
11294;80:e0:1d:c2:b7:f2;eduroam;-66;183
11295;80:e0:1d:c2:b7:f3;LU-Events;-63;183
11296;80:e0:1d:c2:b7:f4;Free Tbaytel WiFi;-63;183
11297;80:e0:1d:c2:b7:ff;LU-Guest;-73;183
11298;80:e0:1d:c2:b7:fb;Free Tbaytel WiFi;-74;183
11299;80:e0:1d:c2:b7:fc;LU-Events;-72;183
11300;80:e0:1d:c2:b7:fd;eduroam;-74;183
11301;80:e0:1d:c2:b7:fe;LakeheadU;-73;183
11302;d8:b1:90:e1:12:bb;Free Tbaytel WiFi;-81;183
11303;d8:b1:90:e1:12:bd;eduroam;-81;183
11304;d8:b1:90:e1:12:bc;LU-Events;-81;183
11305;d8:b1:90:e1:12:bf;LU-Guest;-81;183
11306;d8:b1:90:e1:12:be;LakeheadU;-81;183
11307;80:e0:1d:af:21:1d;eduroam;-92;183
11308;80:e0:1d:af:21:1c;LU-Events;-92;183
11309;d8:b1:90:e1:26:a0;LU-Guest;-77;183
11310;d8:b1:90:e1:26:a4;Free Tbaytel WiFi;-76;183
11311;80:e0:1d:af:21:13;LU-Events;-74;183
11312;80:e0:1d:af:21:12;eduroam;-75;183
11313;80:e0:1d:af:21:11;LakeheadU;-75;183
11314;d8:b1:90:e1:26:af;LU-Guest;-92;183
11315;80:e0:1d:ee:40:5f;LU-Guest;-81;183
11316;a4:6c:2a:d4:ba:51;LakeheadU;-83;183
11317;02:87:64:2d:e7:33;EBF1E5E6;-79;183
11318;80:e0:1d:e3:ca:33;Free Tbaytel WiFi;-84;183
11319;80:e0:1d:e3:ca:31;LU-Guest;-84;183
11320;d8:b1:90:df:9f:ee;LakeheadU;-63;183
11321;d8:b1:90:df:9f:ed;eduroam;-63;183
11322;d8:b1:90:df:9f:ec;LU-Events;-63;183
11323;d8:b1:90:df:9f:eb;Free Tbaytel WiFi;-63;183
11324;d8:b1:90:df:9f:ef;LU-Guest;-63;183
11325;d8:b1:90:df:9f:e4;Free Tbaytel WiFi;-46;183
11326;d8:b1:90:df:9f:e3;LU-Events;-46;183
11327;d8:b1:90:df:9f:e2;eduroam;-46;183
11328;d8:b1:90:df:9f:e1;LakeheadU;-47;183
11329;d8:b1:90:df:9f:e0;LU-Guest;-46;183
11330;a4:6c:2a:d3:f4:df;LU-Guest;-82;183
11331;a4:6c:2a:d3:f4:dd;eduroam;-81;183
11332;a4:6c:2a:d3:f4:de;LakeheadU;-81;183
11333;a4:6c:2a:d3:f4:db;Free Tbaytel WiFi;-81;183
11334;a4:6c:2a:d3:f4:dc;LU-Events;-81;183
11335;a4:6c:2a:d3:f4:d0;LU-Guest;-71;183
11336;a4:6c:2a:d3:f4:d3;LU-Events;-69;183
11337;80:e0:1d:e3:c3:e2;eduroam;-78;183
11338;80:e0:1d:e3:c3:e4;Free Tbaytel WiFi;-78;183
11339;80:e0:1d:e6:79:db;Free Tbaytel WiFi;-93;183
11340;6c:5a:b0:3d:73:bf;Quanser_UVS-5G;-71;183
11341;6c:5a:b0:3d:73:c0;Quanser_UVS-5G;-64;183
11342;6c:5a:b0:3d:73:c1;Quanser_UVS;-62;183
11343;d8:b1:90:e1:29:d0;LU-Guest;-65;183
11344;d8:b1:90:e1:29:d3;LU-Events;-64;183
11345;d8:b1:90:e1:29:d4;Free Tbaytel WiFi;-65;183
11346;d8:b1:90:e1:29:d1;LakeheadU;-64;183
11347;d8:b1:90:e1:29:d2;eduroam;-65;183
11348;d8:b1:90:e1:29:dc;LU-Events;-68;184
11349;d8:b1:90:e1:29:dd;eduroam;-68;184
11350;d8:b1:90:e1:29:db;Free Tbaytel WiFi;-68;184
11351;d8:b1:90:e1:29:de;LakeheadU;-68;184
11352;d8:b1:90:e1:29:df;LU-Guest;-67;184
11353;a4:6c:2a:e0:20:01;LakeheadU;-61;184
11354;a4:6c:2a:e0:20:00;LU-Guest;-60;184
11355;a4:6c:2a:e0:20:03;LU-Events;-60;184
11356;a4:6c:2a:e0:20:02;eduroam;-60;184
11357;a4:6c:2a:e0:20:04;Free Tbaytel WiFi;-60;184
11358;a4:6c:2a:e0:20:0f;LU-Guest;-72;184
11359;a4:6c:2a:e0:20:0c;LU-Events;-72;184
11360;a4:6c:2a:e0:20:0b;Free Tbaytel WiFi;-73;184
11361;a4:6c:2a:e0:20:0e;LakeheadU;-73;184
11362;a4:6c:2a:e0:20:0d;eduroam;-73;184
11363;a4:6c:2a:d4:ba:42;eduroam;-80;184
11364;a4:6c:2a:d4:ba:43;LU-Events;-80;184
11365;a4:6c:2a:d4:ba:44;Free Tbaytel WiFi;-79;184
11366;a4:6c:2a:d4:ba:41;LakeheadU;-80;184
11367;d8:b1:90:e1:12:b0;LU-Guest;-68;184
11368;d8:b1:90:e1:12:b2;eduroam;-68;184
11369;d8:b1:90:e1:12:b1;LakeheadU;-68;184
11370;d8:b1:90:e1:12:b4;Free Tbaytel WiFi;-67;184
11371;d8:b1:90:e1:12:b3;LU-Events;-70;184
11372;80:e0:1d:c2:b7:f0;LU-Guest;-64;184
11373;80:e0:1d:c2:b7:f1;LakeheadU;-63;184
11374;80:e0:1d:c2:b7:f2;eduroam;-66;184
11375;80:e0:1d:c2:b7:f3;LU-Events;-63;184
11376;80:e0:1d:c2:b7:f4;Free Tbaytel WiFi;-63;184
11377;80:e0:1d:c2:b7:ff;LU-Guest;-73;184
11378;80:e0:1d:c2:b7:fb;Free Tbaytel WiFi;-74;184
11379;80:e0:1d:c2:b7:fc;LU-Events;-72;184
11380;80:e0:1d:c2:b7:fd;eduroam;-74;184
11381;80:e0:1d:c2:b7:fe;LakeheadU;-73;184
11382;d8:b1:90:e1:12:bb;Free Tbaytel WiFi;-81;184
11383;d8:b1:90:e1:12:bd;eduroam;-81;184
11384;d8:b1:90:e1:12:bc;LU-Events;-81;184
11385;d8:b1:90:e1:12:bf;LU-Guest;-81;184
11386;d8:b1:90:e1:12:be;LakeheadU;-81;184
11387;80:e0:1d:af:21:1d;eduroam;-92;184
11388;80:e0:1d:af:21:1c;LU-Events;-92;184
11389;d8:b1:90:e1:26:a0;LU-Guest;-77;184
11390;d8:b1:90:e1:26:a4;Free Tbaytel WiFi;-76;184
11391;80:e0:1d:af:21:13;LU-Events;-74;184
11392;80:e0:1d:af:21:12;eduroam;-75;184
11393;80:e0:1d:af:21:11;LakeheadU;-75;184
11394;d8:b1:90:e1:26:af;LU-Guest;-92;184
11395;80:e0:1d:ee:40:5f;LU-Guest;-81;184
11396;a4:6c:2a:d4:ba:51;LakeheadU;-83;184
11397;02:87:64:2d:e7:33;EBF1E5E6;-79;184
11398;80:e0:1d:e3:ca:33;Free Tbaytel WiFi;-84;184
11399;80:e0:1d:e3:ca:31;LU-Guest;-84;184
11400;d8:b1:90:df:9f:ee;LakeheadU;-63;184
11401;d8:b1:90:df:9f:ed;eduroam;-63;184
11402;d8:b1:90:df:9f:ec;LU-Events;-63;184
11403;d8:b1:90:df:9f:eb;Free Tbaytel WiFi;-63;184
11404;d8:b1:90:df:9f:ef;LU-Guest;-63;184
11405;d8:b1:90:df:9f:e4;Free Tbaytel WiFi;-46;184
11406;d8:b1:90:df:9f:e3;LU-Events;-46;184
11407;d8:b1:90:df:9f:e2;eduroam;-46;184
11408;d8:b1:90:df:9f:e1;LakeheadU;-47;184
11409;d8:b1:90:df:9f:e0;LU-Guest;-46;184
11410;a4:6c:2a:d3:f4:df;LU-Guest;-82;184
11411;a4:6c:2a:d3:f4:dd;eduroam;-81;184
11412;a4:6c:2a:d3:f4:de;LakeheadU;-81;184
11413;a4:6c:2a:d3:f4:db;Free Tbaytel WiFi;-81;184
11414;a4:6c:2a:d3:f4:dc;LU-Events;-81;184
11415;a4:6c:2a:d3:f4:d0;LU-Guest;-71;184
11416;a4:6c:2a:d3:f4:d3;LU-Events;-69;184
11417;80:e0:1d:e3:c3:e2;eduroam;-78;184
11418;80:e0:1d:e3:c3:e4;Free Tbaytel WiFi;-78;184
11419;80:e0:1d:e6:79:db;Free Tbaytel WiFi;-93;184
11420;6c:5a:b0:3d:73:bf;Quanser_UVS-5G;-71;184
11421;6c:5a:b0:3d:73:c0;Quanser_UVS-5G;-64;184
11422;6c:5a:b0:3d:73:c1;Quanser_UVS;-62;184
11423;d8:b1:90:e1:29:d0;LU-Guest;-65;184
11424;d8:b1:90:e1:29:d3;LU-Events;-64;184
11425;d8:b1:90:e1:29:d4;Free Tbaytel WiFi;-65;184
11426;d8:b1:90:e1:29:d1;LakeheadU;-64;184
11427;d8:b1:90:e1:29:d2;eduroam;-65;184
11428;d8:b1:90:e1:29:dc;LU-Events;-63;185
11429;d8:b1:90:e1:29:dd;eduroam;-63;185
11430;d8:b1:90:e1:29:db;Free Tbaytel WiFi;-63;185
11431;d8:b1:90:e1:29:de;LakeheadU;-62;185
11432;d8:b1:90:e1:29:df;LU-Guest;-64;185
11433;80:e0:1d:e6:7b:30;LU-Guest;-83;185
11434;80:e0:1d:e6:7b:32;eduroam;-82;185
11435;80:e0:1d:e6:7b:34;Free Tbaytel WiFi;-83;185
11436;a4:6c:2a:e0:20:00;LU-Guest;-67;185
11437;00:1f:33:bd:d5:34;Lab1012;-68;185
11438;a4:6c:2a:e0:20:0f;LU-Guest;-79;185
11439;a4:6c:2a:e0:20:0c;LU-Events;-79;185
11440;a4:6c:2a:e0:20:0b;Free Tbaytel WiFi;-73;185
11441;a4:6c:2a:e0:20:0e;LakeheadU;-80;185
11442;a4:6c:2a:e0:20:0d;eduroam;-80;185
11443;d8:b1:90:e1:12:b2;eduroam;-59;185
11444;d8:b1:90:e1:12:b1;LakeheadU;-59;185
11445;d8:b1:90:e1:12:b4;Free Tbaytel WiFi;-59;185
11446;d8:b1:90:e1:12:b3;LU-Events;-61;185
11447;80:e0:1d:c2:b7:f0;LU-Guest;-61;185
11448;80:e0:1d:c2:b7:f1;LakeheadU;-63;185
11449;80:e0:1d:c2:b7:f2;eduroam;-62;185
11450;80:e0:1d:c2:b7:f3;LU-Events;-62;185
11451;80:e0:1d:c2:b7:f4;Free Tbaytel WiFi;-62;185
11452;80:e0:1d:c2:b7:fb;Free Tbaytel WiFi;-81;185
11453;80:e0:1d:c2:b7:fc;LU-Events;-82;185
11454;80:e0:1d:c2:b7:fd;eduroam;-83;185
11455;80:e0:1d:c2:b7:fe;LakeheadU;-82;185
11456;d8:b1:90:e1:12:bd;eduroam;-80;185
11457;d8:b1:90:e1:12:bc;LU-Events;-80;185
11458;d8:b1:90:e1:12:be;LakeheadU;-81;185
11459;7e:a7:b0:c5:e9:67;DIRECT-cfLexmark Cheetah M-67e9;-67;185
11460;80:e0:1d:af:21:1f;LU-Guest;-90;185
11461;80:e0:1d:af:21:1b;Free Tbaytel WiFi;-91;185
11462;80:e0:1d:ee:40:50;LU-Guest;-79;185
11463;80:e0:1d:ee:40:51;LakeheadU;-79;185
11464;80:e0:1d:ee:40:54;Free Tbaytel WiFi;-78;185
11465;d8:b1:90:e1:26:a0;LU-Guest;-79;185
11466;d8:b1:90:e1:26:a1;LakeheadU;-78;185
11467;d8:b1:90:e1:26:a4;Free Tbaytel WiFi;-80;185
11468;d8:b1:90:e1:26:a3;LU-Events;-79;185
11469;80:e0:1d:af:21:14;Free Tbaytel WiFi;-71;185
11470;a4:6c:2a:d4:ba:4f;LU-Guest;-79;185
11471;a4:6c:2a:d4:ba:4b;Free Tbaytel WiFi;-78;185
11472;a4:6c:2a:d4:ba:4c;LU-Events;-79;185
11473;a4:6c:2a:d4:ba:4d;eduroam;-79;185
11474;a4:6c:2a:d4:ba:4e;LakeheadU;-78;185
11475;80:e0:1d:ee:40:5b;Free Tbaytel WiFi;-81;185
11476;80:e0:1d:ee:40:5f;LU-Guest;-81;185
11477;a4:6c:2a:d4:ba:53;LU-Events;-86;185
11478;a4:6c:2a:d4:ba:51;LakeheadU;-87;185
11479;80:e0:1d:af:1e:cc;Free Tbaytel WiFi;-88;185
11480;d8:b1:90:df:9f:ee;LakeheadU;-71;185
11481;d8:b1:90:df:9f:ed;eduroam;-70;185
11482;d8:b1:90:df:9f:ec;LU-Events;-71;185
11483;d8:b1:90:df:9f:eb;Free Tbaytel WiFi;-71;185
11484;d8:b1:90:df:9f:ef;LU-Guest;-70;185
11485;d8:b1:90:df:9f:e4;Free Tbaytel WiFi;-59;185
11486;d8:b1:90:df:9f:e3;LU-Events;-61;185
11487;d8:b1:90:df:9f:e2;eduroam;-56;185
11488;d8:b1:90:df:9f:e1;LakeheadU;-58;185
11489;d8:b1:90:df:9f:e0;LU-Guest;-59;185
11490;80:e0:1d:af:1e:c2;LU-Events;-74;185
11491;a4:6c:2a:d3:f4:df;LU-Guest;-79;185
11492;a4:6c:2a:d3:f4:db;Free Tbaytel WiFi;-79;185
11493;a4:6c:2a:d3:f4:dc;LU-Events;-78;185
11494;ba:5a:b0:3d:73:b1;;-72;185
11495;80:e0:1d:e3:c3:e0;LU-Guest;-78;185
11496;80:e0:1d:e3:c3:e3;LU-Events;-77;185
11497;10:8c:cf:44:26:b3;LU-Events;-80;185
11498;80:e0:1d:e6:79:db;Free Tbaytel WiFi;-90;185
11499;80:e0:1d:e6:79:df;LU-Guest;-90;185
11500;6c:5a:b0:3d:73:bf;Quanser_UVS-5G;-72;185
11501;6c:5a:b0:3d:73:c0;Quanser_UVS-5G;-61;185
11502;6c:5a:b0:3d:73:c1;Quanser_UVS;-56;185
11503;d8:b1:90:e1:29:d0;LU-Guest;-52;185
11504;d8:b1:90:e1:29:d3;LU-Events;-52;185
11505;d8:b1:90:e1:29:d4;Free Tbaytel WiFi;-55;185
11506;d8:b1:90:e1:29:d1;LakeheadU;-52;185
11507;d8:b1:90:e1:29:d2;eduroam;-52;185
11508;d8:b1:90:e1:29:dc;LU-Events;-63;186
11509;d8:b1:90:e1:29:dd;eduroam;-63;186
11510;d8:b1:90:e1:29:db;Free Tbaytel WiFi;-63;186
11511;d8:b1:90:e1:29:de;LakeheadU;-62;186
11512;d8:b1:90:e1:29:df;LU-Guest;-64;186
11513;80:e0:1d:e6:7b:30;LU-Guest;-83;186
11514;80:e0:1d:e6:7b:32;eduroam;-82;186
11515;80:e0:1d:e6:7b:34;Free Tbaytel WiFi;-83;186
11516;a4:6c:2a:e0:20:00;LU-Guest;-67;186
11517;00:1f:33:bd:d5:34;Lab1012;-68;186
11518;a4:6c:2a:e0:20:0f;LU-Guest;-79;186
11519;a4:6c:2a:e0:20:0c;LU-Events;-79;186
11520;a4:6c:2a:e0:20:0b;Free Tbaytel WiFi;-73;186
11521;a4:6c:2a:e0:20:0e;LakeheadU;-80;186
11522;a4:6c:2a:e0:20:0d;eduroam;-80;186
11523;d8:b1:90:e1:12:b2;eduroam;-59;186
11524;d8:b1:90:e1:12:b1;LakeheadU;-59;186
11525;d8:b1:90:e1:12:b4;Free Tbaytel WiFi;-59;186
11526;d8:b1:90:e1:12:b3;LU-Events;-61;186
11527;80:e0:1d:c2:b7:f0;LU-Guest;-61;186
11528;80:e0:1d:c2:b7:f1;LakeheadU;-63;186
11529;80:e0:1d:c2:b7:f2;eduroam;-62;186
11530;80:e0:1d:c2:b7:f3;LU-Events;-62;186
11531;80:e0:1d:c2:b7:f4;Free Tbaytel WiFi;-62;186
11532;80:e0:1d:c2:b7:fb;Free Tbaytel WiFi;-81;186
11533;80:e0:1d:c2:b7:fc;LU-Events;-82;186
11534;80:e0:1d:c2:b7:fd;eduroam;-83;186
11535;80:e0:1d:c2:b7:fe;LakeheadU;-82;186
11536;d8:b1:90:e1:12:bd;eduroam;-80;186
11537;d8:b1:90:e1:12:bc;LU-Events;-80;186
11538;d8:b1:90:e1:12:be;LakeheadU;-81;186
11539;7e:a7:b0:c5:e9:67;DIRECT-cfLexmark Cheetah M-67e9;-67;186
11540;80:e0:1d:af:21:1f;LU-Guest;-90;186
11541;80:e0:1d:af:21:1b;Free Tbaytel WiFi;-91;186
11542;80:e0:1d:ee:40:50;LU-Guest;-79;186
11543;80:e0:1d:ee:40:51;LakeheadU;-79;186
11544;80:e0:1d:ee:40:54;Free Tbaytel WiFi;-78;186
11545;d8:b1:90:e1:26:a0;LU-Guest;-79;186
11546;d8:b1:90:e1:26:a1;LakeheadU;-78;186
11547;d8:b1:90:e1:26:a4;Free Tbaytel WiFi;-80;186
11548;d8:b1:90:e1:26:a3;LU-Events;-79;186
11549;80:e0:1d:af:21:14;Free Tbaytel WiFi;-71;186
11550;a4:6c:2a:d4:ba:4f;LU-Guest;-79;186
11551;a4:6c:2a:d4:ba:4b;Free Tbaytel WiFi;-78;186
11552;a4:6c:2a:d4:ba:4c;LU-Events;-79;186
11553;a4:6c:2a:d4:ba:4d;eduroam;-79;186
11554;a4:6c:2a:d4:ba:4e;LakeheadU;-78;186
11555;80:e0:1d:ee:40:5b;Free Tbaytel WiFi;-81;186
11556;80:e0:1d:ee:40:5f;LU-Guest;-81;186
11557;a4:6c:2a:d4:ba:53;LU-Events;-86;186
11558;a4:6c:2a:d4:ba:51;LakeheadU;-87;186
11559;80:e0:1d:af:1e:cc;Free Tbaytel WiFi;-88;186
11560;d8:b1:90:df:9f:ee;LakeheadU;-71;186
11561;d8:b1:90:df:9f:ed;eduroam;-70;186
11562;d8:b1:90:df:9f:ec;LU-Events;-71;186
11563;d8:b1:90:df:9f:eb;Free Tbaytel WiFi;-71;186
11564;d8:b1:90:df:9f:ef;LU-Guest;-70;186
11565;d8:b1:90:df:9f:e4;Free Tbaytel WiFi;-59;186
11566;d8:b1:90:df:9f:e3;LU-Events;-61;186
11567;d8:b1:90:df:9f:e2;eduroam;-56;186
11568;d8:b1:90:df:9f:e1;LakeheadU;-58;186
11569;d8:b1:90:df:9f:e0;LU-Guest;-59;186
11570;80:e0:1d:af:1e:c2;LU-Events;-74;186
11571;a4:6c:2a:d3:f4:df;LU-Guest;-79;186
11572;a4:6c:2a:d3:f4:db;Free Tbaytel WiFi;-79;186
11573;a4:6c:2a:d3:f4:dc;LU-Events;-78;186
11574;ba:5a:b0:3d:73:b1;;-72;186
11575;80:e0:1d:e3:c3:e0;LU-Guest;-78;186
11576;80:e0:1d:e3:c3:e3;LU-Events;-77;186
11577;10:8c:cf:44:26:b3;LU-Events;-80;186
11578;80:e0:1d:e6:79:db;Free Tbaytel WiFi;-90;186
11579;80:e0:1d:e6:79:df;LU-Guest;-90;186
11580;6c:5a:b0:3d:73:bf;Quanser_UVS-5G;-72;186
11581;6c:5a:b0:3d:73:c0;Quanser_UVS-5G;-61;186
11582;6c:5a:b0:3d:73:c1;Quanser_UVS;-56;186
11583;d8:b1:90:e1:29:d0;LU-Guest;-52;186
11584;d8:b1:90:e1:29:d3;LU-Events;-52;186
11585;d8:b1:90:e1:29:d4;Free Tbaytel WiFi;-55;186
11586;d8:b1:90:e1:29:d1;LakeheadU;-52;186
11587;d8:b1:90:e1:29:d2;eduroam;-52;186
11588;d8:b1:90:e1:29:dc;LU-Events;-70;187
11589;d8:b1:90:e1:29:dd;eduroam;-70;187
11590;d8:b1:90:e1:29:db;Free Tbaytel WiFi;-68;187
11591;d8:b1:90:e1:29:de;LakeheadU;-70;187
11592;80:e0:1d:e6:7b:34;Free Tbaytel WiFi;-84;187
11593;a4:6c:2a:e0:20:01;LakeheadU;-63;187
11594;a4:6c:2a:e0:20:03;LU-Events;-65;187
11595;a4:6c:2a:e0:20:02;eduroam;-64;187
11596;a4:6c:2a:e0:20:04;Free Tbaytel WiFi;-63;187
11597;a4:6c:2a:e0:20:0c;LU-Events;-82;187
11598;a4:6c:2a:e0:20:0e;LakeheadU;-82;187
11599;a4:6c:2a:e0:20:0d;eduroam;-82;187
11600;a4:6c:2a:d4:ba:42;eduroam;-70;187
11601;a4:6c:2a:d4:ba:43;LU-Events;-72;187
11602;a4:6c:2a:d4:ba:41;LakeheadU;-70;187
11603;d8:b1:90:e1:12:b0;LU-Guest;-58;187
11604;d8:b1:90:e1:12:b2;eduroam;-59;187
11605;d8:b1:90:e1:12:b1;LakeheadU;-57;187
11606;d8:b1:90:e1:12:b4;Free Tbaytel WiFi;-57;187
11607;d8:b1:90:e1:12:b3;LU-Events;-58;187
11608;80:e0:1d:c2:b7:f0;LU-Guest;-66;187
11609;80:e0:1d:c2:b7:f1;LakeheadU;-66;187
11610;80:e0:1d:c2:b7:f2;eduroam;-65;187
11611;80:e0:1d:c2:b7:f3;LU-Events;-63;187
11612;80:e0:1d:c2:b7:f4;Free Tbaytel WiFi;-69;187
11613;80:e0:1d:c2:b7:ff;LU-Guest;-77;187
11614;80:e0:1d:c2:b7:fb;Free Tbaytel WiFi;-75;187
11615;80:e0:1d:c2:b7:fc;LU-Events;-76;187
11616;80:e0:1d:c2:b7:fd;eduroam;-77;187
11617;80:e0:1d:c2:b7:fe;LakeheadU;-76;187
11618;d8:b1:90:e1:12:bb;Free Tbaytel WiFi;-72;187
11619;d8:b1:90:e1:12:bd;eduroam;-74;187
11620;d8:b1:90:e1:12:bc;LU-Events;-73;187
11621;d8:b1:90:e1:12:bf;LU-Guest;-73;187
11622;d8:b1:90:e1:12:be;LakeheadU;-73;187
11623;7e:a7:b0:c5:e9:67;DIRECT-cfLexmark Cheetah M-67e9;-70;187
11624;80:e0:1d:af:21:1f;LU-Guest;-93;187
11625;80:e0:1d:af:21:10;LU-Guest;-68;187
11626;80:e0:1d:e3:c9:64;Free Tbaytel WiFi;-80;187
11627;80:e0:1d:af:21:14;Free Tbaytel WiFi;-67;187
11628;a4:6c:2a:d4:ba:4b;Free Tbaytel WiFi;-85;187
11629;a4:6c:2a:d4:ba:4d;eduroam;-87;187
11630;a4:6c:2a:d4:ba:4e;LakeheadU;-87;187
11631;80:e0:1d:ee:40:5b;Free Tbaytel WiFi;-80;187
11632;80:e0:1d:ee:40:5c;LU-Events;-79;187
11633;80:e0:1d:ee:40:5f;LU-Guest;-83;187
11634;80:e0:1d:d9:e8:34;eduroam;-84;187
11635;80:e0:1d:d9:e8:30;LakeheadU;-85;187
11636;80:e0:1d:d9:e8:32;LU-Events;-84;187
11637;80:e0:1d:e3:ca:31;LU-Guest;-86;187
11638;a4:6c:2a:d3:f2:81;LakeheadU;-81;187
11639;a4:6c:2a:d3:f2:83;LU-Events;-82;187
11640;a4:6c:2a:d3:f2:84;Free Tbaytel WiFi;-80;187
11641;80:e0:1d:af:1e:cb;eduroam;-85;187
11642;80:e0:1d:af:1e:cd;LU-Events;-88;187
11643;80:e0:1d:af:1e:cf;LakeheadU;-84;187
11644;d8:b1:90:df:9f:ee;LakeheadU;-77;187
11645;d8:b1:90:df:9f:ed;eduroam;-77;187
11646;d8:b1:90:df:9f:ec;LU-Events;-77;187
11647;d8:b1:90:df:9f:eb;Free Tbaytel WiFi;-78;187
11648;d8:b1:90:df:9f:ef;LU-Guest;-77;187
11649;d8:b1:90:df:9f:e4;Free Tbaytel WiFi;-63;187
11650;d8:b1:90:df:9f:e3;LU-Events;-63;187
11651;d8:b1:90:df:9f:e2;eduroam;-60;187
11652;d8:b1:90:df:9f:e1;LakeheadU;-62;187
11653;d8:b1:90:df:9f:e0;LU-Guest;-63;187
11654;80:e0:1d:af:1e:c0;LakeheadU;-72;187
11655;80:e0:1d:e3:c9:6f;LU-Guest;-89;187
11656;80:e0:1d:e3:c9:6b;Free Tbaytel WiFi;-90;187
11657;80:e0:1d:e3:c9:6c;LU-Events;-91;187
11658;a4:6c:2a:d3:f4:de;LakeheadU;-80;187
11659;a4:6c:2a:d3:f4:dc;LU-Events;-78;187
11660;a4:6c:2a:d3:f4:d0;LU-Guest;-69;187
11661;a4:6c:2a:d3:f4:d2;eduroam;-67;187
11662;fa:25:51:6b:fd:58;DIRECT-1C3WqEB884084GOfC;-87;187
11663;10:8c:cf:44:26:b1;LakeheadU;-78;187
11664;10:8c:cf:44:26:bb;Free Tbaytel WiFi;-93;187
11665;6c:5a:b0:3d:73:bf;Quanser_UVS-5G;-84;187
11666;6c:5a:b0:3d:73:c0;Quanser_UVS-5G;-60;187
11667;6c:5a:b0:3d:73:c1;Quanser_UVS;-58;187
11668;d8:b1:90:e1:29:d0;LU-Guest;-47;187
11669;d8:b1:90:e1:29:d3;LU-Events;-47;187
11670;d8:b1:90:e1:29:d4;Free Tbaytel WiFi;-48;187
11671;d8:b1:90:e1:29:d1;LakeheadU;-47;187
11672;d8:b1:90:e1:29:d2;eduroam;-51;187
11673;d8:b1:90:e1:29:dc;LU-Events;-66;188
11674;d8:b1:90:e1:29:dd;eduroam;-68;188
11675;d8:b1:90:e1:29:db;Free Tbaytel WiFi;-70;188
11676;d8:b1:90:e1:29:de;LakeheadU;-69;188
11677;d8:b1:90:e1:29:df;LU-Guest;-67;188
11678;a4:6c:2a:e0:20:01;LakeheadU;-74;188
11679;a4:6c:2a:e0:20:00;LU-Guest;-73;188
11680;a4:6c:2a:e0:20:03;LU-Events;-73;188
11681;a4:6c:2a:e0:20:02;eduroam;-73;188
11682;00:1f:33:bd:d5:34;Lab1012;-70;188
11683;a4:6c:2a:e0:20:0f;LU-Guest;-81;188
11684;a4:6c:2a:e0:20:0c;LU-Events;-82;188
11685;a4:6c:2a:e0:20:0b;Free Tbaytel WiFi;-81;188
11686;a4:6c:2a:e0:20:0e;LakeheadU;-81;188
11687;a4:6c:2a:e0:20:0d;eduroam;-82;188
11688;a4:6c:2a:d4:ba:43;LU-Events;-71;188
11689;a4:6c:2a:d4:ba:44;Free Tbaytel WiFi;-72;188
11690;a4:6c:2a:d4:ba:40;LU-Guest;-71;188
11691;d8:b1:90:e1:12:b0;LU-Guest;-56;188
11692;d8:b1:90:e1:12:b2;eduroam;-57;188
11693;d8:b1:90:e1:12:b1;LakeheadU;-56;188
11694;d8:b1:90:e1:12:b4;Free Tbaytel WiFi;-57;188
11695;d8:b1:90:e1:12:b3;LU-Events;-57;188
11696;80:e0:1d:c2:b7:f1;LakeheadU;-72;188
11697;80:e0:1d:c2:b7:f3;LU-Events;-70;188
11698;80:e0:1d:c2:b7:ff;LU-Guest;-80;188
11699;80:e0:1d:c2:b7:fb;Free Tbaytel WiFi;-81;188
11700;d8:b1:90:e1:12:bb;Free Tbaytel WiFi;-70;188
11701;d8:b1:90:e1:12:bd;eduroam;-70;188
11702;d8:b1:90:e1:12:bc;LU-Events;-69;188
11703;d8:b1:90:e1:12:bf;LU-Guest;-70;188
11704;d8:b1:90:e1:12:be;LakeheadU;-70;188
11705;80:e0:1d:af:21:1f;LU-Guest;-88;188
11706;80:e0:1d:af:21:1c;LU-Events;-88;188
11707;80:e0:1d:ee:40:50;LU-Guest;-77;188
11708;80:e0:1d:ee:40:52;eduroam;-77;188
11709;80:e0:1d:ee:40:51;LakeheadU;-76;188
11710;80:e0:1d:ee:40:53;LU-Events;-76;188
11711;80:e0:1d:af:21:13;LU-Events;-72;188
11712;80:e0:1d:af:21:12;eduroam;-72;188
11713;a4:6c:2a:d4:ba:4f;LU-Guest;-78;188
11714;a4:6c:2a:d4:ba:4b;Free Tbaytel WiFi;-77;188
11715;a4:6c:2a:d4:ba:4c;LU-Events;-78;188
11716;a4:6c:2a:d4:ba:4d;eduroam;-77;188
11717;a4:6c:2a:d4:ba:4e;LakeheadU;-77;188
11718;a6:d7:3c:91:b9:8e;DIRECT-1E4D4AT2015-EPL520UGUR2;-75;188
11719;80:e0:1d:ee:40:5e;LakeheadU;-82;188
11720;a4:6c:2a:d4:ba:53;LU-Events;-84;188
11721;a4:6c:2a:d3:f2:84;Free Tbaytel WiFi;-82;188
11722;80:e0:1d:af:1e:ce;LU-Guest;-86;188
11723;80:e0:1d:af:1e:cd;LU-Events;-86;188
11724;d8:b1:90:df:9f:ee;LakeheadU;-82;188
11725;d8:b1:90:df:9f:ed;eduroam;-82;188
11726;d8:b1:90:df:9f:ec;LU-Events;-82;188
11727;d8:b1:90:df:9f:eb;Free Tbaytel WiFi;-80;188
11728;d8:b1:90:df:9f:ef;LU-Guest;-83;188
11729;d8:b1:90:df:9f:e4;Free Tbaytel WiFi;-64;188
11730;d8:b1:90:df:9f:e3;LU-Events;-65;188
11731;d8:b1:90:df:9f:e2;eduroam;-65;188
11732;d8:b1:90:df:9f:e1;LakeheadU;-63;188
11733;d8:b1:90:df:9f:e0;LU-Guest;-64;188
11734;ca:5a:b0:3d:73:c3;;-59;188
11735;80:e0:1d:af:1e:c2;LU-Events;-77;188
11736;a4:6c:2a:d3:f4:dd;eduroam;-76;188
11737;a4:6c:2a:d3:f4:de;LakeheadU;-74;188
11738;a4:6c:2a:d3:f4:db;Free Tbaytel WiFi;-75;188
11739;a4:6c:2a:d3:f4:dc;LU-Events;-74;188
11740;a4:6c:2a:d3:f4:d0;LU-Guest;-66;188
11741;a4:6c:2a:d3:f4:d4;Free Tbaytel WiFi;-67;188
11742;a4:6c:2a:d3:f4:d2;eduroam;-67;188
11743;a4:6c:2a:d3:f4:d3;LU-Events;-67;188
11744;10:8c:cf:44:26:b1;LakeheadU;-77;188
11745;10:8c:cf:44:26:bb;Free Tbaytel WiFi;-89;188
11746;10:8c:cf:44:26:be;LakeheadU;-89;188
11747;10:8c:cf:44:26:bd;eduroam;-89;188
11748;10:8c:cf:44:26:bc;LU-Events;-90;188
11749;6c:5a:b0:3d:73:bf;Quanser_UVS-5G;-79;188
11750;6c:5a:b0:3d:73:c0;Quanser_UVS-5G;-66;188
11751;6c:5a:b0:3d:73:c1;Quanser_UVS;-58;188
11752;d8:b1:90:e1:29:d0;LU-Guest;-56;188
11753;d8:b1:90:e1:29:d3;LU-Events;-55;188
11754;d8:b1:90:e1:29:d4;Free Tbaytel WiFi;-55;188
11755;d8:b1:90:e1:29:d1;LakeheadU;-55;188
11756;d8:b1:90:e1:29:d2;eduroam;-56;188
11757;d8:b1:90:e1:29:dc;LU-Events;-62;189
11758;d8:b1:90:e1:29:dd;eduroam;-63;189
11759;d8:b1:90:e1:29:db;Free Tbaytel WiFi;-67;189
11760;d8:b1:90:e1:29:de;LakeheadU;-62;189
11761;d8:b1:90:e1:29:df;LU-Guest;-63;189
11762;80:e0:1d:e6:7b:33;LU-Events;-85;189
11763;a4:6c:2a:e0:20:00;LU-Guest;-66;189
11764;a4:6c:2a:e0:20:03;LU-Events;-66;189
11765;a4:6c:2a:e0:20:04;Free Tbaytel WiFi;-65;189
11766;a4:6c:2a:e0:20:0c;LU-Events;-82;189
11767;a4:6c:2a:e0:20:0b;Free Tbaytel WiFi;-81;189
11768;a4:6c:2a:e0:20:0e;LakeheadU;-82;189
11769;a4:6c:2a:e0:20:0d;eduroam;-82;189
11770;a4:6c:2a:d4:ba:43;LU-Events;-66;189
11771;a4:6c:2a:d4:ba:44;Free Tbaytel WiFi;-67;189
11772;d8:b1:90:e1:12:b0;LU-Guest;-54;189
11773;d8:b1:90:e1:12:b2;eduroam;-53;189
11774;d8:b1:90:e1:12:b1;LakeheadU;-53;189
11775;d8:b1:90:e1:12:b4;Free Tbaytel WiFi;-57;189
11776;d8:b1:90:e1:12:b3;LU-Events;-54;189
11777;80:e0:1d:c2:b7:f0;LU-Guest;-63;189
11778;80:e0:1d:c2:b7:f1;LakeheadU;-62;189
11779;80:e0:1d:c2:b7:f2;eduroam;-63;189
11780;80:e0:1d:c2:b7:f3;LU-Events;-61;189
11781;80:e0:1d:c2:b7:ff;LU-Guest;-82;189
11782;80:e0:1d:c2:b7:fb;Free Tbaytel WiFi;-83;189
11783;d8:b1:90:e1:12:bb;Free Tbaytel WiFi;-76;189
11784;d8:b1:90:e1:12:bd;eduroam;-74;189
11785;d8:b1:90:e1:12:bc;LU-Events;-75;189
11786;d8:b1:90:e1:12:bf;LU-Guest;-75;189
11787;d8:b1:90:e1:12:be;LakeheadU;-75;189
11788;80:e0:1d:af:21:1f;LU-Guest;-88;189
11789;80:e0:1d:af:21:1c;LU-Events;-88;189
11790;80:e0:1d:e3:c9:63;LU-Events;-80;189
11791;80:e0:1d:ee:40:52;eduroam;-81;189
11792;80:e0:1d:ee:40:54;Free Tbaytel WiFi;-82;189
11793;80:e0:1d:ee:40:53;LU-Events;-80;189
11794;a4:6c:2a:d4:ba:4f;LU-Guest;-78;189
11795;a4:6c:2a:d4:ba:4b;Free Tbaytel WiFi;-79;189
11796;a4:6c:2a:d4:ba:4c;LU-Events;-79;189
11797;a4:6c:2a:d4:ba:4d;eduroam;-78;189
11798;80:e0:1d:ee:40:5d;eduroam;-85;189
11799;80:e0:1d:ee:40:5f;LU-Guest;-87;189
11800;80:e0:1d:af:1e:cf;LakeheadU;-84;189
11801;d8:b1:90:df:9f:ee;LakeheadU;-77;189
11802;d8:b1:90:df:9f:ed;eduroam;-77;189
11803;d8:b1:90:df:9f:ec;LU-Events;-78;189
11804;d8:b1:90:df:9f:eb;Free Tbaytel WiFi;-77;189
11805;d8:b1:90:df:9f:ef;LU-Guest;-77;189
11806;d8:b1:90:df:9f:e4;Free Tbaytel WiFi;-58;189
11807;d8:b1:90:df:9f:e3;LU-Events;-60;189
11808;d8:b1:90:df:9f:e2;eduroam;-57;189
11809;d8:b1:90:df:9f:e1;LakeheadU;-60;189
11810;d8:b1:90:df:9f:e0;LU-Guest;-59;189
11811;80:e0:1d:af:1e:c1;LU-Guest;-76;189
11812;80:e0:1d:e3:c9:6f;LU-Guest;-91;189
11813;80:e0:1d:e3:c9:6b;Free Tbaytel WiFi;-89;189
11814;80:e0:1d:e3:c9:6c;LU-Events;-91;189
11815;a4:6c:2a:d3:f4:df;LU-Guest;-70;189
11816;a4:6c:2a:d3:f4:dd;eduroam;-71;189
11817;a4:6c:2a:d3:f4:de;LakeheadU;-71;189
11818;a4:6c:2a:d3:f4:db;Free Tbaytel WiFi;-70;189
11819;a4:6c:2a:d3:f4:dc;LU-Events;-71;189
11820;a4:6c:2a:d3:f4:d1;LakeheadU;-65;189
11821;a4:6c:2a:d3:f4:d4;Free Tbaytel WiFi;-65;189
11822;a4:6c:2a:d3:f4:d2;eduroam;-65;189
11823;a4:6c:2a:d3:f4:d3;LU-Events;-64;189
11824;ba:5a:b0:3d:73:b1;;-74;189
11825;10:8c:cf:44:26:b2;eduroam;-77;189
11826;80:e0:1d:e6:79:db;Free Tbaytel WiFi;-89;189
11827;80:e0:1d:e6:79:df;LU-Guest;-87;189
11828;10:8c:cf:44:26:bb;Free Tbaytel WiFi;-84;189
11829;10:8c:cf:44:26:bd;eduroam;-83;189
11830;10:8c:cf:44:26:bc;LU-Events;-84;189
11831;6c:5a:b0:3d:73:bf;Quanser_UVS-5G;-75;189
11832;6c:5a:b0:3d:73:c0;Quanser_UVS-5G;-65;189
11833;6c:5a:b0:3d:73:c1;Quanser_UVS;-56;189
11834;d8:b1:90:e1:29:d0;LU-Guest;-57;189
11835;d8:b1:90:e1:29:d3;LU-Events;-56;189
11836;d8:b1:90:e1:29:d4;Free Tbaytel WiFi;-56;189
11837;d8:b1:90:e1:29:d1;LakeheadU;-56;189
11838;d8:b1:90:e1:29:d2;eduroam;-56;189
11839;d8:b1:90:e1:12:b2;eduroam;-53;190
11840;d8:b1:90:e1:12:b1;LakeheadU;-53;190
11841;d8:b1:90:e1:12:b3;LU-Events;-54;190
11842;d8:b1:90:e1:12:b0;LU-Guest;-54;190
11843;6c:5a:b0:3d:73:c1;Quanser_UVS;-56;190
11844;d8:b1:90:e1:29:d2;eduroam;-56;190
11845;d8:b1:90:e1:29:d1;LakeheadU;-56;190
11846;d8:b1:90:e1:29:d3;LU-Events;-56;190
11847;d8:b1:90:e1:29:d4;Free Tbaytel WiFi;-56;190
11848;d8:b1:90:df:9f:e2;eduroam;-57;190
11849;d8:b1:90:e1:12:b4;Free Tbaytel WiFi;-57;190
11850;d8:b1:90:e1:29:d0;LU-Guest;-57;190
11851;d8:b1:90:df:9f:e4;Free Tbaytel WiFi;-58;190
11852;d8:b1:90:df:9f:e0;LU-Guest;-59;190
11853;d8:b1:90:df:9f:e1;LakeheadU;-60;190
11854;d8:b1:90:df:9f:e3;LU-Events;-60;190
11855;80:e0:1d:c2:b7:f3;LU-Events;-61;190
11856;80:e0:1d:c2:b7:f1;LakeheadU;-62;190
11857;d8:b1:90:e1:29:dc;LU-Events;-62;190
11858;d8:b1:90:e1:29:de;LakeheadU;-62;190
11859;d8:b1:90:e1:29:dd;eduroam;-63;190
11860;d8:b1:90:e1:29:df;LU-Guest;-63;190
11861;80:e0:1d:c2:b7:f0;LU-Guest;-63;190
11862;80:e0:1d:c2:b7:f2;eduroam;-63;190
11863;a4:6c:2a:d3:f4:d3;LU-Events;-64;190
11864;6c:5a:b0:3d:73:c0;Quanser_UVS-5G;-65;190
11865;a4:6c:2a:d3:f4:d2;eduroam;-65;190
11866;a4:6c:2a:d3:f4:d4;Free Tbaytel WiFi;-65;190
11867;a4:6c:2a:e0:20:04;Free Tbaytel WiFi;-65;190
11868;a4:6c:2a:d3:f4:d1;LakeheadU;-65;190
11869;a4:6c:2a:e0:20:03;LU-Events;-66;190
11870;a4:6c:2a:d4:ba:43;LU-Events;-66;190
11871;a4:6c:2a:e0:20:00;LU-Guest;-66;190
11872;d8:b1:90:e1:29:db;Free Tbaytel WiFi;-67;190
11873;a4:6c:2a:d4:ba:44;Free Tbaytel WiFi;-67;190
11874;a4:6c:2a:d3:f4:db;Free Tbaytel WiFi;-70;190
11875;a4:6c:2a:d3:f4:df;LU-Guest;-70;190
11876;a4:6c:2a:d3:f4:dc;LU-Events;-71;190
11877;a4:6c:2a:d3:f4:de;LakeheadU;-71;190
11878;a4:6c:2a:d3:f4:dd;eduroam;-71;190
11879;d8:b1:90:e1:12:bd;eduroam;-74;190
11880;ba:5a:b0:3d:73:b1;;-74;190
11881;6c:5a:b0:3d:73:bf;Quanser_UVS-5G;-75;190
11882;d8:b1:90:e1:12:be;LakeheadU;-75;190
11883;d8:b1:90:e1:12:bc;LU-Events;-75;190
11884;d8:b1:90:e1:12:bf;LU-Guest;-75;190
11885;d8:b1:90:e1:12:bb;Free Tbaytel WiFi;-76;190
11886;80:e0:1d:af:1e:c1;LU-Guest;-76;190
11887;d8:b1:90:df:9f:eb;Free Tbaytel WiFi;-77;190
11888;d8:b1:90:df:9f:ed;eduroam;-77;190
11889;d8:b1:90:df:9f:ee;LakeheadU;-77;190
11890;d8:b1:90:df:9f:ef;LU-Guest;-77;190
11891;10:8c:cf:44:26:b2;eduroam;-77;190
11892;d8:b1:90:df:9f:ec;LU-Events;-78;190
11893;a4:6c:2a:d4:ba:4d;eduroam;-78;190
11894;a4:6c:2a:d4:ba:4f;LU-Guest;-78;190
11895;a4:6c:2a:d4:ba:4b;Free Tbaytel WiFi;-79;190
11896;a4:6c:2a:d4:ba:4c;LU-Events;-79;190
11897;80:e0:1d:ee:40:53;LU-Events;-80;190
11898;80:e0:1d:e3:c9:63;LU-Events;-80;190
11899;80:e0:1d:ee:40:52;eduroam;-81;190
11900;a4:6c:2a:e0:20:0b;Free Tbaytel WiFi;-81;190
11901;a4:6c:2a:e0:20:0e;LakeheadU;-82;190
11902;a4:6c:2a:e0:20:0c;LU-Events;-82;190
11903;a4:6c:2a:e0:20:0d;eduroam;-82;190
11904;80:e0:1d:c2:b7:ff;LU-Guest;-82;190
11905;80:e0:1d:ee:40:54;Free Tbaytel WiFi;-82;190
11906;80:e0:1d:c2:b7:fb;Free Tbaytel WiFi;-83;190
11907;10:8c:cf:44:26:bd;eduroam;-83;190
11908;10:8c:cf:44:26:bb;Free Tbaytel WiFi;-84;190
11909;10:8c:cf:44:26:bc;LU-Events;-84;190
11910;80:e0:1d:af:1e:cf;LakeheadU;-84;190
11911;80:e0:1d:e6:7b:33;LU-Events;-85;190
11912;80:e0:1d:ee:40:5d;eduroam;-85;190
11913;80:e0:1d:ee:40:5f;LU-Guest;-87;190
11914;80:e0:1d:e6:79:df;LU-Guest;-87;190
11915;80:e0:1d:af:21:1f;LU-Guest;-88;190
11916;80:e0:1d:af:21:1c;LU-Events;-88;190
11917;80:e0:1d:e3:c9:6b;Free Tbaytel WiFi;-89;190
11918;80:e0:1d:e6:79:db;Free Tbaytel WiFi;-89;190
11919;80:e0:1d:e3:c9:6f;LU-Guest;-91;190
11920;80:e0:1d:e3:c9:6c;LU-Events;-91;190
11921;d8:b1:90:e1:29:dc;LU-Events;-68;191
11922;d8:b1:90:e1:29:dd;eduroam;-70;191
11923;d8:b1:90:e1:29:db;Free Tbaytel WiFi;-74;191
11924;d8:b1:90:e1:29:de;LakeheadU;-69;191
11925;d8:b1:90:e1:29:df;LU-Guest;-69;191
11926;a4:6c:2a:e0:20:01;LakeheadU;-74;191
11927;a4:6c:2a:e0:20:03;LU-Events;-74;191
11928;a4:6c:2a:e0:20:0c;LU-Events;-84;191
11929;a4:6c:2a:e0:20:0e;LakeheadU;-85;191
11930;a4:6c:2a:e0:20:0d;eduroam;-86;191
11931;a4:6c:2a:d4:ba:42;eduroam;-59;191
11932;a4:6c:2a:d4:ba:43;LU-Events;-60;191
11933;a4:6c:2a:d4:ba:44;Free Tbaytel WiFi;-59;191
11934;a4:6c:2a:d4:ba:40;LU-Guest;-60;191
11935;a4:6c:2a:d4:ba:41;LakeheadU;-58;191
11936;d8:b1:90:e1:12:b0;LU-Guest;-53;191
11937;d8:b1:90:e1:12:b2;eduroam;-56;191
11938;d8:b1:90:e1:12:b1;LakeheadU;-56;191
11939;d8:b1:90:e1:12:b4;Free Tbaytel WiFi;-56;191
11940;d8:b1:90:e1:12:b3;LU-Events;-53;191
11941;80:e0:1d:c2:b7:fb;Free Tbaytel WiFi;-87;191
11942;80:e0:1d:c2:b7:fc;LU-Events;-85;191
11943;80:e0:1d:c2:b7:fd;eduroam;-86;191
11944;80:e0:1d:c2:b7:fe;LakeheadU;-87;191
11945;d8:b1:90:e1:12:bb;Free Tbaytel WiFi;-65;191
11946;d8:b1:90:e1:12:bd;eduroam;-65;191
11947;d8:b1:90:e1:12:bc;LU-Events;-65;191
11948;d8:b1:90:e1:12:bf;LU-Guest;-65;191
11949;d8:b1:90:e1:12:be;LakeheadU;-65;191
11950;80:e0:1d:af:21:1f;LU-Guest;-89;191
11951;80:e0:1d:af:21:1c;LU-Events;-89;191
11952;80:e0:1d:af:21:10;LU-Guest;-73;191
11953;80:e0:1d:af:21:13;LU-Events;-73;191
11954;80:e0:1d:af:21:12;eduroam;-73;191
11955;a4:6c:2a:d4:ba:4f;LU-Guest;-77;191
11956;a4:6c:2a:d4:ba:4b;Free Tbaytel WiFi;-79;191
11957;a4:6c:2a:d4:ba:4c;LU-Events;-79;191
11958;a4:6c:2a:d4:ba:4d;eduroam;-79;191
11959;a4:6c:2a:d4:ba:4e;LakeheadU;-79;191
11960;80:e0:1d:ee:40:5b;Free Tbaytel WiFi;-76;191
11961;80:e0:1d:af:1e:cb;eduroam;-89;191
11962;80:e0:1d:af:1e:cd;LU-Events;-90;191
11963;80:e0:1d:af:1e:cf;LakeheadU;-91;191
11964;ac:7a:56:c8:62:03;LU-Guest;-84;191
11965;d8:b1:90:df:9f:ee;LakeheadU;-75;191
11966;d8:b1:90:df:9f:ed;eduroam;-76;191
11967;d8:b1:90:df:9f:ec;LU-Events;-76;191
11968;d8:b1:90:df:9f:eb;Free Tbaytel WiFi;-76;191
11969;d8:b1:90:df:9f:ef;LU-Guest;-76;191
11970;d8:b1:90:df:9f:e3;LU-Events;-64;191
11971;d8:b1:90:df:9f:e1;LakeheadU;-65;191
11972;80:e0:1d:af:1e:c1;LU-Guest;-79;191
11973;80:e0:1d:e3:c9:6d;eduroam;-90;191
11974;80:e0:1d:e3:c9:6e;LakeheadU;-91;191
11975;80:e0:1d:e3:c9:6f;LU-Guest;-90;191
11976;80:e0:1d:e3:c9:6b;Free Tbaytel WiFi;-90;191
11977;80:e0:1d:e3:c9:6c;LU-Events;-90;191
11978;a4:6c:2a:d3:f4:dd;eduroam;-82;191
11979;a4:6c:2a:d3:f4:de;LakeheadU;-81;191
11980;a4:6c:2a:d3:f4:dc;LU-Events;-79;191
11981;a4:6c:2a:d3:f4:d0;LU-Guest;-64;191
11982;a4:6c:2a:d3:f4:d1;LakeheadU;-62;191
11983;a4:6c:2a:d3:f4:d4;Free Tbaytel WiFi;-65;191
11984;a4:6c:2a:d3:f4:d3;LU-Events;-64;191
11985;10:8c:cf:44:26:b2;eduroam;-71;191
11986;10:8c:cf:44:26:b0;LU-Guest;-70;191
11987;10:8c:cf:44:26:b3;LU-Events;-70;191
11988;10:8c:cf:44:26:bb;Free Tbaytel WiFi;-87;191
11989;10:8c:cf:44:26:be;LakeheadU;-87;191
11990;10:8c:cf:44:26:bc;LU-Events;-87;191
11991;6c:5a:b0:3d:73:bf;Quanser_UVS-5G;-81;191
11992;6c:5a:b0:3d:73:c0;Quanser_UVS-5G;-76;191
11993;6c:5a:b0:3d:73:c1;Quanser_UVS;-60;191
11994;d8:b1:90:e1:29:d0;LU-Guest;-58;191
11995;d8:b1:90:e1:29:d3;LU-Events;-58;191
11996;d8:b1:90:e1:29:d4;Free Tbaytel WiFi;-59;191
11997;d8:b1:90:e1:29:d1;LakeheadU;-58;191
11998;d8:b1:90:e1:29:d2;eduroam;-58;191
11999;d8:b1:90:e1:29:dc;LU-Events;-68;192
12000;d8:b1:90:e1:29:dd;eduroam;-70;192
12001;d8:b1:90:e1:29:db;Free Tbaytel WiFi;-74;192
12002;d8:b1:90:e1:29:de;LakeheadU;-69;192
12003;d8:b1:90:e1:29:df;LU-Guest;-69;192
12004;a4:6c:2a:e0:20:01;LakeheadU;-74;192
12005;a4:6c:2a:e0:20:03;LU-Events;-74;192
12006;a4:6c:2a:e0:20:0c;LU-Events;-84;192
12007;a4:6c:2a:e0:20:0e;LakeheadU;-85;192
12008;a4:6c:2a:e0:20:0d;eduroam;-86;192
12009;a4:6c:2a:d4:ba:42;eduroam;-59;192
12010;a4:6c:2a:d4:ba:43;LU-Events;-60;192
12011;a4:6c:2a:d4:ba:44;Free Tbaytel WiFi;-59;192
12012;a4:6c:2a:d4:ba:40;LU-Guest;-60;192
12013;a4:6c:2a:d4:ba:41;LakeheadU;-58;192
12014;d8:b1:90:e1:12:b0;LU-Guest;-53;192
12015;d8:b1:90:e1:12:b2;eduroam;-56;192
12016;d8:b1:90:e1:12:b1;LakeheadU;-56;192
12017;d8:b1:90:e1:12:b4;Free Tbaytel WiFi;-56;192
12018;d8:b1:90:e1:12:b3;LU-Events;-53;192
12019;80:e0:1d:c2:b7:fb;Free Tbaytel WiFi;-87;192
12020;80:e0:1d:c2:b7:fc;LU-Events;-85;192
12021;80:e0:1d:c2:b7:fd;eduroam;-86;192
12022;80:e0:1d:c2:b7:fe;LakeheadU;-87;192
12023;d8:b1:90:e1:12:bb;Free Tbaytel WiFi;-65;192
12024;d8:b1:90:e1:12:bd;eduroam;-65;192
12025;d8:b1:90:e1:12:bc;LU-Events;-65;192
12026;d8:b1:90:e1:12:bf;LU-Guest;-65;192
12027;d8:b1:90:e1:12:be;LakeheadU;-65;192
12028;80:e0:1d:af:21:1f;LU-Guest;-89;192
12029;80:e0:1d:af:21:1c;LU-Events;-89;192
12030;80:e0:1d:af:21:10;LU-Guest;-73;192
12031;80:e0:1d:af:21:13;LU-Events;-73;192
12032;80:e0:1d:af:21:12;eduroam;-73;192
12033;a4:6c:2a:d4:ba:4f;LU-Guest;-77;192
12034;a4:6c:2a:d4:ba:4b;Free Tbaytel WiFi;-79;192
12035;a4:6c:2a:d4:ba:4c;LU-Events;-79;192
12036;a4:6c:2a:d4:ba:4d;eduroam;-79;192
12037;a4:6c:2a:d4:ba:4e;LakeheadU;-79;192
12038;80:e0:1d:ee:40:5b;Free Tbaytel WiFi;-76;192
12039;80:e0:1d:af:1e:cb;eduroam;-89;192
12040;80:e0:1d:af:1e:cd;LU-Events;-90;192
12041;80:e0:1d:af:1e:cf;LakeheadU;-91;192
12042;ac:7a:56:c8:62:03;LU-Guest;-84;192
12043;d8:b1:90:df:9f:ee;LakeheadU;-75;192
12044;d8:b1:90:df:9f:ed;eduroam;-76;192
12045;d8:b1:90:df:9f:ec;LU-Events;-76;192
12046;d8:b1:90:df:9f:eb;Free Tbaytel WiFi;-76;192
12047;d8:b1:90:df:9f:ef;LU-Guest;-76;192
12048;d8:b1:90:df:9f:e3;LU-Events;-64;192
12049;d8:b1:90:df:9f:e1;LakeheadU;-65;192
12050;80:e0:1d:af:1e:c1;LU-Guest;-79;192
12051;80:e0:1d:e3:c9:6d;eduroam;-90;192
12052;80:e0:1d:e3:c9:6e;LakeheadU;-91;192
12053;80:e0:1d:e3:c9:6f;LU-Guest;-90;192
12054;80:e0:1d:e3:c9:6b;Free Tbaytel WiFi;-90;192
12055;80:e0:1d:e3:c9:6c;LU-Events;-90;192
12056;a4:6c:2a:d3:f4:dd;eduroam;-82;192
12057;a4:6c:2a:d3:f4:de;LakeheadU;-81;192
12058;a4:6c:2a:d3:f4:dc;LU-Events;-79;192
12059;a4:6c:2a:d3:f4:d0;LU-Guest;-64;192
12060;a4:6c:2a:d3:f4:d1;LakeheadU;-62;192
12061;a4:6c:2a:d3:f4:d4;Free Tbaytel WiFi;-65;192
12062;a4:6c:2a:d3:f4:d3;LU-Events;-64;192
12063;10:8c:cf:44:26:b2;eduroam;-71;192
12064;10:8c:cf:44:26:b0;LU-Guest;-70;192
12065;10:8c:cf:44:26:b3;LU-Events;-70;192
12066;10:8c:cf:44:26:bb;Free Tbaytel WiFi;-87;192
12067;10:8c:cf:44:26:be;LakeheadU;-87;192
12068;10:8c:cf:44:26:bc;LU-Events;-87;192
12069;6c:5a:b0:3d:73:bf;Quanser_UVS-5G;-81;192
12070;6c:5a:b0:3d:73:c0;Quanser_UVS-5G;-76;192
12071;6c:5a:b0:3d:73:c1;Quanser_UVS;-60;192
12072;d8:b1:90:e1:29:d0;LU-Guest;-58;192
12073;d8:b1:90:e1:29:d3;LU-Events;-58;192
12074;d8:b1:90:e1:29:d4;Free Tbaytel WiFi;-59;192
12075;d8:b1:90:e1:29:d1;LakeheadU;-58;192
12076;d8:b1:90:e1:29:d2;eduroam;-58;192
12077;d8:b1:90:e1:29:dc;LU-Events;-72;193
12078;d8:b1:90:e1:29:dd;eduroam;-74;193
12079;d8:b1:90:e1:29:db;Free Tbaytel WiFi;-62;193
12080;d8:b1:90:e1:29:de;LakeheadU;-73;193
12081;a4:6c:2a:e0:20:00;LU-Guest;-79;193
12082;a4:6c:2a:e0:20:0f;LU-Guest;-83;193
12083;a4:6c:2a:e0:20:0c;LU-Events;-83;193
12084;a4:6c:2a:e0:20:0b;Free Tbaytel WiFi;-83;193
12085;a4:6c:2a:e0:20:0d;eduroam;-83;193
12086;a4:6c:2a:d4:ba:42;eduroam;-80;193
12087;a4:6c:2a:d4:ba:43;LU-Events;-80;193
12088;a4:6c:2a:d4:ba:44;Free Tbaytel WiFi;-80;193
12089;a4:6c:2a:d4:ba:40;LU-Guest;-80;193
12090;a4:6c:2a:d4:ba:41;LakeheadU;-80;193
12091;d8:b1:90:e1:12:b0;LU-Guest;-66;193
12092;d8:b1:90:e1:12:b2;eduroam;-67;193
12093;d8:b1:90:e1:12:b1;LakeheadU;-66;193
12094;d8:b1:90:e1:12:b4;Free Tbaytel WiFi;-67;193
12095;d8:b1:90:e1:12:b3;LU-Events;-67;193
12096;80:e0:1d:c2:b7:f0;LU-Guest;-78;193
12097;80:e0:1d:c2:b7:f1;LakeheadU;-77;193
12098;80:e0:1d:c2:b7:f2;eduroam;-78;193
12099;80:e0:1d:c2:b7:f3;LU-Events;-79;193
12100;80:e0:1d:c2:b7:f4;Free Tbaytel WiFi;-78;193
12101;80:e0:1d:c2:b7:ff;LU-Guest;-85;193
12102;80:e0:1d:c2:b7:fb;Free Tbaytel WiFi;-88;193
12103;80:e0:1d:c2:b7:fc;LU-Events;-86;193
12104;d8:b1:90:e1:12:bb;Free Tbaytel WiFi;-77;193
12105;d8:b1:90:e1:12:bd;eduroam;-76;193
12106;d8:b1:90:e1:12:bc;LU-Events;-76;193
12107;d8:b1:90:e1:12:bf;LU-Guest;-77;193
12108;d8:b1:90:e1:12:be;LakeheadU;-76;193
12109;80:e0:1d:ee:40:50;LU-Guest;-78;193
12110;80:e0:1d:ee:40:54;Free Tbaytel WiFi;-77;193
12111;80:e0:1d:ee:40:53;LU-Events;-79;193
12112;80:e0:1d:af:21:12;eduroam;-83;193
12113;a4:6c:2a:d4:ba:4f;LU-Guest;-93;193
12114;a4:6c:2a:d4:ba:4d;eduroam;-90;193
12115;a6:d7:3c:91:b9:8e;DIRECT-1E4D4AT2015-EPL520UGUR2;-85;193
12116;80:e0:1d:ee:40:5c;LU-Events;-77;193
12117;80:e0:1d:ee:40:5f;LU-Guest;-79;193
12118;80:e0:1d:ee:40:5e;LakeheadU;-80;193
12119;a4:6c:2a:d4:ba:53;LU-Events;-88;193
12120;80:e0:1d:af:1e:cc;Free Tbaytel WiFi;-91;193
12121;80:e0:1d:af:1e:ce;LU-Guest;-92;193
12122;d8:b1:90:df:9f:ee;LakeheadU;-76;193
12123;d8:b1:90:df:9f:ed;eduroam;-76;193
12124;d8:b1:90:df:9f:ec;LU-Events;-76;193
12125;d8:b1:90:df:9f:eb;Free Tbaytel WiFi;-76;193
12126;d8:b1:90:df:9f:ef;LU-Guest;-77;193
12127;d8:b1:90:df:9f:e3;LU-Events;-68;193
12128;d8:b1:90:df:9f:e1;LakeheadU;-69;193
12129;80:e0:1d:af:1e:c2;LU-Events;-84;193
12130;a4:6c:2a:d3:f4:dc;LU-Events;-87;193
12131;a4:6c:2a:d3:f4:d0;LU-Guest;-78;193
12132;a4:6c:2a:d3:f4:d1;LakeheadU;-78;193
12133;a4:6c:2a:d3:f4:d4;Free Tbaytel WiFi;-78;193
12134;a4:6c:2a:d3:f4:d2;eduroam;-78;193
12135;a4:6c:2a:d3:f4:d3;LU-Events;-80;193
12136;10:8c:cf:44:26:b4;Free Tbaytel WiFi;-85;193
12137;10:8c:cf:44:26:b3;LU-Events;-86;193
12138;10:8c:cf:44:26:be;LakeheadU;-91;193
12139;10:8c:cf:44:26:bd;eduroam;-91;193
12140;6c:5a:b0:3d:73:bf;Quanser_UVS-5G;-88;193
12141;6c:5a:b0:3d:73:c0;Quanser_UVS-5G;-79;193
12142;6c:5a:b0:3d:73:c1;Quanser_UVS;-67;193
12143;d8:b1:90:e1:29:d0;LU-Guest;-65;193
12144;d8:b1:90:e1:29:d3;LU-Events;-65;193
12145;d8:b1:90:e1:29:d4;Free Tbaytel WiFi;-65;193
12146;d8:b1:90:e1:29:d1;LakeheadU;-66;193
12147;d8:b1:90:e1:29:d2;eduroam;-66;193
12148;d8:b1:90:e1:29:dc;LU-Events;-62;194
12149;d8:b1:90:e1:29:dd;eduroam;-63;194
12150;d8:b1:90:e1:29:db;Free Tbaytel WiFi;-63;194
12151;d8:b1:90:e1:29:de;LakeheadU;-63;194
12152;d8:b1:90:e1:29:df;LU-Guest;-63;194
12153;a4:6c:2a:e0:20:01;LakeheadU;-75;194
12154;a4:6c:2a:e0:20:00;LU-Guest;-78;194
12155;a4:6c:2a:e0:20:03;LU-Events;-73;194
12156;00:1f:33:bd:d5:34;Lab1012;-73;194
12157;a4:6c:2a:e0:20:0f;LU-Guest;-85;194
12158;a4:6c:2a:e0:20:0c;LU-Events;-88;194
12159;a4:6c:2a:e0:20:0b;Free Tbaytel WiFi;-86;194
12160;a4:6c:2a:e0:20:0e;LakeheadU;-88;194
12161;a4:6c:2a:e0:20:0d;eduroam;-89;194
12162;a4:6c:2a:d4:ba:42;eduroam;-55;194
12163;a4:6c:2a:d4:ba:43;LU-Events;-56;194
12164;a4:6c:2a:d4:ba:44;Free Tbaytel WiFi;-57;194
12165;a4:6c:2a:d4:ba:40;LU-Guest;-56;194
12166;a4:6c:2a:d4:ba:41;LakeheadU;-57;194
12167;d8:b1:90:e1:12:b0;LU-Guest;-42;194
12168;d8:b1:90:e1:12:b2;eduroam;-46;194
12169;d8:b1:90:e1:12:b1;LakeheadU;-46;194
12170;d8:b1:90:e1:12:b4;Free Tbaytel WiFi;-43;194
12171;d8:b1:90:e1:12:b3;LU-Events;-46;194
12172;80:e0:1d:c2:b7:f3;LU-Events;-74;194
12173;80:e0:1d:c2:b7:f4;Free Tbaytel WiFi;-74;194
12174;80:e0:1d:c2:b7:ff;LU-Guest;-89;194
12175;80:e0:1d:c2:b7:fb;Free Tbaytel WiFi;-88;194
12176;80:e0:1d:c2:b7:fc;LU-Events;-88;194
12177;80:e0:1d:c2:b7:fd;eduroam;-88;194
12178;d8:b1:90:e1:12:bb;Free Tbaytel WiFi;-58;194
12179;d8:b1:90:e1:12:bd;eduroam;-57;194
12180;d8:b1:90:e1:12:bc;LU-Events;-58;194
12181;d8:b1:90:e1:12:bf;LU-Guest;-58;194
12182;d8:b1:90:e1:12:be;LakeheadU;-58;194
12183;80:e0:1d:af:21:1f;LU-Guest;-85;194
12184;80:e0:1d:af:21:1e;LakeheadU;-85;194
12185;80:e0:1d:af:21:1d;eduroam;-86;194
12186;80:e0:1d:af:21:1c;LU-Events;-85;194
12187;80:e0:1d:af:21:1b;Free Tbaytel WiFi;-84;194
12188;80:e0:1d:af:21:10;LU-Guest;-59;194
12189;80:e0:1d:e3:c9:64;Free Tbaytel WiFi;-71;194
12190;80:e0:1d:e3:c9:60;LU-Guest;-72;194
12191;80:e0:1d:e3:c9:61;LakeheadU;-76;194
12192;80:e0:1d:e3:c9:62;eduroam;-72;194
12193;80:e0:1d:e3:c9:63;LU-Events;-74;194
12194;80:e0:1d:ee:40:50;LU-Guest;-78;194
12195;80:e0:1d:ee:40:52;eduroam;-84;194
12196;80:e0:1d:ee:40:54;Free Tbaytel WiFi;-77;194
12197;80:e0:1d:ee:40:53;LU-Events;-79;194
12198;80:e0:1d:af:21:14;Free Tbaytel WiFi;-60;194
12199;80:e0:1d:af:21:13;LU-Events;-60;194
12200;80:e0:1d:af:21:12;eduroam;-61;194
12201;a4:6c:2a:d4:ba:4f;LU-Guest;-72;194
12202;a4:6c:2a:d4:ba:4b;Free Tbaytel WiFi;-72;194
12203;a4:6c:2a:d4:ba:4c;LU-Events;-72;194
12204;a4:6c:2a:d4:ba:4d;eduroam;-72;194
12205;a4:6c:2a:d4:ba:4e;LakeheadU;-72;194
12206;80:e0:1d:ee:40:5c;LU-Events;-77;194
12207;80:e0:1d:ee:40:5f;LU-Guest;-79;194
12208;80:e0:1d:ee:40:5e;LakeheadU;-80;194
12209;a4:6c:2a:d4:ba:53;LU-Events;-88;194
12210;02:87:64:2d:e7:33;EBF1E5E6;-66;194
12211;a4:6c:2a:d3:f2:83;LU-Events;-82;194
12212;80:e0:1d:af:1e:cc;Free Tbaytel WiFi;-91;194
12213;80:e0:1d:af:1e:ce;LU-Guest;-92;194
12214;d8:b1:90:df:9f:ee;LakeheadU;-76;194
12215;d8:b1:90:df:9f:ed;eduroam;-76;194
12216;d8:b1:90:df:9f:ec;LU-Events;-85;194
12217;d8:b1:90:df:9f:eb;Free Tbaytel WiFi;-76;194
12218;d8:b1:90:df:9f:ef;LU-Guest;-87;194
12219;d8:b1:90:df:9f:e3;LU-Events;-65;194
12220;d8:b1:90:df:9f:e1;LakeheadU;-65;194
12221;d8:b1:90:df:9f:e0;LU-Guest;-67;194
12222;ca:5a:b0:3d:73:c3;;-55;194
12223;80:e0:1d:af:1e:c1;LU-Guest;-78;194
12224;80:e0:1d:af:1e:c3;Free Tbaytel WiFi;-79;194
12225;80:e0:1d:af:1e:c2;LU-Events;-77;194
12226;80:e0:1d:af:1e:c4;eduroam;-78;194
12227;80:e0:1d:e3:c9:6f;LU-Guest;-90;194
12228;80:e0:1d:e3:c9:6b;Free Tbaytel WiFi;-89;194
12229;a4:6c:2a:d3:f4:df;LU-Guest;-79;194
12230;a4:6c:2a:d3:f4:dd;eduroam;-80;194
12231;a4:6c:2a:d3:f4:de;LakeheadU;-81;194
12232;a4:6c:2a:d3:f4:db;Free Tbaytel WiFi;-79;194
12233;a4:6c:2a:d3:f4:dc;LU-Events;-79;194
12234;a4:6c:2a:d3:f4:d0;LU-Guest;-64;194
12235;a4:6c:2a:d3:f4:d1;LakeheadU;-64;194
12236;a4:6c:2a:d3:f4:d4;Free Tbaytel WiFi;-64;194
12237;a4:6c:2a:d3:f4:d2;eduroam;-65;194
12238;a4:6c:2a:d3:f4:d3;LU-Events;-64;194
12239;ba:5a:b0:3d:73:b1;;-83;194
12240;80:e0:1d:e3:c3:e3;LU-Events;-81;194
12241;80:e0:1d:e6:79:d4;Free Tbaytel WiFi;-81;194
12242;10:8c:cf:44:26:b2;eduroam;-63;194
12243;10:8c:cf:44:26:b1;LakeheadU;-62;194
12244;10:8c:cf:44:26:b0;LU-Guest;-63;194
12245;10:8c:cf:44:26:b4;Free Tbaytel WiFi;-63;194
12246;10:8c:cf:44:26:b3;LU-Events;-63;194
12247;10:8c:cf:44:26:be;LakeheadU;-81;194
12248;10:8c:cf:44:26:bd;eduroam;-81;194
12249;10:8c:cf:44:26:bc;LU-Events;-81;194
12250;6c:5a:b0:3d:73:bf;Quanser_UVS-5G;-84;194
12251;6c:5a:b0:3d:73:c0;Quanser_UVS-5G;-76;194
12252;6c:5a:b0:3d:73:c1;Quanser_UVS;-62;194
12253;d8:b1:90:e1:29:d0;LU-Guest;-54;194
12254;d8:b1:90:e1:29:d3;LU-Events;-55;194
12255;d8:b1:90:e1:29:d4;Free Tbaytel WiFi;-55;194
12256;d8:b1:90:e1:29:d1;LakeheadU;-55;194
12257;d8:b1:90:e1:29:d2;eduroam;-55;194
12258;d8:b1:90:e1:29:dc;LU-Events;-62;195
12259;d8:b1:90:e1:29:dd;eduroam;-63;195
12260;d8:b1:90:e1:29:db;Free Tbaytel WiFi;-63;195
12261;d8:b1:90:e1:29:de;LakeheadU;-63;195
12262;d8:b1:90:e1:29:df;LU-Guest;-63;195
12263;a4:6c:2a:e0:20:01;LakeheadU;-75;195
12264;a4:6c:2a:e0:20:00;LU-Guest;-78;195
12265;a4:6c:2a:e0:20:03;LU-Events;-73;195
12266;00:1f:33:bd:d5:34;Lab1012;-73;195
12267;a4:6c:2a:e0:20:0f;LU-Guest;-85;195
12268;a4:6c:2a:e0:20:0c;LU-Events;-88;195
12269;a4:6c:2a:e0:20:0b;Free Tbaytel WiFi;-86;195
12270;a4:6c:2a:e0:20:0e;LakeheadU;-88;195
12271;a4:6c:2a:e0:20:0d;eduroam;-89;195
12272;a4:6c:2a:d4:ba:42;eduroam;-55;195
12273;a4:6c:2a:d4:ba:43;LU-Events;-56;195
12274;a4:6c:2a:d4:ba:44;Free Tbaytel WiFi;-57;195
12275;a4:6c:2a:d4:ba:40;LU-Guest;-56;195
12276;a4:6c:2a:d4:ba:41;LakeheadU;-57;195
12277;d8:b1:90:e1:12:b0;LU-Guest;-42;195
12278;d8:b1:90:e1:12:b2;eduroam;-46;195
12279;d8:b1:90:e1:12:b1;LakeheadU;-46;195
12280;d8:b1:90:e1:12:b4;Free Tbaytel WiFi;-43;195
12281;d8:b1:90:e1:12:b3;LU-Events;-46;195
12282;80:e0:1d:c2:b7:f3;LU-Events;-74;195
12283;80:e0:1d:c2:b7:f4;Free Tbaytel WiFi;-74;195
12284;80:e0:1d:c2:b7:ff;LU-Guest;-89;195
12285;80:e0:1d:c2:b7:fb;Free Tbaytel WiFi;-88;195
12286;80:e0:1d:c2:b7:fc;LU-Events;-88;195
12287;80:e0:1d:c2:b7:fd;eduroam;-88;195
12288;d8:b1:90:e1:12:bb;Free Tbaytel WiFi;-58;195
12289;d8:b1:90:e1:12:bd;eduroam;-57;195
12290;d8:b1:90:e1:12:bc;LU-Events;-58;195
12291;d8:b1:90:e1:12:bf;LU-Guest;-58;195
12292;d8:b1:90:e1:12:be;LakeheadU;-58;195
12293;80:e0:1d:af:21:1f;LU-Guest;-85;195
12294;80:e0:1d:af:21:1e;LakeheadU;-85;195
12295;80:e0:1d:af:21:1d;eduroam;-86;195
12296;80:e0:1d:af:21:1c;LU-Events;-85;195
12297;80:e0:1d:af:21:1b;Free Tbaytel WiFi;-84;195
12298;80:e0:1d:af:21:10;LU-Guest;-59;195
12299;80:e0:1d:e3:c9:64;Free Tbaytel WiFi;-71;195
12300;80:e0:1d:e3:c9:60;LU-Guest;-72;195
12301;80:e0:1d:e3:c9:61;LakeheadU;-76;195
12302;80:e0:1d:e3:c9:62;eduroam;-72;195
12303;80:e0:1d:e3:c9:63;LU-Events;-74;195
12304;80:e0:1d:ee:40:52;eduroam;-84;195
12305;80:e0:1d:af:21:14;Free Tbaytel WiFi;-60;195
12306;80:e0:1d:af:21:13;LU-Events;-60;195
12307;80:e0:1d:af:21:12;eduroam;-61;195
12308;a4:6c:2a:d4:ba:4f;LU-Guest;-72;195
12309;a4:6c:2a:d4:ba:4b;Free Tbaytel WiFi;-72;195
12310;a4:6c:2a:d4:ba:4c;LU-Events;-72;195
12311;a4:6c:2a:d4:ba:4d;eduroam;-72;195
12312;a4:6c:2a:d4:ba:4e;LakeheadU;-72;195
12313;02:87:64:2d:e7:33;EBF1E5E6;-66;195
12314;a4:6c:2a:d3:f2:83;LU-Events;-82;195
12315;d8:b1:90:df:9f:ec;LU-Events;-85;195
12316;d8:b1:90:df:9f:ef;LU-Guest;-87;195
12317;d8:b1:90:df:9f:e3;LU-Events;-65;195
12318;d8:b1:90:df:9f:e1;LakeheadU;-65;195
12319;d8:b1:90:df:9f:e0;LU-Guest;-67;195
12320;ca:5a:b0:3d:73:c3;;-55;195
12321;80:e0:1d:af:1e:c1;LU-Guest;-78;195
12322;80:e0:1d:af:1e:c3;Free Tbaytel WiFi;-79;195
12323;80:e0:1d:af:1e:c2;LU-Events;-77;195
12324;80:e0:1d:af:1e:c4;eduroam;-78;195
12325;80:e0:1d:e3:c9:6f;LU-Guest;-90;195
12326;80:e0:1d:e3:c9:6b;Free Tbaytel WiFi;-89;195
12327;a4:6c:2a:d3:f4:df;LU-Guest;-79;195
12328;a4:6c:2a:d3:f4:dd;eduroam;-80;195
12329;a4:6c:2a:d3:f4:de;LakeheadU;-81;195
12330;a4:6c:2a:d3:f4:db;Free Tbaytel WiFi;-79;195
12331;a4:6c:2a:d3:f4:dc;LU-Events;-79;195
12332;a4:6c:2a:d3:f4:d0;LU-Guest;-64;195
12333;a4:6c:2a:d3:f4:d1;LakeheadU;-64;195
12334;a4:6c:2a:d3:f4:d4;Free Tbaytel WiFi;-64;195
12335;a4:6c:2a:d3:f4:d2;eduroam;-65;195
12336;a4:6c:2a:d3:f4:d3;LU-Events;-64;195
12337;ba:5a:b0:3d:73:b1;;-83;195
12338;80:e0:1d:e3:c3:e3;LU-Events;-81;195
12339;80:e0:1d:e6:79:d4;Free Tbaytel WiFi;-81;195
12340;10:8c:cf:44:26:b2;eduroam;-63;195
12341;10:8c:cf:44:26:b1;LakeheadU;-62;195
12342;10:8c:cf:44:26:b0;LU-Guest;-63;195
12343;10:8c:cf:44:26:b4;Free Tbaytel WiFi;-63;195
12344;10:8c:cf:44:26:b3;LU-Events;-63;195
12345;10:8c:cf:44:26:be;LakeheadU;-81;195
12346;10:8c:cf:44:26:bd;eduroam;-81;195
12347;10:8c:cf:44:26:bc;LU-Events;-81;195
12348;6c:5a:b0:3d:73:bf;Quanser_UVS-5G;-84;195
12349;6c:5a:b0:3d:73:c0;Quanser_UVS-5G;-76;195
12350;6c:5a:b0:3d:73:c1;Quanser_UVS;-62;195
12351;d8:b1:90:e1:29:d0;LU-Guest;-54;195
12352;d8:b1:90:e1:29:d3;LU-Events;-55;195
12353;d8:b1:90:e1:29:d4;Free Tbaytel WiFi;-55;195
12354;d8:b1:90:e1:29:d1;LakeheadU;-55;195
12355;d8:b1:90:e1:29:d2;eduroam;-55;195
12356;d8:b1:90:e1:29:dc;LU-Events;-62;196
12357;d8:b1:90:e1:29:dd;eduroam;-63;196
12358;d8:b1:90:e1:29:db;Free Tbaytel WiFi;-63;196
12359;d8:b1:90:e1:29:de;LakeheadU;-63;196
12360;d8:b1:90:e1:29:df;LU-Guest;-63;196
12361;a4:6c:2a:e0:20:01;LakeheadU;-75;196
12362;a4:6c:2a:e0:20:00;LU-Guest;-78;196
12363;a4:6c:2a:e0:20:03;LU-Events;-73;196
12364;00:1f:33:bd:d5:34;Lab1012;-73;196
12365;a4:6c:2a:e0:20:0f;LU-Guest;-85;196
12366;a4:6c:2a:e0:20:0c;LU-Events;-88;196
12367;a4:6c:2a:e0:20:0b;Free Tbaytel WiFi;-86;196
12368;a4:6c:2a:e0:20:0e;LakeheadU;-88;196
12369;a4:6c:2a:e0:20:0d;eduroam;-89;196
12370;a4:6c:2a:d4:ba:42;eduroam;-55;196
12371;a4:6c:2a:d4:ba:43;LU-Events;-56;196
12372;a4:6c:2a:d4:ba:44;Free Tbaytel WiFi;-57;196
12373;a4:6c:2a:d4:ba:40;LU-Guest;-56;196
12374;a4:6c:2a:d4:ba:41;LakeheadU;-57;196
12375;d8:b1:90:e1:12:b0;LU-Guest;-42;196
12376;d8:b1:90:e1:12:b2;eduroam;-46;196
12377;d8:b1:90:e1:12:b1;LakeheadU;-46;196
12378;d8:b1:90:e1:12:b4;Free Tbaytel WiFi;-43;196
12379;d8:b1:90:e1:12:b3;LU-Events;-46;196
12380;80:e0:1d:c2:b7:f3;LU-Events;-74;196
12381;80:e0:1d:c2:b7:f4;Free Tbaytel WiFi;-74;196
12382;80:e0:1d:c2:b7:ff;LU-Guest;-89;196
12383;80:e0:1d:c2:b7:fb;Free Tbaytel WiFi;-88;196
12384;80:e0:1d:c2:b7:fc;LU-Events;-88;196
12385;80:e0:1d:c2:b7:fd;eduroam;-88;196
12386;d8:b1:90:e1:12:bb;Free Tbaytel WiFi;-58;196
12387;d8:b1:90:e1:12:bd;eduroam;-57;196
12388;d8:b1:90:e1:12:bc;LU-Events;-58;196
12389;d8:b1:90:e1:12:bf;LU-Guest;-58;196
12390;d8:b1:90:e1:12:be;LakeheadU;-58;196
12391;80:e0:1d:af:21:1f;LU-Guest;-85;196
12392;80:e0:1d:af:21:1e;LakeheadU;-85;196
12393;80:e0:1d:af:21:1d;eduroam;-86;196
12394;80:e0:1d:af:21:1c;LU-Events;-85;196
12395;80:e0:1d:af:21:1b;Free Tbaytel WiFi;-84;196
12396;80:e0:1d:af:21:10;LU-Guest;-59;196
12397;80:e0:1d:e3:c9:64;Free Tbaytel WiFi;-71;196
12398;80:e0:1d:e3:c9:60;LU-Guest;-72;196
12399;80:e0:1d:e3:c9:61;LakeheadU;-76;196
12400;80:e0:1d:e3:c9:62;eduroam;-72;196
12401;80:e0:1d:e3:c9:63;LU-Events;-74;196
12402;80:e0:1d:ee:40:52;eduroam;-84;196
12403;80:e0:1d:af:21:14;Free Tbaytel WiFi;-60;196
12404;80:e0:1d:af:21:13;LU-Events;-60;196
12405;80:e0:1d:af:21:12;eduroam;-61;196
12406;a4:6c:2a:d4:ba:4f;LU-Guest;-72;196
12407;a4:6c:2a:d4:ba:4b;Free Tbaytel WiFi;-72;196
12408;a4:6c:2a:d4:ba:4c;LU-Events;-72;196
12409;a4:6c:2a:d4:ba:4d;eduroam;-72;196
12410;a4:6c:2a:d4:ba:4e;LakeheadU;-72;196
12411;02:87:64:2d:e7:33;EBF1E5E6;-66;196
12412;a4:6c:2a:d3:f2:83;LU-Events;-82;196
12413;d8:b1:90:df:9f:ec;LU-Events;-85;196
12414;d8:b1:90:df:9f:ef;LU-Guest;-87;196
12415;d8:b1:90:df:9f:e3;LU-Events;-65;196
12416;d8:b1:90:df:9f:e1;LakeheadU;-65;196
12417;d8:b1:90:df:9f:e0;LU-Guest;-67;196
12418;ca:5a:b0:3d:73:c3;;-55;196
12419;80:e0:1d:af:1e:c1;LU-Guest;-78;196
12420;80:e0:1d:af:1e:c3;Free Tbaytel WiFi;-79;196
12421;80:e0:1d:af:1e:c2;LU-Events;-77;196
12422;80:e0:1d:af:1e:c4;eduroam;-78;196
12423;80:e0:1d:e3:c9:6f;LU-Guest;-90;196
12424;80:e0:1d:e3:c9:6b;Free Tbaytel WiFi;-89;196
12425;a4:6c:2a:d3:f4:df;LU-Guest;-79;196
12426;a4:6c:2a:d3:f4:dd;eduroam;-80;196
12427;a4:6c:2a:d3:f4:de;LakeheadU;-81;196
12428;a4:6c:2a:d3:f4:db;Free Tbaytel WiFi;-79;196
12429;a4:6c:2a:d3:f4:dc;LU-Events;-79;196
12430;a4:6c:2a:d3:f4:d0;LU-Guest;-64;196
12431;a4:6c:2a:d3:f4:d1;LakeheadU;-64;196
12432;a4:6c:2a:d3:f4:d4;Free Tbaytel WiFi;-64;196
12433;a4:6c:2a:d3:f4:d2;eduroam;-65;196
12434;a4:6c:2a:d3:f4:d3;LU-Events;-64;196
12435;ba:5a:b0:3d:73:b1;;-83;196
12436;80:e0:1d:e3:c3:e3;LU-Events;-81;196
12437;80:e0:1d:e6:79:d4;Free Tbaytel WiFi;-81;196
12438;10:8c:cf:44:26:b2;eduroam;-63;196
12439;10:8c:cf:44:26:b1;LakeheadU;-62;196
12440;10:8c:cf:44:26:b0;LU-Guest;-63;196
12441;10:8c:cf:44:26:b4;Free Tbaytel WiFi;-63;196
12442;10:8c:cf:44:26:b3;LU-Events;-63;196
12443;10:8c:cf:44:26:be;LakeheadU;-81;196
12444;10:8c:cf:44:26:bd;eduroam;-81;196
12445;10:8c:cf:44:26:bc;LU-Events;-81;196
12446;6c:5a:b0:3d:73:bf;Quanser_UVS-5G;-84;196
12447;6c:5a:b0:3d:73:c0;Quanser_UVS-5G;-76;196
12448;6c:5a:b0:3d:73:c1;Quanser_UVS;-62;196
12449;d8:b1:90:e1:29:d0;LU-Guest;-54;196
12450;d8:b1:90:e1:29:d3;LU-Events;-55;196
12451;d8:b1:90:e1:29:d4;Free Tbaytel WiFi;-55;196
12452;d8:b1:90:e1:29:d1;LakeheadU;-55;196
12453;d8:b1:90:e1:29:d2;eduroam;-55;196
12454;d8:b1:90:e1:29:dc;LU-Events;-65;197
12455;d8:b1:90:e1:29:dd;eduroam;-65;197
12456;d8:b1:90:e1:29:db;Free Tbaytel WiFi;-63;197
12457;d8:b1:90:e1:29:de;LakeheadU;-65;197
12458;d8:b1:90:e1:29:df;LU-Guest;-64;197
12459;a4:6c:2a:e0:20:01;LakeheadU;-75;197
12460;a4:6c:2a:e0:20:00;LU-Guest;-83;197
12461;a4:6c:2a:e0:20:03;LU-Events;-83;197
12462;00:1f:33:bd:d5:34;Lab1012;-73;197
12463;a4:6c:2a:e0:20:0f;LU-Guest;-85;197
12464;a4:6c:2a:e0:20:0c;LU-Events;-88;197
12465;a4:6c:2a:e0:20:0b;Free Tbaytel WiFi;-86;197
12466;a4:6c:2a:e0:20:0e;LakeheadU;-88;197
12467;a4:6c:2a:e0:20:0d;eduroam;-89;197
12468;a4:6c:2a:d4:ba:42;eduroam;-52;197
12469;a4:6c:2a:d4:ba:43;LU-Events;-48;197
12470;a4:6c:2a:d4:ba:44;Free Tbaytel WiFi;-52;197
12471;a4:6c:2a:d4:ba:40;LU-Guest;-49;197
12472;a4:6c:2a:d4:ba:41;LakeheadU;-47;197
12473;d8:b1:90:e1:12:b0;LU-Guest;-45;197
12474;d8:b1:90:e1:12:b2;eduroam;-45;197
12475;d8:b1:90:e1:12:b1;LakeheadU;-45;197
12476;d8:b1:90:e1:12:b4;Free Tbaytel WiFi;-44;197
12477;d8:b1:90:e1:12:b3;LU-Events;-45;197
12478;80:e0:1d:c2:b7:f3;LU-Events;-74;197
12479;80:e0:1d:c2:b7:f4;Free Tbaytel WiFi;-74;197
12480;80:e0:1d:c2:b7:ff;LU-Guest;-89;197
12481;80:e0:1d:c2:b7:fb;Free Tbaytel WiFi;-88;197
12482;80:e0:1d:c2:b7:fc;LU-Events;-88;197
12483;80:e0:1d:c2:b7:fd;eduroam;-88;197
12484;d8:b1:90:e1:12:bb;Free Tbaytel WiFi;-53;197
12485;d8:b1:90:e1:12:bd;eduroam;-53;197
12486;d8:b1:90:e1:12:bc;LU-Events;-53;197
12487;d8:b1:90:e1:12:bf;LU-Guest;-53;197
12488;d8:b1:90:e1:12:be;LakeheadU;-53;197
12489;80:e0:1d:af:21:1f;LU-Guest;-83;197
12490;80:e0:1d:af:21:1e;LakeheadU;-84;197
12491;80:e0:1d:af:21:1d;eduroam;-83;197
12492;80:e0:1d:af:21:1c;LU-Events;-83;197
12493;80:e0:1d:af:21:1b;Free Tbaytel WiFi;-84;197
12494;80:e0:1d:af:21:10;LU-Guest;-61;197
12495;80:e0:1d:e3:c9:64;Free Tbaytel WiFi;-71;197
12496;80:e0:1d:e3:c9:60;LU-Guest;-72;197
12497;80:e0:1d:e3:c9:61;LakeheadU;-76;197
12498;80:e0:1d:e3:c9:62;eduroam;-72;197
12499;80:e0:1d:e3:c9:63;LU-Events;-74;197
12500;80:e0:1d:ee:40:52;eduroam;-84;197
12501;80:e0:1d:af:21:14;Free Tbaytel WiFi;-62;197
12502;80:e0:1d:af:21:13;LU-Events;-62;197
12503;80:e0:1d:af:21:12;eduroam;-62;197
12504;80:e0:1d:af:21:11;LakeheadU;-62;197
12505;a4:6c:2a:d4:ba:4f;LU-Guest;-64;197
12506;a4:6c:2a:d4:ba:4b;Free Tbaytel WiFi;-64;197
12507;a4:6c:2a:d4:ba:4c;LU-Events;-65;197
12508;a4:6c:2a:d4:ba:4d;eduroam;-64;197
12509;a4:6c:2a:d4:ba:4e;LakeheadU;-65;197
12510;a6:d7:3c:91:b9:8e;DIRECT-1E4D4AT2015-EPL520UGUR2;-75;197
12511;02:87:64:2d:e7:33;EBF1E5E6;-66;197
12512;d8:b1:90:e1:2d:ac;LU-Events;-84;197
12513;a4:6c:2a:d3:f2:8e;LakeheadU;-92;197
12514;a4:6c:2a:d3:f2:83;LU-Events;-82;197
12515;d8:b1:90:df:9f:ee;LakeheadU;-93;197
12516;d8:b1:90:df:9f:ed;eduroam;-92;197
12517;d8:b1:90:df:9f:ec;LU-Events;-92;197
12518;d8:b1:90:df:9f:eb;Free Tbaytel WiFi;-92;197
12519;d8:b1:90:df:9f:ef;LU-Guest;-91;197
12520;d8:b1:90:df:9f:e3;LU-Events;-77;197
12521;d8:b1:90:df:9f:e1;LakeheadU;-77;197
12522;d8:b1:90:df:9f:e0;LU-Guest;-67;197
12523;ca:5a:b0:3d:73:c3;;-55;197
12524;06:56:78:d0:60:49;EBF06ED2;-73;197
12525;80:e0:1d:af:1e:c1;LU-Guest;-78;197
12526;80:e0:1d:af:1e:c3;Free Tbaytel WiFi;-79;197
12527;80:e0:1d:af:1e:c2;LU-Events;-77;197
12528;80:e0:1d:af:1e:c4;eduroam;-78;197
12529;80:e0:1d:e3:c9:6f;LU-Guest;-84;197
12530;80:e0:1d:e3:c9:6b;Free Tbaytel WiFi;-89;197
12531;80:e0:1d:e3:c9:6c;LU-Events;-83;197
12532;a4:6c:2a:d3:f4:df;LU-Guest;-81;197
12533;a4:6c:2a:d3:f4:dd;eduroam;-81;197
12534;a4:6c:2a:d3:f4:de;LakeheadU;-80;197
12535;a4:6c:2a:d3:f4:db;Free Tbaytel WiFi;-81;197
12536;a4:6c:2a:d3:f4:dc;LU-Events;-81;197
12537;a4:6c:2a:d3:f4:d0;LU-Guest;-62;197
12538;a4:6c:2a:d3:f4:d1;LakeheadU;-61;197
12539;a4:6c:2a:d3:f4:d4;Free Tbaytel WiFi;-62;197
12540;a4:6c:2a:d3:f4:d2;eduroam;-62;197
12541;a4:6c:2a:d3:f4:d3;LU-Events;-61;197
12542;ba:5a:b0:3d:73:b1;;-93;197
12543;80:e0:1d:e3:c3:e3;LU-Events;-81;197
12544;80:e0:1d:e6:79:d4;Free Tbaytel WiFi;-81;197
12545;10:8c:cf:44:26:b2;eduroam;-55;197
12546;10:8c:cf:44:26:b1;LakeheadU;-55;197
12547;10:8c:cf:44:26:b0;LU-Guest;-60;197
12548;10:8c:cf:44:26:b4;Free Tbaytel WiFi;-56;197
12549;10:8c:cf:44:26:b3;LU-Events;-55;197
12550;10:8c:cf:44:26:bb;Free Tbaytel WiFi;-77;197
12551;10:8c:cf:44:26:bf;LU-Guest;-78;197
12552;10:8c:cf:44:26:be;LakeheadU;-76;197
12553;10:8c:cf:44:26:bd;eduroam;-77;197
12554;10:8c:cf:44:26:bc;LU-Events;-77;197
12555;6c:5a:b0:3d:73:bf;Quanser_UVS-5G;-93;197
12556;6c:5a:b0:3d:73:c0;Quanser_UVS-5G;-82;197
12557;6c:5a:b0:3d:73:c1;Quanser_UVS;-67;197
12558;d8:b1:90:e1:29:d0;LU-Guest;-61;197
12559;d8:b1:90:e1:29:d3;LU-Events;-61;197
12560;d8:b1:90:e1:29:d4;Free Tbaytel WiFi;-61;197
12561;d8:b1:90:e1:29:d1;LakeheadU;-61;197
12562;d8:b1:90:e1:29:d2;eduroam;-61;197
12563;d8:b1:90:e1:29:dc;LU-Events;-65;198
12564;d8:b1:90:e1:29:dd;eduroam;-65;198
12565;d8:b1:90:e1:29:db;Free Tbaytel WiFi;-63;198
12566;d8:b1:90:e1:29:de;LakeheadU;-65;198
12567;d8:b1:90:e1:29:df;LU-Guest;-64;198
12568;a4:6c:2a:e0:20:00;LU-Guest;-83;198
12569;a4:6c:2a:e0:20:03;LU-Events;-83;198
12570;a4:6c:2a:d4:ba:42;eduroam;-52;198
12571;a4:6c:2a:d4:ba:43;LU-Events;-48;198
12572;a4:6c:2a:d4:ba:44;Free Tbaytel WiFi;-52;198
12573;a4:6c:2a:d4:ba:40;LU-Guest;-49;198
12574;a4:6c:2a:d4:ba:41;LakeheadU;-47;198
12575;d8:b1:90:e1:12:b0;LU-Guest;-45;198
12576;d8:b1:90:e1:12:b2;eduroam;-45;198
12577;d8:b1:90:e1:12:b1;LakeheadU;-45;198
12578;d8:b1:90:e1:12:b4;Free Tbaytel WiFi;-44;198
12579;d8:b1:90:e1:12:b3;LU-Events;-45;198
12580;d8:b1:90:e1:12:bb;Free Tbaytel WiFi;-53;198
12581;d8:b1:90:e1:12:bd;eduroam;-53;198
12582;d8:b1:90:e1:12:bc;LU-Events;-53;198
12583;d8:b1:90:e1:12:bf;LU-Guest;-53;198
12584;d8:b1:90:e1:12:be;LakeheadU;-53;198
12585;80:e0:1d:af:21:1f;LU-Guest;-83;198
12586;80:e0:1d:af:21:1e;LakeheadU;-84;198
12587;80:e0:1d:af:21:1d;eduroam;-83;198
12588;80:e0:1d:af:21:1c;LU-Events;-83;198
12589;80:e0:1d:af:21:1b;Free Tbaytel WiFi;-84;198
12590;80:e0:1d:af:21:10;LU-Guest;-61;198
12591;80:e0:1d:af:21:14;Free Tbaytel WiFi;-62;198
12592;80:e0:1d:af:21:13;LU-Events;-62;198
12593;80:e0:1d:af:21:12;eduroam;-62;198
12594;80:e0:1d:af:21:11;LakeheadU;-62;198
12595;a4:6c:2a:d4:ba:4f;LU-Guest;-64;198
12596;a4:6c:2a:d4:ba:4b;Free Tbaytel WiFi;-64;198
12597;a4:6c:2a:d4:ba:4c;LU-Events;-65;198
12598;a4:6c:2a:d4:ba:4d;eduroam;-64;198
12599;a4:6c:2a:d4:ba:4e;LakeheadU;-65;198
12600;a6:d7:3c:91:b9:8e;DIRECT-1E4D4AT2015-EPL520UGUR2;-75;198
12601;d8:b1:90:e1:2d:ac;LU-Events;-84;198
12602;a4:6c:2a:d3:f2:8e;LakeheadU;-92;198
12603;d8:b1:90:df:9f:ee;LakeheadU;-93;198
12604;d8:b1:90:df:9f:ed;eduroam;-92;198
12605;d8:b1:90:df:9f:ec;LU-Events;-92;198
12606;d8:b1:90:df:9f:eb;Free Tbaytel WiFi;-92;198
12607;d8:b1:90:df:9f:ef;LU-Guest;-91;198
12608;d8:b1:90:df:9f:e3;LU-Events;-77;198
12609;d8:b1:90:df:9f:e1;LakeheadU;-77;198
12610;06:56:78:d0:60:49;EBF06ED2;-73;198
12611;80:e0:1d:e3:c9:6f;LU-Guest;-84;198
12612;80:e0:1d:e3:c9:6c;LU-Events;-83;198
12613;a4:6c:2a:d3:f4:df;LU-Guest;-81;198
12614;a4:6c:2a:d3:f4:dd;eduroam;-81;198
12615;a4:6c:2a:d3:f4:de;LakeheadU;-80;198
12616;a4:6c:2a:d3:f4:db;Free Tbaytel WiFi;-81;198
12617;a4:6c:2a:d3:f4:dc;LU-Events;-81;198
12618;a4:6c:2a:d3:f4:d0;LU-Guest;-62;198
12619;a4:6c:2a:d3:f4:d1;LakeheadU;-61;198
12620;a4:6c:2a:d3:f4:d4;Free Tbaytel WiFi;-62;198
12621;a4:6c:2a:d3:f4:d2;eduroam;-62;198
12622;a4:6c:2a:d3:f4:d3;LU-Events;-61;198
12623;ba:5a:b0:3d:73:b1;;-93;198
12624;10:8c:cf:44:26:b2;eduroam;-55;198
12625;10:8c:cf:44:26:b1;LakeheadU;-55;198
12626;10:8c:cf:44:26:b0;LU-Guest;-60;198
12627;10:8c:cf:44:26:b4;Free Tbaytel WiFi;-56;198
12628;10:8c:cf:44:26:b3;LU-Events;-55;198
12629;10:8c:cf:44:26:bb;Free Tbaytel WiFi;-77;198
12630;10:8c:cf:44:26:bf;LU-Guest;-78;198
12631;10:8c:cf:44:26:be;LakeheadU;-76;198
12632;10:8c:cf:44:26:bd;eduroam;-77;198
12633;10:8c:cf:44:26:bc;LU-Events;-77;198
12634;6c:5a:b0:3d:73:bf;Quanser_UVS-5G;-93;198
12635;6c:5a:b0:3d:73:c0;Quanser_UVS-5G;-82;198
12636;6c:5a:b0:3d:73:c1;Quanser_UVS;-67;198
12637;d8:b1:90:e1:29:d0;LU-Guest;-61;198
12638;d8:b1:90:e1:29:d3;LU-Events;-61;198
12639;d8:b1:90:e1:29:d4;Free Tbaytel WiFi;-61;198
12640;d8:b1:90:e1:29:d1;LakeheadU;-61;198
12641;d8:b1:90:e1:29:d2;eduroam;-61;198
12642;d8:b1:90:e1:29:dc;LU-Events;-65;199
12643;d8:b1:90:e1:29:dd;eduroam;-65;199
12644;d8:b1:90:e1:29:db;Free Tbaytel WiFi;-63;199
12645;d8:b1:90:e1:29:de;LakeheadU;-65;199
12646;d8:b1:90:e1:29:df;LU-Guest;-64;199
12647;a4:6c:2a:e0:20:00;LU-Guest;-83;199
12648;a4:6c:2a:e0:20:03;LU-Events;-83;199
12649;a4:6c:2a:d4:ba:42;eduroam;-52;199
12650;a4:6c:2a:d4:ba:43;LU-Events;-48;199
12651;a4:6c:2a:d4:ba:44;Free Tbaytel WiFi;-52;199
12652;a4:6c:2a:d4:ba:40;LU-Guest;-49;199
12653;a4:6c:2a:d4:ba:41;LakeheadU;-47;199
12654;d8:b1:90:e1:12:b0;LU-Guest;-45;199
12655;d8:b1:90:e1:12:b2;eduroam;-45;199
12656;d8:b1:90:e1:12:b1;LakeheadU;-45;199
12657;d8:b1:90:e1:12:b4;Free Tbaytel WiFi;-44;199
12658;d8:b1:90:e1:12:b3;LU-Events;-45;199
12659;d8:b1:90:e1:12:bb;Free Tbaytel WiFi;-53;199
12660;d8:b1:90:e1:12:bd;eduroam;-53;199
12661;d8:b1:90:e1:12:bc;LU-Events;-53;199
12662;d8:b1:90:e1:12:bf;LU-Guest;-53;199
12663;d8:b1:90:e1:12:be;LakeheadU;-53;199
12664;80:e0:1d:af:21:1f;LU-Guest;-83;199
12665;80:e0:1d:af:21:1e;LakeheadU;-84;199
12666;80:e0:1d:af:21:1d;eduroam;-83;199
12667;80:e0:1d:af:21:1c;LU-Events;-83;199
12668;80:e0:1d:af:21:1b;Free Tbaytel WiFi;-84;199
12669;80:e0:1d:af:21:10;LU-Guest;-61;199
12670;80:e0:1d:af:21:14;Free Tbaytel WiFi;-62;199
12671;80:e0:1d:af:21:13;LU-Events;-62;199
12672;80:e0:1d:af:21:12;eduroam;-62;199
12673;80:e0:1d:af:21:11;LakeheadU;-62;199
12674;a4:6c:2a:d4:ba:4f;LU-Guest;-64;199
12675;a4:6c:2a:d4:ba:4b;Free Tbaytel WiFi;-64;199
12676;a4:6c:2a:d4:ba:4c;LU-Events;-65;199
12677;a4:6c:2a:d4:ba:4d;eduroam;-64;199
12678;a4:6c:2a:d4:ba:4e;LakeheadU;-65;199
12679;a6:d7:3c:91:b9:8e;DIRECT-1E4D4AT2015-EPL520UGUR2;-75;199
12680;d8:b1:90:e1:2d:ac;LU-Events;-84;199
12681;a4:6c:2a:d3:f2:8e;LakeheadU;-92;199
12682;d8:b1:90:df:9f:ee;LakeheadU;-93;199
12683;d8:b1:90:df:9f:ed;eduroam;-92;199
12684;d8:b1:90:df:9f:ec;LU-Events;-92;199
12685;d8:b1:90:df:9f:eb;Free Tbaytel WiFi;-92;199
12686;d8:b1:90:df:9f:ef;LU-Guest;-91;199
12687;d8:b1:90:df:9f:e3;LU-Events;-77;199
12688;d8:b1:90:df:9f:e1;LakeheadU;-77;199
12689;06:56:78:d0:60:49;EBF06ED2;-73;199
12690;80:e0:1d:e3:c9:6f;LU-Guest;-84;199
12691;80:e0:1d:e3:c9:6c;LU-Events;-83;199
12692;a4:6c:2a:d3:f4:df;LU-Guest;-81;199
12693;a4:6c:2a:d3:f4:dd;eduroam;-81;199
12694;a4:6c:2a:d3:f4:de;LakeheadU;-80;199
12695;a4:6c:2a:d3:f4:db;Free Tbaytel WiFi;-81;199
12696;a4:6c:2a:d3:f4:dc;LU-Events;-81;199
12697;a4:6c:2a:d3:f4:d0;LU-Guest;-62;199
12698;a4:6c:2a:d3:f4:d1;LakeheadU;-61;199
12699;a4:6c:2a:d3:f4:d4;Free Tbaytel WiFi;-62;199
12700;a4:6c:2a:d3:f4:d2;eduroam;-62;199
12701;a4:6c:2a:d3:f4:d3;LU-Events;-61;199
12702;ba:5a:b0:3d:73:b1;;-93;199
12703;10:8c:cf:44:26:b2;eduroam;-55;199
12704;10:8c:cf:44:26:b1;LakeheadU;-55;199
12705;10:8c:cf:44:26:b0;LU-Guest;-60;199
12706;10:8c:cf:44:26:b4;Free Tbaytel WiFi;-56;199
12707;10:8c:cf:44:26:b3;LU-Events;-55;199
12708;10:8c:cf:44:26:bb;Free Tbaytel WiFi;-77;199
12709;10:8c:cf:44:26:bf;LU-Guest;-78;199
12710;10:8c:cf:44:26:be;LakeheadU;-76;199
12711;10:8c:cf:44:26:bd;eduroam;-77;199
12712;10:8c:cf:44:26:bc;LU-Events;-77;199
12713;6c:5a:b0:3d:73:bf;Quanser_UVS-5G;-93;199
12714;6c:5a:b0:3d:73:c0;Quanser_UVS-5G;-82;199
12715;6c:5a:b0:3d:73:c1;Quanser_UVS;-67;199
12716;d8:b1:90:e1:29:d0;LU-Guest;-61;199
12717;d8:b1:90:e1:29:d3;LU-Events;-61;199
12718;d8:b1:90:e1:29:d4;Free Tbaytel WiFi;-61;199
12719;d8:b1:90:e1:29:d1;LakeheadU;-61;199
12720;d8:b1:90:e1:29:d2;eduroam;-61;199
12721;d8:b1:90:e1:29:dc;LU-Events;-65;200
12722;d8:b1:90:e1:29:dd;eduroam;-65;200
12723;d8:b1:90:e1:29:db;Free Tbaytel WiFi;-63;200
12724;d8:b1:90:e1:29:de;LakeheadU;-65;200
12725;d8:b1:90:e1:29:df;LU-Guest;-64;200
12726;a4:6c:2a:e0:20:00;LU-Guest;-83;200
12727;a4:6c:2a:e0:20:03;LU-Events;-83;200
12728;a4:6c:2a:d4:ba:42;eduroam;-52;200
12729;a4:6c:2a:d4:ba:43;LU-Events;-48;200
12730;a4:6c:2a:d4:ba:44;Free Tbaytel WiFi;-52;200
12731;a4:6c:2a:d4:ba:40;LU-Guest;-49;200
12732;a4:6c:2a:d4:ba:41;LakeheadU;-47;200
12733;d8:b1:90:e1:12:bb;Free Tbaytel WiFi;-53;200
12734;d8:b1:90:e1:12:bd;eduroam;-53;200
12735;d8:b1:90:e1:12:bc;LU-Events;-53;200
12736;d8:b1:90:e1:12:bf;LU-Guest;-53;200
12737;d8:b1:90:e1:12:be;LakeheadU;-53;200
12738;80:e0:1d:af:21:1f;LU-Guest;-83;200
12739;80:e0:1d:af:21:1e;LakeheadU;-84;200
12740;80:e0:1d:af:21:1d;eduroam;-83;200
12741;80:e0:1d:af:21:1c;LU-Events;-83;200
12742;80:e0:1d:af:21:1b;Free Tbaytel WiFi;-84;200
12743;80:e0:1d:af:21:10;LU-Guest;-61;200
12744;80:e0:1d:af:21:14;Free Tbaytel WiFi;-62;200
12745;80:e0:1d:af:21:13;LU-Events;-62;200
12746;80:e0:1d:af:21:12;eduroam;-62;200
12747;80:e0:1d:af:21:11;LakeheadU;-62;200
12748;a4:6c:2a:d4:ba:4f;LU-Guest;-64;200
12749;a4:6c:2a:d4:ba:4b;Free Tbaytel WiFi;-64;200
12750;a4:6c:2a:d4:ba:4c;LU-Events;-65;200
12751;a4:6c:2a:d4:ba:4d;eduroam;-64;200
12752;a4:6c:2a:d4:ba:4e;LakeheadU;-65;200
12753;a6:d7:3c:91:b9:8e;DIRECT-1E4D4AT2015-EPL520UGUR2;-75;200
12754;d8:b1:90:e1:2d:ac;LU-Events;-84;200
12755;a4:6c:2a:d3:f2:8e;LakeheadU;-92;200
12756;d8:b1:90:df:9f:ee;LakeheadU;-93;200
12757;d8:b1:90:df:9f:ed;eduroam;-92;200
12758;d8:b1:90:df:9f:ec;LU-Events;-92;200
12759;d8:b1:90:df:9f:eb;Free Tbaytel WiFi;-92;200
12760;d8:b1:90:df:9f:ef;LU-Guest;-91;200
12761;d8:b1:90:df:9f:e3;LU-Events;-77;200
12762;d8:b1:90:df:9f:e1;LakeheadU;-77;200
12763;80:e0:1d:e3:c9:6f;LU-Guest;-84;200
12764;80:e0:1d:e3:c9:6c;LU-Events;-83;200
12765;a4:6c:2a:d3:f4:df;LU-Guest;-81;200
12766;a4:6c:2a:d3:f4:dd;eduroam;-81;200
12767;a4:6c:2a:d3:f4:de;LakeheadU;-80;200
12768;a4:6c:2a:d3:f4:db;Free Tbaytel WiFi;-81;200
12769;a4:6c:2a:d3:f4:dc;LU-Events;-81;200
12770;a4:6c:2a:d3:f4:d0;LU-Guest;-62;200
12771;a4:6c:2a:d3:f4:d1;LakeheadU;-61;200
12772;a4:6c:2a:d3:f4:d4;Free Tbaytel WiFi;-62;200
12773;a4:6c:2a:d3:f4:d2;eduroam;-62;200
12774;a4:6c:2a:d3:f4:d3;LU-Events;-61;200
12775;ba:5a:b0:3d:73:b1;;-93;200
12776;10:8c:cf:44:26:bb;Free Tbaytel WiFi;-77;200
12777;10:8c:cf:44:26:bf;LU-Guest;-78;200
12778;10:8c:cf:44:26:be;LakeheadU;-76;200
12779;10:8c:cf:44:26:bd;eduroam;-77;200
12780;10:8c:cf:44:26:bc;LU-Events;-77;200
12781;6c:5a:b0:3d:73:bf;Quanser_UVS-5G;-93;200
12782;6c:5a:b0:3d:73:c0;Quanser_UVS-5G;-82;200
12783;6c:5a:b0:3d:73:c1;Quanser_UVS;-67;200
12784;d8:b1:90:e1:29:d0;LU-Guest;-61;200
12785;d8:b1:90:e1:29:d3;LU-Events;-61;200
12786;d8:b1:90:e1:29:d4;Free Tbaytel WiFi;-61;200
12787;d8:b1:90:e1:29:d1;LakeheadU;-61;200
12788;d8:b1:90:e1:29:d2;eduroam;-61;200
12789;d8:b1:90:e1:29:dc;LU-Events;-82;201
12790;d8:b1:90:e1:29:dd;eduroam;-82;201
12791;d8:b1:90:e1:29:db;Free Tbaytel WiFi;-82;201
12792;d8:b1:90:e1:29:de;LakeheadU;-83;201
12793;d8:b1:90:e1:29:df;LU-Guest;-83;201
12794;c0:c1:c0:8e:e8:c5;unavailable;-81;201
12795;a4:6c:2a:d4:ba:42;eduroam;-44;201
12796;a4:6c:2a:d4:ba:43;LU-Events;-45;201
12797;a4:6c:2a:d4:ba:44;Free Tbaytel WiFi;-44;201
12798;a4:6c:2a:d4:ba:40;LU-Guest;-45;201
12799;a4:6c:2a:d4:ba:41;LakeheadU;-49;201
12800;d8:b1:90:e1:12:b0;LU-Guest;-57;201
12801;d8:b1:90:e1:12:b2;eduroam;-54;201
12802;d8:b1:90:e1:12:b1;LakeheadU;-58;201
12803;d8:b1:90:e1:12:b4;Free Tbaytel WiFi;-57;201
12804;d8:b1:90:e1:12:b3;LU-Events;-56;201
12805;d8:b1:90:e1:12:bb;Free Tbaytel WiFi;-68;201
12806;d8:b1:90:e1:12:bd;eduroam;-69;201
12807;d8:b1:90:e1:12:bc;LU-Events;-69;201
12808;d8:b1:90:e1:12:bf;LU-Guest;-67;201
12809;d8:b1:90:e1:12:be;LakeheadU;-69;201
12810;80:e0:1d:af:21:1f;LU-Guest;-92;201
12811;80:e0:1d:af:21:1e;LakeheadU;-93;201
12812;80:e0:1d:af:21:1c;LU-Events;-93;201
12813;80:e0:1d:af:21:10;LU-Guest;-82;201
12814;80:e0:1d:e3:c9:64;Free Tbaytel WiFi;-56;201
12815;80:e0:1d:e3:c9:60;LU-Guest;-56;201
12816;80:e0:1d:e3:c9:61;LakeheadU;-56;201
12817;80:e0:1d:e3:c9:62;eduroam;-59;201
12818;80:e0:1d:e3:c9:63;LU-Events;-55;201
12819;80:e0:1d:af:21:14;Free Tbaytel WiFi;-78;201
12820;a4:6c:2a:d4:ba:4f;LU-Guest;-60;201
12821;a4:6c:2a:d4:ba:4b;Free Tbaytel WiFi;-57;201
12822;a4:6c:2a:d4:ba:4c;LU-Events;-60;201
12823;a4:6c:2a:d4:ba:4d;eduroam;-60;201
12824;a4:6c:2a:d4:ba:4e;LakeheadU;-60;201
12825;02:87:64:2d:e7:33;EBF1E5E6;-49;201
12826;d8:b1:90:e1:2d:a4;Free Tbaytel WiFi;-67;201
12827;d8:b1:90:e1:2d:a1;LakeheadU;-67;201
12828;d8:b1:90:e1:2d:a2;eduroam;-67;201
12829;d8:b1:90:e1:2d:ae;LakeheadU;-71;201
12830;d8:b1:90:e1:2d:ac;LU-Events;-71;201
12831;d8:b1:90:e1:2d:ad;eduroam;-71;201
12832;d8:b1:90:e1:2d:ab;Free Tbaytel WiFi;-71;201
12833;a4:6c:2a:d3:f2:8c;LU-Events;-82;201
12834;a4:6c:2a:d3:f2:8e;LakeheadU;-82;201
12835;a4:6c:2a:d3:f2:81;LakeheadU;-68;201
12836;a4:6c:2a:d3:f2:80;LU-Guest;-67;201
12837;a4:6c:2a:d3:f2:82;eduroam;-67;201
12838;a4:6c:2a:d3:f2:84;Free Tbaytel WiFi;-67;201
12839;80:e0:1d:e6:7a:62;eduroam;-77;201
12840;80:e0:1d:e6:7a:64;Free Tbaytel WiFi;-82;201
12841;80:e0:1d:e6:7a:63;LU-Events;-75;201
12842;80:e0:1d:e6:7a:60;LU-Guest;-82;201
12843;d8:b1:90:df:9f:e4;Free Tbaytel WiFi;-87;201
12844;06:56:78:d0:60:49;EBF06ED2;-61;201
12845;a4:6c:2a:d4:bb:03;LU-Events;-75;201
12846;a4:6c:2a:d4:bb:04;Free Tbaytel WiFi;-78;201
12847;a4:6c:2a:d4:bb:01;LakeheadU;-75;201
12848;a4:6c:2a:d4:bb:02;eduroam;-74;201
12849;80:e0:1d:e3:c9:6e;LakeheadU;-75;201
12850;80:e0:1d:e3:c9:6f;LU-Guest;-75;201
12851;80:e0:1d:e3:c9:6b;Free Tbaytel WiFi;-75;201
12852;80:e0:1d:e3:c9:6c;LU-Events;-75;201
12853;a4:6c:2a:d3:f4:df;LU-Guest;-89;201
12854;a4:6c:2a:d3:f4:db;Free Tbaytel WiFi;-88;201
12855;a4:6c:2a:d3:f4:dc;LU-Events;-88;201
12856;a4:6c:2a:d3:f4:d0;LU-Guest;-73;201
12857;a4:6c:2a:d3:f4:d1;LakeheadU;-77;201
12858;a4:6c:2a:d3:f4:d2;eduroam;-77;201
12859;80:e0:1d:ee:3f:01;LakeheadU;-82;201
12860;80:e0:1d:ee:3f:02;eduroam;-81;201
12861;80:e0:1d:ee:3f:03;LU-Events;-82;201
12862;80:e0:1d:ee:3f:04;Free Tbaytel WiFi;-82;201
12863;80:e0:1d:c1:ea:ae;LakeheadU;-85;201
12864;80:e0:1d:c1:ea:af;LU-Guest;-85;201
12865;80:e0:1d:c1:ea:a1;LakeheadU;-80;201
12866;80:e0:1d:c1:ea:a0;LU-Guest;-79;201
12867;10:8c:cf:44:26:b2;eduroam;-54;201
12868;10:8c:cf:44:26:b1;LakeheadU;-52;201
12869;80:e0:1d:c1:ec:a0;LU-Guest;-81;201
12870;10:8c:cf:44:26:b0;LU-Guest;-54;201
12871;10:8c:cf:44:26:b4;Free Tbaytel WiFi;-54;201
12872;10:8c:cf:44:26:b3;LU-Events;-53;201
12873;10:8c:cf:44:26:bb;Free Tbaytel WiFi;-52;201
12874;10:8c:cf:44:26:bf;LU-Guest;-52;201
12875;10:8c:cf:44:26:be;LakeheadU;-53;201
12876;10:8c:cf:44:26:bd;eduroam;-52;201
12877;10:8c:cf:44:26:bc;LU-Events;-52;201
12878;80:e0:1d:f8:49:44;Free Tbaytel WiFi;-72;201
12879;80:e0:1d:f8:49:41;LakeheadU;-73;201
12880;80:e0:1d:f8:49:42;eduroam;-72;201
12881;6c:5a:b0:3d:73:c0;Quanser_UVS-5G;-92;201
12882;80:e0:1d:f8:49:4c;LU-Events;-86;201
12883;80:e0:1d:f8:49:4d;eduroam;-86;201
12884;80:e0:1d:f8:49:4b;Free Tbaytel WiFi;-86;201
12885;80:e0:1d:f8:49:4e;LakeheadU;-85;201
12886;d8:b1:90:e1:29:d0;LU-Guest;-73;201
12887;d8:b1:90:e1:29:d3;LU-Events;-75;201
12888;d8:b1:90:e1:29:d4;Free Tbaytel WiFi;-74;201
12889;d8:b1:90:e1:29:d1;LakeheadU;-73;201
12890;d8:b1:90:e1:29:d2;eduroam;-73;201
12891;d8:b1:90:e1:29:dc;LU-Events;-82;202
12892;d8:b1:90:e1:29:dd;eduroam;-82;202
12893;d8:b1:90:e1:29:db;Free Tbaytel WiFi;-82;202
12894;d8:b1:90:e1:29:de;LakeheadU;-83;202
12895;d8:b1:90:e1:29:df;LU-Guest;-83;202
12896;c0:c1:c0:8e:e8:c5;unavailable;-81;202
12897;a4:6c:2a:d4:ba:42;eduroam;-44;202
12898;a4:6c:2a:d4:ba:43;LU-Events;-45;202
12899;a4:6c:2a:d4:ba:44;Free Tbaytel WiFi;-44;202
12900;a4:6c:2a:d4:ba:40;LU-Guest;-45;202
12901;a4:6c:2a:d4:ba:41;LakeheadU;-49;202
12902;d8:b1:90:e1:12:b0;LU-Guest;-57;202
12903;d8:b1:90:e1:12:b2;eduroam;-54;202
12904;d8:b1:90:e1:12:b1;LakeheadU;-58;202
12905;d8:b1:90:e1:12:b4;Free Tbaytel WiFi;-57;202
12906;d8:b1:90:e1:12:b3;LU-Events;-56;202
12907;d8:b1:90:e1:12:bb;Free Tbaytel WiFi;-68;202
12908;d8:b1:90:e1:12:bd;eduroam;-69;202
12909;d8:b1:90:e1:12:bc;LU-Events;-69;202
12910;d8:b1:90:e1:12:bf;LU-Guest;-67;202
12911;d8:b1:90:e1:12:be;LakeheadU;-69;202
12912;80:e0:1d:af:21:1f;LU-Guest;-92;202
12913;80:e0:1d:af:21:1e;LakeheadU;-93;202
12914;80:e0:1d:af:21:1c;LU-Events;-93;202
12915;80:e0:1d:af:21:10;LU-Guest;-82;202
12916;80:e0:1d:e3:c9:64;Free Tbaytel WiFi;-56;202
12917;80:e0:1d:e3:c9:60;LU-Guest;-56;202
12918;80:e0:1d:e3:c9:61;LakeheadU;-56;202
12919;80:e0:1d:e3:c9:62;eduroam;-59;202
12920;80:e0:1d:e3:c9:63;LU-Events;-55;202
12921;80:e0:1d:af:21:14;Free Tbaytel WiFi;-78;202
12922;a4:6c:2a:d4:ba:4f;LU-Guest;-60;202
12923;a4:6c:2a:d4:ba:4b;Free Tbaytel WiFi;-57;202
12924;a4:6c:2a:d4:ba:4c;LU-Events;-60;202
12925;a4:6c:2a:d4:ba:4d;eduroam;-60;202
12926;a4:6c:2a:d4:ba:4e;LakeheadU;-60;202
12927;02:87:64:2d:e7:33;EBF1E5E6;-49;202
12928;d8:b1:90:e1:2d:a4;Free Tbaytel WiFi;-67;202
12929;d8:b1:90:e1:2d:a1;LakeheadU;-67;202
12930;d8:b1:90:e1:2d:a2;eduroam;-67;202
12931;d8:b1:90:e1:2d:ae;LakeheadU;-71;202
12932;d8:b1:90:e1:2d:ac;LU-Events;-71;202
12933;d8:b1:90:e1:2d:ad;eduroam;-71;202
12934;d8:b1:90:e1:2d:ab;Free Tbaytel WiFi;-71;202
12935;a4:6c:2a:d3:f2:8c;LU-Events;-82;202
12936;a4:6c:2a:d3:f2:8e;LakeheadU;-82;202
12937;a4:6c:2a:d3:f2:81;LakeheadU;-68;202
12938;a4:6c:2a:d3:f2:80;LU-Guest;-67;202
12939;a4:6c:2a:d3:f2:82;eduroam;-67;202
12940;a4:6c:2a:d3:f2:84;Free Tbaytel WiFi;-67;202
12941;80:e0:1d:e6:7a:62;eduroam;-77;202
12942;80:e0:1d:e6:7a:64;Free Tbaytel WiFi;-82;202
12943;80:e0:1d:e6:7a:63;LU-Events;-75;202
12944;80:e0:1d:e6:7a:60;LU-Guest;-82;202
12945;d8:b1:90:df:9f:e4;Free Tbaytel WiFi;-87;202
12946;06:56:78:d0:60:49;EBF06ED2;-61;202
12947;a4:6c:2a:d4:bb:03;LU-Events;-75;202
12948;a4:6c:2a:d4:bb:04;Free Tbaytel WiFi;-78;202
12949;a4:6c:2a:d4:bb:01;LakeheadU;-75;202
12950;a4:6c:2a:d4:bb:02;eduroam;-74;202
12951;80:e0:1d:e3:c9:6e;LakeheadU;-75;202
12952;80:e0:1d:e3:c9:6f;LU-Guest;-75;202
12953;80:e0:1d:e3:c9:6b;Free Tbaytel WiFi;-75;202
12954;80:e0:1d:e3:c9:6c;LU-Events;-75;202
12955;a4:6c:2a:d3:f4:df;LU-Guest;-89;202
12956;a4:6c:2a:d3:f4:db;Free Tbaytel WiFi;-88;202
12957;a4:6c:2a:d3:f4:dc;LU-Events;-88;202
12958;a4:6c:2a:d3:f4:d0;LU-Guest;-73;202
12959;a4:6c:2a:d3:f4:d1;LakeheadU;-77;202
12960;a4:6c:2a:d3:f4:d2;eduroam;-77;202
12961;80:e0:1d:ee:3f:01;LakeheadU;-82;202
12962;80:e0:1d:ee:3f:02;eduroam;-81;202
12963;80:e0:1d:ee:3f:03;LU-Events;-82;202
12964;80:e0:1d:ee:3f:04;Free Tbaytel WiFi;-82;202
12965;80:e0:1d:c1:ea:ae;LakeheadU;-85;202
12966;80:e0:1d:c1:ea:af;LU-Guest;-85;202
12967;80:e0:1d:c1:ea:a1;LakeheadU;-80;202
12968;80:e0:1d:c1:ea:a0;LU-Guest;-79;202
12969;10:8c:cf:44:26:b2;eduroam;-54;202
12970;10:8c:cf:44:26:b1;LakeheadU;-52;202
12971;80:e0:1d:c1:ec:a0;LU-Guest;-81;202
12972;10:8c:cf:44:26:b0;LU-Guest;-54;202
12973;10:8c:cf:44:26:b4;Free Tbaytel WiFi;-54;202
12974;10:8c:cf:44:26:b3;LU-Events;-53;202
12975;10:8c:cf:44:26:bb;Free Tbaytel WiFi;-52;202
12976;10:8c:cf:44:26:bf;LU-Guest;-52;202
12977;10:8c:cf:44:26:be;LakeheadU;-53;202
12978;10:8c:cf:44:26:bd;eduroam;-52;202
12979;10:8c:cf:44:26:bc;LU-Events;-52;202
12980;80:e0:1d:f8:49:44;Free Tbaytel WiFi;-72;202
12981;80:e0:1d:f8:49:41;LakeheadU;-73;202
12982;80:e0:1d:f8:49:42;eduroam;-72;202
12983;6c:5a:b0:3d:73:c0;Quanser_UVS-5G;-92;202
12984;80:e0:1d:f8:49:4c;LU-Events;-86;202
12985;80:e0:1d:f8:49:4d;eduroam;-86;202
12986;80:e0:1d:f8:49:4b;Free Tbaytel WiFi;-86;202
12987;80:e0:1d:f8:49:4e;LakeheadU;-85;202
12988;d8:b1:90:e1:29:d0;LU-Guest;-73;202
12989;d8:b1:90:e1:29:d3;LU-Events;-75;202
12990;d8:b1:90:e1:29:d4;Free Tbaytel WiFi;-74;202
12991;d8:b1:90:e1:29:d1;LakeheadU;-73;202
12992;d8:b1:90:e1:29:d2;eduroam;-73;202
12993;d8:b1:90:e1:29:dc;LU-Events;-82;203
12994;d8:b1:90:e1:29:dd;eduroam;-82;203
12995;d8:b1:90:e1:29:db;Free Tbaytel WiFi;-82;203
12996;d8:b1:90:e1:29:de;LakeheadU;-83;203
12997;d8:b1:90:e1:29:df;LU-Guest;-83;203
12998;c0:c1:c0:8e:e8:c5;unavailable;-81;203
12999;a4:6c:2a:d4:ba:42;eduroam;-44;203
13000;a4:6c:2a:d4:ba:43;LU-Events;-45;203
13001;a4:6c:2a:d4:ba:44;Free Tbaytel WiFi;-44;203
13002;a4:6c:2a:d4:ba:40;LU-Guest;-45;203
13003;a4:6c:2a:d4:ba:41;LakeheadU;-49;203
13004;d8:b1:90:e1:12:b0;LU-Guest;-57;203
13005;d8:b1:90:e1:12:b2;eduroam;-54;203
13006;d8:b1:90:e1:12:b1;LakeheadU;-58;203
13007;d8:b1:90:e1:12:b4;Free Tbaytel WiFi;-57;203
13008;d8:b1:90:e1:12:b3;LU-Events;-56;203
13009;d8:b1:90:e1:12:bb;Free Tbaytel WiFi;-68;203
13010;d8:b1:90:e1:12:bd;eduroam;-69;203
13011;d8:b1:90:e1:12:bc;LU-Events;-69;203
13012;d8:b1:90:e1:12:bf;LU-Guest;-67;203
13013;d8:b1:90:e1:12:be;LakeheadU;-69;203
13014;80:e0:1d:af:21:1e;LakeheadU;-93;203
13015;80:e0:1d:af:21:1c;LU-Events;-93;203
13016;80:e0:1d:af:21:10;LU-Guest;-82;203
13017;80:e0:1d:e3:c9:64;Free Tbaytel WiFi;-56;203
13018;80:e0:1d:e3:c9:60;LU-Guest;-56;203
13019;80:e0:1d:e3:c9:61;LakeheadU;-56;203
13020;80:e0:1d:e3:c9:62;eduroam;-59;203
13021;80:e0:1d:e3:c9:63;LU-Events;-55;203
13022;80:e0:1d:af:21:14;Free Tbaytel WiFi;-78;203
13023;a4:6c:2a:d4:ba:4f;LU-Guest;-60;203
13024;a4:6c:2a:d4:ba:4b;Free Tbaytel WiFi;-57;203
13025;a4:6c:2a:d4:ba:4c;LU-Events;-60;203
13026;a4:6c:2a:d4:ba:4d;eduroam;-60;203
13027;a4:6c:2a:d4:ba:4e;LakeheadU;-60;203
13028;02:87:64:2d:e7:33;EBF1E5E6;-49;203
13029;d8:b1:90:e1:2d:a4;Free Tbaytel WiFi;-67;203
13030;d8:b1:90:e1:2d:a1;LakeheadU;-67;203
13031;d8:b1:90:e1:2d:a2;eduroam;-67;203
13032;d8:b1:90:e1:2d:ae;LakeheadU;-71;203
13033;d8:b1:90:e1:2d:ac;LU-Events;-71;203
13034;d8:b1:90:e1:2d:ad;eduroam;-71;203
13035;d8:b1:90:e1:2d:ab;Free Tbaytel WiFi;-71;203
13036;a4:6c:2a:d3:f2:8c;LU-Events;-82;203
13037;a4:6c:2a:d3:f2:8e;LakeheadU;-82;203
13038;a4:6c:2a:d3:f2:81;LakeheadU;-68;203
13039;a4:6c:2a:d3:f2:80;LU-Guest;-67;203
13040;a4:6c:2a:d3:f2:82;eduroam;-67;203
13041;a4:6c:2a:d3:f2:84;Free Tbaytel WiFi;-67;203
13042;80:e0:1d:e6:7a:62;eduroam;-77;203
13043;80:e0:1d:e6:7a:63;LU-Events;-75;203
13044;06:56:78:d0:60:49;EBF06ED2;-61;203
13045;a4:6c:2a:d4:bb:03;LU-Events;-75;203
13046;a4:6c:2a:d4:bb:01;LakeheadU;-75;203
13047;a4:6c:2a:d4:bb:02;eduroam;-74;203
13048;80:e0:1d:e3:c9:6f;LU-Guest;-75;203
13049;80:e0:1d:e3:c9:6b;Free Tbaytel WiFi;-75;203
13050;80:e0:1d:e3:c9:6c;LU-Events;-75;203
13051;a4:6c:2a:d3:f4:df;LU-Guest;-89;203
13052;a4:6c:2a:d3:f4:db;Free Tbaytel WiFi;-88;203
13053;a4:6c:2a:d3:f4:dc;LU-Events;-88;203
13054;a4:6c:2a:d3:f4:d0;LU-Guest;-73;203
13055;a4:6c:2a:d3:f4:d1;LakeheadU;-77;203
13056;a4:6c:2a:d3:f4:d2;eduroam;-77;203
13057;80:e0:1d:ee:3f:01;LakeheadU;-82;203
13058;80:e0:1d:ee:3f:02;eduroam;-81;203
13059;80:e0:1d:ee:3f:03;LU-Events;-82;203
13060;80:e0:1d:ee:3f:04;Free Tbaytel WiFi;-82;203
13061;80:e0:1d:c1:ea:ae;LakeheadU;-85;203
13062;80:e0:1d:c1:ea:a1;LakeheadU;-80;203
13063;80:e0:1d:c1:ea:a0;LU-Guest;-79;203
13064;10:8c:cf:44:26:b2;eduroam;-54;203
13065;10:8c:cf:44:26:b1;LakeheadU;-52;203
13066;80:e0:1d:c1:ec:a0;LU-Guest;-81;203
13067;10:8c:cf:44:26:b0;LU-Guest;-54;203
13068;10:8c:cf:44:26:b4;Free Tbaytel WiFi;-54;203
13069;10:8c:cf:44:26:b3;LU-Events;-53;203
13070;10:8c:cf:44:26:bb;Free Tbaytel WiFi;-52;203
13071;10:8c:cf:44:26:bf;LU-Guest;-52;203
13072;10:8c:cf:44:26:be;LakeheadU;-53;203
13073;10:8c:cf:44:26:bd;eduroam;-52;203
13074;10:8c:cf:44:26:bc;LU-Events;-52;203
13075;80:e0:1d:f8:49:41;LakeheadU;-73;203
13076;80:e0:1d:f8:49:42;eduroam;-72;203
13077;6c:5a:b0:3d:73:c0;Quanser_UVS-5G;-92;203
13078;80:e0:1d:f8:49:4c;LU-Events;-86;203
13079;80:e0:1d:f8:49:4d;eduroam;-86;203
13080;80:e0:1d:f8:49:4b;Free Tbaytel WiFi;-86;203
13081;80:e0:1d:f8:49:4e;LakeheadU;-85;203
13082;d8:b1:90:e1:29:d0;LU-Guest;-73;203
13083;d8:b1:90:e1:29:d3;LU-Events;-75;203
13084;d8:b1:90:e1:29:d4;Free Tbaytel WiFi;-74;203
13085;d8:b1:90:e1:29:d1;LakeheadU;-73;203
13086;d8:b1:90:e1:29:d2;eduroam;-73;203
13087;d8:b1:90:e1:29:dc;LU-Events;-87;204
13088;d8:b1:90:e1:29:dd;eduroam;-85;204
13089;d8:b1:90:e1:29:db;Free Tbaytel WiFi;-85;204
13090;d8:b1:90:e1:29:df;LU-Guest;-86;204
13091;a4:6c:2a:d4:ba:42;eduroam;-42;204
13092;a4:6c:2a:d4:ba:43;LU-Events;-42;204
13093;a4:6c:2a:d4:ba:44;Free Tbaytel WiFi;-45;204
13094;a4:6c:2a:d4:ba:40;LU-Guest;-41;204
13095;a4:6c:2a:d4:ba:41;LakeheadU;-42;204
13096;d8:b1:90:e1:12:b0;LU-Guest;-60;204
13097;d8:b1:90:e1:12:b2;eduroam;-60;204
13098;d8:b1:90:e1:12:b1;LakeheadU;-60;204
13099;d8:b1:90:e1:12:b4;Free Tbaytel WiFi;-60;204
13100;d8:b1:90:e1:12:b3;LU-Events;-60;204
13101;80:e0:1d:c2:b7:f3;LU-Events;-83;204
13102;d8:b1:90:e1:12:bb;Free Tbaytel WiFi;-63;204
13103;d8:b1:90:e1:12:bd;eduroam;-64;204
13104;d8:b1:90:e1:12:bc;LU-Events;-63;204
13105;d8:b1:90:e1:12:bf;LU-Guest;-64;204
13106;d8:b1:90:e1:12:be;LakeheadU;-64;204
13107;7e:a7:b0:c5:e9:67;DIRECT-cfLexmark Cheetah M-67e9;-87;204
13108;80:e0:1d:af:21:10;LU-Guest;-74;204
13109;80:e0:1d:e3:c9:61;LakeheadU;-60;204
13110;80:e0:1d:e3:c9:62;eduroam;-60;204
13111;80:e0:1d:e3:c9:63;LU-Events;-63;204
13112;80:e0:1d:af:21:14;Free Tbaytel WiFi;-73;204
13113;80:e0:1d:af:21:13;LU-Events;-73;204
13114;80:e0:1d:af:21:12;eduroam;-74;204
13115;80:e0:1d:af:21:11;LakeheadU;-74;204
13116;a4:6c:2a:d4:ba:4f;LU-Guest;-61;204
13117;a4:6c:2a:d4:ba:4b;Free Tbaytel WiFi;-64;204
13118;a4:6c:2a:d4:ba:4c;LU-Events;-62;204
13119;a4:6c:2a:d4:ba:4d;eduroam;-62;204
13120;a4:6c:2a:d4:ba:4e;LakeheadU;-61;204
13121;02:87:64:2d:e7:33;EBF1E5E6;-52;204
13122;d8:b1:90:e1:2d:a0;LU-Guest;-70;204
13123;d8:b1:90:e1:2d:a3;LU-Events;-70;204
13124;d8:b1:90:e1:2d:a4;Free Tbaytel WiFi;-70;204
13125;d8:b1:90:e1:2d:a1;LakeheadU;-70;204
13126;d8:b1:90:e1:2d:a2;eduroam;-70;204
13127;d8:b1:90:e1:2d:ae;LakeheadU;-76;204
13128;d8:b1:90:e1:2d:af;LU-Guest;-75;204
13129;d8:b1:90:e1:2d:ab;Free Tbaytel WiFi;-76;204
13130;a4:6c:2a:d3:f2:8c;LU-Events;-81;204
13131;a4:6c:2a:d3:f2:8b;Free Tbaytel WiFi;-81;204
13132;a4:6c:2a:d3:f2:8e;LakeheadU;-81;204
13133;a4:6c:2a:d3:f2:8d;eduroam;-82;204
13134;a4:6c:2a:d3:f2:8f;LU-Guest;-80;204
13135;a4:6c:2a:d3:f2:81;LakeheadU;-62;204
13136;a4:6c:2a:d3:f2:80;LU-Guest;-62;204
13137;a4:6c:2a:d3:f2:83;LU-Events;-62;204
13138;a4:6c:2a:d3:f2:82;eduroam;-62;204
13139;a4:6c:2a:d3:f2:84;Free Tbaytel WiFi;-61;204
13140;80:e0:1d:e6:7a:64;Free Tbaytel WiFi;-83;204
13141;80:e0:1d:e6:7a:63;LU-Events;-81;204
13142;d8:b1:90:df:9f:e1;LakeheadU;-85;204
13143;06:56:78:d0:60:49;EBF06ED2;-62;204
13144;a4:6c:2a:d4:bb:03;LU-Events;-81;204
13145;a4:6c:2a:d4:bb:01;LakeheadU;-83;204
13146;80:e0:1d:af:1e:c4;eduroam;-86;204
13147;80:e0:1d:e3:c9:6d;eduroam;-74;204
13148;80:e0:1d:e3:c9:6f;LU-Guest;-73;204
13149;80:e0:1d:e3:c9:6b;Free Tbaytel WiFi;-74;204
13150;80:e0:1d:e3:c9:6c;LU-Events;-74;204
13151;a4:6c:2a:d3:f4:df;LU-Guest;-87;204
13152;a4:6c:2a:d3:f4:de;LakeheadU;-87;204
13153;a4:6c:2a:d3:f4:db;Free Tbaytel WiFi;-86;204
13154;a4:6c:2a:d3:f4:dc;LU-Events;-87;204
13155;a4:6c:2a:d3:f4:d0;LU-Guest;-78;204
13156;a4:6c:2a:d3:f4:d1;LakeheadU;-77;204
13157;a4:6c:2a:d3:f4:d4;Free Tbaytel WiFi;-77;204
13158;a4:6c:2a:d3:f4:d2;eduroam;-78;204
13159;a4:6c:2a:d3:f4:d3;LU-Events;-78;204
13160;80:e0:1d:ee:3f:03;LU-Events;-83;204
13161;80:e0:1d:c1:ea:af;LU-Guest;-93;204
13162;80:e0:1d:c1:ec:a3;LU-Events;-87;204
13163;80:e0:1d:c1:ec:a4;Free Tbaytel WiFi;-86;204
13164;10:8c:cf:44:26:b2;eduroam;-51;204
13165;10:8c:cf:44:26:b1;LakeheadU;-51;204
13166;80:e0:1d:c1:ec:a0;LU-Guest;-85;204
13167;10:8c:cf:44:26:b0;LU-Guest;-51;204
13168;80:e0:1d:c1:ec:a1;LakeheadU;-86;204
13169;10:8c:cf:44:26:b4;Free Tbaytel WiFi;-51;204
13170;10:8c:cf:44:26:b3;LU-Events;-50;204
13171;10:8c:cf:44:26:bb;Free Tbaytel WiFi;-66;204
13172;80:e0:1d:ac:8b:00;LU-Guest;-88;204
13173;10:8c:cf:44:26:bf;LU-Guest;-66;204
13174;10:8c:cf:44:26:be;LakeheadU;-66;204
13175;10:8c:cf:44:26:bd;eduroam;-66;204
13176;10:8c:cf:44:26:bc;LU-Events;-66;204
13177;80:e0:1d:f8:49:41;LakeheadU;-76;204
13178;80:e0:1d:f8:49:4c;LU-Events;-89;204
13179;80:e0:1d:f8:49:4b;Free Tbaytel WiFi;-89;204
13180;80:e0:1d:f8:49:4e;LakeheadU;-89;204
13181;80:e0:1d:f8:49:4f;LU-Guest;-88;204
13182;d8:b1:90:e1:29:d0;LU-Guest;-76;204
13183;d8:b1:90:e1:29:d3;LU-Events;-77;204
13184;d8:b1:90:e1:29:d4;Free Tbaytel WiFi;-76;204
13185;d8:b1:90:e1:29:d1;LakeheadU;-79;204
13186;d8:b1:90:e1:29:d2;eduroam;-76;204
13187;a4:6c:2a:d4:ba:40;LU-Guest;-41;205
13188;a4:6c:2a:d4:ba:43;LU-Events;-42;205
13189;a4:6c:2a:d4:ba:42;eduroam;-42;205
13190;a4:6c:2a:d4:ba:41;LakeheadU;-42;205
13191;a4:6c:2a:d4:ba:44;Free Tbaytel WiFi;-45;205
13192;10:8c:cf:44:26:b3;LU-Events;-50;205
13193;10:8c:cf:44:26:b4;Free Tbaytel WiFi;-51;205
13194;10:8c:cf:44:26:b0;LU-Guest;-51;205
13195;10:8c:cf:44:26:b2;eduroam;-51;205
13196;10:8c:cf:44:26:b1;LakeheadU;-51;205
13197;02:87:64:2d:e7:33;EBF1E5E6;-52;205
13198;d8:b1:90:e1:12:b2;eduroam;-60;205
13199;d8:b1:90:e1:12:b1;LakeheadU;-60;205
13200;d8:b1:90:e1:12:b4;Free Tbaytel WiFi;-60;205
13201;d8:b1:90:e1:12:b3;LU-Events;-60;205
13202;d8:b1:90:e1:12:b0;LU-Guest;-60;205
13203;80:e0:1d:e3:c9:62;eduroam;-60;205
13204;80:e0:1d:e3:c9:61;LakeheadU;-60;205
13205;a4:6c:2a:d4:ba:4f;LU-Guest;-61;205
13206;a4:6c:2a:d4:ba:4e;LakeheadU;-61;205
13207;a4:6c:2a:d3:f2:84;Free Tbaytel WiFi;-61;205
13208;a4:6c:2a:d4:ba:4d;eduroam;-62;205
13209;a4:6c:2a:d4:ba:4c;LU-Events;-62;205
13210;06:56:78:d0:60:49;EBF06ED2;-62;205
13211;a4:6c:2a:d3:f2:81;LakeheadU;-62;205
13212;a4:6c:2a:d3:f2:80;LU-Guest;-62;205
13213;a4:6c:2a:d3:f2:82;eduroam;-62;205
13214;a4:6c:2a:d3:f2:83;LU-Events;-62;205
13215;d8:b1:90:e1:12:bc;LU-Events;-63;205
13216;d8:b1:90:e1:12:bb;Free Tbaytel WiFi;-63;205
13217;80:e0:1d:e3:c9:63;LU-Events;-63;205
13218;d8:b1:90:e1:12:be;LakeheadU;-64;205
13219;d8:b1:90:e1:12:bd;eduroam;-64;205
13220;a4:6c:2a:d4:ba:4b;Free Tbaytel WiFi;-64;205
13221;d8:b1:90:e1:12:bf;LU-Guest;-64;205
13222;10:8c:cf:44:26:bc;LU-Events;-66;205
13223;10:8c:cf:44:26:be;LakeheadU;-66;205
13224;10:8c:cf:44:26:bd;eduroam;-66;205
13225;10:8c:cf:44:26:bf;LU-Guest;-66;205
13226;10:8c:cf:44:26:bb;Free Tbaytel WiFi;-66;205
13227;d8:b1:90:e1:2d:a2;eduroam;-70;205
13228;d8:b1:90:e1:2d:a1;LakeheadU;-70;205
13229;d8:b1:90:e1:2d:a4;Free Tbaytel WiFi;-70;205
13230;d8:b1:90:e1:2d:a0;LU-Guest;-70;205
13231;d8:b1:90:e1:2d:a3;LU-Events;-70;205
13232;80:e0:1d:af:21:14;Free Tbaytel WiFi;-73;205
13233;80:e0:1d:e3:c9:6f;LU-Guest;-73;205
13234;80:e0:1d:af:21:13;LU-Events;-73;205
13235;80:e0:1d:af:21:10;LU-Guest;-74;205
13236;80:e0:1d:e3:c9:6c;LU-Events;-74;205
13237;80:e0:1d:e3:c9:6b;Free Tbaytel WiFi;-74;205
13238;80:e0:1d:af:21:12;eduroam;-74;205
13239;80:e0:1d:af:21:11;LakeheadU;-74;205
13240;80:e0:1d:e3:c9:6d;eduroam;-74;205
13241;d8:b1:90:e1:2d:af;LU-Guest;-75;205
13242;d8:b1:90:e1:29:d2;eduroam;-76;205
13243;d8:b1:90:e1:29:d0;LU-Guest;-76;205
13244;d8:b1:90:e1:29:d4;Free Tbaytel WiFi;-76;205
13245;80:e0:1d:f8:49:41;LakeheadU;-76;205
13246;d8:b1:90:e1:2d:ae;LakeheadU;-76;205
13247;d8:b1:90:e1:2d:ab;Free Tbaytel WiFi;-76;205
13248;d8:b1:90:e1:29:d3;LU-Events;-77;205
13249;a4:6c:2a:d3:f4:d1;LakeheadU;-77;205
13250;a4:6c:2a:d3:f4:d4;Free Tbaytel WiFi;-77;205
13251;a4:6c:2a:d3:f4:d0;LU-Guest;-78;205
13252;a4:6c:2a:d3:f4:d2;eduroam;-78;205
13253;a4:6c:2a:d3:f4:d3;LU-Events;-78;205
13254;d8:b1:90:e1:29:d1;LakeheadU;-79;205
13255;a4:6c:2a:d3:f2:8f;LU-Guest;-80;205
13256;a4:6c:2a:d3:f2:8e;LakeheadU;-81;205
13257;a4:6c:2a:d3:f2:8c;LU-Events;-81;205
13258;a4:6c:2a:d4:bb:03;LU-Events;-81;205
13259;80:e0:1d:e6:7a:63;LU-Events;-81;205
13260;a4:6c:2a:d3:f2:8b;Free Tbaytel WiFi;-81;205
13261;a4:6c:2a:d3:f2:8d;eduroam;-82;205
13262;80:e0:1d:e6:7a:64;Free Tbaytel WiFi;-83;205
13263;a4:6c:2a:d4:bb:01;LakeheadU;-83;205
13264;80:e0:1d:ee:3f:03;LU-Events;-83;205
13265;80:e0:1d:c2:b7:f3;LU-Events;-83;205
13266;d8:b1:90:e1:29:db;Free Tbaytel WiFi;-85;205
13267;d8:b1:90:e1:29:dd;eduroam;-85;205
13268;80:e0:1d:c1:ec:a0;LU-Guest;-85;205
13269;d8:b1:90:df:9f:e1;LakeheadU;-85;205
13270;a4:6c:2a:d3:f4:db;Free Tbaytel WiFi;-86;205
13271;d8:b1:90:e1:29:df;LU-Guest;-86;205
13272;80:e0:1d:af:1e:c4;eduroam;-86;205
13273;80:e0:1d:c1:ec:a1;LakeheadU;-86;205
13274;80:e0:1d:c1:ec:a4;Free Tbaytel WiFi;-86;205
13275;d8:b1:90:e1:29:dc;LU-Events;-87;205
13276;a4:6c:2a:d3:f4:dc;LU-Events;-87;205
13277;a4:6c:2a:d3:f4:df;LU-Guest;-87;205
13278;7e:a7:b0:c5:e9:67;DIRECT-cfLexmark Cheetah M-67e9;-87;205
13279;80:e0:1d:c1:ec:a3;LU-Events;-87;205
13280;a4:6c:2a:d3:f4:de;LakeheadU;-87;205
13281;80:e0:1d:ac:8b:00;LU-Guest;-88;205
13282;80:e0:1d:f8:49:4f;LU-Guest;-88;205
13283;80:e0:1d:f8:49:4b;Free Tbaytel WiFi;-89;205
13284;80:e0:1d:f8:49:4e;LakeheadU;-89;205
13285;80:e0:1d:f8:49:4c;LU-Events;-89;205
13286;80:e0:1d:c1:ea:af;LU-Guest;-93;205
13287;c0:c1:c0:8e:e8:c5;unavailable;-85;206
13288;a4:6c:2a:d4:ba:42;eduroam;-52;206
13289;a4:6c:2a:d4:ba:43;LU-Events;-51;206
13290;a4:6c:2a:d4:ba:44;Free Tbaytel WiFi;-51;206
13291;a4:6c:2a:d4:ba:40;LU-Guest;-52;206
13292;a4:6c:2a:d4:ba:41;LakeheadU;-51;206
13293;d8:b1:90:e1:12:b0;LU-Guest;-68;206
13294;d8:b1:90:e1:12:b2;eduroam;-69;206
13295;d8:b1:90:e1:12:b1;LakeheadU;-68;206
13296;d8:b1:90:e1:12:b4;Free Tbaytel WiFi;-68;206
13297;d8:b1:90:e1:12:b3;LU-Events;-68;206
13298;d8:b1:90:e1:12:bb;Free Tbaytel WiFi;-87;206
13299;d8:b1:90:e1:12:bd;eduroam;-86;206
13300;d8:b1:90:e1:12:bc;LU-Events;-86;206
13301;d8:b1:90:e1:12:bf;LU-Guest;-86;206
13302;d8:b1:90:e1:12:be;LakeheadU;-86;206
13303;80:e0:1d:af:21:10;LU-Guest;-83;206
13304;80:e0:1d:e3:c9:64;Free Tbaytel WiFi;-71;206
13305;80:e0:1d:e3:c9:60;LU-Guest;-71;206
13306;80:e0:1d:e3:c9:61;LakeheadU;-74;206
13307;80:e0:1d:e3:c9:62;eduroam;-71;206
13308;80:e0:1d:e3:c9:63;LU-Events;-71;206
13309;80:e0:1d:af:21:13;LU-Events;-84;206
13310;80:e0:1d:af:21:11;LakeheadU;-83;206
13311;a4:6c:2a:d4:ba:4f;LU-Guest;-69;206
13312;a4:6c:2a:d4:ba:4b;Free Tbaytel WiFi;-73;206
13313;a4:6c:2a:d4:ba:4c;LU-Events;-70;206
13314;a4:6c:2a:d4:ba:4d;eduroam;-70;206
13315;a4:6c:2a:d4:ba:4e;LakeheadU;-70;206
13316;02:87:64:2d:e7:33;EBF1E5E6;-56;206
13317;d8:b1:90:e1:2d:a0;LU-Guest;-64;206
13318;d8:b1:90:e1:2d:a3;LU-Events;-64;206
13319;d8:b1:90:e1:2d:a4;Free Tbaytel WiFi;-63;206
13320;d8:b1:90:e1:2d:a1;LakeheadU;-64;206
13321;d8:b1:90:e1:2d:a2;eduroam;-63;206
13322;d8:b1:90:e1:2d:ae;LakeheadU;-80;206
13323;d8:b1:90:e1:2d:af;LU-Guest;-79;206
13324;d8:b1:90:e1:2d:ac;LU-Events;-80;206
13325;d8:b1:90:e1:2d:ab;Free Tbaytel WiFi;-80;206
13326;a4:6c:2a:d3:f2:8c;LU-Events;-90;206
13327;a4:6c:2a:d3:f2:8e;LakeheadU;-91;206
13328;a4:6c:2a:d3:f2:81;LakeheadU;-73;206
13329;a4:6c:2a:d3:f2:80;LU-Guest;-73;206
13330;a4:6c:2a:d3:f2:83;LU-Events;-73;206
13331;a4:6c:2a:d3:f2:82;eduroam;-74;206
13332;a4:6c:2a:d3:f2:84;Free Tbaytel WiFi;-73;206
13333;80:e0:1d:e6:7a:62;eduroam;-79;206
13334;80:e0:1d:e6:7a:61;LakeheadU;-79;206
13335;80:e0:1d:e6:7a:64;Free Tbaytel WiFi;-80;206
13336;80:e0:1d:e6:7a:63;LU-Events;-80;206
13337;ca:5a:b0:3d:73:c3;;-76;206
13338;06:56:78:d0:60:49;EBF06ED2;-62;206
13339;a4:6c:2a:d4:bb:03;LU-Events;-80;206
13340;a4:6c:2a:d4:bb:00;LU-Guest;-81;206
13341;80:e0:1d:e3:c9:6d;eduroam;-84;206
13342;80:e0:1d:e3:c9:6e;LakeheadU;-84;206
13343;80:e0:1d:e3:c9:6f;LU-Guest;-83;206
13344;80:e0:1d:e3:c9:6b;Free Tbaytel WiFi;-84;206
13345;a4:6c:2a:d3:f4:d4;Free Tbaytel WiFi;-83;206
13346;a4:6c:2a:d3:f4:d2;eduroam;-84;206
13347;a4:6c:2a:d3:f4:d3;LU-Events;-80;206
13348;80:e0:1d:ee:3f:04;Free Tbaytel WiFi;-86;206
13349;80:e0:1d:c1:ea:af;LU-Guest;-92;206
13350;80:e0:1d:c1:ea:a1;LakeheadU;-79;206
13351;80:e0:1d:c1:ea:a2;eduroam;-81;206
13352;80:e0:1d:c1:ea:a3;LU-Events;-81;206
13353;80:e0:1d:c1:ea:a4;Free Tbaytel WiFi;-81;206
13354;10:8c:cf:44:26:b2;eduroam;-55;206
13355;10:8c:cf:44:26:b1;LakeheadU;-55;206
13356;80:e0:1d:c1:ec:a0;LU-Guest;-86;206
13357;10:8c:cf:44:26:b0;LU-Guest;-55;206
13358;10:8c:cf:44:26:b4;Free Tbaytel WiFi;-55;206
13359;10:8c:cf:44:26:b3;LU-Events;-55;206
13360;10:8c:cf:44:26:bb;Free Tbaytel WiFi;-68;206
13361;10:8c:cf:44:26:bf;LU-Guest;-69;206
13362;10:8c:cf:44:26:be;LakeheadU;-69;206
13363;10:8c:cf:44:26:bd;eduroam;-68;206
13364;10:8c:cf:44:26:bc;LU-Events;-69;206
13365;80:e0:1d:c1:ef:41;LU-Guest;-86;206
13366;80:e0:1d:c1:ef:42;LU-Events;-86;206
13367;6c:5a:b0:3d:73:c0;Quanser_UVS-5G;-90;206
13368;6c:5a:b0:3d:73:c1;Quanser_UVS;-75;206
13369;80:e0:1d:f8:49:4c;LU-Events;-90;206
13370;80:e0:1d:f8:49:4e;LakeheadU;-91;206
13371;d8:b1:90:e1:29:d0;LU-Guest;-81;206
13372;d8:b1:90:e1:29:d3;LU-Events;-81;206
13373;c0:c1:c0:8e:e8:c5;unavailable;-85;207
13374;a4:6c:2a:d4:ba:42;eduroam;-52;207
13375;a4:6c:2a:d4:ba:43;LU-Events;-51;207
13376;a4:6c:2a:d4:ba:44;Free Tbaytel WiFi;-51;207
13377;a4:6c:2a:d4:ba:40;LU-Guest;-52;207
13378;a4:6c:2a:d4:ba:41;LakeheadU;-51;207
13379;d8:b1:90:e1:12:b0;LU-Guest;-68;207
13380;d8:b1:90:e1:12:b2;eduroam;-69;207
13381;d8:b1:90:e1:12:b1;LakeheadU;-68;207
13382;d8:b1:90:e1:12:b4;Free Tbaytel WiFi;-68;207
13383;d8:b1:90:e1:12:b3;LU-Events;-68;207
13384;d8:b1:90:e1:12:bb;Free Tbaytel WiFi;-87;207
13385;d8:b1:90:e1:12:bd;eduroam;-86;207
13386;d8:b1:90:e1:12:bc;LU-Events;-86;207
13387;d8:b1:90:e1:12:bf;LU-Guest;-86;207
13388;d8:b1:90:e1:12:be;LakeheadU;-86;207
13389;80:e0:1d:af:21:10;LU-Guest;-83;207
13390;80:e0:1d:e3:c9:64;Free Tbaytel WiFi;-71;207
13391;80:e0:1d:e3:c9:60;LU-Guest;-71;207
13392;80:e0:1d:e3:c9:61;LakeheadU;-74;207
13393;80:e0:1d:e3:c9:62;eduroam;-71;207
13394;80:e0:1d:e3:c9:63;LU-Events;-71;207
13395;80:e0:1d:af:21:13;LU-Events;-84;207
13396;80:e0:1d:af:21:11;LakeheadU;-83;207
13397;a4:6c:2a:d4:ba:4f;LU-Guest;-69;207
13398;a4:6c:2a:d4:ba:4b;Free Tbaytel WiFi;-73;207
13399;a4:6c:2a:d4:ba:4c;LU-Events;-70;207
13400;a4:6c:2a:d4:ba:4d;eduroam;-70;207
13401;a4:6c:2a:d4:ba:4e;LakeheadU;-70;207
13402;02:87:64:2d:e7:33;EBF1E5E6;-56;207
13403;d8:b1:90:e1:2d:a0;LU-Guest;-64;207
13404;d8:b1:90:e1:2d:a3;LU-Events;-64;207
13405;d8:b1:90:e1:2d:a4;Free Tbaytel WiFi;-63;207
13406;d8:b1:90:e1:2d:a1;LakeheadU;-64;207
13407;d8:b1:90:e1:2d:a2;eduroam;-63;207
13408;d8:b1:90:e1:2d:ae;LakeheadU;-80;207
13409;d8:b1:90:e1:2d:af;LU-Guest;-79;207
13410;d8:b1:90:e1:2d:ac;LU-Events;-80;207
13411;d8:b1:90:e1:2d:ab;Free Tbaytel WiFi;-80;207
13412;a4:6c:2a:d3:f2:8c;LU-Events;-90;207
13413;a4:6c:2a:d3:f2:8e;LakeheadU;-91;207
13414;a4:6c:2a:d3:f2:81;LakeheadU;-73;207
13415;a4:6c:2a:d3:f2:80;LU-Guest;-73;207
13416;a4:6c:2a:d3:f2:83;LU-Events;-73;207
13417;a4:6c:2a:d3:f2:82;eduroam;-74;207
13418;a4:6c:2a:d3:f2:84;Free Tbaytel WiFi;-73;207
13419;80:e0:1d:e6:7a:62;eduroam;-79;207
13420;80:e0:1d:e6:7a:61;LakeheadU;-79;207
13421;80:e0:1d:e6:7a:64;Free Tbaytel WiFi;-80;207
13422;80:e0:1d:e6:7a:63;LU-Events;-80;207
13423;ca:5a:b0:3d:73:c3;;-76;207
13424;06:56:78:d0:60:49;EBF06ED2;-62;207
13425;a4:6c:2a:d4:bb:03;LU-Events;-80;207
13426;a4:6c:2a:d4:bb:00;LU-Guest;-81;207
13427;80:e0:1d:e3:c9:6d;eduroam;-84;207
13428;80:e0:1d:e3:c9:6e;LakeheadU;-84;207
13429;80:e0:1d:e3:c9:6f;LU-Guest;-83;207
13430;80:e0:1d:e3:c9:6b;Free Tbaytel WiFi;-84;207
13431;a4:6c:2a:d3:f4:d4;Free Tbaytel WiFi;-83;207
13432;a4:6c:2a:d3:f4:d2;eduroam;-84;207
13433;a4:6c:2a:d3:f4:d3;LU-Events;-80;207
13434;80:e0:1d:ee:3f:04;Free Tbaytel WiFi;-86;207
13435;80:e0:1d:c1:ea:af;LU-Guest;-92;207
13436;80:e0:1d:c1:ea:a1;LakeheadU;-79;207
13437;80:e0:1d:c1:ea:a2;eduroam;-81;207
13438;80:e0:1d:c1:ea:a3;LU-Events;-81;207
13439;80:e0:1d:c1:ea:a4;Free Tbaytel WiFi;-81;207
13440;10:8c:cf:44:26:b2;eduroam;-55;207
13441;10:8c:cf:44:26:b1;LakeheadU;-55;207
13442;80:e0:1d:c1:ec:a0;LU-Guest;-86;207
13443;10:8c:cf:44:26:b0;LU-Guest;-55;207
13444;10:8c:cf:44:26:b4;Free Tbaytel WiFi;-55;207
13445;10:8c:cf:44:26:b3;LU-Events;-55;207
13446;10:8c:cf:44:26:bb;Free Tbaytel WiFi;-68;207
13447;10:8c:cf:44:26:bf;LU-Guest;-69;207
13448;10:8c:cf:44:26:be;LakeheadU;-69;207
13449;10:8c:cf:44:26:bd;eduroam;-68;207
13450;10:8c:cf:44:26:bc;LU-Events;-69;207
13451;80:e0:1d:c1:ef:41;LU-Guest;-86;207
13452;80:e0:1d:c1:ef:42;LU-Events;-86;207
13453;6c:5a:b0:3d:73:c0;Quanser_UVS-5G;-90;207
13454;6c:5a:b0:3d:73:c1;Quanser_UVS;-75;207
13455;80:e0:1d:f8:49:4c;LU-Events;-90;207
13456;80:e0:1d:f8:49:4e;LakeheadU;-91;207
13457;d8:b1:90:e1:29:d0;LU-Guest;-81;207
13458;d8:b1:90:e1:29:d3;LU-Events;-81;207
13459;c0:c1:c0:8e:e8:c5;unavailable;-85;208
13460;a4:6c:2a:d4:ba:42;eduroam;-52;208
13461;a4:6c:2a:d4:ba:43;LU-Events;-51;208
13462;a4:6c:2a:d4:ba:44;Free Tbaytel WiFi;-51;208
13463;a4:6c:2a:d4:ba:40;LU-Guest;-52;208
13464;a4:6c:2a:d4:ba:41;LakeheadU;-51;208
13465;d8:b1:90:e1:12:b0;LU-Guest;-68;208
13466;d8:b1:90:e1:12:b2;eduroam;-69;208
13467;d8:b1:90:e1:12:b1;LakeheadU;-68;208
13468;d8:b1:90:e1:12:b4;Free Tbaytel WiFi;-68;208
13469;d8:b1:90:e1:12:b3;LU-Events;-68;208
13470;d8:b1:90:e1:12:bb;Free Tbaytel WiFi;-87;208
13471;d8:b1:90:e1:12:bd;eduroam;-86;208
13472;d8:b1:90:e1:12:bc;LU-Events;-86;208
13473;d8:b1:90:e1:12:bf;LU-Guest;-86;208
13474;d8:b1:90:e1:12:be;LakeheadU;-86;208
13475;80:e0:1d:af:21:10;LU-Guest;-83;208
13476;80:e0:1d:e3:c9:64;Free Tbaytel WiFi;-71;208
13477;80:e0:1d:e3:c9:60;LU-Guest;-71;208
13478;80:e0:1d:e3:c9:61;LakeheadU;-74;208
13479;80:e0:1d:e3:c9:62;eduroam;-71;208
13480;80:e0:1d:e3:c9:63;LU-Events;-71;208
13481;80:e0:1d:af:21:13;LU-Events;-84;208
13482;80:e0:1d:af:21:11;LakeheadU;-83;208
13483;a4:6c:2a:d4:ba:4f;LU-Guest;-69;208
13484;a4:6c:2a:d4:ba:4b;Free Tbaytel WiFi;-73;208
13485;a4:6c:2a:d4:ba:4c;LU-Events;-70;208
13486;a4:6c:2a:d4:ba:4d;eduroam;-70;208
13487;a4:6c:2a:d4:ba:4e;LakeheadU;-70;208
13488;02:87:64:2d:e7:33;EBF1E5E6;-56;208
13489;d8:b1:90:e1:2d:a0;LU-Guest;-64;208
13490;d8:b1:90:e1:2d:a3;LU-Events;-64;208
13491;d8:b1:90:e1:2d:a4;Free Tbaytel WiFi;-63;208
13492;d8:b1:90:e1:2d:a1;LakeheadU;-64;208
13493;d8:b1:90:e1:2d:a2;eduroam;-63;208
13494;d8:b1:90:e1:2d:ae;LakeheadU;-80;208
13495;d8:b1:90:e1:2d:af;LU-Guest;-79;208
13496;d8:b1:90:e1:2d:ac;LU-Events;-80;208
13497;d8:b1:90:e1:2d:ab;Free Tbaytel WiFi;-80;208
13498;a4:6c:2a:d3:f2:8c;LU-Events;-90;208
13499;a4:6c:2a:d3:f2:8e;LakeheadU;-91;208
13500;a4:6c:2a:d3:f2:81;LakeheadU;-73;208
13501;a4:6c:2a:d3:f2:80;LU-Guest;-73;208
13502;a4:6c:2a:d3:f2:83;LU-Events;-73;208
13503;a4:6c:2a:d3:f2:82;eduroam;-74;208
13504;a4:6c:2a:d3:f2:84;Free Tbaytel WiFi;-73;208
13505;80:e0:1d:e6:7a:62;eduroam;-79;208
13506;80:e0:1d:e6:7a:61;LakeheadU;-79;208
13507;80:e0:1d:e6:7a:64;Free Tbaytel WiFi;-80;208
13508;80:e0:1d:e6:7a:63;LU-Events;-80;208
13509;ca:5a:b0:3d:73:c3;;-76;208
13510;06:56:78:d0:60:49;EBF06ED2;-62;208
13511;a4:6c:2a:d4:bb:03;LU-Events;-80;208
13512;a4:6c:2a:d4:bb:00;LU-Guest;-81;208
13513;80:e0:1d:e3:c9:6d;eduroam;-84;208
13514;80:e0:1d:e3:c9:6e;LakeheadU;-84;208
13515;80:e0:1d:e3:c9:6f;LU-Guest;-83;208
13516;80:e0:1d:e3:c9:6b;Free Tbaytel WiFi;-84;208
13517;a4:6c:2a:d3:f4:d4;Free Tbaytel WiFi;-83;208
13518;a4:6c:2a:d3:f4:d2;eduroam;-84;208
13519;a4:6c:2a:d3:f4:d3;LU-Events;-80;208
13520;80:e0:1d:ee:3f:04;Free Tbaytel WiFi;-86;208
13521;80:e0:1d:c1:ea:af;LU-Guest;-92;208
13522;80:e0:1d:c1:ea:a1;LakeheadU;-79;208
13523;80:e0:1d:c1:ea:a2;eduroam;-81;208
13524;80:e0:1d:c1:ea:a3;LU-Events;-81;208
13525;80:e0:1d:c1:ea:a4;Free Tbaytel WiFi;-81;208
13526;10:8c:cf:44:26:b2;eduroam;-55;208
13527;10:8c:cf:44:26:b1;LakeheadU;-55;208
13528;80:e0:1d:c1:ec:a0;LU-Guest;-86;208
13529;10:8c:cf:44:26:b0;LU-Guest;-55;208
13530;10:8c:cf:44:26:b4;Free Tbaytel WiFi;-55;208
13531;10:8c:cf:44:26:b3;LU-Events;-55;208
13532;10:8c:cf:44:26:bb;Free Tbaytel WiFi;-68;208
13533;10:8c:cf:44:26:bf;LU-Guest;-69;208
13534;10:8c:cf:44:26:be;LakeheadU;-69;208
13535;10:8c:cf:44:26:bd;eduroam;-68;208
13536;10:8c:cf:44:26:bc;LU-Events;-69;208
13537;80:e0:1d:c1:ef:41;LU-Guest;-86;208
13538;80:e0:1d:c1:ef:42;LU-Events;-86;208
13539;6c:5a:b0:3d:73:c0;Quanser_UVS-5G;-90;208
13540;6c:5a:b0:3d:73:c1;Quanser_UVS;-75;208
13541;80:e0:1d:f8:49:4c;LU-Events;-90;208
13542;80:e0:1d:f8:49:4e;LakeheadU;-91;208
13543;d8:b1:90:e1:29:d0;LU-Guest;-81;208
13544;d8:b1:90:e1:29:d3;LU-Events;-81;208
13545;00:1f:33:bd:d5:34;Lab1012;-85;209
13546;c0:c1:c0:8e:e8:c5;unavailable;-83;209
13547;a4:6c:2a:d4:ba:42;eduroam;-63;209
13548;a4:6c:2a:d4:ba:43;LU-Events;-61;209
13549;a4:6c:2a:d4:ba:44;Free Tbaytel WiFi;-66;209
13550;a4:6c:2a:d4:ba:40;LU-Guest;-62;209
13551;a4:6c:2a:d4:ba:41;LakeheadU;-61;209
13552;d8:b1:90:e1:12:b0;LU-Guest;-75;209
13553;d8:b1:90:e1:12:b2;eduroam;-76;209
13554;d8:b1:90:e1:12:b4;Free Tbaytel WiFi;-76;209
13555;d8:b1:90:e1:12:bb;Free Tbaytel WiFi;-93;209
13556;d8:b1:90:e1:12:bd;eduroam;-92;209
13557;d8:b1:90:e1:12:bc;LU-Events;-93;209
13558;d8:b1:90:e1:12:be;LakeheadU;-91;209
13559;80:e0:1d:e3:c9:64;Free Tbaytel WiFi;-78;209
13560;80:e0:1d:e3:c9:60;LU-Guest;-77;209
13561;80:e0:1d:e3:c9:61;LakeheadU;-78;209
13562;80:e0:1d:e3:c9:62;eduroam;-77;209
13563;80:e0:1d:e3:c9:63;LU-Events;-74;209
13564;80:e0:1d:af:21:14;Free Tbaytel WiFi;-85;209
13565;80:e0:1d:af:21:13;LU-Events;-86;209
13566;80:e0:1d:af:21:12;eduroam;-86;209
13567;80:e0:1d:af:21:11;LakeheadU;-85;209
13568;a4:6c:2a:d4:ba:4b;Free Tbaytel WiFi;-75;209
13569;a4:6c:2a:d4:ba:4c;LU-Events;-77;209
13570;a4:6c:2a:d4:ba:4d;eduroam;-76;209
13571;a4:6c:2a:d4:ba:4e;LakeheadU;-77;209
13572;02:87:64:2d:e7:33;EBF1E5E6;-54;209
13573;d8:b1:90:e1:2d:a0;LU-Guest;-66;209
13574;d8:b1:90:e1:2d:a3;LU-Events;-67;209
13575;d8:b1:90:e1:2d:a4;Free Tbaytel WiFi;-80;209
13576;d8:b1:90:e1:2d:ae;LakeheadU;-75;209
13577;d8:b1:90:e1:2d:af;LU-Guest;-74;209
13578;d8:b1:90:e1:2d:ac;LU-Events;-75;209
13579;d8:b1:90:e1:2d:ad;eduroam;-75;209
13580;d8:b1:90:e1:2d:ab;Free Tbaytel WiFi;-74;209
13581;a4:6c:2a:d3:f2:80;LU-Guest;-80;209
13582;a4:6c:2a:d3:f2:84;Free Tbaytel WiFi;-78;209
13583;80:e0:1d:e6:7a:62;eduroam;-76;209
13584;80:e0:1d:e6:7a:61;LakeheadU;-73;209
13585;80:e0:1d:e6:7a:64;Free Tbaytel WiFi;-73;209
13586;80:e0:1d:e6:7a:63;LU-Events;-76;209
13587;80:e0:1d:e6:7a:60;LU-Guest;-75;209
13588;06:56:78:d0:60:49;EBF06ED2;-61;209
13589;a4:6c:2a:d4:bb:03;LU-Events;-79;209
13590;a4:6c:2a:d4:bb:04;Free Tbaytel WiFi;-82;209
13591;a4:6c:2a:d4:bb:01;LakeheadU;-79;209
13592;a4:6c:2a:d4:bb:02;eduroam;-78;209
13593;a4:6c:2a:d3:f4:d1;LakeheadU;-86;209
13594;a4:6c:2a:d3:f4:d4;Free Tbaytel WiFi;-86;209
13595;a4:6c:2a:d3:f4:d2;eduroam;-87;209
13596;a4:6c:2a:d3:f4:d3;LU-Events;-89;209
13597;ba:5a:b0:3d:73:b1;;-93;209
13598;80:e0:1d:c1:ea:af;LU-Guest;-88;209
13599;80:e0:1d:c1:ea:ab;Free Tbaytel WiFi;-88;209
13600;80:e0:1d:c1:ea:ac;LU-Events;-87;209
13601;80:e0:1d:c1:ea:ad;eduroam;-84;209
13602;80:e0:1d:c1:ea:a1;LakeheadU;-75;209
13603;80:e0:1d:c1:ea:a2;eduroam;-74;209
13604;80:e0:1d:c1:ea:a3;LU-Events;-75;209
13605;80:e0:1d:c1:ea:a4;Free Tbaytel WiFi;-75;209
13606;80:e0:1d:c1:ea:a0;LU-Guest;-75;209
13607;10:8c:cf:44:26:b2;eduroam;-63;209
13608;10:8c:cf:44:26:b1;LakeheadU;-62;209
13609;10:8c:cf:44:26:b0;LU-Guest;-64;209
13610;10:8c:cf:44:26:b4;Free Tbaytel WiFi;-62;209
13611;10:8c:cf:44:26:b3;LU-Events;-62;209
13612;10:8c:cf:44:26:bb;Free Tbaytel WiFi;-76;209
13613;10:8c:cf:44:26:bf;LU-Guest;-76;209
13614;10:8c:cf:44:26:be;LakeheadU;-76;209
13615;10:8c:cf:44:26:bd;eduroam;-76;209
13616;10:8c:cf:44:26:bc;LU-Events;-76;209
13617;80:e0:1d:f8:49:43;LU-Events;-78;209
13618;80:e0:1d:f8:49:44;Free Tbaytel WiFi;-74;209
13619;80:e0:1d:f8:49:41;LakeheadU;-75;209
13620;80:e0:1d:f8:49:42;eduroam;-74;209
13621;80:e0:1d:f8:49:40;LU-Guest;-75;209
13622;80:e0:1d:f8:49:4c;LU-Events;-80;209
13623;80:e0:1d:f8:49:4d;eduroam;-79;209
13624;80:e0:1d:f8:49:4b;Free Tbaytel WiFi;-79;209
13625;80:e0:1d:f8:49:4e;LakeheadU;-79;209
13626;d8:b1:90:e1:29:d3;LU-Events;-87;209
13627;00:1f:33:bd:d5:34;Lab1012;-85;210
13628;c0:c1:c0:8e:e8:c5;unavailable;-83;210
13629;a4:6c:2a:d4:ba:42;eduroam;-63;210
13630;a4:6c:2a:d4:ba:43;LU-Events;-61;210
13631;a4:6c:2a:d4:ba:44;Free Tbaytel WiFi;-66;210
13632;a4:6c:2a:d4:ba:40;LU-Guest;-62;210
13633;a4:6c:2a:d4:ba:41;LakeheadU;-61;210
13634;d8:b1:90:e1:12:b0;LU-Guest;-75;210
13635;d8:b1:90:e1:12:b2;eduroam;-76;210
13636;d8:b1:90:e1:12:b4;Free Tbaytel WiFi;-76;210
13637;d8:b1:90:e1:12:bb;Free Tbaytel WiFi;-93;210
13638;d8:b1:90:e1:12:bd;eduroam;-92;210
13639;d8:b1:90:e1:12:bc;LU-Events;-93;210
13640;d8:b1:90:e1:12:be;LakeheadU;-91;210
13641;80:e0:1d:e3:c9:64;Free Tbaytel WiFi;-78;210
13642;80:e0:1d:e3:c9:60;LU-Guest;-77;210
13643;80:e0:1d:e3:c9:61;LakeheadU;-78;210
13644;80:e0:1d:e3:c9:62;eduroam;-77;210
13645;80:e0:1d:e3:c9:63;LU-Events;-74;210
13646;80:e0:1d:af:21:14;Free Tbaytel WiFi;-85;210
13647;80:e0:1d:af:21:13;LU-Events;-86;210
13648;80:e0:1d:af:21:12;eduroam;-86;210
13649;80:e0:1d:af:21:11;LakeheadU;-85;210
13650;a4:6c:2a:d4:ba:4b;Free Tbaytel WiFi;-75;210
13651;a4:6c:2a:d4:ba:4c;LU-Events;-77;210
13652;a4:6c:2a:d4:ba:4d;eduroam;-76;210
13653;a4:6c:2a:d4:ba:4e;LakeheadU;-77;210
13654;02:87:64:2d:e7:33;EBF1E5E6;-54;210
13655;d8:b1:90:e1:2d:a0;LU-Guest;-66;210
13656;d8:b1:90:e1:2d:a3;LU-Events;-67;210
13657;d8:b1:90:e1:2d:a4;Free Tbaytel WiFi;-80;210
13658;d8:b1:90:e1:2d:ae;LakeheadU;-75;210
13659;d8:b1:90:e1:2d:af;LU-Guest;-74;210
13660;d8:b1:90:e1:2d:ac;LU-Events;-75;210
13661;d8:b1:90:e1:2d:ad;eduroam;-75;210
13662;d8:b1:90:e1:2d:ab;Free Tbaytel WiFi;-74;210
13663;a4:6c:2a:d3:f2:80;LU-Guest;-80;210
13664;a4:6c:2a:d3:f2:84;Free Tbaytel WiFi;-78;210
13665;80:e0:1d:e6:7a:62;eduroam;-76;210
13666;80:e0:1d:e6:7a:61;LakeheadU;-73;210
13667;80:e0:1d:e6:7a:64;Free Tbaytel WiFi;-73;210
13668;80:e0:1d:e6:7a:63;LU-Events;-76;210
13669;80:e0:1d:e6:7a:60;LU-Guest;-75;210
13670;06:56:78:d0:60:49;EBF06ED2;-61;210
13671;a4:6c:2a:d4:bb:03;LU-Events;-79;210
13672;a4:6c:2a:d4:bb:04;Free Tbaytel WiFi;-82;210
13673;a4:6c:2a:d4:bb:01;LakeheadU;-79;210
13674;a4:6c:2a:d4:bb:02;eduroam;-78;210
13675;a4:6c:2a:d3:f4:d1;LakeheadU;-86;210
13676;a4:6c:2a:d3:f4:d4;Free Tbaytel WiFi;-86;210
13677;a4:6c:2a:d3:f4:d2;eduroam;-87;210
13678;a4:6c:2a:d3:f4:d3;LU-Events;-89;210
13679;ba:5a:b0:3d:73:b1;;-93;210
13680;80:e0:1d:c1:ea:af;LU-Guest;-88;210
13681;80:e0:1d:c1:ea:ab;Free Tbaytel WiFi;-88;210
13682;80:e0:1d:c1:ea:ac;LU-Events;-87;210
13683;80:e0:1d:c1:ea:ad;eduroam;-84;210
13684;80:e0:1d:c1:ea:a1;LakeheadU;-75;210
13685;80:e0:1d:c1:ea:a2;eduroam;-74;210
13686;80:e0:1d:c1:ea:a3;LU-Events;-75;210
13687;80:e0:1d:c1:ea:a4;Free Tbaytel WiFi;-75;210
13688;80:e0:1d:c1:ea:a0;LU-Guest;-75;210
13689;10:8c:cf:44:26:b2;eduroam;-63;210
13690;10:8c:cf:44:26:b1;LakeheadU;-62;210
13691;10:8c:cf:44:26:b0;LU-Guest;-64;210
13692;10:8c:cf:44:26:b4;Free Tbaytel WiFi;-62;210
13693;10:8c:cf:44:26:b3;LU-Events;-62;210
13694;10:8c:cf:44:26:bb;Free Tbaytel WiFi;-76;210
13695;10:8c:cf:44:26:bf;LU-Guest;-76;210
13696;10:8c:cf:44:26:be;LakeheadU;-76;210
13697;10:8c:cf:44:26:bd;eduroam;-76;210
13698;10:8c:cf:44:26:bc;LU-Events;-76;210
13699;80:e0:1d:f8:49:43;LU-Events;-78;210
13700;80:e0:1d:f8:49:44;Free Tbaytel WiFi;-74;210
13701;80:e0:1d:f8:49:41;LakeheadU;-75;210
13702;80:e0:1d:f8:49:42;eduroam;-74;210
13703;80:e0:1d:f8:49:40;LU-Guest;-75;210
13704;80:e0:1d:f8:49:4c;LU-Events;-80;210
13705;80:e0:1d:f8:49:4d;eduroam;-79;210
13706;80:e0:1d:f8:49:4b;Free Tbaytel WiFi;-79;210
13707;80:e0:1d:f8:49:4e;LakeheadU;-79;210
13708;d8:b1:90:e1:29:d3;LU-Events;-87;210
13709;00:1f:33:bd:d5:34;Lab1012;-85;211
13710;c0:c1:c0:8e:e8:c5;unavailable;-83;211
13711;a4:6c:2a:d4:ba:42;eduroam;-63;211
13712;a4:6c:2a:d4:ba:43;LU-Events;-61;211
13713;a4:6c:2a:d4:ba:44;Free Tbaytel WiFi;-66;211
13714;a4:6c:2a:d4:ba:40;LU-Guest;-62;211
13715;a4:6c:2a:d4:ba:41;LakeheadU;-61;211
13716;d8:b1:90:e1:12:b0;LU-Guest;-75;211
13717;d8:b1:90:e1:12:b2;eduroam;-76;211
13718;d8:b1:90:e1:12:b4;Free Tbaytel WiFi;-76;211
13719;d8:b1:90:e1:12:bb;Free Tbaytel WiFi;-93;211
13720;d8:b1:90:e1:12:bd;eduroam;-92;211
13721;d8:b1:90:e1:12:bc;LU-Events;-93;211
13722;d8:b1:90:e1:12:be;LakeheadU;-91;211
13723;80:e0:1d:e3:c9:64;Free Tbaytel WiFi;-78;211
13724;80:e0:1d:e3:c9:60;LU-Guest;-77;211
13725;80:e0:1d:e3:c9:61;LakeheadU;-78;211
13726;80:e0:1d:e3:c9:62;eduroam;-77;211
13727;80:e0:1d:e3:c9:63;LU-Events;-74;211
13728;80:e0:1d:af:21:14;Free Tbaytel WiFi;-85;211
13729;80:e0:1d:af:21:13;LU-Events;-86;211
13730;80:e0:1d:af:21:12;eduroam;-86;211
13731;80:e0:1d:af:21:11;LakeheadU;-85;211
13732;a4:6c:2a:d4:ba:4b;Free Tbaytel WiFi;-75;211
13733;a4:6c:2a:d4:ba:4c;LU-Events;-77;211
13734;a4:6c:2a:d4:ba:4d;eduroam;-76;211
13735;a4:6c:2a:d4:ba:4e;LakeheadU;-77;211
13736;02:87:64:2d:e7:33;EBF1E5E6;-54;211
13737;d8:b1:90:e1:2d:a0;LU-Guest;-66;211
13738;d8:b1:90:e1:2d:a3;LU-Events;-67;211
13739;d8:b1:90:e1:2d:a4;Free Tbaytel WiFi;-80;211
13740;d8:b1:90:e1:2d:ae;LakeheadU;-75;211
13741;d8:b1:90:e1:2d:af;LU-Guest;-74;211
13742;d8:b1:90:e1:2d:ac;LU-Events;-75;211
13743;d8:b1:90:e1:2d:ad;eduroam;-75;211
13744;d8:b1:90:e1:2d:ab;Free Tbaytel WiFi;-74;211
13745;a4:6c:2a:d3:f2:80;LU-Guest;-80;211
13746;a4:6c:2a:d3:f2:84;Free Tbaytel WiFi;-78;211
13747;80:e0:1d:e6:7a:62;eduroam;-76;211
13748;80:e0:1d:e6:7a:61;LakeheadU;-73;211
13749;80:e0:1d:e6:7a:64;Free Tbaytel WiFi;-73;211
13750;80:e0:1d:e6:7a:63;LU-Events;-76;211
13751;80:e0:1d:e6:7a:60;LU-Guest;-75;211
13752;06:56:78:d0:60:49;EBF06ED2;-61;211
13753;a4:6c:2a:d4:bb:03;LU-Events;-79;211
13754;a4:6c:2a:d4:bb:04;Free Tbaytel WiFi;-82;211
13755;a4:6c:2a:d4:bb:01;LakeheadU;-79;211
13756;a4:6c:2a:d4:bb:02;eduroam;-78;211
13757;a4:6c:2a:d3:f4:d1;LakeheadU;-86;211
13758;a4:6c:2a:d3:f4:d4;Free Tbaytel WiFi;-86;211
13759;a4:6c:2a:d3:f4:d2;eduroam;-87;211
13760;a4:6c:2a:d3:f4:d3;LU-Events;-89;211
13761;ba:5a:b0:3d:73:b1;;-93;211
13762;80:e0:1d:c1:ea:af;LU-Guest;-88;211
13763;80:e0:1d:c1:ea:ab;Free Tbaytel WiFi;-88;211
13764;80:e0:1d:c1:ea:ac;LU-Events;-87;211
13765;80:e0:1d:c1:ea:ad;eduroam;-84;211
13766;80:e0:1d:c1:ea:a1;LakeheadU;-75;211
13767;80:e0:1d:c1:ea:a2;eduroam;-74;211
13768;80:e0:1d:c1:ea:a3;LU-Events;-75;211
13769;80:e0:1d:c1:ea:a4;Free Tbaytel WiFi;-75;211
13770;80:e0:1d:c1:ea:a0;LU-Guest;-75;211
13771;10:8c:cf:44:26:b2;eduroam;-63;211
13772;10:8c:cf:44:26:b1;LakeheadU;-62;211
13773;10:8c:cf:44:26:b0;LU-Guest;-64;211
13774;10:8c:cf:44:26:b4;Free Tbaytel WiFi;-62;211
13775;10:8c:cf:44:26:b3;LU-Events;-62;211
13776;10:8c:cf:44:26:bb;Free Tbaytel WiFi;-76;211
13777;10:8c:cf:44:26:bf;LU-Guest;-76;211
13778;10:8c:cf:44:26:be;LakeheadU;-76;211
13779;10:8c:cf:44:26:bd;eduroam;-76;211
13780;10:8c:cf:44:26:bc;LU-Events;-76;211
13781;80:e0:1d:f8:49:43;LU-Events;-78;211
13782;80:e0:1d:f8:49:44;Free Tbaytel WiFi;-74;211
13783;80:e0:1d:f8:49:41;LakeheadU;-75;211
13784;80:e0:1d:f8:49:42;eduroam;-74;211
13785;80:e0:1d:f8:49:40;LU-Guest;-75;211
13786;80:e0:1d:f8:49:4c;LU-Events;-80;211
13787;80:e0:1d:f8:49:4d;eduroam;-79;211
13788;80:e0:1d:f8:49:4b;Free Tbaytel WiFi;-79;211
13789;80:e0:1d:f8:49:4e;LakeheadU;-79;211
13790;d8:b1:90:e1:29:d3;LU-Events;-87;211
13791;50:57:9c:c7:4e:eb;AT2005-EP700U-EE89sItyJt1ATw8;-83;212
13792;c0:c1:c0:8e:e8:c5;unavailable;-77;212
13793;a4:6c:2a:d4:ba:42;eduroam;-68;212
13794;a4:6c:2a:d4:ba:43;LU-Events;-68;212
13795;a4:6c:2a:d4:ba:44;Free Tbaytel WiFi;-62;212
13796;a4:6c:2a:d4:ba:40;LU-Guest;-68;212
13797;a4:6c:2a:d4:ba:41;LakeheadU;-68;212
13798;d8:b1:90:e1:12:b0;LU-Guest;-80;212
13799;d8:b1:90:e1:12:b2;eduroam;-79;212
13800;d8:b1:90:e1:12:b1;LakeheadU;-79;212
13801;d8:b1:90:e1:12:b4;Free Tbaytel WiFi;-79;212
13802;d8:b1:90:e1:12:b3;LU-Events;-79;212
13803;d8:b1:90:e1:12:bc;LU-Events;-92;212
13804;80:e0:1d:e3:c9:60;LU-Guest;-83;212
13805;80:e0:1d:e3:c9:61;LakeheadU;-81;212
13806;80:e0:1d:e3:c9:63;LU-Events;-82;212
13807;a4:6c:2a:d4:ba:4f;LU-Guest;-81;212
13808;02:87:64:2d:e7:33;EBF1E5E6;-55;212
13809;d8:b1:90:e1:2d:a0;LU-Guest;-54;212
13810;d8:b1:90:e1:2d:a3;LU-Events;-58;212
13811;d8:b1:90:e1:2d:a4;Free Tbaytel WiFi;-54;212
13812;d8:b1:90:e1:2d:a1;LakeheadU;-55;212
13813;d8:b1:90:e1:2d:a2;eduroam;-54;212
13814;d8:b1:90:e1:2d:ae;LakeheadU;-64;212
13815;d8:b1:90:e1:2d:af;LU-Guest;-63;212
13816;d8:b1:90:e1:2d:ac;LU-Events;-64;212
13817;d8:b1:90:e1:2d:ad;eduroam;-63;212
13818;d8:b1:90:e1:2d:ab;Free Tbaytel WiFi;-63;212
13819;a4:6c:2a:d3:f2:83;LU-Events;-84;212
13820;80:e0:1d:e6:7a:62;eduroam;-72;212
13821;80:e0:1d:e6:7a:61;LakeheadU;-72;212
13822;80:e0:1d:e6:7a:63;LU-Events;-71;212
13823;80:e0:1d:e6:7a:6e;LakeheadU;-86;212
13824;80:e0:1d:e6:7a:6c;LU-Events;-85;212
13825;06:56:78:d0:60:49;EBF06ED2;-64;212
13826;a4:6c:2a:d4:bb:03;LU-Events;-69;212
13827;a4:6c:2a:d4:bb:00;LU-Guest;-68;212
13828;a4:6c:2a:d4:bb:01;LakeheadU;-69;212
13829;a4:6c:2a:d4:bb:02;eduroam;-70;212
13830;a4:6c:2a:d4:bb:0e;LakeheadU;-93;212
13831;80:e0:1d:c1:ea:ae;LakeheadU;-87;212
13832;80:e0:1d:c1:ea:ac;LU-Events;-88;212
13833;80:e0:1d:c1:ea:a1;LakeheadU;-74;212
13834;80:e0:1d:c1:ea:a2;eduroam;-74;212
13835;80:e0:1d:c1:ea:a3;LU-Events;-73;212
13836;80:e0:1d:c1:ea:a4;Free Tbaytel WiFi;-73;212
13837;80:e0:1d:c1:ea:a0;LU-Guest;-73;212
13838;10:8c:cf:44:26:b2;eduroam;-68;212
13839;10:8c:cf:44:26:b1;LakeheadU;-69;212
13840;10:8c:cf:44:26:b0;LU-Guest;-68;212
13841;10:8c:cf:44:26:b4;Free Tbaytel WiFi;-68;212
13842;10:8c:cf:44:26:b3;LU-Events;-68;212
13843;10:8c:cf:44:26:bb;Free Tbaytel WiFi;-86;212
13844;10:8c:cf:44:26:bf;LU-Guest;-86;212
13845;10:8c:cf:44:26:be;LakeheadU;-85;212
13846;10:8c:cf:44:26:bd;eduroam;-86;212
13847;10:8c:cf:44:26:bc;LU-Events;-85;212
13848;80:e0:1d:f8:49:43;LU-Events;-71;212
13849;80:e0:1d:f8:49:44;Free Tbaytel WiFi;-71;212
13850;80:e0:1d:f8:49:41;LakeheadU;-71;212
13851;80:e0:1d:f8:49:42;eduroam;-71;212
13852;80:e0:1d:f8:49:40;LU-Guest;-70;212
13853;6c:5a:b0:3d:73:c1;Quanser_UVS;-65;212
13854;d8:b1:90:e1:29:d0;LU-Guest;-87;212
13855;d8:b1:90:e1:29:d3;LU-Events;-88;212
13856;d8:b1:90:e1:29:d4;Free Tbaytel WiFi;-88;212
13857;50:57:9c:c7:4e:eb;AT2005-EP700U-EE89sItyJt1ATw8;-83;213
13858;c0:c1:c0:8e:e8:c5;unavailable;-77;213
13859;a4:6c:2a:d4:ba:42;eduroam;-68;213
13860;a4:6c:2a:d4:ba:43;LU-Events;-68;213
13861;a4:6c:2a:d4:ba:44;Free Tbaytel WiFi;-62;213
13862;a4:6c:2a:d4:ba:40;LU-Guest;-68;213
13863;a4:6c:2a:d4:ba:41;LakeheadU;-68;213
13864;d8:b1:90:e1:12:b0;LU-Guest;-80;213
13865;d8:b1:90:e1:12:b2;eduroam;-79;213
13866;d8:b1:90:e1:12:b1;LakeheadU;-79;213
13867;d8:b1:90:e1:12:b4;Free Tbaytel WiFi;-79;213
13868;d8:b1:90:e1:12:b3;LU-Events;-79;213
13869;d8:b1:90:e1:12:bc;LU-Events;-92;213
13870;80:e0:1d:e3:c9:60;LU-Guest;-83;213
13871;80:e0:1d:e3:c9:61;LakeheadU;-81;213
13872;80:e0:1d:e3:c9:63;LU-Events;-82;213
13873;a4:6c:2a:d4:ba:4f;LU-Guest;-81;213
13874;02:87:64:2d:e7:33;EBF1E5E6;-55;213
13875;d8:b1:90:e1:2d:a0;LU-Guest;-54;213
13876;d8:b1:90:e1:2d:a3;LU-Events;-58;213
13877;d8:b1:90:e1:2d:a4;Free Tbaytel WiFi;-54;213
13878;d8:b1:90:e1:2d:a1;LakeheadU;-55;213
13879;d8:b1:90:e1:2d:a2;eduroam;-54;213
13880;d8:b1:90:e1:2d:ae;LakeheadU;-64;213
13881;d8:b1:90:e1:2d:af;LU-Guest;-63;213
13882;d8:b1:90:e1:2d:ac;LU-Events;-64;213
13883;d8:b1:90:e1:2d:ad;eduroam;-63;213
13884;d8:b1:90:e1:2d:ab;Free Tbaytel WiFi;-63;213
13885;a4:6c:2a:d3:f2:83;LU-Events;-84;213
13886;80:e0:1d:e6:7a:62;eduroam;-72;213
13887;80:e0:1d:e6:7a:61;LakeheadU;-72;213
13888;80:e0:1d:e6:7a:63;LU-Events;-71;213
13889;80:e0:1d:e6:7a:6e;LakeheadU;-86;213
13890;80:e0:1d:e6:7a:6c;LU-Events;-85;213
13891;06:56:78:d0:60:49;EBF06ED2;-64;213
13892;a4:6c:2a:d4:bb:03;LU-Events;-69;213
13893;a4:6c:2a:d4:bb:00;LU-Guest;-68;213
13894;a4:6c:2a:d4:bb:01;LakeheadU;-69;213
13895;a4:6c:2a:d4:bb:02;eduroam;-70;213
13896;a4:6c:2a:d4:bb:0e;LakeheadU;-93;213
13897;80:e0:1d:c1:ea:ae;LakeheadU;-87;213
13898;80:e0:1d:c1:ea:ac;LU-Events;-88;213
13899;80:e0:1d:c1:ea:a1;LakeheadU;-74;213
13900;80:e0:1d:c1:ea:a2;eduroam;-74;213
13901;80:e0:1d:c1:ea:a3;LU-Events;-73;213
13902;80:e0:1d:c1:ea:a4;Free Tbaytel WiFi;-73;213
13903;80:e0:1d:c1:ea:a0;LU-Guest;-73;213
13904;10:8c:cf:44:26:b2;eduroam;-68;213
13905;10:8c:cf:44:26:b1;LakeheadU;-69;213
13906;10:8c:cf:44:26:b0;LU-Guest;-68;213
13907;10:8c:cf:44:26:b4;Free Tbaytel WiFi;-68;213
13908;10:8c:cf:44:26:b3;LU-Events;-68;213
13909;10:8c:cf:44:26:bb;Free Tbaytel WiFi;-86;213
13910;10:8c:cf:44:26:bf;LU-Guest;-86;213
13911;10:8c:cf:44:26:be;LakeheadU;-85;213
13912;10:8c:cf:44:26:bd;eduroam;-86;213
13913;10:8c:cf:44:26:bc;LU-Events;-85;213
13914;80:e0:1d:f8:49:43;LU-Events;-71;213
13915;80:e0:1d:f8:49:44;Free Tbaytel WiFi;-71;213
13916;80:e0:1d:f8:49:41;LakeheadU;-71;213
13917;80:e0:1d:f8:49:42;eduroam;-71;213
13918;80:e0:1d:f8:49:40;LU-Guest;-70;213
13919;6c:5a:b0:3d:73:c1;Quanser_UVS;-65;213
13920;d8:b1:90:e1:29:d0;LU-Guest;-87;213
13921;d8:b1:90:e1:29:d3;LU-Events;-88;213
13922;d8:b1:90:e1:29:d4;Free Tbaytel WiFi;-88;213
13923;50:57:9c:c7:4e:eb;AT2005-EP700U-EE89sItyJt1ATw8;-83;214
13924;c0:c1:c0:8e:e8:c5;unavailable;-77;214
13925;a4:6c:2a:d4:ba:42;eduroam;-68;214
13926;a4:6c:2a:d4:ba:43;LU-Events;-68;214
13927;a4:6c:2a:d4:ba:44;Free Tbaytel WiFi;-62;214
13928;a4:6c:2a:d4:ba:40;LU-Guest;-68;214
13929;a4:6c:2a:d4:ba:41;LakeheadU;-68;214
13930;d8:b1:90:e1:12:b0;LU-Guest;-80;214
13931;d8:b1:90:e1:12:b2;eduroam;-79;214
13932;d8:b1:90:e1:12:b1;LakeheadU;-79;214
13933;d8:b1:90:e1:12:b4;Free Tbaytel WiFi;-79;214
13934;d8:b1:90:e1:12:b3;LU-Events;-79;214
13935;d8:b1:90:e1:12:bc;LU-Events;-92;214
13936;80:e0:1d:e3:c9:60;LU-Guest;-83;214
13937;80:e0:1d:e3:c9:61;LakeheadU;-81;214
13938;80:e0:1d:e3:c9:63;LU-Events;-82;214
13939;a4:6c:2a:d4:ba:4f;LU-Guest;-81;214
13940;02:87:64:2d:e7:33;EBF1E5E6;-55;214
13941;d8:b1:90:e1:2d:a0;LU-Guest;-54;214
13942;d8:b1:90:e1:2d:a3;LU-Events;-58;214
13943;d8:b1:90:e1:2d:a4;Free Tbaytel WiFi;-54;214
13944;d8:b1:90:e1:2d:a1;LakeheadU;-55;214
13945;d8:b1:90:e1:2d:a2;eduroam;-54;214
13946;d8:b1:90:e1:2d:ae;LakeheadU;-64;214
13947;d8:b1:90:e1:2d:af;LU-Guest;-63;214
13948;d8:b1:90:e1:2d:ac;LU-Events;-64;214
13949;d8:b1:90:e1:2d:ad;eduroam;-63;214
13950;d8:b1:90:e1:2d:ab;Free Tbaytel WiFi;-63;214
13951;a4:6c:2a:d3:f2:83;LU-Events;-84;214
13952;80:e0:1d:e6:7a:62;eduroam;-72;214
13953;80:e0:1d:e6:7a:61;LakeheadU;-72;214
13954;80:e0:1d:e6:7a:63;LU-Events;-71;214
13955;80:e0:1d:e6:7a:6e;LakeheadU;-86;214
13956;80:e0:1d:e6:7a:6c;LU-Events;-85;214
13957;06:56:78:d0:60:49;EBF06ED2;-64;214
13958;a4:6c:2a:d4:bb:03;LU-Events;-69;214
13959;a4:6c:2a:d4:bb:00;LU-Guest;-68;214
13960;a4:6c:2a:d4:bb:01;LakeheadU;-69;214
13961;a4:6c:2a:d4:bb:02;eduroam;-70;214
13962;a4:6c:2a:d4:bb:0e;LakeheadU;-93;214
13963;80:e0:1d:c1:ea:ae;LakeheadU;-87;214
13964;80:e0:1d:c1:ea:ac;LU-Events;-88;214
13965;80:e0:1d:c1:ea:a1;LakeheadU;-74;214
13966;80:e0:1d:c1:ea:a2;eduroam;-74;214
13967;80:e0:1d:c1:ea:a3;LU-Events;-73;214
13968;80:e0:1d:c1:ea:a4;Free Tbaytel WiFi;-73;214
13969;80:e0:1d:c1:ea:a0;LU-Guest;-73;214
13970;10:8c:cf:44:26:b2;eduroam;-68;214
13971;10:8c:cf:44:26:b1;LakeheadU;-69;214
13972;10:8c:cf:44:26:b0;LU-Guest;-68;214
13973;10:8c:cf:44:26:b4;Free Tbaytel WiFi;-68;214
13974;10:8c:cf:44:26:b3;LU-Events;-68;214
13975;10:8c:cf:44:26:bb;Free Tbaytel WiFi;-86;214
13976;10:8c:cf:44:26:bf;LU-Guest;-86;214
13977;10:8c:cf:44:26:be;LakeheadU;-85;214
13978;10:8c:cf:44:26:bd;eduroam;-86;214
13979;10:8c:cf:44:26:bc;LU-Events;-85;214
13980;80:e0:1d:f8:49:43;LU-Events;-71;214
13981;80:e0:1d:f8:49:44;Free Tbaytel WiFi;-71;214
13982;80:e0:1d:f8:49:41;LakeheadU;-71;214
13983;80:e0:1d:f8:49:42;eduroam;-71;214
13984;80:e0:1d:f8:49:40;LU-Guest;-70;214
13985;6c:5a:b0:3d:73:c1;Quanser_UVS;-65;214
13986;d8:b1:90:e1:29:d0;LU-Guest;-87;214
13987;d8:b1:90:e1:29:d3;LU-Events;-88;214
13988;d8:b1:90:e1:29:d4;Free Tbaytel WiFi;-88;214
13989;c0:c1:c0:8e:e8:c5;unavailable;-81;215
13990;a4:6c:2a:d4:ba:42;eduroam;-74;215
13991;a4:6c:2a:d4:ba:43;LU-Events;-72;215
13992;a4:6c:2a:d4:ba:44;Free Tbaytel WiFi;-72;215
13993;a4:6c:2a:d4:ba:41;LakeheadU;-73;215
13994;80:e0:1d:e3:c9:63;LU-Events;-84;215
13995;80:e0:1d:c9:e0:41;LU-Guest;-86;215
13996;a4:6c:2a:d4:ba:4f;LU-Guest;-90;215
13997;a4:6c:2a:d4:ba:4b;Free Tbaytel WiFi;-92;215
13998;a4:6c:2a:d4:ba:4c;LU-Events;-91;215
13999;a4:6c:2a:d4:ba:4e;LakeheadU;-90;215
14000;02:87:64:2d:e7:33;EBF1E5E6;-48;215
14001;d8:b1:90:e1:2d:a0;LU-Guest;-50;215
14002;d8:b1:90:e1:2d:a3;LU-Events;-50;215
14003;d8:b1:90:e1:2d:a4;Free Tbaytel WiFi;-51;215
14004;d8:b1:90:e1:2d:a1;LakeheadU;-50;215
14005;d8:b1:90:e1:2d:a2;eduroam;-50;215
14006;d8:b1:90:e1:2d:ae;LakeheadU;-64;215
14007;d8:b1:90:e1:2d:af;LU-Guest;-63;215
14008;d8:b1:90:e1:2d:ac;LU-Events;-63;215
14009;d8:b1:90:e1:2d:ad;eduroam;-64;215
14010;d8:b1:90:e1:2d:ab;Free Tbaytel WiFi;-63;215
14011;80:e0:1d:e6:7a:62;eduroam;-61;215
14012;80:e0:1d:e6:7a:61;LakeheadU;-61;215
14013;80:e0:1d:e6:7a:64;Free Tbaytel WiFi;-61;215
14014;80:e0:1d:e6:7a:63;LU-Events;-61;215
14015;80:e0:1d:e6:7a:60;LU-Guest;-61;215
14016;80:e0:1d:e6:7a:6f;LU-Guest;-83;215
14017;80:e0:1d:e6:7a:6b;Free Tbaytel WiFi;-84;215
14018;80:e0:1d:e6:7a:6c;LU-Events;-83;215
14019;06:56:78:d0:60:49;EBF06ED2;-63;215
14020;a4:6c:2a:d4:bb:03;LU-Events;-78;215
14021;a4:6c:2a:d4:bb:04;Free Tbaytel WiFi;-77;215
14022;a4:6c:2a:d4:bb:00;LU-Guest;-78;215
14023;a4:6c:2a:d4:bb:01;LakeheadU;-79;215
14024;a4:6c:2a:d4:bb:02;eduroam;-78;215
14025;a4:6c:2a:d4:bb:0c;LU-Events;-91;215
14026;a4:6c:2a:d4:bb:0d;eduroam;-90;215
14027;a4:6c:2a:d4:bb:0e;LakeheadU;-90;215
14028;a4:6c:2a:d4:bb:0f;LU-Guest;-91;215
14029;a4:6c:2a:d4:bb:0b;Free Tbaytel WiFi;-92;215
14030;80:e0:1d:c1:ea:ab;Free Tbaytel WiFi;-83;215
14031;80:e0:1d:c1:ea:ad;eduroam;-83;215
14032;80:e0:1d:c1:ea:a1;LakeheadU;-73;215
14033;80:e0:1d:c1:ea:a2;eduroam;-72;215
14034;80:e0:1d:c1:ea:a3;LU-Events;-72;215
14035;80:e0:1d:c1:ea:a4;Free Tbaytel WiFi;-73;215
14036;80:e0:1d:c1:ea:a0;LU-Guest;-73;215
14037;10:8c:cf:44:26:b2;eduroam;-77;215
14038;10:8c:cf:44:26:b1;LakeheadU;-78;215
14039;10:8c:cf:44:26:b0;LU-Guest;-76;215
14040;10:8c:cf:44:26:b4;Free Tbaytel WiFi;-76;215
14041;10:8c:cf:44:26:b3;LU-Events;-76;215
14042;10:8c:cf:44:26:bb;Free Tbaytel WiFi;-83;215
14043;10:8c:cf:44:26:bf;LU-Guest;-84;215
14044;10:8c:cf:44:26:bc;LU-Events;-84;215
14045;80:e0:1d:f8:49:43;LU-Events;-72;215
14046;80:e0:1d:f8:49:44;Free Tbaytel WiFi;-73;215
14047;80:e0:1d:f8:49:41;LakeheadU;-73;215
14048;80:e0:1d:f8:49:42;eduroam;-73;215
14049;80:e0:1d:f8:49:40;LU-Guest;-73;215
14050;6c:5a:b0:3d:73:c1;Quanser_UVS;-75;215
14051;80:e0:1d:f8:49:4c;LU-Events;-76;215
14052;80:e0:1d:f8:49:4d;eduroam;-76;215
14053;80:e0:1d:f8:49:4b;Free Tbaytel WiFi;-75;215
14054;80:e0:1d:f8:49:4e;LakeheadU;-75;215
14055;80:e0:1d:f8:49:4f;LU-Guest;-76;215
14056;c0:c1:c0:8e:e8:c5;unavailable;-81;216
14057;a4:6c:2a:d4:ba:42;eduroam;-74;216
14058;a4:6c:2a:d4:ba:43;LU-Events;-72;216
14059;a4:6c:2a:d4:ba:44;Free Tbaytel WiFi;-72;216
14060;a4:6c:2a:d4:ba:41;LakeheadU;-73;216
14061;80:e0:1d:e3:c9:63;LU-Events;-84;216
14062;80:e0:1d:c9:e0:41;LU-Guest;-86;216
14063;a4:6c:2a:d4:ba:4f;LU-Guest;-90;216
14064;a4:6c:2a:d4:ba:4b;Free Tbaytel WiFi;-92;216
14065;a4:6c:2a:d4:ba:4c;LU-Events;-91;216
14066;a4:6c:2a:d4:ba:4e;LakeheadU;-90;216
14067;02:87:64:2d:e7:33;EBF1E5E6;-48;216
14068;d8:b1:90:e1:2d:a0;LU-Guest;-50;216
14069;d8:b1:90:e1:2d:a3;LU-Events;-50;216
14070;d8:b1:90:e1:2d:a4;Free Tbaytel WiFi;-51;216
14071;d8:b1:90:e1:2d:a1;LakeheadU;-50;216
14072;d8:b1:90:e1:2d:a2;eduroam;-50;216
14073;d8:b1:90:e1:2d:ae;LakeheadU;-64;216
14074;d8:b1:90:e1:2d:af;LU-Guest;-63;216
14075;d8:b1:90:e1:2d:ac;LU-Events;-63;216
14076;d8:b1:90:e1:2d:ad;eduroam;-64;216
14077;d8:b1:90:e1:2d:ab;Free Tbaytel WiFi;-63;216
14078;80:e0:1d:e6:7a:62;eduroam;-61;216
14079;80:e0:1d:e6:7a:61;LakeheadU;-61;216
14080;80:e0:1d:e6:7a:64;Free Tbaytel WiFi;-61;216
14081;80:e0:1d:e6:7a:63;LU-Events;-61;216
14082;80:e0:1d:e6:7a:60;LU-Guest;-61;216
14083;80:e0:1d:e6:7a:6f;LU-Guest;-83;216
14084;80:e0:1d:e6:7a:6b;Free Tbaytel WiFi;-84;216
14085;80:e0:1d:e6:7a:6c;LU-Events;-83;216
14086;06:56:78:d0:60:49;EBF06ED2;-63;216
14087;a4:6c:2a:d4:bb:03;LU-Events;-78;216
14088;a4:6c:2a:d4:bb:04;Free Tbaytel WiFi;-77;216
14089;a4:6c:2a:d4:bb:00;LU-Guest;-78;216
14090;a4:6c:2a:d4:bb:01;LakeheadU;-79;216
14091;a4:6c:2a:d4:bb:02;eduroam;-78;216
14092;a4:6c:2a:d4:bb:0c;LU-Events;-91;216
14093;a4:6c:2a:d4:bb:0d;eduroam;-90;216
14094;a4:6c:2a:d4:bb:0e;LakeheadU;-90;216
14095;a4:6c:2a:d4:bb:0f;LU-Guest;-91;216
14096;a4:6c:2a:d4:bb:0b;Free Tbaytel WiFi;-92;216
14097;80:e0:1d:c1:ea:ab;Free Tbaytel WiFi;-83;216
14098;80:e0:1d:c1:ea:ad;eduroam;-83;216
14099;80:e0:1d:c1:ea:a1;LakeheadU;-73;216
14100;80:e0:1d:c1:ea:a2;eduroam;-72;216
14101;80:e0:1d:c1:ea:a3;LU-Events;-72;216
14102;80:e0:1d:c1:ea:a4;Free Tbaytel WiFi;-73;216
14103;80:e0:1d:c1:ea:a0;LU-Guest;-73;216
14104;10:8c:cf:44:26:b2;eduroam;-77;216
14105;10:8c:cf:44:26:b1;LakeheadU;-78;216
14106;10:8c:cf:44:26:b0;LU-Guest;-76;216
14107;10:8c:cf:44:26:b4;Free Tbaytel WiFi;-76;216
14108;10:8c:cf:44:26:b3;LU-Events;-76;216
14109;10:8c:cf:44:26:bb;Free Tbaytel WiFi;-83;216
14110;10:8c:cf:44:26:bf;LU-Guest;-84;216
14111;10:8c:cf:44:26:bc;LU-Events;-84;216
14112;80:e0:1d:f8:49:43;LU-Events;-72;216
14113;80:e0:1d:f8:49:44;Free Tbaytel WiFi;-73;216
14114;80:e0:1d:f8:49:41;LakeheadU;-73;216
14115;80:e0:1d:f8:49:42;eduroam;-73;216
14116;80:e0:1d:f8:49:40;LU-Guest;-73;216
14117;6c:5a:b0:3d:73:c1;Quanser_UVS;-75;216
14118;80:e0:1d:f8:49:4c;LU-Events;-76;216
14119;80:e0:1d:f8:49:4d;eduroam;-76;216
14120;80:e0:1d:f8:49:4b;Free Tbaytel WiFi;-75;216
14121;80:e0:1d:f8:49:4e;LakeheadU;-75;216
14122;80:e0:1d:f8:49:4f;LU-Guest;-76;216
14123;a4:6c:2a:d4:ba:44;Free Tbaytel WiFi;-72;217
14124;80:e0:1d:e6:7a:6f;LU-Guest;-83;217
14125;80:e0:1d:e6:7a:6b;Free Tbaytel WiFi;-84;217
14126;80:e0:1d:e6:7a:6c;LU-Events;-83;217
14127;80:e0:1d:c1:ea:ab;Free Tbaytel WiFi;-83;217
14128;80:e0:1d:c1:ea:ad;eduroam;-83;217
14129;10:8c:cf:44:26:bb;Free Tbaytel WiFi;-83;217
14130;10:8c:cf:44:26:bf;LU-Guest;-84;217
14131;10:8c:cf:44:26:bc;LU-Events;-84;217
14132;50:57:9c:c7:4e:eb;AT2005-EP700U-EE89sItyJt1ATw8;-73;218
14133;c0:c1:c0:8e:e8:c5;unavailable;-70;218
14134;a4:6c:2a:d4:ba:42;eduroam;-69;218
14135;a4:6c:2a:d4:ba:43;LU-Events;-69;218
14136;a4:6c:2a:d4:ba:44;Free Tbaytel WiFi;-73;218
14137;a4:6c:2a:d4:ba:41;LakeheadU;-68;218
14138;80:e0:1d:b8:47:d0;LakeheadU;-81;218
14139;80:e0:1d:b8:47:d1;LU-Guest;-80;218
14140;80:e0:1d:b8:47:d2;LU-Events;-80;218
14141;80:e0:1d:b8:47:d3;Free Tbaytel WiFi;-79;218
14142;80:e0:1d:c9:e0:43;Free Tbaytel WiFi;-85;218
14143;a4:6c:2a:d4:ba:4f;LU-Guest;-90;218
14144;a4:6c:2a:d4:ba:4b;Free Tbaytel WiFi;-89;218
14145;a4:6c:2a:d4:ba:4c;LU-Events;-89;218
14146;a4:6c:2a:d4:ba:4d;eduroam;-90;218
14147;80:e0:1d:c1:e9:81;LU-Guest;-85;218
14148;80:e0:1d:c1:e9:80;LakeheadU;-87;218
14149;80:e0:1d:c1:e9:82;LU-Events;-86;218
14150;02:87:64:2d:e7:33;EBF1E5E6;-51;218
14151;d8:b1:90:e1:2d:a0;LU-Guest;-53;218
14152;d8:b1:90:e1:2d:a3;LU-Events;-53;218
14153;d8:b1:90:e1:2d:a4;Free Tbaytel WiFi;-53;218
14154;d8:b1:90:e1:2d:a1;LakeheadU;-53;218
14155;d8:b1:90:e1:2d:a2;eduroam;-53;218
14156;d8:b1:90:e1:2d:ae;LakeheadU;-62;218
14157;d8:b1:90:e1:2d:af;LU-Guest;-63;218
14158;d8:b1:90:e1:2d:ac;LU-Events;-62;218
14159;d8:b1:90:e1:2d:ad;eduroam;-63;218
14160;d8:b1:90:e1:2d:ab;Free Tbaytel WiFi;-62;218
14161;a4:6c:2a:d3:f2:81;LakeheadU;-85;218
14162;80:e0:1d:e6:7a:62;eduroam;-74;218
14163;80:e0:1d:e6:7a:61;LakeheadU;-71;218
14164;80:e0:1d:e6:7a:63;LU-Events;-71;218
14165;06:56:78:d0:60:49;EBF06ED2;-56;218
14166;a4:6c:2a:d4:bb:03;LU-Events;-79;218
14167;a4:6c:2a:d4:bb:04;Free Tbaytel WiFi;-78;218
14168;a4:6c:2a:d4:bb:00;LU-Guest;-80;218
14169;a4:6c:2a:d4:bb:01;LakeheadU;-77;218
14170;a4:6c:2a:d4:bb:02;eduroam;-78;218
14171;80:e0:1d:c1:ea:ae;LakeheadU;-81;218
14172;80:e0:1d:c1:ea:af;LU-Guest;-80;218
14173;80:e0:1d:c1:ea:ab;Free Tbaytel WiFi;-81;218
14174;80:e0:1d:c1:ea:ac;LU-Events;-80;218
14175;80:e0:1d:c1:ea:ad;eduroam;-81;218
14176;80:e0:1d:c1:ea:a1;LakeheadU;-69;218
14177;80:e0:1d:c1:ea:a2;eduroam;-69;218
14178;80:e0:1d:c1:ea:a3;LU-Events;-68;218
14179;80:e0:1d:c1:ea:a4;Free Tbaytel WiFi;-69;218
14180;80:e0:1d:c1:ea:a0;LU-Guest;-69;218
14181;10:8c:cf:44:26:b2;eduroam;-74;218
14182;10:8c:cf:44:26:b1;LakeheadU;-74;218
14183;10:8c:cf:44:26:b0;LU-Guest;-73;218
14184;10:8c:cf:44:26:b4;Free Tbaytel WiFi;-75;218
14185;10:8c:cf:44:26:b3;LU-Events;-73;218
14186;10:8c:cf:44:26:bb;Free Tbaytel WiFi;-86;218
14187;10:8c:cf:44:26:bf;LU-Guest;-87;218
14188;10:8c:cf:44:26:bd;eduroam;-85;218
14189;10:8c:cf:44:26:bc;LU-Events;-86;218
14190;80:e0:1d:f8:49:43;LU-Events;-62;218
14191;80:e0:1d:f8:49:44;Free Tbaytel WiFi;-63;218
14192;80:e0:1d:f8:49:41;LakeheadU;-61;218
14193;80:e0:1d:f8:49:42;eduroam;-61;218
14194;80:e0:1d:f8:49:40;LU-Guest;-61;218
14195;6c:5a:b0:3d:73:c1;Quanser_UVS;-75;218
14196;80:e0:1d:f8:49:4c;LU-Events;-72;218
14197;80:e0:1d:f8:49:4d;eduroam;-74;218
14198;80:e0:1d:f8:49:4b;Free Tbaytel WiFi;-73;218
14199;80:e0:1d:f8:49:4e;LakeheadU;-73;218
14200;80:e0:1d:f8:49:4f;LU-Guest;-73;218
14201;50:57:9c:c7:4e:eb;AT2005-EP700U-EE89sItyJt1ATw8;-73;219
14202;c0:c1:c0:8e:e8:c5;unavailable;-70;219
14203;a4:6c:2a:d4:ba:42;eduroam;-69;219
14204;a4:6c:2a:d4:ba:43;LU-Events;-69;219
14205;a4:6c:2a:d4:ba:44;Free Tbaytel WiFi;-73;219
14206;a4:6c:2a:d4:ba:41;LakeheadU;-68;219
14207;80:e0:1d:b8:47:d0;LakeheadU;-81;219
14208;80:e0:1d:b8:47:d1;LU-Guest;-80;219
14209;80:e0:1d:b8:47:d2;LU-Events;-80;219
14210;80:e0:1d:b8:47:d3;Free Tbaytel WiFi;-79;219
14211;80:e0:1d:c9:e0:43;Free Tbaytel WiFi;-85;219
14212;a4:6c:2a:d4:ba:4f;LU-Guest;-90;219
14213;a4:6c:2a:d4:ba:4b;Free Tbaytel WiFi;-89;219
14214;a4:6c:2a:d4:ba:4c;LU-Events;-89;219
14215;a4:6c:2a:d4:ba:4d;eduroam;-90;219
14216;80:e0:1d:c1:e9:81;LU-Guest;-85;219
14217;80:e0:1d:c1:e9:80;LakeheadU;-87;219
14218;80:e0:1d:c1:e9:82;LU-Events;-86;219
14219;02:87:64:2d:e7:33;EBF1E5E6;-51;219
14220;d8:b1:90:e1:2d:a0;LU-Guest;-53;219
14221;d8:b1:90:e1:2d:a3;LU-Events;-53;219
14222;d8:b1:90:e1:2d:a4;Free Tbaytel WiFi;-53;219
14223;d8:b1:90:e1:2d:a1;LakeheadU;-53;219
14224;d8:b1:90:e1:2d:a2;eduroam;-53;219
14225;d8:b1:90:e1:2d:ae;LakeheadU;-62;219
14226;d8:b1:90:e1:2d:af;LU-Guest;-63;219
14227;d8:b1:90:e1:2d:ac;LU-Events;-62;219
14228;d8:b1:90:e1:2d:ad;eduroam;-63;219
14229;d8:b1:90:e1:2d:ab;Free Tbaytel WiFi;-62;219
14230;a4:6c:2a:d3:f2:81;LakeheadU;-85;219
14231;80:e0:1d:e6:7a:62;eduroam;-74;219
14232;80:e0:1d:e6:7a:61;LakeheadU;-71;219
14233;80:e0:1d:e6:7a:63;LU-Events;-71;219
14234;06:56:78:d0:60:49;EBF06ED2;-56;219
14235;a4:6c:2a:d4:bb:03;LU-Events;-79;219
14236;a4:6c:2a:d4:bb:04;Free Tbaytel WiFi;-78;219
14237;a4:6c:2a:d4:bb:00;LU-Guest;-80;219
14238;a4:6c:2a:d4:bb:01;LakeheadU;-77;219
14239;a4:6c:2a:d4:bb:02;eduroam;-78;219
14240;80:e0:1d:c1:ea:ae;LakeheadU;-81;219
14241;80:e0:1d:c1:ea:af;LU-Guest;-80;219
14242;80:e0:1d:c1:ea:ab;Free Tbaytel WiFi;-81;219
14243;80:e0:1d:c1:ea:ac;LU-Events;-80;219
14244;80:e0:1d:c1:ea:ad;eduroam;-81;219
14245;80:e0:1d:c1:ea:a1;LakeheadU;-69;219
14246;80:e0:1d:c1:ea:a2;eduroam;-69;219
14247;80:e0:1d:c1:ea:a3;LU-Events;-68;219
14248;80:e0:1d:c1:ea:a4;Free Tbaytel WiFi;-69;219
14249;80:e0:1d:c1:ea:a0;LU-Guest;-69;219
14250;10:8c:cf:44:26:b2;eduroam;-74;219
14251;10:8c:cf:44:26:b1;LakeheadU;-74;219
14252;10:8c:cf:44:26:b0;LU-Guest;-73;219
14253;10:8c:cf:44:26:b4;Free Tbaytel WiFi;-75;219
14254;10:8c:cf:44:26:b3;LU-Events;-73;219
14255;10:8c:cf:44:26:bb;Free Tbaytel WiFi;-86;219
14256;10:8c:cf:44:26:bf;LU-Guest;-87;219
14257;10:8c:cf:44:26:bd;eduroam;-85;219
14258;10:8c:cf:44:26:bc;LU-Events;-86;219
14259;80:e0:1d:f8:49:43;LU-Events;-62;219
14260;80:e0:1d:f8:49:44;Free Tbaytel WiFi;-63;219
14261;80:e0:1d:f8:49:41;LakeheadU;-61;219
14262;80:e0:1d:f8:49:42;eduroam;-61;219
14263;80:e0:1d:f8:49:40;LU-Guest;-61;219
14264;6c:5a:b0:3d:73:c1;Quanser_UVS;-75;219
14265;80:e0:1d:f8:49:4c;LU-Events;-72;219
14266;80:e0:1d:f8:49:4d;eduroam;-74;219
14267;80:e0:1d:f8:49:4b;Free Tbaytel WiFi;-73;219
14268;80:e0:1d:f8:49:4e;LakeheadU;-73;219
14269;80:e0:1d:f8:49:4f;LU-Guest;-73;219
14270;50:57:9c:c7:4e:eb;AT2005-EP700U-EE89sItyJt1ATw8;-80;220
14271;c0:c1:c0:8e:e8:c5;unavailable;-74;220
14272;a4:6c:2a:d4:ba:42;eduroam;-81;220
14273;a4:6c:2a:d4:ba:43;LU-Events;-76;220
14274;a4:6c:2a:d4:ba:44;Free Tbaytel WiFi;-78;220
14275;a4:6c:2a:d4:ba:41;LakeheadU;-76;220
14276;d8:b1:90:e1:12:b2;eduroam;-87;220
14277;80:e0:1d:b8:47:d0;LakeheadU;-81;220
14278;80:e0:1d:b8:47:d1;LU-Guest;-82;220
14279;80:e0:1d:b8:47:d2;LU-Events;-80;220
14280;80:e0:1d:b8:47:d3;Free Tbaytel WiFi;-84;220
14281;80:e0:1d:b8:47:d4;eduroam;-82;220
14282;80:e0:1d:af:1d:d0;LU-Guest;-88;220
14283;80:e0:1d:af:1d:d4;Free Tbaytel WiFi;-85;220
14284;80:e0:1d:c9:e0:43;Free Tbaytel WiFi;-85;220
14285;80:e0:1d:c9:e0:40;LakeheadU;-89;220
14286;a4:6c:2a:d4:ba:4f;LU-Guest;-85;220
14287;a4:6c:2a:d4:ba:4b;Free Tbaytel WiFi;-84;220
14288;a4:6c:2a:d4:ba:4c;LU-Events;-85;220
14289;a4:6c:2a:d4:ba:4d;eduroam;-85;220
14290;a4:6c:2a:d4:ba:4e;LakeheadU;-79;220
14291;80:e0:1d:c1:e9:81;LU-Guest;-85;220
14292;80:e0:1d:c1:e9:80;LakeheadU;-87;220
14293;80:e0:1d:c1:e9:82;LU-Events;-86;220
14294;02:87:64:2d:e7:33;EBF1E5E6;-58;220
14295;d8:b1:90:e1:2d:a0;LU-Guest;-60;220
14296;d8:b1:90:e1:2d:a3;LU-Events;-60;220
14297;d8:b1:90:e1:2d:a4;Free Tbaytel WiFi;-59;220
14298;d8:b1:90:e1:2d:a1;LakeheadU;-63;220
14299;d8:b1:90:e1:2d:a2;eduroam;-60;220
14300;80:e0:1d:f6:a4:d4;Free Tbaytel WiFi;-84;220
14301;d8:b1:90:e1:2d:ae;LakeheadU;-77;220
14302;d8:b1:90:e1:2d:af;LU-Guest;-78;220
14303;d8:b1:90:e1:2d:ac;LU-Events;-77;220
14304;d8:b1:90:e1:2d:ad;eduroam;-77;220
14305;d8:b1:90:e1:2d:ab;Free Tbaytel WiFi;-77;220
14306;a4:6c:2a:d3:f2:81;LakeheadU;-85;220
14307;80:e0:1d:e6:7a:51;LakeheadU;-85;220
14308;a4:6c:2a:d3:f2:80;LU-Guest;-88;220
14309;80:e0:1d:e6:7a:50;LU-Guest;-85;220
14310;80:e0:1d:e6:7a:53;LU-Events;-86;220
14311;80:e0:1d:e6:7a:62;eduroam;-76;220
14312;80:e0:1d:e6:7a:61;LakeheadU;-75;220
14313;80:e0:1d:e6:7a:64;Free Tbaytel WiFi;-76;220
14314;80:e0:1d:e6:7a:63;LU-Events;-75;220
14315;80:e0:1d:e6:7a:60;LU-Guest;-75;220
14316;80:e0:1d:e6:7a:54;Free Tbaytel WiFi;-85;220
14317;06:56:78:d0:60:49;EBF06ED2;-50;220
14318;a4:6c:2a:d4:bb:03;LU-Events;-78;220
14319;a4:6c:2a:d4:bb:04;Free Tbaytel WiFi;-79;220
14320;a4:6c:2a:d4:bb:00;LU-Guest;-76;220
14321;a4:6c:2a:d4:bb:01;LakeheadU;-79;220
14322;a4:6c:2a:d4:bb:02;eduroam;-79;220
14323;80:e0:1d:c1:ea:ae;LakeheadU;-76;220
14324;80:e0:1d:c1:ea:af;LU-Guest;-76;220
14325;80:e0:1d:c1:ea:ab;Free Tbaytel WiFi;-76;220
14326;80:e0:1d:c1:ea:ac;LU-Events;-77;220
14327;80:e0:1d:c1:ea:ad;eduroam;-77;220
14328;80:e0:1d:c1:ea:a1;LakeheadU;-73;220
14329;80:e0:1d:c1:ea:a2;eduroam;-73;220
14330;80:e0:1d:c1:ea:a3;LU-Events;-72;220
14331;80:e0:1d:c1:ea:a4;Free Tbaytel WiFi;-72;220
14332;80:e0:1d:c1:ea:a0;LU-Guest;-72;220
14333;10:8c:cf:44:26:b2;eduroam;-75;220
14334;10:8c:cf:44:26:b1;LakeheadU;-75;220
14335;10:8c:cf:44:26:b0;LU-Guest;-73;220
14336;10:8c:cf:44:26:b4;Free Tbaytel WiFi;-75;220
14337;10:8c:cf:44:26:b3;LU-Events;-75;220
14338;10:8c:cf:44:26:bb;Free Tbaytel WiFi;-89;220
14339;10:8c:cf:44:26:bf;LU-Guest;-89;220
14340;10:8c:cf:44:26:be;LakeheadU;-87;220
14341;10:8c:cf:44:26:bd;eduroam;-85;220
14342;10:8c:cf:44:26:bc;LU-Events;-89;220
14343;80:e0:1d:f8:49:43;LU-Events;-67;220
14344;80:e0:1d:f8:49:44;Free Tbaytel WiFi;-67;220
14345;80:e0:1d:f8:49:41;LakeheadU;-65;220
14346;80:e0:1d:f8:49:42;eduroam;-67;220
14347;80:e0:1d:f8:49:40;LU-Guest;-67;220
14348;6c:5a:b0:3d:73:c1;Quanser_UVS;-75;220
14349;a4:6c:2a:e0:1f:b0;LU-Guest;-79;220
14350;a4:6c:2a:e0:1f:b1;LakeheadU;-79;220
14351;80:e0:1d:f8:49:4c;LU-Events;-70;220
14352;80:e0:1d:f8:49:4d;eduroam;-70;220
14353;80:e0:1d:f8:49:4b;Free Tbaytel WiFi;-70;220
14354;80:e0:1d:f8:49:4e;LakeheadU;-71;220
14355;80:e0:1d:f8:49:4f;LU-Guest;-70;220
14356;a4:6c:2a:e0:1f:bc;LU-Events;-92;220
14357;a4:6c:2a:e0:1f:bd;eduroam;-90;220
14358;a4:6c:2a:e0:1f:be;LakeheadU;-91;220
14359;a4:6c:2a:e0:1f:bf;LU-Guest;-90;220
14360;a4:6c:2a:e0:1f:bb;Free Tbaytel WiFi;-91;220
14361;50:57:9c:c7:4e:eb;AT2005-EP700U-EE89sItyJt1ATw8;-80;221
14362;c0:c1:c0:8e:e8:c5;unavailable;-74;221
14363;a4:6c:2a:d4:ba:42;eduroam;-81;221
14364;a4:6c:2a:d4:ba:43;LU-Events;-76;221
14365;a4:6c:2a:d4:ba:44;Free Tbaytel WiFi;-78;221
14366;a4:6c:2a:d4:ba:41;LakeheadU;-76;221
14367;d8:b1:90:e1:12:b2;eduroam;-87;221
14368;80:e0:1d:b8:47:d1;LU-Guest;-82;221
14369;80:e0:1d:b8:47:d2;LU-Events;-80;221
14370;80:e0:1d:b8:47:d3;Free Tbaytel WiFi;-84;221
14371;80:e0:1d:b8:47:d4;eduroam;-82;221
14372;80:e0:1d:af:1d:d0;LU-Guest;-88;221
14373;80:e0:1d:af:1d:d4;Free Tbaytel WiFi;-85;221
14374;80:e0:1d:c9:e0:40;LakeheadU;-89;221
14375;a4:6c:2a:d4:ba:4f;LU-Guest;-85;221
14376;a4:6c:2a:d4:ba:4b;Free Tbaytel WiFi;-84;221
14377;a4:6c:2a:d4:ba:4c;LU-Events;-85;221
14378;a4:6c:2a:d4:ba:4d;eduroam;-85;221
14379;a4:6c:2a:d4:ba:4e;LakeheadU;-79;221
14380;02:87:64:2d:e7:33;EBF1E5E6;-58;221
14381;d8:b1:90:e1:2d:a0;LU-Guest;-60;221
14382;d8:b1:90:e1:2d:a3;LU-Events;-60;221
14383;d8:b1:90:e1:2d:a4;Free Tbaytel WiFi;-59;221
14384;d8:b1:90:e1:2d:a1;LakeheadU;-63;221
14385;d8:b1:90:e1:2d:a2;eduroam;-60;221
14386;80:e0:1d:f6:a4:d4;Free Tbaytel WiFi;-84;221
14387;d8:b1:90:e1:2d:ae;LakeheadU;-77;221
14388;d8:b1:90:e1:2d:af;LU-Guest;-78;221
14389;d8:b1:90:e1:2d:ac;LU-Events;-77;221
14390;d8:b1:90:e1:2d:ad;eduroam;-77;221
14391;d8:b1:90:e1:2d:ab;Free Tbaytel WiFi;-77;221
14392;80:e0:1d:e6:7a:51;LakeheadU;-85;221
14393;a4:6c:2a:d3:f2:80;LU-Guest;-88;221
14394;80:e0:1d:e6:7a:50;LU-Guest;-85;221
14395;80:e0:1d:e6:7a:53;LU-Events;-86;221
14396;80:e0:1d:e6:7a:62;eduroam;-76;221
14397;80:e0:1d:e6:7a:61;LakeheadU;-75;221
14398;80:e0:1d:e6:7a:64;Free Tbaytel WiFi;-76;221
14399;80:e0:1d:e6:7a:63;LU-Events;-75;221
14400;80:e0:1d:e6:7a:60;LU-Guest;-75;221
14401;80:e0:1d:e6:7a:54;Free Tbaytel WiFi;-85;221
14402;06:56:78:d0:60:49;EBF06ED2;-50;221
14403;a4:6c:2a:d4:bb:03;LU-Events;-78;221
14404;a4:6c:2a:d4:bb:04;Free Tbaytel WiFi;-79;221
14405;a4:6c:2a:d4:bb:00;LU-Guest;-76;221
14406;a4:6c:2a:d4:bb:01;LakeheadU;-79;221
14407;a4:6c:2a:d4:bb:02;eduroam;-79;221
14408;80:e0:1d:c1:ea:ae;LakeheadU;-76;221
14409;80:e0:1d:c1:ea:af;LU-Guest;-76;221
14410;80:e0:1d:c1:ea:ab;Free Tbaytel WiFi;-76;221
14411;80:e0:1d:c1:ea:ac;LU-Events;-77;221
14412;80:e0:1d:c1:ea:ad;eduroam;-77;221
14413;80:e0:1d:c1:ea:a1;LakeheadU;-73;221
14414;80:e0:1d:c1:ea:a2;eduroam;-73;221
14415;80:e0:1d:c1:ea:a3;LU-Events;-72;221
14416;80:e0:1d:c1:ea:a4;Free Tbaytel WiFi;-72;221
14417;80:e0:1d:c1:ea:a0;LU-Guest;-72;221
14418;10:8c:cf:44:26:b2;eduroam;-75;221
14419;10:8c:cf:44:26:b1;LakeheadU;-75;221
14420;10:8c:cf:44:26:b4;Free Tbaytel WiFi;-75;221
14421;10:8c:cf:44:26:b3;LU-Events;-75;221
14422;10:8c:cf:44:26:bb;Free Tbaytel WiFi;-89;221
14423;10:8c:cf:44:26:bf;LU-Guest;-89;221
14424;10:8c:cf:44:26:be;LakeheadU;-87;221
14425;10:8c:cf:44:26:bc;LU-Events;-89;221
14426;80:e0:1d:f8:49:43;LU-Events;-67;221
14427;80:e0:1d:f8:49:44;Free Tbaytel WiFi;-67;221
14428;80:e0:1d:f8:49:41;LakeheadU;-65;221
14429;80:e0:1d:f8:49:42;eduroam;-67;221
14430;80:e0:1d:f8:49:40;LU-Guest;-67;221
14431;a4:6c:2a:e0:1f:b0;LU-Guest;-79;221
14432;a4:6c:2a:e0:1f:b1;LakeheadU;-79;221
14433;80:e0:1d:f8:49:4c;LU-Events;-70;221
14434;80:e0:1d:f8:49:4d;eduroam;-70;221
14435;80:e0:1d:f8:49:4b;Free Tbaytel WiFi;-70;221
14436;80:e0:1d:f8:49:4e;LakeheadU;-71;221
14437;80:e0:1d:f8:49:4f;LU-Guest;-70;221
14438;a4:6c:2a:e0:1f:bc;LU-Events;-92;221
14439;a4:6c:2a:e0:1f:bd;eduroam;-90;221
14440;a4:6c:2a:e0:1f:be;LakeheadU;-91;221
14441;a4:6c:2a:e0:1f:bf;LU-Guest;-90;221
14442;a4:6c:2a:e0:1f:bb;Free Tbaytel WiFi;-91;221
14443;50:57:9c:c7:4e:eb;AT2005-EP700U-EE89sItyJt1ATw8;-80;222
14444;c0:c1:c0:8e:e8:c5;unavailable;-74;222
14445;a4:6c:2a:d4:ba:42;eduroam;-81;222
14446;a4:6c:2a:d4:ba:43;LU-Events;-76;222
14447;a4:6c:2a:d4:ba:44;Free Tbaytel WiFi;-78;222
14448;a4:6c:2a:d4:ba:41;LakeheadU;-76;222
14449;d8:b1:90:e1:12:b2;eduroam;-87;222
14450;80:e0:1d:b8:47:d1;LU-Guest;-82;222
14451;80:e0:1d:b8:47:d2;LU-Events;-80;222
14452;80:e0:1d:b8:47:d3;Free Tbaytel WiFi;-84;222
14453;80:e0:1d:b8:47:d4;eduroam;-82;222
14454;80:e0:1d:af:1d:d0;LU-Guest;-88;222
14455;80:e0:1d:af:1d:d4;Free Tbaytel WiFi;-85;222
14456;80:e0:1d:c9:e0:40;LakeheadU;-89;222
14457;a4:6c:2a:d4:ba:4f;LU-Guest;-85;222
14458;a4:6c:2a:d4:ba:4b;Free Tbaytel WiFi;-84;222
14459;a4:6c:2a:d4:ba:4c;LU-Events;-85;222
14460;a4:6c:2a:d4:ba:4d;eduroam;-85;222
14461;a4:6c:2a:d4:ba:4e;LakeheadU;-79;222
14462;02:87:64:2d:e7:33;EBF1E5E6;-58;222
14463;d8:b1:90:e1:2d:a0;LU-Guest;-60;222
14464;d8:b1:90:e1:2d:a3;LU-Events;-60;222
14465;d8:b1:90:e1:2d:a4;Free Tbaytel WiFi;-59;222
14466;d8:b1:90:e1:2d:a1;LakeheadU;-63;222
14467;d8:b1:90:e1:2d:a2;eduroam;-60;222
14468;80:e0:1d:f6:a4:d4;Free Tbaytel WiFi;-84;222
14469;d8:b1:90:e1:2d:ae;LakeheadU;-77;222
14470;d8:b1:90:e1:2d:af;LU-Guest;-78;222
14471;d8:b1:90:e1:2d:ac;LU-Events;-77;222
14472;d8:b1:90:e1:2d:ad;eduroam;-77;222
14473;d8:b1:90:e1:2d:ab;Free Tbaytel WiFi;-77;222
14474;80:e0:1d:e6:7a:51;LakeheadU;-85;222
14475;a4:6c:2a:d3:f2:80;LU-Guest;-88;222
14476;80:e0:1d:e6:7a:50;LU-Guest;-85;222
14477;80:e0:1d:e6:7a:53;LU-Events;-86;222
14478;80:e0:1d:e6:7a:62;eduroam;-76;222
14479;80:e0:1d:e6:7a:61;LakeheadU;-75;222
14480;80:e0:1d:e6:7a:64;Free Tbaytel WiFi;-76;222
14481;80:e0:1d:e6:7a:63;LU-Events;-75;222
14482;80:e0:1d:e6:7a:60;LU-Guest;-75;222
14483;80:e0:1d:e6:7a:54;Free Tbaytel WiFi;-85;222
14484;06:56:78:d0:60:49;EBF06ED2;-50;222
14485;a4:6c:2a:d4:bb:03;LU-Events;-78;222
14486;a4:6c:2a:d4:bb:04;Free Tbaytel WiFi;-79;222
14487;a4:6c:2a:d4:bb:00;LU-Guest;-76;222
14488;a4:6c:2a:d4:bb:01;LakeheadU;-79;222
14489;a4:6c:2a:d4:bb:02;eduroam;-79;222
14490;80:e0:1d:c1:ea:ae;LakeheadU;-76;222
14491;80:e0:1d:c1:ea:af;LU-Guest;-76;222
14492;80:e0:1d:c1:ea:ab;Free Tbaytel WiFi;-76;222
14493;80:e0:1d:c1:ea:ac;LU-Events;-77;222
14494;80:e0:1d:c1:ea:ad;eduroam;-77;222
14495;80:e0:1d:c1:ea:a1;LakeheadU;-73;222
14496;80:e0:1d:c1:ea:a2;eduroam;-73;222
14497;80:e0:1d:c1:ea:a3;LU-Events;-72;222
14498;80:e0:1d:c1:ea:a4;Free Tbaytel WiFi;-72;222
14499;80:e0:1d:c1:ea:a0;LU-Guest;-72;222
14500;10:8c:cf:44:26:b2;eduroam;-75;222
14501;10:8c:cf:44:26:b1;LakeheadU;-75;222
14502;10:8c:cf:44:26:b4;Free Tbaytel WiFi;-75;222
14503;10:8c:cf:44:26:b3;LU-Events;-75;222
14504;10:8c:cf:44:26:bb;Free Tbaytel WiFi;-89;222
14505;10:8c:cf:44:26:bf;LU-Guest;-89;222
14506;10:8c:cf:44:26:be;LakeheadU;-87;222
14507;10:8c:cf:44:26:bc;LU-Events;-89;222
14508;80:e0:1d:f8:49:43;LU-Events;-67;222
14509;80:e0:1d:f8:49:44;Free Tbaytel WiFi;-67;222
14510;80:e0:1d:f8:49:41;LakeheadU;-65;222
14511;80:e0:1d:f8:49:42;eduroam;-67;222
14512;80:e0:1d:f8:49:40;LU-Guest;-67;222
14513;a4:6c:2a:e0:1f:b0;LU-Guest;-79;222
14514;a4:6c:2a:e0:1f:b1;LakeheadU;-79;222
14515;80:e0:1d:f8:49:4c;LU-Events;-70;222
14516;80:e0:1d:f8:49:4d;eduroam;-70;222
14517;80:e0:1d:f8:49:4b;Free Tbaytel WiFi;-70;222
14518;80:e0:1d:f8:49:4e;LakeheadU;-71;222
14519;80:e0:1d:f8:49:4f;LU-Guest;-70;222
14520;a4:6c:2a:e0:1f:bc;LU-Events;-92;222
14521;a4:6c:2a:e0:1f:bd;eduroam;-90;222
14522;a4:6c:2a:e0:1f:be;LakeheadU;-91;222
14523;a4:6c:2a:e0:1f:bf;LU-Guest;-90;222
14524;a4:6c:2a:e0:1f:bb;Free Tbaytel WiFi;-91;222
14525;80:e0:1d:e6:7b:34;Free Tbaytel WiFi;-84;223
14526;50:57:9c:c7:4e:eb;AT2005-EP700U-EE89sItyJt1ATw8;-78;223
14527;c0:c1:c0:8e:e8:c5;unavailable;-69;223
14528;a4:6c:2a:d4:ba:42;eduroam;-72;223
14529;a4:6c:2a:d4:ba:43;LU-Events;-74;223
14530;a4:6c:2a:d4:ba:44;Free Tbaytel WiFi;-74;223
14531;a4:6c:2a:d4:ba:40;LU-Guest;-74;223
14532;a4:6c:2a:d4:ba:41;LakeheadU;-73;223
14533;d8:b1:90:e1:12:b2;eduroam;-87;223
14534;80:e0:1d:b8:47:d1;LU-Guest;-82;223
14535;80:e0:1d:b8:47:d2;LU-Events;-80;223
14536;80:e0:1d:b8:47:d3;Free Tbaytel WiFi;-84;223
14537;80:e0:1d:af:1d:d0;LU-Guest;-88;223
14538;a4:6c:2a:d4:ba:4f;LU-Guest;-91;223
14539;a4:6c:2a:d4:ba:4b;Free Tbaytel WiFi;-91;223
14540;a4:6c:2a:d4:ba:4c;LU-Events;-91;223
14541;a4:6c:2a:d4:ba:4d;eduroam;-85;223
14542;02:87:64:2d:e7:33;EBF1E5E6;-58;223
14543;d8:b1:90:e1:2d:a0;LU-Guest;-64;223
14544;d8:b1:90:e1:2d:a3;LU-Events;-64;223
14545;d8:b1:90:e1:2d:a4;Free Tbaytel WiFi;-69;223
14546;d8:b1:90:e1:2d:a1;LakeheadU;-64;223
14547;d8:b1:90:e1:2d:a2;eduroam;-65;223
14548;80:e0:1d:f6:a4:d4;Free Tbaytel WiFi;-84;223
14549;d8:b1:90:e1:2d:ae;LakeheadU;-73;223
14550;d8:b1:90:e1:2d:af;LU-Guest;-74;223
14551;d8:b1:90:e1:2d:ac;LU-Events;-74;223
14552;d8:b1:90:e1:2d:ad;eduroam;-74;223
14553;d8:b1:90:e1:2d:ab;Free Tbaytel WiFi;-74;223
14554;80:e0:1d:e6:7a:51;LakeheadU;-82;223
14555;a4:6c:2a:d3:f2:80;LU-Guest;-88;223
14556;80:e0:1d:e6:7a:50;LU-Guest;-84;223
14557;80:e0:1d:e6:7a:53;LU-Events;-81;223
14558;80:e0:1d:e6:7a:52;eduroam;-82;223
14559;80:e0:1d:e6:7a:62;eduroam;-76;223
14560;80:e0:1d:e6:7a:61;LakeheadU;-75;223
14561;80:e0:1d:e6:7a:64;Free Tbaytel WiFi;-86;223
14562;80:e0:1d:e6:7a:63;LU-Events;-85;223
14563;80:e0:1d:e6:7a:60;LU-Guest;-86;223
14564;80:e0:1d:e6:7a:54;Free Tbaytel WiFi;-81;223
14565;06:56:78:d0:60:49;EBF06ED2;-43;223
14566;a4:6c:2a:d4:bb:03;LU-Events;-78;223
14567;a4:6c:2a:d4:bb:04;Free Tbaytel WiFi;-79;223
14568;a4:6c:2a:d4:bb:00;LU-Guest;-76;223
14569;a4:6c:2a:d4:bb:01;LakeheadU;-79;223
14570;a4:6c:2a:d4:bb:02;eduroam;-79;223
14571;80:e0:1d:c1:ea:ae;LakeheadU;-77;223
14572;80:e0:1d:c1:ea:af;LU-Guest;-78;223
14573;80:e0:1d:c1:ea:ab;Free Tbaytel WiFi;-78;223
14574;80:e0:1d:c1:ea:ac;LU-Events;-77;223
14575;80:e0:1d:c1:ea:ad;eduroam;-78;223
14576;d2:5d:05:d7:2e:bc;Xerox;-87;223
14577;80:e0:1d:c1:ea:a1;LakeheadU;-64;223
14578;80:e0:1d:c1:ea:a2;eduroam;-64;223
14579;80:e0:1d:c1:ea:a3;LU-Events;-63;223
14580;80:e0:1d:c1:ea:a4;Free Tbaytel WiFi;-65;223
14581;80:e0:1d:c1:ea:a0;LU-Guest;-64;223
14582;10:8c:cf:44:26:b2;eduroam;-75;223
14583;10:8c:cf:44:26:b1;LakeheadU;-75;223
14584;10:8c:cf:44:26:b4;Free Tbaytel WiFi;-75;223
14585;10:8c:cf:44:26:b3;LU-Events;-75;223
14586;10:8c:cf:44:26:bb;Free Tbaytel WiFi;-90;223
14587;10:8c:cf:44:26:bf;LU-Guest;-90;223
14588;10:8c:cf:44:26:be;LakeheadU;-89;223
14589;10:8c:cf:44:26:bd;eduroam;-90;223
14590;10:8c:cf:44:26:bc;LU-Events;-89;223
14591;80:e0:1d:f8:49:43;LU-Events;-51;223
14592;80:e0:1d:f8:49:44;Free Tbaytel WiFi;-51;223
14593;80:e0:1d:f8:49:41;LakeheadU;-51;223
14594;80:e0:1d:f8:49:42;eduroam;-51;223
14595;80:e0:1d:f8:49:40;LU-Guest;-54;223
14596;82:f2:e0:d1:f9:74;portthru;-86;223
14597;6c:5a:b0:3d:73:c1;Quanser_UVS;-86;223
14598;a4:6c:2a:e0:1f:b3;LU-Events;-72;223
14599;a4:6c:2a:e0:1f:b4;Free Tbaytel WiFi;-72;223
14600;a4:6c:2a:e0:1f:b0;LU-Guest;-71;223
14601;a4:6c:2a:e0:1f:b1;LakeheadU;-72;223
14602;a4:6c:2a:e0:1f:b2;eduroam;-72;223
14603;80:e0:1d:f8:49:4c;LU-Events;-66;223
14604;80:e0:1d:f8:49:4d;eduroam;-66;223
14605;80:e0:1d:f8:49:4b;Free Tbaytel WiFi;-66;223
14606;80:e0:1d:f8:49:4e;LakeheadU;-65;223
14607;80:e0:1d:f8:49:4f;LU-Guest;-66;223
14608;a4:6c:2a:e0:1f:bc;LU-Events;-88;223
14609;a4:6c:2a:e0:1f:bd;eduroam;-90;223
14610;a4:6c:2a:e0:1f:be;LakeheadU;-88;223
14611;a4:6c:2a:e0:1f:bf;LU-Guest;-87;223
14612;a4:6c:2a:e0:1f:bb;Free Tbaytel WiFi;-91;223
14613;80:e0:1d:e6:7b:34;Free Tbaytel WiFi;-84;224
14614;50:57:9c:c7:4e:eb;AT2005-EP700U-EE89sItyJt1ATw8;-78;224
14615;c0:c1:c0:8e:e8:c5;unavailable;-69;224
14616;a4:6c:2a:d4:ba:42;eduroam;-72;224
14617;a4:6c:2a:d4:ba:43;LU-Events;-74;224
14618;a4:6c:2a:d4:ba:44;Free Tbaytel WiFi;-74;224
14619;a4:6c:2a:d4:ba:40;LU-Guest;-74;224
14620;a4:6c:2a:d4:ba:41;LakeheadU;-73;224
14621;a4:6c:2a:d4:ba:4f;LU-Guest;-91;224
14622;a4:6c:2a:d4:ba:4b;Free Tbaytel WiFi;-91;224
14623;a4:6c:2a:d4:ba:4c;LU-Events;-91;224
14624;02:87:64:2d:e7:33;EBF1E5E6;-58;224
14625;d8:b1:90:e1:2d:a0;LU-Guest;-64;224
14626;d8:b1:90:e1:2d:a3;LU-Events;-64;224
14627;d8:b1:90:e1:2d:a4;Free Tbaytel WiFi;-69;224
14628;d8:b1:90:e1:2d:a1;LakeheadU;-64;224
14629;d8:b1:90:e1:2d:a2;eduroam;-65;224
14630;d8:b1:90:e1:2d:ae;LakeheadU;-73;224
14631;d8:b1:90:e1:2d:af;LU-Guest;-74;224
14632;d8:b1:90:e1:2d:ac;LU-Events;-74;224
14633;d8:b1:90:e1:2d:ad;eduroam;-74;224
14634;d8:b1:90:e1:2d:ab;Free Tbaytel WiFi;-74;224
14635;80:e0:1d:e6:7a:51;LakeheadU;-82;224
14636;80:e0:1d:e6:7a:50;LU-Guest;-84;224
14637;80:e0:1d:e6:7a:53;LU-Events;-81;224
14638;80:e0:1d:e6:7a:52;eduroam;-82;224
14639;80:e0:1d:e6:7a:64;Free Tbaytel WiFi;-86;224
14640;80:e0:1d:e6:7a:63;LU-Events;-85;224
14641;80:e0:1d:e6:7a:60;LU-Guest;-86;224
14642;80:e0:1d:e6:7a:54;Free Tbaytel WiFi;-81;224
14643;06:56:78:d0:60:49;EBF06ED2;-43;224
14644;80:e0:1d:c1:ea:ae;LakeheadU;-77;224
14645;80:e0:1d:c1:ea:af;LU-Guest;-78;224
14646;80:e0:1d:c1:ea:ab;Free Tbaytel WiFi;-78;224
14647;80:e0:1d:c1:ea:ac;LU-Events;-77;224
14648;80:e0:1d:c1:ea:ad;eduroam;-78;224
14649;d2:5d:05:d7:2e:bc;Xerox;-87;224
14650;80:e0:1d:c1:ea:a1;LakeheadU;-64;224
14651;80:e0:1d:c1:ea:a2;eduroam;-64;224
14652;80:e0:1d:c1:ea:a3;LU-Events;-63;224
14653;80:e0:1d:c1:ea:a4;Free Tbaytel WiFi;-65;224
14654;80:e0:1d:c1:ea:a0;LU-Guest;-64;224
14655;10:8c:cf:44:26:bb;Free Tbaytel WiFi;-90;224
14656;10:8c:cf:44:26:bf;LU-Guest;-90;224
14657;10:8c:cf:44:26:be;LakeheadU;-89;224
14658;10:8c:cf:44:26:bd;eduroam;-90;224
14659;10:8c:cf:44:26:bc;LU-Events;-89;224
14660;80:e0:1d:f8:49:43;LU-Events;-51;224
14661;80:e0:1d:f8:49:44;Free Tbaytel WiFi;-51;224
14662;80:e0:1d:f8:49:41;LakeheadU;-51;224
14663;80:e0:1d:f8:49:42;eduroam;-51;224
14664;80:e0:1d:f8:49:40;LU-Guest;-54;224
14665;82:f2:e0:d1:f9:74;portthru;-86;224
14666;6c:5a:b0:3d:73:c1;Quanser_UVS;-86;224
14667;a4:6c:2a:e0:1f:b3;LU-Events;-72;224
14668;a4:6c:2a:e0:1f:b4;Free Tbaytel WiFi;-72;224
14669;a4:6c:2a:e0:1f:b0;LU-Guest;-71;224
14670;a4:6c:2a:e0:1f:b1;LakeheadU;-72;224
14671;a4:6c:2a:e0:1f:b2;eduroam;-72;224
14672;80:e0:1d:f8:49:4c;LU-Events;-66;224
14673;80:e0:1d:f8:49:4d;eduroam;-66;224
14674;80:e0:1d:f8:49:4b;Free Tbaytel WiFi;-66;224
14675;80:e0:1d:f8:49:4e;LakeheadU;-65;224
14676;80:e0:1d:f8:49:4f;LU-Guest;-66;224
14677;a4:6c:2a:e0:1f:bc;LU-Events;-88;224
14678;a4:6c:2a:e0:1f:be;LakeheadU;-88;224
14679;a4:6c:2a:e0:1f:bf;LU-Guest;-87;224
14680;80:e0:1d:e6:7b:34;Free Tbaytel WiFi;-84;225
14681;50:57:9c:c7:4e:eb;AT2005-EP700U-EE89sItyJt1ATw8;-78;225
14682;c0:c1:c0:8e:e8:c5;unavailable;-69;225
14683;a4:6c:2a:d4:ba:42;eduroam;-72;225
14684;a4:6c:2a:d4:ba:43;LU-Events;-74;225
14685;a4:6c:2a:d4:ba:44;Free Tbaytel WiFi;-74;225
14686;a4:6c:2a:d4:ba:40;LU-Guest;-74;225
14687;a4:6c:2a:d4:ba:41;LakeheadU;-73;225
14688;a4:6c:2a:d4:ba:4f;LU-Guest;-91;225
14689;a4:6c:2a:d4:ba:4b;Free Tbaytel WiFi;-91;225
14690;a4:6c:2a:d4:ba:4c;LU-Events;-91;225
14691;02:87:64:2d:e7:33;EBF1E5E6;-58;225
14692;d8:b1:90:e1:2d:a0;LU-Guest;-64;225
14693;d8:b1:90:e1:2d:a3;LU-Events;-64;225
14694;d8:b1:90:e1:2d:a4;Free Tbaytel WiFi;-69;225
14695;d8:b1:90:e1:2d:a1;LakeheadU;-64;225
14696;d8:b1:90:e1:2d:a2;eduroam;-65;225
14697;d8:b1:90:e1:2d:ae;LakeheadU;-73;225
14698;d8:b1:90:e1:2d:af;LU-Guest;-74;225
14699;d8:b1:90:e1:2d:ac;LU-Events;-74;225
14700;d8:b1:90:e1:2d:ad;eduroam;-74;225
14701;d8:b1:90:e1:2d:ab;Free Tbaytel WiFi;-74;225
14702;80:e0:1d:e6:7a:51;LakeheadU;-82;225
14703;80:e0:1d:e6:7a:50;LU-Guest;-84;225
14704;80:e0:1d:e6:7a:53;LU-Events;-81;225
14705;80:e0:1d:e6:7a:52;eduroam;-82;225
14706;80:e0:1d:e6:7a:64;Free Tbaytel WiFi;-86;225
14707;80:e0:1d:e6:7a:63;LU-Events;-85;225
14708;80:e0:1d:e6:7a:60;LU-Guest;-86;225
14709;80:e0:1d:e6:7a:54;Free Tbaytel WiFi;-81;225
14710;06:56:78:d0:60:49;EBF06ED2;-43;225
14711;80:e0:1d:c1:ea:ae;LakeheadU;-77;225
14712;80:e0:1d:c1:ea:af;LU-Guest;-78;225
14713;80:e0:1d:c1:ea:ab;Free Tbaytel WiFi;-78;225
14714;80:e0:1d:c1:ea:ac;LU-Events;-77;225
14715;80:e0:1d:c1:ea:ad;eduroam;-78;225
14716;d2:5d:05:d7:2e:bc;Xerox;-87;225
14717;80:e0:1d:c1:ea:a1;LakeheadU;-64;225
14718;80:e0:1d:c1:ea:a2;eduroam;-64;225
14719;80:e0:1d:c1:ea:a3;LU-Events;-63;225
14720;80:e0:1d:c1:ea:a4;Free Tbaytel WiFi;-65;225
14721;80:e0:1d:c1:ea:a0;LU-Guest;-64;225
14722;10:8c:cf:44:26:bb;Free Tbaytel WiFi;-90;225
14723;10:8c:cf:44:26:bf;LU-Guest;-90;225
14724;10:8c:cf:44:26:be;LakeheadU;-89;225
14725;10:8c:cf:44:26:bd;eduroam;-90;225
14726;10:8c:cf:44:26:bc;LU-Events;-89;225
14727;80:e0:1d:f8:49:43;LU-Events;-51;225
14728;80:e0:1d:f8:49:44;Free Tbaytel WiFi;-51;225
14729;80:e0:1d:f8:49:41;LakeheadU;-51;225
14730;80:e0:1d:f8:49:42;eduroam;-51;225
14731;80:e0:1d:f8:49:40;LU-Guest;-54;225
14732;82:f2:e0:d1:f9:74;portthru;-86;225
14733;6c:5a:b0:3d:73:c1;Quanser_UVS;-86;225
14734;a4:6c:2a:e0:1f:b3;LU-Events;-72;225
14735;a4:6c:2a:e0:1f:b4;Free Tbaytel WiFi;-72;225
14736;a4:6c:2a:e0:1f:b0;LU-Guest;-71;225
14737;a4:6c:2a:e0:1f:b1;LakeheadU;-72;225
14738;a4:6c:2a:e0:1f:b2;eduroam;-72;225
14739;80:e0:1d:f8:49:4c;LU-Events;-66;225
14740;80:e0:1d:f8:49:4d;eduroam;-66;225
14741;80:e0:1d:f8:49:4b;Free Tbaytel WiFi;-66;225
14742;80:e0:1d:f8:49:4e;LakeheadU;-65;225
14743;80:e0:1d:f8:49:4f;LU-Guest;-66;225
14744;a4:6c:2a:e0:1f:bc;LU-Events;-88;225
14745;a4:6c:2a:e0:1f:be;LakeheadU;-88;225
14746;a4:6c:2a:e0:1f:bf;LU-Guest;-87;225
14747;80:e0:1d:e6:7b:31;LakeheadU;-86;226
14748;80:e0:1d:e6:7b:34;Free Tbaytel WiFi;-84;226
14749;80:e0:1d:e6:7b:33;LU-Events;-86;226
14750;50:57:9c:c7:4e:eb;AT2005-EP700U-EE89sItyJt1ATw8;-78;226
14751;c0:c1:c0:8e:e8:c5;unavailable;-76;226
14752;a4:6c:2a:d4:ba:42;eduroam;-81;226
14753;a4:6c:2a:d4:ba:43;LU-Events;-81;226
14754;a4:6c:2a:d4:ba:44;Free Tbaytel WiFi;-80;226
14755;a4:6c:2a:d4:ba:40;LU-Guest;-74;226
14756;a4:6c:2a:d4:ba:41;LakeheadU;-81;226
14757;80:e0:1d:b8:47:d1;LU-Guest;-84;226
14758;80:e0:1d:b8:47:d2;LU-Events;-85;226
14759;80:e0:1d:b8:47:d3;Free Tbaytel WiFi;-84;226
14760;80:e0:1d:af:1d:d1;LakeheadU;-85;226
14761;a4:6c:2a:d4:ba:4f;LU-Guest;-91;226
14762;a4:6c:2a:d4:ba:4b;Free Tbaytel WiFi;-91;226
14763;a4:6c:2a:d4:ba:4c;LU-Events;-91;226
14764;a4:6c:2a:d4:ba:53;LU-Events;-88;226
14765;a4:6c:2a:d4:ba:54;Free Tbaytel WiFi;-87;226
14766;a4:6c:2a:d4:ba:50;LU-Guest;-89;226
14767;02:87:64:2d:e7:33;EBF1E5E6;-63;226
14768;d8:b1:90:e1:2d:a0;LU-Guest;-64;226
14769;d8:b1:90:e1:2d:a3;LU-Events;-74;226
14770;d8:b1:90:e1:2d:a4;Free Tbaytel WiFi;-69;226
14771;d8:b1:90:e1:2d:a1;LakeheadU;-73;226
14772;d8:b1:90:e1:2d:a2;eduroam;-74;226
14773;d8:b1:90:e1:2d:ae;LakeheadU;-73;226
14774;d8:b1:90:e1:2d:af;LU-Guest;-82;226
14775;d8:b1:90:e1:2d:ac;LU-Events;-82;226
14776;d8:b1:90:e1:2d:ad;eduroam;-74;226
14777;d8:b1:90:e1:2d:ab;Free Tbaytel WiFi;-74;226
14778;80:e0:1d:e6:7a:51;LakeheadU;-72;226
14779;80:e0:1d:e6:7a:50;LU-Guest;-73;226
14780;80:e0:1d:e6:7a:53;LU-Events;-73;226
14781;80:e0:1d:e6:7a:52;eduroam;-73;226
14782;80:e0:1d:e6:7a:64;Free Tbaytel WiFi;-87;226
14783;80:e0:1d:e6:7a:63;LU-Events;-85;226
14784;80:e0:1d:e6:7a:60;LU-Guest;-86;226
14785;80:e0:1d:e6:7a:54;Free Tbaytel WiFi;-72;226
14786;80:e0:1d:e6:7a:5e;LakeheadU;-89;226
14787;80:e0:1d:e6:7a:5f;LU-Guest;-89;226
14788;80:e0:1d:e6:7a:5c;LU-Events;-89;226
14789;80:e0:1d:e6:7a:5b;Free Tbaytel WiFi;-87;226
14790;e8:de:27:f8:06:78;TP-LINK_F80678_Xiaoping;-84;226
14791;06:56:78:d0:60:49;EBF06ED2;-53;226
14792;80:e0:1d:c1:ea:ae;LakeheadU;-71;226
14793;80:e0:1d:c1:ea:af;LU-Guest;-71;226
14794;80:e0:1d:c1:ea:ab;Free Tbaytel WiFi;-70;226
14795;80:e0:1d:c1:ea:ac;LU-Events;-70;226
14796;80:e0:1d:c1:ea:ad;eduroam;-71;226
14797;d2:5d:05:d7:2e:bc;Xerox;-87;226
14798;80:e0:1d:c1:ea:a1;LakeheadU;-57;226
14799;80:e0:1d:c1:ea:a2;eduroam;-58;226
14800;80:e0:1d:c1:ea:a3;LU-Events;-57;226
14801;80:e0:1d:c1:ea:a4;Free Tbaytel WiFi;-58;226
14802;80:e0:1d:c1:ea:a0;LU-Guest;-57;226
14803;10:8c:cf:44:26:b2;eduroam;-76;226
14804;10:8c:cf:44:26:b1;LakeheadU;-76;226
14805;10:8c:cf:44:26:b3;LU-Events;-76;226
14806;10:8c:cf:44:26:bb;Free Tbaytel WiFi;-90;226
14807;10:8c:cf:44:26:bf;LU-Guest;-90;226
14808;10:8c:cf:44:26:be;LakeheadU;-93;226
14809;10:8c:cf:44:26:bd;eduroam;-90;226
14810;10:8c:cf:44:26:bc;LU-Events;-89;226
14811;80:e0:1d:f8:49:43;LU-Events;-50;226
14812;80:e0:1d:f8:49:44;Free Tbaytel WiFi;-50;226
14813;80:e0:1d:f8:49:41;LakeheadU;-50;226
14814;80:e0:1d:f8:49:42;eduroam;-50;226
14815;80:e0:1d:f8:49:40;LU-Guest;-51;226
14816;82:f2:e0:d1:f9:74;portthru;-86;226
14817;6c:5a:b0:3d:73:c1;Quanser_UVS;-86;226
14818;a4:6c:2a:e0:1f:b3;LU-Events;-69;226
14819;a4:6c:2a:e0:1f:b4;Free Tbaytel WiFi;-69;226
14820;a4:6c:2a:e0:1f:b0;LU-Guest;-69;226
14821;a4:6c:2a:e0:1f:b1;LakeheadU;-70;226
14822;a4:6c:2a:e0:1f:b2;eduroam;-69;226
14823;80:e0:1d:f8:49:4c;LU-Events;-62;226
14824;80:e0:1d:f8:49:4d;eduroam;-62;226
14825;80:e0:1d:f8:49:4b;Free Tbaytel WiFi;-62;226
14826;80:e0:1d:f8:49:4e;LakeheadU;-63;226
14827;80:e0:1d:f8:49:4f;LU-Guest;-62;226
14828;a4:6c:2a:e0:1f:bc;LU-Events;-88;226
14829;a4:6c:2a:e0:1f:be;LakeheadU;-77;226
14830;a4:6c:2a:e0:1f:bf;LU-Guest;-87;226
14831;a4:6c:2a:e0:1f:bb;Free Tbaytel WiFi;-77;226
14832;80:e0:1d:e6:7b:31;LakeheadU;-86;227
14833;80:e0:1d:e6:7b:33;LU-Events;-86;227
14834;c0:c1:c0:8e:e8:c5;unavailable;-76;227
14835;a4:6c:2a:d4:ba:42;eduroam;-81;227
14836;a4:6c:2a:d4:ba:43;LU-Events;-81;227
14837;a4:6c:2a:d4:ba:44;Free Tbaytel WiFi;-80;227
14838;a4:6c:2a:d4:ba:41;LakeheadU;-81;227
14839;80:e0:1d:b8:47:d1;LU-Guest;-84;227
14840;80:e0:1d:b8:47:d2;LU-Events;-85;227
14841;80:e0:1d:b8:47:d3;Free Tbaytel WiFi;-84;227
14842;80:e0:1d:af:1d:d1;LakeheadU;-85;227
14843;a4:6c:2a:d4:ba:53;LU-Events;-88;227
14844;a4:6c:2a:d4:ba:54;Free Tbaytel WiFi;-87;227
14845;a4:6c:2a:d4:ba:50;LU-Guest;-89;227
14846;02:87:64:2d:e7:33;EBF1E5E6;-63;227
14847;d8:b1:90:e1:2d:a3;LU-Events;-74;227
14848;d8:b1:90:e1:2d:a4;Free Tbaytel WiFi;-69;227
14849;d8:b1:90:e1:2d:a1;LakeheadU;-73;227
14850;d8:b1:90:e1:2d:a2;eduroam;-74;227
14851;d8:b1:90:e1:2d:af;LU-Guest;-82;227
14852;d8:b1:90:e1:2d:ac;LU-Events;-82;227
14853;80:e0:1d:e6:7a:51;LakeheadU;-72;227
14854;80:e0:1d:e6:7a:50;LU-Guest;-73;227
14855;80:e0:1d:e6:7a:53;LU-Events;-73;227
14856;80:e0:1d:e6:7a:52;eduroam;-73;227
14857;80:e0:1d:e6:7a:64;Free Tbaytel WiFi;-87;227
14858;80:e0:1d:e6:7a:54;Free Tbaytel WiFi;-72;227
14859;80:e0:1d:e6:7a:5e;LakeheadU;-89;227
14860;80:e0:1d:e6:7a:5f;LU-Guest;-89;227
14861;80:e0:1d:e6:7a:5c;LU-Events;-89;227
14862;80:e0:1d:e6:7a:5b;Free Tbaytel WiFi;-87;227
14863;e8:de:27:f8:06:78;TP-LINK_F80678_Xiaoping;-84;227
14864;06:56:78:d0:60:49;EBF06ED2;-53;227
14865;80:e0:1d:c1:ea:ae;LakeheadU;-71;227
14866;80:e0:1d:c1:ea:af;LU-Guest;-71;227
14867;80:e0:1d:c1:ea:ab;Free Tbaytel WiFi;-70;227
14868;80:e0:1d:c1:ea:ac;LU-Events;-70;227
14869;80:e0:1d:c1:ea:ad;eduroam;-71;227
14870;80:e0:1d:c1:ea:a1;LakeheadU;-57;227
14871;80:e0:1d:c1:ea:a2;eduroam;-58;227
14872;80:e0:1d:c1:ea:a3;LU-Events;-57;227
14873;80:e0:1d:c1:ea:a4;Free Tbaytel WiFi;-58;227
14874;80:e0:1d:c1:ea:a0;LU-Guest;-57;227
14875;10:8c:cf:44:26:b2;eduroam;-76;227
14876;10:8c:cf:44:26:b1;LakeheadU;-76;227
14877;10:8c:cf:44:26:b3;LU-Events;-76;227
14878;10:8c:cf:44:26:be;LakeheadU;-93;227
14879;80:e0:1d:f8:49:43;LU-Events;-50;227
14880;80:e0:1d:f8:49:44;Free Tbaytel WiFi;-50;227
14881;80:e0:1d:f8:49:41;LakeheadU;-50;227
14882;80:e0:1d:f8:49:42;eduroam;-50;227
14883;80:e0:1d:f8:49:40;LU-Guest;-51;227
14884;a4:6c:2a:e0:1f:b3;LU-Events;-69;227
14885;a4:6c:2a:e0:1f:b4;Free Tbaytel WiFi;-69;227
14886;a4:6c:2a:e0:1f:b0;LU-Guest;-69;227
14887;a4:6c:2a:e0:1f:b1;LakeheadU;-70;227
14888;a4:6c:2a:e0:1f:b2;eduroam;-69;227
14889;80:e0:1d:f8:49:4c;LU-Events;-62;227
14890;80:e0:1d:f8:49:4d;eduroam;-62;227
14891;80:e0:1d:f8:49:4b;Free Tbaytel WiFi;-62;227
14892;80:e0:1d:f8:49:4e;LakeheadU;-63;227
14893;80:e0:1d:f8:49:4f;LU-Guest;-62;227
14894;a4:6c:2a:e0:1f:be;LakeheadU;-77;227
14895;a4:6c:2a:e0:1f:bb;Free Tbaytel WiFi;-77;227
14896;80:e0:1d:e6:7b:31;LakeheadU;-86;228
14897;80:e0:1d:e6:7b:33;LU-Events;-86;228
14898;c0:c1:c0:8e:e8:c5;unavailable;-76;228
14899;a4:6c:2a:d4:ba:53;LU-Events;-88;228
14900;a4:6c:2a:d4:ba:54;Free Tbaytel WiFi;-87;228
14901;a4:6c:2a:d4:ba:50;LU-Guest;-89;228
14902;d8:b1:90:e1:2d:a3;LU-Events;-74;228
14903;d8:b1:90:e1:2d:a4;Free Tbaytel WiFi;-69;228
14904;d8:b1:90:e1:2d:a1;LakeheadU;-73;228
14905;d8:b1:90:e1:2d:a2;eduroam;-74;228
14906;d8:b1:90:e1:2d:af;LU-Guest;-82;228
14907;d8:b1:90:e1:2d:ac;LU-Events;-82;228
14908;80:e0:1d:e6:7a:51;LakeheadU;-72;228
14909;80:e0:1d:e6:7a:50;LU-Guest;-73;228
14910;80:e0:1d:e6:7a:53;LU-Events;-73;228
14911;80:e0:1d:e6:7a:52;eduroam;-73;228
14912;80:e0:1d:e6:7a:54;Free Tbaytel WiFi;-72;228
14913;80:e0:1d:e6:7a:5e;LakeheadU;-89;228
14914;80:e0:1d:e6:7a:5f;LU-Guest;-89;228
14915;80:e0:1d:e6:7a:5c;LU-Events;-89;228
14916;80:e0:1d:e6:7a:5b;Free Tbaytel WiFi;-87;228
14917;80:e0:1d:c1:ea:ae;LakeheadU;-71;228
14918;80:e0:1d:c1:ea:af;LU-Guest;-71;228
14919;80:e0:1d:c1:ea:ab;Free Tbaytel WiFi;-70;228
14920;80:e0:1d:c1:ea:ac;LU-Events;-70;228
14921;80:e0:1d:c1:ea:ad;eduroam;-71;228
14922;10:8c:cf:44:26:be;LakeheadU;-93;228
14923;80:e0:1d:f8:49:4c;LU-Events;-62;228
14924;80:e0:1d:f8:49:4d;eduroam;-62;228
14925;80:e0:1d:f8:49:4b;Free Tbaytel WiFi;-62;228
14926;80:e0:1d:f8:49:4e;LakeheadU;-63;228
14927;80:e0:1d:f8:49:4f;LU-Guest;-62;228
14928;a4:6c:2a:e0:1f:be;LakeheadU;-77;228
14929;a4:6c:2a:e0:1f:bb;Free Tbaytel WiFi;-77;228
14930;80:e0:1d:e6:7b:31;LakeheadU;-85;229
14931;80:e0:1d:e6:7b:34;Free Tbaytel WiFi;-85;229
14932;50:57:9c:c7:4e:eb;AT2005-EP700U-EE89sItyJt1ATw8;-80;229
14933;c0:c1:c0:8e:e8:c5;unavailable;-72;229
14934;80:e0:1d:d9:e9:a3;Free Tbaytel WiFi;-85;229
14935;80:e0:1d:d9:e9:a1;LU-Guest;-85;229
14936;80:e0:1d:ee:40:53;LU-Events;-89;229
14937;a4:6c:2a:d4:ba:4f;LU-Guest;-92;229
14938;a4:6c:2a:d4:ba:4b;Free Tbaytel WiFi;-92;229
14939;a4:6c:2a:d4:ba:4c;LU-Events;-92;229
14940;a4:6c:2a:d4:ba:4d;eduroam;-91;229
14941;a4:6c:2a:d4:ba:53;LU-Events;-85;229
14942;a4:6c:2a:d4:ba:54;Free Tbaytel WiFi;-85;229
14943;a4:6c:2a:d4:ba:51;LakeheadU;-85;229
14944;02:87:64:2d:e7:33;EBF1E5E6;-63;229
14945;d8:b1:90:e1:2d:a0;LU-Guest;-74;229
14946;d8:b1:90:e1:2d:a3;LU-Events;-74;229
14947;d8:b1:90:e1:2d:a4;Free Tbaytel WiFi;-73;229
14948;d8:b1:90:e1:2d:a1;LakeheadU;-74;229
14949;d8:b1:90:e1:2d:a2;eduroam;-74;229
14950;d8:b1:90:e1:2d:ae;LakeheadU;-78;229
14951;d8:b1:90:e1:2d:af;LU-Guest;-78;229
14952;d8:b1:90:e1:2d:ac;LU-Events;-78;229
14953;d8:b1:90:e1:2d:ad;eduroam;-79;229
14954;d8:b1:90:e1:2d:ab;Free Tbaytel WiFi;-79;229
14955;a4:6c:2a:d4:be:31;LakeheadU;-86;229
14956;80:e0:1d:e6:7a:51;LakeheadU;-73;229
14957;80:e0:1d:e6:7a:50;LU-Guest;-72;229
14958;80:e0:1d:e6:7a:53;LU-Events;-73;229
14959;80:e0:1d:e6:7a:52;eduroam;-70;229
14960;80:e0:1d:e6:7a:62;eduroam;-87;229
14961;80:e0:1d:e6:7a:64;Free Tbaytel WiFi;-88;229
14962;80:e0:1d:e6:7a:63;LU-Events;-88;229
14963;80:e0:1d:e6:7a:54;Free Tbaytel WiFi;-72;229
14964;80:e0:1d:e6:7a:5e;LakeheadU;-84;229
14965;80:e0:1d:e6:7a:5d;eduroam;-84;229
14966;80:e0:1d:e6:7a:5f;LU-Guest;-84;229
14967;80:e0:1d:e6:7a:5c;LU-Events;-84;229
14968;80:e0:1d:e6:7a:5b;Free Tbaytel WiFi;-84;229
14969;06:56:78:d0:60:49;EBF06ED2;-46;229
14970;80:e0:1d:c1:ea:ae;LakeheadU;-64;229
14971;80:e0:1d:c1:ea:af;LU-Guest;-64;229
14972;80:e0:1d:c1:ea:ab;Free Tbaytel WiFi;-64;229
14973;80:e0:1d:c1:ea:ac;LU-Events;-64;229
14974;80:e0:1d:c1:ea:ad;eduroam;-64;229
14975;80:e0:1d:c1:ea:a1;LakeheadU;-59;229
14976;80:e0:1d:c1:ea:a2;eduroam;-59;229
14977;80:e0:1d:c1:ea:a3;LU-Events;-59;229
14978;80:e0:1d:c1:ea:a4;Free Tbaytel WiFi;-59;229
14979;80:e0:1d:c1:ea:a0;LU-Guest;-59;229
14980;10:8c:cf:44:26:b4;Free Tbaytel WiFi;-80;229
14981;10:8c:cf:44:26:b3;LU-Events;-80;229
14982;10:8c:cf:44:26:bb;Free Tbaytel WiFi;-93;229
14983;10:8c:cf:44:26:bf;LU-Guest;-92;229
14984;10:8c:cf:44:26:bd;eduroam;-93;229
14985;80:e0:1d:f8:49:43;LU-Events;-58;229
14986;80:e0:1d:f8:49:44;Free Tbaytel WiFi;-61;229
14987;80:e0:1d:f8:49:41;LakeheadU;-57;229
14988;80:e0:1d:f8:49:42;eduroam;-57;229
14989;80:e0:1d:f8:49:40;LU-Guest;-58;229
14990;a4:6c:2a:e0:1f:b3;LU-Events;-70;229
14991;a4:6c:2a:e0:1f:b4;Free Tbaytel WiFi;-72;229
14992;a4:6c:2a:e0:1f:b0;LU-Guest;-71;229
14993;a4:6c:2a:e0:1f:b1;LakeheadU;-69;229
14994;a4:6c:2a:e0:1f:b2;eduroam;-71;229
14995;80:e0:1d:f8:49:4c;LU-Events;-70;229
14996;80:e0:1d:f8:49:4d;eduroam;-71;229
14997;80:e0:1d:f8:49:4b;Free Tbaytel WiFi;-70;229
14998;80:e0:1d:f8:49:4e;LakeheadU;-70;229
14999;80:e0:1d:f8:49:4f;LU-Guest;-72;229
15000;a4:6c:2a:e0:1f:bd;eduroam;-89;229
15001;80:e0:1d:e6:7b:31;LakeheadU;-85;230
15002;80:e0:1d:e6:7b:34;Free Tbaytel WiFi;-85;230
15003;50:57:9c:c7:4e:eb;AT2005-EP700U-EE89sItyJt1ATw8;-80;230
15004;c0:c1:c0:8e:e8:c5;unavailable;-72;230
15005;80:e0:1d:d9:e9:a3;Free Tbaytel WiFi;-85;230
15006;80:e0:1d:d9:e9:a1;LU-Guest;-85;230
15007;80:e0:1d:ee:40:53;LU-Events;-89;230
15008;a4:6c:2a:d4:ba:4f;LU-Guest;-92;230
15009;a4:6c:2a:d4:ba:4b;Free Tbaytel WiFi;-92;230
15010;a4:6c:2a:d4:ba:4c;LU-Events;-92;230
15011;a4:6c:2a:d4:ba:4d;eduroam;-91;230
15012;a4:6c:2a:d4:ba:53;LU-Events;-85;230
15013;a4:6c:2a:d4:ba:54;Free Tbaytel WiFi;-85;230
15014;a4:6c:2a:d4:ba:51;LakeheadU;-85;230
15015;02:87:64:2d:e7:33;EBF1E5E6;-63;230
15016;d8:b1:90:e1:2d:a0;LU-Guest;-74;230
15017;d8:b1:90:e1:2d:a3;LU-Events;-74;230
15018;d8:b1:90:e1:2d:a4;Free Tbaytel WiFi;-73;230
15019;d8:b1:90:e1:2d:a1;LakeheadU;-74;230
15020;d8:b1:90:e1:2d:a2;eduroam;-74;230
15021;d8:b1:90:e1:2d:ae;LakeheadU;-78;230
15022;d8:b1:90:e1:2d:af;LU-Guest;-78;230
15023;d8:b1:90:e1:2d:ac;LU-Events;-78;230
15024;d8:b1:90:e1:2d:ad;eduroam;-79;230
15025;d8:b1:90:e1:2d:ab;Free Tbaytel WiFi;-79;230
15026;a4:6c:2a:d4:be:31;LakeheadU;-86;230
15027;80:e0:1d:e6:7a:51;LakeheadU;-73;230
15028;80:e0:1d:e6:7a:50;LU-Guest;-72;230
15029;80:e0:1d:e6:7a:53;LU-Events;-73;230
15030;80:e0:1d:e6:7a:52;eduroam;-70;230
15031;80:e0:1d:e6:7a:62;eduroam;-87;230
15032;80:e0:1d:e6:7a:64;Free Tbaytel WiFi;-88;230
15033;80:e0:1d:e6:7a:63;LU-Events;-88;230
15034;80:e0:1d:e6:7a:54;Free Tbaytel WiFi;-72;230
15035;80:e0:1d:e6:7a:5e;LakeheadU;-84;230
15036;80:e0:1d:e6:7a:5d;eduroam;-84;230
15037;80:e0:1d:e6:7a:5f;LU-Guest;-84;230
15038;80:e0:1d:e6:7a:5c;LU-Events;-84;230
15039;80:e0:1d:e6:7a:5b;Free Tbaytel WiFi;-84;230
15040;06:56:78:d0:60:49;EBF06ED2;-46;230
15041;80:e0:1d:c1:ea:ae;LakeheadU;-64;230
15042;80:e0:1d:c1:ea:af;LU-Guest;-64;230
15043;80:e0:1d:c1:ea:ab;Free Tbaytel WiFi;-64;230
15044;80:e0:1d:c1:ea:ac;LU-Events;-64;230
15045;80:e0:1d:c1:ea:ad;eduroam;-64;230
15046;80:e0:1d:c1:ea:a1;LakeheadU;-59;230
15047;80:e0:1d:c1:ea:a2;eduroam;-59;230
15048;80:e0:1d:c1:ea:a3;LU-Events;-59;230
15049;80:e0:1d:c1:ea:a4;Free Tbaytel WiFi;-59;230
15050;80:e0:1d:c1:ea:a0;LU-Guest;-59;230
15051;10:8c:cf:44:26:b4;Free Tbaytel WiFi;-80;230
15052;10:8c:cf:44:26:b3;LU-Events;-80;230
15053;10:8c:cf:44:26:bb;Free Tbaytel WiFi;-93;230
15054;10:8c:cf:44:26:bf;LU-Guest;-92;230
15055;10:8c:cf:44:26:bd;eduroam;-93;230
15056;80:e0:1d:f8:49:43;LU-Events;-58;230
15057;80:e0:1d:f8:49:44;Free Tbaytel WiFi;-61;230
15058;80:e0:1d:f8:49:41;LakeheadU;-57;230
15059;80:e0:1d:f8:49:42;eduroam;-57;230
15060;80:e0:1d:f8:49:40;LU-Guest;-58;230
15061;a4:6c:2a:e0:1f:b3;LU-Events;-70;230
15062;a4:6c:2a:e0:1f:b4;Free Tbaytel WiFi;-72;230
15063;a4:6c:2a:e0:1f:b0;LU-Guest;-71;230
15064;a4:6c:2a:e0:1f:b1;LakeheadU;-69;230
15065;a4:6c:2a:e0:1f:b2;eduroam;-71;230
15066;80:e0:1d:f8:49:4c;LU-Events;-70;230
15067;80:e0:1d:f8:49:4d;eduroam;-71;230
15068;80:e0:1d:f8:49:4b;Free Tbaytel WiFi;-70;230
15069;80:e0:1d:f8:49:4e;LakeheadU;-70;230
15070;80:e0:1d:f8:49:4f;LU-Guest;-72;230
15071;a4:6c:2a:e0:1f:bd;eduroam;-89;230
15072;06:56:78:d0:60:49;EBF06ED2;-46;231
15073;80:e0:1d:f8:49:41;LakeheadU;-57;231
15074;80:e0:1d:f8:49:42;eduroam;-57;231
15075;80:e0:1d:f8:49:40;LU-Guest;-58;231
15076;80:e0:1d:f8:49:43;LU-Events;-58;231
15077;80:e0:1d:c1:ea:a4;Free Tbaytel WiFi;-59;231
15078;80:e0:1d:c1:ea:a2;eduroam;-59;231
15079;80:e0:1d:c1:ea:a1;LakeheadU;-59;231
15080;80:e0:1d:c1:ea:a3;LU-Events;-59;231
15081;80:e0:1d:c1:ea:a0;LU-Guest;-59;231
15082;80:e0:1d:f8:49:44;Free Tbaytel WiFi;-61;231
15083;02:87:64:2d:e7:33;EBF1E5E6;-63;231
15084;80:e0:1d:c1:ea:ab;Free Tbaytel WiFi;-64;231
15085;80:e0:1d:c1:ea:ad;eduroam;-64;231
15086;80:e0:1d:c1:ea:ae;LakeheadU;-64;231
15087;80:e0:1d:c1:ea:af;LU-Guest;-64;231
15088;80:e0:1d:c1:ea:ac;LU-Events;-64;231
15089;a4:6c:2a:e0:1f:b1;LakeheadU;-69;231
15090;80:e0:1d:f8:49:4b;Free Tbaytel WiFi;-70;231
15091;80:e0:1d:f8:49:4e;LakeheadU;-70;231
15092;80:e0:1d:f8:49:4c;LU-Events;-70;231
15093;a4:6c:2a:e0:1f:b3;LU-Events;-70;231
15094;80:e0:1d:e6:7a:52;eduroam;-70;231
15095;80:e0:1d:f8:49:4d;eduroam;-71;231
15096;a4:6c:2a:e0:1f:b0;LU-Guest;-71;231
15097;a4:6c:2a:e0:1f:b2;eduroam;-71;231
15098;c0:c1:c0:8e:e8:c5;unavailable;-72;231
15099;80:e0:1d:f8:49:4f;LU-Guest;-72;231
15100;80:e0:1d:e6:7a:54;Free Tbaytel WiFi;-72;231
15101;80:e0:1d:e6:7a:50;LU-Guest;-72;231
15102;a4:6c:2a:e0:1f:b4;Free Tbaytel WiFi;-72;231
15103;d8:b1:90:e1:2d:a4;Free Tbaytel WiFi;-73;231
15104;80:e0:1d:e6:7a:53;LU-Events;-73;231
15105;80:e0:1d:e6:7a:51;LakeheadU;-73;231
15106;d8:b1:90:e1:2d:a3;LU-Events;-74;231
15107;d8:b1:90:e1:2d:a2;eduroam;-74;231
15108;d8:b1:90:e1:2d:a1;LakeheadU;-74;231
15109;d8:b1:90:e1:2d:a0;LU-Guest;-74;231
15110;d8:b1:90:e1:2d:af;LU-Guest;-78;231
15111;d8:b1:90:e1:2d:ac;LU-Events;-78;231
15112;d8:b1:90:e1:2d:ae;LakeheadU;-78;231
15113;d8:b1:90:e1:2d:ab;Free Tbaytel WiFi;-79;231
15114;d8:b1:90:e1:2d:ad;eduroam;-79;231
15115;10:8c:cf:44:26:b3;LU-Events;-80;231
15116;10:8c:cf:44:26:b4;Free Tbaytel WiFi;-80;231
15117;50:57:9c:c7:4e:eb;AT2005-EP700U-EE89sItyJt1ATw8;-80;231
15118;80:e0:1d:e6:7a:5e;LakeheadU;-84;231
15119;80:e0:1d:e6:7a:5f;LU-Guest;-84;231
15120;80:e0:1d:e6:7a:5b;Free Tbaytel WiFi;-84;231
15121;80:e0:1d:e6:7a:5c;LU-Events;-84;231
15122;80:e0:1d:e6:7a:5d;eduroam;-84;231
15123;a4:6c:2a:d4:ba:54;Free Tbaytel WiFi;-85;231
15124;a4:6c:2a:d4:ba:53;LU-Events;-85;231
15125;80:e0:1d:e6:7b:31;LakeheadU;-85;231
15126;80:e0:1d:d9:e9:a1;LU-Guest;-85;231
15127;80:e0:1d:d9:e9:a3;Free Tbaytel WiFi;-85;231
15128;80:e0:1d:e6:7b:34;Free Tbaytel WiFi;-85;231
15129;a4:6c:2a:d4:ba:51;LakeheadU;-85;231
15130;a4:6c:2a:d4:be:31;LakeheadU;-86;231
15131;80:e0:1d:e6:7a:62;eduroam;-87;231
15132;80:e0:1d:e6:7a:64;Free Tbaytel WiFi;-88;231
15133;80:e0:1d:e6:7a:63;LU-Events;-88;231
15134;80:e0:1d:ee:40:53;LU-Events;-89;231
15135;a4:6c:2a:e0:1f:bd;eduroam;-89;231
15136;a4:6c:2a:d4:ba:4d;eduroam;-91;231
15137;10:8c:cf:44:26:bf;LU-Guest;-92;231
15138;a4:6c:2a:d4:ba:4f;LU-Guest;-92;231
15139;a4:6c:2a:d4:ba:4c;LU-Events;-92;231
15140;a4:6c:2a:d4:ba:4b;Free Tbaytel WiFi;-92;231
15141;10:8c:cf:44:26:bb;Free Tbaytel WiFi;-93;231
15142;10:8c:cf:44:26:bd;eduroam;-93;231
15143;80:e0:1d:e6:7b:30;LU-Guest;-70;232
15144;80:e0:1d:e6:7b:32;eduroam;-71;232
15145;80:e0:1d:e6:7b:31;LakeheadU;-71;232
15146;80:e0:1d:e6:7b:34;Free Tbaytel WiFi;-70;232
15147;80:e0:1d:e6:7b:33;LU-Events;-70;232
15148;80:e0:1d:e6:7b:3d;eduroam;-82;232
15149;80:e0:1d:e6:7b:3c;LU-Events;-85;232
15150;80:e0:1d:e6:7b:3f;LU-Guest;-81;232
15151;80:e0:1d:e6:7b:3e;LakeheadU;-85;232
15152;80:e0:1d:e6:7b:3b;Free Tbaytel WiFi;-82;232
15153;a4:6c:2a:d4:ba:42;eduroam;-86;232
15154;a4:6c:2a:d4:ba:43;LU-Events;-86;232
15155;a4:6c:2a:d4:ba:41;LakeheadU;-85;232
15156;80:e0:1d:ee:40:50;LU-Guest;-80;232
15157;a4:6c:2a:d4:ba:4d;eduroam;-93;232
15158;d8:b1:90:e1:26:ae;LakeheadU;-92;232
15159;80:e0:1d:ee:40:5b;Free Tbaytel WiFi;-82;232
15160;80:e0:1d:ee:40:5d;eduroam;-82;232
15161;80:e0:1d:ee:40:5c;LU-Events;-82;232
15162;80:e0:1d:ee:40:5f;LU-Guest;-81;232
15163;80:e0:1d:ee:40:5e;LakeheadU;-83;232
15164;a4:6c:2a:d4:ba:53;LU-Events;-77;232
15165;a4:6c:2a:d4:ba:54;Free Tbaytel WiFi;-77;232
15166;a4:6c:2a:d4:ba:51;LakeheadU;-77;232
15167;a4:6c:2a:d4:ba:52;eduroam;-74;232
15168;a4:6c:2a:d4:ba:5b;Free Tbaytel WiFi;-89;232
15169;02:87:64:2d:e7:33;EBF1E5E6;-67;232
15170;d8:b1:90:e1:2d:a3;LU-Events;-68;232
15171;d8:b1:90:e1:2d:a4;Free Tbaytel WiFi;-68;232
15172;d8:b1:90:e1:2d:a1;LakeheadU;-68;232
15173;d8:b1:90:e1:2d:a2;eduroam;-68;232
15174;d8:b1:90:e1:2d:ae;LakeheadU;-85;232
15175;d8:b1:90:e1:2d:af;LU-Guest;-84;232
15176;d8:b1:90:e1:2d:ac;LU-Events;-84;232
15177;d8:b1:90:e1:2d:ad;eduroam;-85;232
15178;d8:b1:90:e1:2d:ab;Free Tbaytel WiFi;-84;232
15179;a4:6c:2a:d4:be:30;LU-Guest;-81;232
15180;a4:6c:2a:d4:be:33;LU-Events;-81;232
15181;a4:6c:2a:d4:be:31;LakeheadU;-82;232
15182;a4:6c:2a:d4:be:32;eduroam;-81;232
15183;80:e0:1d:e6:7a:53;LU-Events;-72;232
15184;80:e0:1d:e6:7a:52;eduroam;-75;232
15185;80:e0:1d:e6:7a:5d;eduroam;-88;232
15186;80:e0:1d:e6:7a:5f;LU-Guest;-87;232
15187;80:e0:1d:e6:7a:5c;LU-Events;-87;232
15188;80:e0:1d:e6:7a:5b;Free Tbaytel WiFi;-88;232
15189;80:e0:1d:c1:ea:ae;LakeheadU;-51;232
15190;80:e0:1d:c1:ea:af;LU-Guest;-49;232
15191;80:e0:1d:c1:ea:ab;Free Tbaytel WiFi;-50;232
15192;80:e0:1d:c1:ea:ac;LU-Events;-50;232
15193;80:e0:1d:c1:ea:ad;eduroam;-51;232
15194;80:e0:1d:c1:ea:a1;LakeheadU;-46;232
15195;80:e0:1d:c1:ea:a2;eduroam;-45;232
15196;80:e0:1d:c1:ea:a3;LU-Events;-46;232
15197;80:e0:1d:c1:ea:a4;Free Tbaytel WiFi;-45;232
15198;80:e0:1d:c1:ea:a0;LU-Guest;-46;232
15199;00:42:68:59:8b:f3;LU-Events;-84;232
15200;00:42:68:59:8b:f4;Free Tbaytel WiFi;-85;232
15201;10:8c:cf:44:26:bb;Free Tbaytel WiFi;-91;232
15202;10:8c:cf:44:26:bf;LU-Guest;-91;232
15203;10:8c:cf:44:26:be;LakeheadU;-92;232
15204;10:8c:cf:44:26:bd;eduroam;-91;232
15205;10:8c:cf:44:26:bc;LU-Events;-91;232
15206;80:e0:1d:f8:49:43;LU-Events;-53;232
15207;80:e0:1d:f8:49:44;Free Tbaytel WiFi;-57;232
15208;80:e0:1d:f8:49:41;LakeheadU;-58;232
15209;80:e0:1d:f8:49:42;eduroam;-54;232
15210;80:e0:1d:f8:49:40;LU-Guest;-57;232
15211;a4:6c:2a:e0:1f:b3;LU-Events;-70;232
15212;a4:6c:2a:e0:1f:b4;Free Tbaytel WiFi;-70;232
15213;a4:6c:2a:e0:1f:b0;LU-Guest;-68;232
15214;a4:6c:2a:e0:1f:b1;LakeheadU;-70;232
15215;a4:6c:2a:e0:1f:b2;eduroam;-70;232
15216;80:e0:1d:f8:49:4c;LU-Events;-67;232
15217;80:e0:1d:f8:49:4d;eduroam;-67;232
15218;80:e0:1d:f8:49:4b;Free Tbaytel WiFi;-67;232
15219;80:e0:1d:f8:49:4e;LakeheadU;-66;232
15220;80:e0:1d:f8:49:4f;LU-Guest;-67;232
15221;a4:6c:2a:e0:1f:bc;LU-Events;-89;232
15222;a4:6c:2a:e0:1f:be;LakeheadU;-89;232
15223;80:e0:1d:e6:7b:30;LU-Guest;-70;233
15224;80:e0:1d:e6:7b:32;eduroam;-71;233
15225;80:e0:1d:e6:7b:31;LakeheadU;-71;233
15226;80:e0:1d:e6:7b:34;Free Tbaytel WiFi;-70;233
15227;80:e0:1d:e6:7b:33;LU-Events;-70;233
15228;80:e0:1d:e6:7b:3d;eduroam;-82;233
15229;80:e0:1d:e6:7b:3c;LU-Events;-85;233
15230;80:e0:1d:e6:7b:3f;LU-Guest;-81;233
15231;80:e0:1d:e6:7b:3e;LakeheadU;-85;233
15232;80:e0:1d:e6:7b:3b;Free Tbaytel WiFi;-82;233
15233;a4:6c:2a:d4:ba:42;eduroam;-86;233
15234;a4:6c:2a:d4:ba:43;LU-Events;-86;233
15235;a4:6c:2a:d4:ba:41;LakeheadU;-85;233
15236;80:e0:1d:ee:40:50;LU-Guest;-80;233
15237;a4:6c:2a:d4:ba:4d;eduroam;-93;233
15238;d8:b1:90:e1:26:ae;LakeheadU;-92;233
15239;80:e0:1d:ee:40:5b;Free Tbaytel WiFi;-82;233
15240;80:e0:1d:ee:40:5d;eduroam;-82;233
15241;80:e0:1d:ee:40:5c;LU-Events;-82;233
15242;80:e0:1d:ee:40:5f;LU-Guest;-81;233
15243;80:e0:1d:ee:40:5e;LakeheadU;-83;233
15244;a4:6c:2a:d4:ba:53;LU-Events;-77;233
15245;a4:6c:2a:d4:ba:54;Free Tbaytel WiFi;-77;233
15246;a4:6c:2a:d4:ba:51;LakeheadU;-77;233
15247;a4:6c:2a:d4:ba:52;eduroam;-74;233
15248;a4:6c:2a:d4:ba:5b;Free Tbaytel WiFi;-89;233
15249;02:87:64:2d:e7:33;EBF1E5E6;-67;233
15250;d8:b1:90:e1:2d:a3;LU-Events;-68;233
15251;d8:b1:90:e1:2d:a4;Free Tbaytel WiFi;-68;233
15252;d8:b1:90:e1:2d:a1;LakeheadU;-68;233
15253;d8:b1:90:e1:2d:a2;eduroam;-68;233
15254;d8:b1:90:e1:2d:ae;LakeheadU;-85;233
15255;d8:b1:90:e1:2d:af;LU-Guest;-84;233
15256;d8:b1:90:e1:2d:ac;LU-Events;-84;233
15257;d8:b1:90:e1:2d:ad;eduroam;-85;233
15258;d8:b1:90:e1:2d:ab;Free Tbaytel WiFi;-84;233
15259;a4:6c:2a:d4:be:30;LU-Guest;-81;233
15260;a4:6c:2a:d4:be:33;LU-Events;-81;233
15261;a4:6c:2a:d4:be:31;LakeheadU;-82;233
15262;a4:6c:2a:d4:be:32;eduroam;-81;233
15263;80:e0:1d:e6:7a:53;LU-Events;-72;233
15264;80:e0:1d:e6:7a:52;eduroam;-75;233
15265;80:e0:1d:e6:7a:5d;eduroam;-88;233
15266;80:e0:1d:e6:7a:5f;LU-Guest;-87;233
15267;80:e0:1d:e6:7a:5c;LU-Events;-87;233
15268;80:e0:1d:e6:7a:5b;Free Tbaytel WiFi;-88;233
15269;80:e0:1d:c1:ea:ae;LakeheadU;-51;233
15270;80:e0:1d:c1:ea:af;LU-Guest;-49;233
15271;80:e0:1d:c1:ea:ab;Free Tbaytel WiFi;-50;233
15272;80:e0:1d:c1:ea:ac;LU-Events;-50;233
15273;80:e0:1d:c1:ea:ad;eduroam;-51;233
15274;80:e0:1d:c1:ea:a1;LakeheadU;-46;233
15275;80:e0:1d:c1:ea:a2;eduroam;-45;233
15276;80:e0:1d:c1:ea:a3;LU-Events;-46;233
15277;80:e0:1d:c1:ea:a4;Free Tbaytel WiFi;-45;233
15278;80:e0:1d:c1:ea:a0;LU-Guest;-46;233
15279;00:42:68:59:8b:f3;LU-Events;-84;233
15280;00:42:68:59:8b:f4;Free Tbaytel WiFi;-85;233
15281;10:8c:cf:44:26:bb;Free Tbaytel WiFi;-91;233
15282;10:8c:cf:44:26:bf;LU-Guest;-91;233
15283;10:8c:cf:44:26:be;LakeheadU;-92;233
15284;10:8c:cf:44:26:bd;eduroam;-91;233
15285;10:8c:cf:44:26:bc;LU-Events;-91;233
15286;80:e0:1d:f8:49:43;LU-Events;-53;233
15287;80:e0:1d:f8:49:44;Free Tbaytel WiFi;-57;233
15288;80:e0:1d:f8:49:41;LakeheadU;-58;233
15289;80:e0:1d:f8:49:42;eduroam;-54;233
15290;80:e0:1d:f8:49:40;LU-Guest;-57;233
15291;a4:6c:2a:e0:1f:b3;LU-Events;-70;233
15292;a4:6c:2a:e0:1f:b4;Free Tbaytel WiFi;-70;233
15293;a4:6c:2a:e0:1f:b0;LU-Guest;-68;233
15294;a4:6c:2a:e0:1f:b1;LakeheadU;-70;233
15295;a4:6c:2a:e0:1f:b2;eduroam;-70;233
15296;80:e0:1d:f8:49:4c;LU-Events;-67;233
15297;80:e0:1d:f8:49:4d;eduroam;-67;233
15298;80:e0:1d:f8:49:4b;Free Tbaytel WiFi;-67;233
15299;80:e0:1d:f8:49:4e;LakeheadU;-66;233
15300;80:e0:1d:f8:49:4f;LU-Guest;-67;233
15301;a4:6c:2a:e0:1f:bc;LU-Events;-89;233
15302;a4:6c:2a:e0:1f:be;LakeheadU;-89;233
15303;80:e0:1d:e6:7b:30;LU-Guest;-68;234
15304;80:e0:1d:e6:7b:32;eduroam;-69;234
15305;80:e0:1d:e6:7b:31;LakeheadU;-68;234
15306;80:e0:1d:e6:7b:34;Free Tbaytel WiFi;-69;234
15307;80:e0:1d:e6:7b:33;LU-Events;-69;234
15308;80:e0:1d:e6:7b:3d;eduroam;-74;234
15309;80:e0:1d:e6:7b:3c;LU-Events;-75;234
15310;80:e0:1d:e6:7b:3f;LU-Guest;-75;234
15311;80:e0:1d:e6:7b:3e;LakeheadU;-75;234
15312;80:e0:1d:e6:7b:3b;Free Tbaytel WiFi;-75;234
15313;c0:c1:c0:8e:e8:c5;unavailable;-74;234
15314;a4:6c:2a:d4:ba:42;eduroam;-86;234
15315;a4:6c:2a:d4:ba:43;LU-Events;-86;234
15316;a4:6c:2a:d4:ba:41;LakeheadU;-76;234
15317;80:e0:1d:ee:40:50;LU-Guest;-76;234
15318;80:e0:1d:ee:40:54;Free Tbaytel WiFi;-76;234
15319;80:e0:1d:ee:40:53;LU-Events;-77;234
15320;d8:b1:90:e1:26:a0;LU-Guest;-74;234
15321;d8:b1:90:e1:26:a2;eduroam;-74;234
15322;d8:b1:90:e1:26:a1;LakeheadU;-74;234
15323;d8:b1:90:e1:26:a4;Free Tbaytel WiFi;-74;234
15324;d8:b1:90:e1:26:a3;LU-Events;-75;234
15325;a4:6c:2a:d4:ba:4f;LU-Guest;-91;234
15326;a4:6c:2a:d4:ba:4d;eduroam;-90;234
15327;d8:b1:90:e1:26:ae;LakeheadU;-90;234
15328;80:e0:1d:ee:40:5b;Free Tbaytel WiFi;-73;234
15329;80:e0:1d:ee:40:5d;eduroam;-82;234
15330;80:e0:1d:ee:40:5c;LU-Events;-74;234
15331;80:e0:1d:ee:40:5f;LU-Guest;-74;234
15332;80:e0:1d:ee:40:5e;LakeheadU;-83;234
15333;a4:6c:2a:d4:ba:53;LU-Events;-77;234
15334;a4:6c:2a:d4:ba:54;Free Tbaytel WiFi;-77;234
15335;a4:6c:2a:d4:ba:51;LakeheadU;-77;234
15336;a4:6c:2a:d4:ba:52;eduroam;-74;234
15337;a4:6c:2a:d4:ba:5d;eduroam;-87;234
15338;a4:6c:2a:d4:ba:5b;Free Tbaytel WiFi;-87;234
15339;02:87:64:2d:e7:33;EBF1E5E6;-58;234
15340;d8:b1:90:e1:2d:a0;LU-Guest;-67;234
15341;d8:b1:90:e1:2d:a3;LU-Events;-69;234
15342;d8:b1:90:e1:2d:a4;Free Tbaytel WiFi;-67;234
15343;d8:b1:90:e1:2d:a1;LakeheadU;-68;234
15344;d8:b1:90:e1:2d:a2;eduroam;-68;234
15345;d8:b1:90:e1:2d:ae;LakeheadU;-76;234
15346;d8:b1:90:e1:2d:af;LU-Guest;-76;234
15347;d8:b1:90:e1:2d:ac;LU-Events;-75;234
15348;d8:b1:90:e1:2d:ad;eduroam;-77;234
15349;d8:b1:90:e1:2d:ab;Free Tbaytel WiFi;-76;234
15350;a4:6c:2a:d4:be:30;LU-Guest;-81;234
15351;a4:6c:2a:d4:be:33;LU-Events;-85;234
15352;a4:6c:2a:d4:be:31;LakeheadU;-82;234
15353;a4:6c:2a:d4:be:32;eduroam;-81;234
15354;80:e0:1d:e6:7a:50;LU-Guest;-71;234
15355;80:e0:1d:e6:7a:53;LU-Events;-72;234
15356;80:e0:1d:e6:7a:52;eduroam;-70;234
15357;80:e0:1d:e6:7a:5d;eduroam;-88;234
15358;80:e0:1d:e6:7a:5f;LU-Guest;-87;234
15359;80:e0:1d:e6:7a:5c;LU-Events;-88;234
15360;80:e0:1d:e6:7a:5b;Free Tbaytel WiFi;-84;234
15361;06:56:78:d0:60:49;EBF06ED2;-52;234
15362;a4:6c:2a:d4:bb:01;LakeheadU;-89;234
15363;80:e0:1d:c1:ea:ae;LakeheadU;-57;234
15364;80:e0:1d:c1:ea:af;LU-Guest;-57;234
15365;80:e0:1d:c1:ea:ab;Free Tbaytel WiFi;-56;234
15366;80:e0:1d:c1:ea:ac;LU-Events;-56;234
15367;80:e0:1d:c1:ea:ad;eduroam;-57;234
15368;80:e0:1d:c1:ea:a1;LakeheadU;-47;234
15369;80:e0:1d:c1:ea:a2;eduroam;-47;234
15370;80:e0:1d:c1:ea:a3;LU-Events;-50;234
15371;80:e0:1d:c1:ea:a4;Free Tbaytel WiFi;-48;234
15372;80:e0:1d:c1:ea:a0;LU-Guest;-47;234
15373;10:8c:cf:44:26:b4;Free Tbaytel WiFi;-80;234
15374;10:8c:cf:44:26:b3;LU-Events;-81;234
15375;00:42:68:59:8b:f1;LakeheadU;-80;234
15376;00:42:68:59:8b:f0;LU-Guest;-80;234
15377;00:42:68:59:8b:f3;LU-Events;-80;234
15378;00:42:68:59:8b:f4;Free Tbaytel WiFi;-80;234
15379;10:8c:cf:44:26:bb;Free Tbaytel WiFi;-88;234
15380;10:8c:cf:44:26:bf;LU-Guest;-88;234
15381;10:8c:cf:44:26:be;LakeheadU;-92;234
15382;10:8c:cf:44:26:bd;eduroam;-91;234
15383;10:8c:cf:44:26:bc;LU-Events;-88;234
15384;80:e0:1d:f8:49:43;LU-Events;-53;234
15385;80:e0:1d:f8:49:44;Free Tbaytel WiFi;-53;234
15386;80:e0:1d:f8:49:41;LakeheadU;-53;234
15387;80:e0:1d:f8:49:42;eduroam;-53;234
15388;80:e0:1d:f8:49:40;LU-Guest;-56;234
15389;a4:6c:2a:e0:1f:b3;LU-Events;-67;234
15390;a4:6c:2a:e0:1f:b4;Free Tbaytel WiFi;-67;234
15391;a4:6c:2a:e0:1f:b0;LU-Guest;-67;234
15392;a4:6c:2a:e0:1f:b1;LakeheadU;-67;234
15393;a4:6c:2a:e0:1f:b2;eduroam;-67;234
15394;80:e0:1d:f8:49:4c;LU-Events;-64;234
15395;80:e0:1d:f8:49:4d;eduroam;-64;234
15396;80:e0:1d:f8:49:4b;Free Tbaytel WiFi;-64;234
15397;80:e0:1d:f8:49:4e;LakeheadU;-65;234
15398;80:e0:1d:f8:49:4f;LU-Guest;-65;234
15399;a4:6c:2a:e0:1f:bc;LU-Events;-90;234
15400;a4:6c:2a:e0:1f:bd;eduroam;-89;234
15401;a4:6c:2a:e0:1f:be;LakeheadU;-89;234
15402;80:e0:1d:e6:7b:30;LU-Guest;-68;235
15403;80:e0:1d:e6:7b:32;eduroam;-69;235
15404;80:e0:1d:e6:7b:31;LakeheadU;-68;235
15405;80:e0:1d:e6:7b:34;Free Tbaytel WiFi;-69;235
15406;80:e0:1d:e6:7b:33;LU-Events;-69;235
15407;80:e0:1d:e6:7b:3d;eduroam;-74;235
15408;80:e0:1d:e6:7b:3c;LU-Events;-75;235
15409;80:e0:1d:e6:7b:3f;LU-Guest;-75;235
15410;80:e0:1d:e6:7b:3e;LakeheadU;-75;235
15411;80:e0:1d:e6:7b:3b;Free Tbaytel WiFi;-75;235
15412;c0:c1:c0:8e:e8:c5;unavailable;-74;235
15413;a4:6c:2a:d4:ba:41;LakeheadU;-76;235
15414;80:e0:1d:ee:40:50;LU-Guest;-76;235
15415;80:e0:1d:ee:40:54;Free Tbaytel WiFi;-76;235
15416;80:e0:1d:ee:40:53;LU-Events;-77;235
15417;d8:b1:90:e1:26:a0;LU-Guest;-74;235
15418;d8:b1:90:e1:26:a2;eduroam;-74;235
15419;d8:b1:90:e1:26:a1;LakeheadU;-74;235
15420;d8:b1:90:e1:26:a4;Free Tbaytel WiFi;-74;235
15421;d8:b1:90:e1:26:a3;LU-Events;-75;235
15422;a4:6c:2a:d4:ba:4f;LU-Guest;-91;235
15423;a4:6c:2a:d4:ba:4d;eduroam;-90;235
15424;d8:b1:90:e1:26:ae;LakeheadU;-90;235
15425;80:e0:1d:ee:40:5b;Free Tbaytel WiFi;-73;235
15426;80:e0:1d:ee:40:5c;LU-Events;-74;235
15427;80:e0:1d:ee:40:5f;LU-Guest;-74;235
15428;a4:6c:2a:d4:ba:5d;eduroam;-87;235
15429;a4:6c:2a:d4:ba:5b;Free Tbaytel WiFi;-87;235
15430;02:87:64:2d:e7:33;EBF1E5E6;-58;235
15431;d8:b1:90:e1:2d:a0;LU-Guest;-67;235
15432;d8:b1:90:e1:2d:a3;LU-Events;-69;235
15433;d8:b1:90:e1:2d:a4;Free Tbaytel WiFi;-67;235
15434;d8:b1:90:e1:2d:a2;eduroam;-68;235
15435;d8:b1:90:e1:2d:ae;LakeheadU;-76;235
15436;d8:b1:90:e1:2d:af;LU-Guest;-76;235
15437;d8:b1:90:e1:2d:ac;LU-Events;-75;235
15438;d8:b1:90:e1:2d:ad;eduroam;-77;235
15439;d8:b1:90:e1:2d:ab;Free Tbaytel WiFi;-76;235
15440;a4:6c:2a:d4:be:33;LU-Events;-85;235
15441;80:e0:1d:e6:7a:50;LU-Guest;-71;235
15442;80:e0:1d:e6:7a:52;eduroam;-70;235
15443;80:e0:1d:e6:7a:5f;LU-Guest;-87;235
15444;80:e0:1d:e6:7a:5c;LU-Events;-88;235
15445;80:e0:1d:e6:7a:5b;Free Tbaytel WiFi;-84;235
15446;06:56:78:d0:60:49;EBF06ED2;-52;235
15447;a4:6c:2a:d4:bb:01;LakeheadU;-89;235
15448;80:e0:1d:c1:ea:ae;LakeheadU;-57;235
15449;80:e0:1d:c1:ea:af;LU-Guest;-57;235
15450;80:e0:1d:c1:ea:ab;Free Tbaytel WiFi;-56;235
15451;80:e0:1d:c1:ea:ac;LU-Events;-56;235
15452;80:e0:1d:c1:ea:ad;eduroam;-57;235
15453;80:e0:1d:c1:ea:a1;LakeheadU;-47;235
15454;80:e0:1d:c1:ea:a2;eduroam;-47;235
15455;80:e0:1d:c1:ea:a3;LU-Events;-50;235
15456;80:e0:1d:c1:ea:a4;Free Tbaytel WiFi;-48;235
15457;80:e0:1d:c1:ea:a0;LU-Guest;-47;235
15458;10:8c:cf:44:26:b4;Free Tbaytel WiFi;-80;235
15459;10:8c:cf:44:26:b3;LU-Events;-81;235
15460;00:42:68:59:8b:f1;LakeheadU;-80;235
15461;00:42:68:59:8b:f0;LU-Guest;-80;235
15462;00:42:68:59:8b:f3;LU-Events;-80;235
15463;00:42:68:59:8b:f4;Free Tbaytel WiFi;-80;235
15464;10:8c:cf:44:26:bb;Free Tbaytel WiFi;-88;235
15465;10:8c:cf:44:26:bf;LU-Guest;-88;235
15466;10:8c:cf:44:26:bc;LU-Events;-88;235
15467;80:e0:1d:f8:49:43;LU-Events;-53;235
15468;80:e0:1d:f8:49:44;Free Tbaytel WiFi;-53;235
15469;80:e0:1d:f8:49:41;LakeheadU;-53;235
15470;80:e0:1d:f8:49:42;eduroam;-53;235
15471;80:e0:1d:f8:49:40;LU-Guest;-56;235
15472;a4:6c:2a:e0:1f:b3;LU-Events;-67;235
15473;a4:6c:2a:e0:1f:b4;Free Tbaytel WiFi;-67;235
15474;a4:6c:2a:e0:1f:b0;LU-Guest;-67;235
15475;a4:6c:2a:e0:1f:b1;LakeheadU;-67;235
15476;a4:6c:2a:e0:1f:b2;eduroam;-67;235
15477;80:e0:1d:f8:49:4c;LU-Events;-64;235
15478;80:e0:1d:f8:49:4d;eduroam;-64;235
15479;80:e0:1d:f8:49:4b;Free Tbaytel WiFi;-64;235
15480;80:e0:1d:f8:49:4e;LakeheadU;-65;235
15481;80:e0:1d:f8:49:4f;LU-Guest;-65;235
15482;a4:6c:2a:e0:1f:bc;LU-Events;-90;235
15483;a4:6c:2a:e0:1f:bd;eduroam;-89;235
15484;a4:6c:2a:e0:1f:be;LakeheadU;-89;235
15485;80:e0:1d:e6:7b:30;LU-Guest;-57;236
15486;80:e0:1d:e6:7b:32;eduroam;-60;236
15487;80:e0:1d:e6:7b:31;LakeheadU;-57;236
15488;80:e0:1d:e6:7b:34;Free Tbaytel WiFi;-57;236
15489;80:e0:1d:e6:7b:33;LU-Events;-60;236
15490;80:e0:1d:e6:7b:3d;eduroam;-76;236
15491;80:e0:1d:e6:7b:3c;LU-Events;-76;236
15492;80:e0:1d:e6:7b:3f;LU-Guest;-76;236
15493;80:e0:1d:e6:7b:3e;LakeheadU;-76;236
15494;80:e0:1d:c2:b3:93;LU-Events;-88;236
15495;80:e0:1d:e6:7b:3b;Free Tbaytel WiFi;-77;236
15496;50:57:9c:c7:4e:eb;AT2005-EP700U-EE89sItyJt1ATw8;-85;236
15497;a4:6c:2a:e0:20:00;LU-Guest;-84;236
15498;a4:6c:2a:e0:20:03;LU-Events;-83;236
15499;a4:6c:2a:e0:20:02;eduroam;-83;236
15500;a4:6c:2a:e0:20:04;Free Tbaytel WiFi;-83;236
15501;c0:c1:c0:8e:e8:c5;unavailable;-83;236
15502;a4:6c:2a:d4:ba:43;LU-Events;-87;236
15503;a4:6c:2a:d4:ba:44;Free Tbaytel WiFi;-86;236
15504;80:e0:1d:d9:e9:a1;LU-Guest;-87;236
15505;80:e0:1d:ee:40:50;LU-Guest;-67;236
15506;80:e0:1d:ee:40:51;LakeheadU;-70;236
15507;80:e0:1d:ee:40:54;Free Tbaytel WiFi;-68;236
15508;d8:b1:90:e1:26:a0;LU-Guest;-67;236
15509;d8:b1:90:e1:26:a2;eduroam;-68;236
15510;d8:b1:90:e1:26:a1;LakeheadU;-68;236
15511;d8:b1:90:e1:26:a4;Free Tbaytel WiFi;-67;236
15512;d8:b1:90:e1:26:a3;LU-Events;-68;236
15513;80:e0:1d:f0:90:d2;LU-Events;-87;236
15514;d8:b1:90:e1:26:ab;Free Tbaytel WiFi;-70;236
15515;d8:b1:90:e1:26:ad;eduroam;-71;236
15516;d8:b1:90:e1:26:ac;LU-Events;-75;236
15517;d8:b1:90:e1:26:af;LU-Guest;-76;236
15518;80:e0:1d:ee:40:5b;Free Tbaytel WiFi;-69;236
15519;80:e0:1d:ee:40:5d;eduroam;-69;236
15520;80:e0:1d:ee:40:5c;LU-Events;-69;236
15521;80:e0:1d:ee:40:5f;LU-Guest;-69;236
15522;80:e0:1d:ee:40:5e;LakeheadU;-70;236
15523;a4:6c:2a:d4:ba:53;LU-Events;-69;236
15524;a4:6c:2a:d4:ba:54;Free Tbaytel WiFi;-68;236
15525;a4:6c:2a:d4:ba:51;LakeheadU;-68;236
15526;a4:6c:2a:d4:ba:52;eduroam;-70;236
15527;a4:6c:2a:d4:ba:5c;LU-Events;-84;236
15528;a4:6c:2a:d4:ba:5e;LakeheadU;-84;236
15529;d8:b1:90:e1:2d:a3;LU-Events;-77;236
15530;d8:b1:90:e1:2d:a4;Free Tbaytel WiFi;-76;236
15531;d8:b1:90:e1:2d:a1;LakeheadU;-77;236
15532;d8:b1:90:e1:2d:a2;eduroam;-74;236
15533;d8:b1:90:e1:2d:ae;LakeheadU;-87;236
15534;d8:b1:90:e1:2d:af;LU-Guest;-87;236
15535;d8:b1:90:e1:2d:ac;LU-Events;-88;236
15536;d8:b1:90:e1:2d:ad;eduroam;-88;236
15537;d8:b1:90:e1:2d:ab;Free Tbaytel WiFi;-87;236
15538;80:e0:1d:e6:7a:53;LU-Events;-79;236
15539;80:e0:1d:e6:7a:52;eduroam;-78;236
15540;80:e0:1d:da:42:21;LakeheadU;-80;236
15541;80:e0:1d:da:42:22;eduroam;-80;236
15542;80:e0:1d:da:42:23;LU-Events;-80;236
15543;80:e0:1d:da:42:24;Free Tbaytel WiFi;-80;236
15544;80:e0:1d:e6:7a:5c;LU-Events;-92;236
15545;d8:b1:90:df:9f:ec;LU-Events;-93;236
15546;d8:b1:90:df:9f:eb;Free Tbaytel WiFi;-91;236
15547;d8:b1:90:df:9f:e3;LU-Events;-82;236
15548;06:56:78:d0:60:49;EBF06ED2;-64;236
15549;80:e0:1d:c1:ea:ae;LakeheadU;-59;236
15550;80:e0:1d:c1:ea:af;LU-Guest;-59;236
15551;80:e0:1d:c1:ea:ab;Free Tbaytel WiFi;-59;236
15552;80:e0:1d:c1:ea:ac;LU-Events;-59;236
15553;80:e0:1d:c1:ea:ad;eduroam;-59;236
15554;80:e0:1d:c1:ea:a1;LakeheadU;-51;236
15555;80:e0:1d:c1:ea:a2;eduroam;-51;236
15556;80:e0:1d:c1:ea:a3;LU-Events;-51;236
15557;80:e0:1d:c1:ea:a4;Free Tbaytel WiFi;-51;236
15558;80:e0:1d:c1:ea:a0;LU-Guest;-51;236
15559;10:8c:cf:44:26:bb;Free Tbaytel WiFi;-93;236
15560;80:e0:1d:f8:49:43;LU-Events;-57;236
15561;80:e0:1d:f8:49:44;Free Tbaytel WiFi;-57;236
15562;80:e0:1d:f8:49:41;LakeheadU;-56;236
15563;80:e0:1d:f8:49:42;eduroam;-57;236
15564;80:e0:1d:f8:49:40;LU-Guest;-57;236
15565;a4:6c:2a:e0:1f:b3;LU-Events;-82;236
15566;a4:6c:2a:e0:1f:b4;Free Tbaytel WiFi;-79;236
15567;a4:6c:2a:e0:1f:b1;LakeheadU;-79;236
15568;a4:6c:2a:e0:1f:b2;eduroam;-79;236
15569;80:e0:1d:f8:49:4c;LU-Events;-69;236
15570;80:e0:1d:f8:49:4d;eduroam;-69;236
15571;80:e0:1d:f8:49:4b;Free Tbaytel WiFi;-70;236
15572;80:e0:1d:f8:49:4e;LakeheadU;-70;236
15573;80:e0:1d:f8:49:4f;LU-Guest;-68;236
15574;80:e0:1d:f8:49:4b;Free Tbaytel WiFi;-70;237
15575;80:e0:1d:e6:7b:30;LU-Guest;-53;238
15576;80:e0:1d:e6:7b:32;eduroam;-52;238
15577;80:e0:1d:e6:7b:31;LakeheadU;-56;238
15578;80:e0:1d:e6:7b:34;Free Tbaytel WiFi;-56;238
15579;80:e0:1d:e6:7b:33;LU-Events;-53;238
15580;80:e0:1d:e6:7b:3d;eduroam;-67;238
15581;80:e0:1d:e6:7b:3c;LU-Events;-67;238
15582;80:e0:1d:e6:7b:3f;LU-Guest;-67;238
15583;80:e0:1d:e6:7b:3e;LakeheadU;-67;238
15584;80:e0:1d:c2:b3:90;LU-Guest;-84;238
15585;80:e0:1d:c2:b3:93;LU-Events;-84;238
15586;80:e0:1d:c2:b3:91;LakeheadU;-83;238
15587;80:e0:1d:e6:7b:3b;Free Tbaytel WiFi;-69;238
15588;c0:c1:c0:8e:e8:c5;unavailable;-81;238
15589;80:e0:1d:c2:b7:f3;LU-Events;-86;238
15590;80:e0:1d:ee:40:50;LU-Guest;-64;238
15591;80:e0:1d:ee:40:52;eduroam;-64;238
15592;80:e0:1d:ee:40:51;LakeheadU;-63;238
15593;80:e0:1d:ee:40:54;Free Tbaytel WiFi;-63;238
15594;80:e0:1d:ee:40:53;LU-Events;-63;238
15595;d8:b1:90:e1:26:a0;LU-Guest;-64;238
15596;d8:b1:90:e1:26:a2;eduroam;-64;238
15597;d8:b1:90:e1:26:a1;LakeheadU;-64;238
15598;d8:b1:90:e1:26:a4;Free Tbaytel WiFi;-64;238
15599;d8:b1:90:e1:26:a3;LU-Events;-67;238
15600;80:e0:1d:f0:90:d2;LU-Events;-82;238
15601;d8:b1:90:e1:26:ab;Free Tbaytel WiFi;-75;238
15602;d8:b1:90:e1:26:ad;eduroam;-77;238
15603;d8:b1:90:e1:26:ac;LU-Events;-76;238
15604;80:e0:1d:ee:40:5b;Free Tbaytel WiFi;-68;238
15605;80:e0:1d:ee:40:5d;eduroam;-68;238
15606;80:e0:1d:ee:40:5c;LU-Events;-67;238
15607;80:e0:1d:ee:40:5f;LU-Guest;-68;238
15608;80:e0:1d:ee:40:5e;LakeheadU;-67;238
15609;a4:6c:2a:d4:ba:53;LU-Events;-67;238
15610;a4:6c:2a:d4:ba:54;Free Tbaytel WiFi;-67;238
15611;a4:6c:2a:d4:ba:50;LU-Guest;-70;238
15612;a4:6c:2a:d4:ba:51;LakeheadU;-67;238
15613;a4:6c:2a:d4:ba:52;eduroam;-67;238
15614;a4:6c:2a:d4:ba:5c;LU-Events;-73;238
15615;a4:6c:2a:d4:ba:5e;LakeheadU;-73;238
15616;a4:6c:2a:d4:ba:5b;Free Tbaytel WiFi;-72;238
15617;80:e0:1d:da:42:21;LakeheadU;-82;238
15618;80:e0:1d:da:42:22;eduroam;-78;238
15619;80:e0:1d:da:42:2b;Free Tbaytel WiFi;-90;238
15620;80:e0:1d:da:42:2c;LU-Events;-91;238
15621;80:e0:1d:da:42:2d;eduroam;-91;238
15622;80:e0:1d:da:42:2f;LU-Guest;-91;238
15623;80:e0:1d:c1:ea:ae;LakeheadU;-68;238
15624;80:e0:1d:c1:ea:af;LU-Guest;-68;238
15625;80:e0:1d:c1:ea:ab;Free Tbaytel WiFi;-68;238
15626;80:e0:1d:c1:ea:ac;LU-Events;-69;238
15627;80:e0:1d:c1:ea:ad;eduroam;-68;238
15628;80:e0:1d:c1:ea:a1;LakeheadU;-58;238
15629;80:e0:1d:c1:ea:a2;eduroam;-58;238
15630;80:e0:1d:c1:ea:a3;LU-Events;-58;238
15631;80:e0:1d:c1:ea:a4;Free Tbaytel WiFi;-58;238
15632;80:e0:1d:c1:ea:a0;LU-Guest;-58;238
15633;80:e0:1d:f8:49:43;LU-Events;-71;238
15634;80:e0:1d:f8:49:44;Free Tbaytel WiFi;-73;238
15635;80:e0:1d:f8:49:41;LakeheadU;-70;238
15636;80:e0:1d:f8:49:42;eduroam;-70;238
15637;80:e0:1d:f8:49:40;LU-Guest;-69;238
15638;6c:5a:b0:3d:73:c1;Quanser_UVS;-79;238
15639;a4:6c:2a:e0:1f:b4;Free Tbaytel WiFi;-81;238
15640;80:e0:1d:f8:49:4c;LU-Events;-86;238
15641;80:e0:1d:e6:7b:30;LU-Guest;-61;239
15642;80:e0:1d:e6:7b:32;eduroam;-59;239
15643;80:e0:1d:e6:7b:31;LakeheadU;-59;239
15644;80:e0:1d:e6:7b:34;Free Tbaytel WiFi;-59;239
15645;80:e0:1d:e6:7b:33;LU-Events;-59;239
15646;80:e0:1d:e6:7b:3d;eduroam;-73;239
15647;80:e0:1d:e6:7b:3c;LU-Events;-72;239
15648;80:e0:1d:e6:7b:3f;LU-Guest;-74;239
15649;80:e0:1d:e6:7b:3e;LakeheadU;-73;239
15650;80:e0:1d:c2:b3:90;LU-Guest;-81;239
15651;80:e0:1d:c2:b3:94;Free Tbaytel WiFi;-79;239
15652;80:e0:1d:c2:b3:93;LU-Events;-81;239
15653;80:e0:1d:c2:b3:92;eduroam;-85;239
15654;80:e0:1d:c2:b3:91;LakeheadU;-80;239
15655;80:e0:1d:e6:7b:3b;Free Tbaytel WiFi;-71;239
15656;a4:6c:2a:e0:20:01;LakeheadU;-72;239
15657;a4:6c:2a:e0:20:02;eduroam;-69;239
15658;00:1f:33:bd:d5:34;Lab1012;-90;239
15659;c0:c1:c0:8e:e8:c5;unavailable;-84;239
15660;a4:6c:2a:e0:20:0c;LU-Events;-89;239
15661;a4:6c:2a:e0:20:0e;LakeheadU;-92;239
15662;a4:6c:2a:e0:20:0d;eduroam;-91;239
15663;80:e0:1d:f0:90:a3;Free Tbaytel WiFi;-85;239
15664;80:e0:1d:f0:90:a1;LU-Guest;-86;239
15665;80:e0:1d:c2:b7:f1;LakeheadU;-84;239
15666;7e:a7:b0:c5:e9:67;DIRECT-cfLexmark Cheetah M-67e9;-82;239
15667;80:e0:1d:ee:40:50;LU-Guest;-62;239
15668;80:e0:1d:ee:40:52;eduroam;-61;239
15669;80:e0:1d:ee:40:51;LakeheadU;-61;239
15670;80:e0:1d:ee:40:54;Free Tbaytel WiFi;-61;239
15671;80:e0:1d:ee:40:53;LU-Events;-62;239
15672;d8:b1:90:e1:26:a0;LU-Guest;-65;239
15673;d8:b1:90:e1:26:a2;eduroam;-66;239
15674;d8:b1:90:e1:26:a1;LakeheadU;-66;239
15675;d8:b1:90:e1:26:a4;Free Tbaytel WiFi;-65;239
15676;d8:b1:90:e1:26:a3;LU-Events;-66;239
15677;80:e0:1d:f0:90:d2;LU-Events;-82;239
15678;d8:b1:90:e1:26:ab;Free Tbaytel WiFi;-76;239
15679;d8:b1:90:e1:26:ad;eduroam;-76;239
15680;d8:b1:90:e1:26:ac;LU-Events;-76;239
15681;d8:b1:90:e1:26:af;LU-Guest;-77;239
15682;80:e0:1d:ee:40:5b;Free Tbaytel WiFi;-70;239
15683;80:e0:1d:ee:40:5d;eduroam;-71;239
15684;80:e0:1d:ee:40:5c;LU-Events;-71;239
15685;80:e0:1d:ee:40:5f;LU-Guest;-71;239
15686;80:e0:1d:ee:40:5e;LakeheadU;-71;239
15687;a4:6c:2a:d4:ba:53;LU-Events;-57;239
15688;a4:6c:2a:d4:ba:54;Free Tbaytel WiFi;-57;239
15689;a4:6c:2a:d4:ba:50;LU-Guest;-56;239
15690;a4:6c:2a:d4:ba:51;LakeheadU;-59;239
15691;a4:6c:2a:d4:ba:52;eduroam;-56;239
15692;a4:6c:2a:d4:ba:5c;LU-Events;-76;239
15693;a4:6c:2a:d4:ba:5d;eduroam;-77;239
15694;a4:6c:2a:d4:ba:5f;LU-Guest;-75;239
15695;d8:b1:90:df:9f:ed;eduroam;-93;239
15696;d8:b1:90:df:9f:ef;LU-Guest;-93;239
15697;d8:b1:90:df:9f:e3;LU-Events;-80;239
15698;d8:b1:90:df:9f:e0;LU-Guest;-80;239
15699;06:56:78:d0:60:49;EBF06ED2;-73;239
15700;80:e0:1d:c1:ea:ae;LakeheadU;-72;239
15701;80:e0:1d:c1:ea:af;LU-Guest;-72;239
15702;80:e0:1d:c1:ea:ab;Free Tbaytel WiFi;-72;239
15703;80:e0:1d:c1:ea:ac;LU-Events;-72;239
15704;80:e0:1d:c1:ea:ad;eduroam;-72;239
15705;80:e0:1d:c1:ea:a1;LakeheadU;-64;239
15706;80:e0:1d:c1:ea:a2;eduroam;-63;239
15707;80:e0:1d:c1:ea:a3;LU-Events;-64;239
15708;80:e0:1d:c1:ea:a4;Free Tbaytel WiFi;-64;239
15709;80:e0:1d:c1:ea:a0;LU-Guest;-65;239
15710;80:e0:1d:f8:49:41;LakeheadU;-72;239
15711;80:e0:1d:f8:49:42;eduroam;-73;239
15712;6c:5a:b0:3d:73:c1;Quanser_UVS;-77;239
15713;a4:6c:2a:e0:1f:b3;LU-Events;-86;239
15714;a4:6c:2a:e0:1f:b4;Free Tbaytel WiFi;-86;239
15715;80:e0:1d:e6:7b:30;LU-Guest;-61;240
15716;80:e0:1d:e6:7b:32;eduroam;-59;240
15717;80:e0:1d:e6:7b:31;LakeheadU;-59;240
15718;80:e0:1d:e6:7b:34;Free Tbaytel WiFi;-59;240
15719;80:e0:1d:e6:7b:33;LU-Events;-59;240
15720;80:e0:1d:e6:7b:3d;eduroam;-73;240
15721;80:e0:1d:e6:7b:3c;LU-Events;-72;240
15722;80:e0:1d:e6:7b:3f;LU-Guest;-74;240
15723;80:e0:1d:e6:7b:3e;LakeheadU;-73;240
15724;80:e0:1d:c2:b3:90;LU-Guest;-81;240
15725;80:e0:1d:c2:b3:94;Free Tbaytel WiFi;-79;240
15726;80:e0:1d:c2:b3:93;LU-Events;-81;240
15727;80:e0:1d:c2:b3:92;eduroam;-85;240
15728;80:e0:1d:c2:b3:91;LakeheadU;-80;240
15729;80:e0:1d:e6:7b:3b;Free Tbaytel WiFi;-71;240
15730;a4:6c:2a:e0:20:01;LakeheadU;-72;240
15731;a4:6c:2a:e0:20:02;eduroam;-69;240
15732;00:1f:33:bd:d5:34;Lab1012;-90;240
15733;c0:c1:c0:8e:e8:c5;unavailable;-84;240
15734;a4:6c:2a:e0:20:0c;LU-Events;-89;240
15735;a4:6c:2a:e0:20:0e;LakeheadU;-92;240
15736;a4:6c:2a:e0:20:0d;eduroam;-91;240
15737;80:e0:1d:f0:90:a3;Free Tbaytel WiFi;-85;240
15738;80:e0:1d:f0:90:a1;LU-Guest;-86;240
15739;80:e0:1d:c2:b7:f1;LakeheadU;-84;240
15740;7e:a7:b0:c5:e9:67;DIRECT-cfLexmark Cheetah M-67e9;-82;240
15741;80:e0:1d:ee:40:50;LU-Guest;-62;240
15742;80:e0:1d:ee:40:52;eduroam;-61;240
15743;80:e0:1d:ee:40:51;LakeheadU;-61;240
15744;80:e0:1d:ee:40:54;Free Tbaytel WiFi;-61;240
15745;80:e0:1d:ee:40:53;LU-Events;-62;240
15746;d8:b1:90:e1:26:a0;LU-Guest;-65;240
15747;d8:b1:90:e1:26:a2;eduroam;-66;240
15748;d8:b1:90:e1:26:a1;LakeheadU;-66;240
15749;d8:b1:90:e1:26:a4;Free Tbaytel WiFi;-65;240
15750;d8:b1:90:e1:26:a3;LU-Events;-66;240
15751;80:e0:1d:f0:90:d2;LU-Events;-82;240
15752;d8:b1:90:e1:26:ab;Free Tbaytel WiFi;-76;240
15753;d8:b1:90:e1:26:ad;eduroam;-76;240
15754;d8:b1:90:e1:26:ac;LU-Events;-76;240
15755;d8:b1:90:e1:26:af;LU-Guest;-77;240
15756;80:e0:1d:ee:40:5b;Free Tbaytel WiFi;-70;240
15757;80:e0:1d:ee:40:5d;eduroam;-71;240
15758;80:e0:1d:ee:40:5c;LU-Events;-71;240
15759;80:e0:1d:ee:40:5f;LU-Guest;-71;240
15760;80:e0:1d:ee:40:5e;LakeheadU;-71;240
15761;a4:6c:2a:d4:ba:53;LU-Events;-57;240
15762;a4:6c:2a:d4:ba:54;Free Tbaytel WiFi;-57;240
15763;a4:6c:2a:d4:ba:50;LU-Guest;-56;240
15764;a4:6c:2a:d4:ba:51;LakeheadU;-59;240
15765;a4:6c:2a:d4:ba:52;eduroam;-56;240
15766;a4:6c:2a:d4:ba:5c;LU-Events;-76;240
15767;a4:6c:2a:d4:ba:5d;eduroam;-77;240
15768;a4:6c:2a:d4:ba:5f;LU-Guest;-75;240
15769;d8:b1:90:df:9f:ed;eduroam;-93;240
15770;d8:b1:90:df:9f:ef;LU-Guest;-93;240
15771;d8:b1:90:df:9f:e3;LU-Events;-80;240
15772;d8:b1:90:df:9f:e0;LU-Guest;-80;240
15773;06:56:78:d0:60:49;EBF06ED2;-73;240
15774;80:e0:1d:c1:ea:ae;LakeheadU;-72;240
15775;80:e0:1d:c1:ea:af;LU-Guest;-72;240
15776;80:e0:1d:c1:ea:ab;Free Tbaytel WiFi;-72;240
15777;80:e0:1d:c1:ea:ac;LU-Events;-72;240
15778;80:e0:1d:c1:ea:ad;eduroam;-72;240
15779;80:e0:1d:c1:ea:a1;LakeheadU;-64;240
15780;80:e0:1d:c1:ea:a2;eduroam;-63;240
15781;80:e0:1d:c1:ea:a3;LU-Events;-64;240
15782;80:e0:1d:c1:ea:a4;Free Tbaytel WiFi;-64;240
15783;80:e0:1d:c1:ea:a0;LU-Guest;-65;240
15784;80:e0:1d:f8:49:41;LakeheadU;-72;240
15785;80:e0:1d:f8:49:42;eduroam;-73;240
15786;6c:5a:b0:3d:73:c1;Quanser_UVS;-77;240
15787;a4:6c:2a:e0:1f:b3;LU-Events;-86;240
15788;a4:6c:2a:e0:1f:b4;Free Tbaytel WiFi;-86;240
